refund_request_id,is_refund_abuse_simulated,simulation_scenario,outcome_available_at,verification_result_simulated
v2_rr_0009600,False,routine_legitimate,2011-09-14T12:14:35.277718732Z,evidence_inconclusive
v2_rr_0009601,False,routine_legitimate,2011-09-22T12:51:46.409364837Z,consistent
v2_rr_0009602,False,routine_legitimate,2011-09-22T13:45:41.288421300Z,evidence_inconclusive
v2_rr_0009603,False,first_time_refund,2011-09-18T17:07:05.248602968Z,consistent
v2_rr_0009604,False,routine_legitimate,2011-09-23T17:48:10.015821008Z,consistent
v2_rr_0009605,False,routine_legitimate,2011-09-21T19:18:49.114656394Z,consistent
v2_rr_0009606,False,routine_legitimate,2011-09-15T20:03:36.766458576Z,consistent
v2_rr_0009607,False,routine_legitimate,2011-09-17T20:21:56.138379368Z,consistent
v2_rr_0009608,True,serial_false_claim,2011-09-21T05:16:49.893566403Z,consistent
v2_rr_0009609,False,cold_start_customer,2011-09-24T06:59:51.773440658Z,consistent
v2_rr_0009610,False,routine_legitimate,2011-09-24T09:14:34.422671767Z,consistent
v2_rr_0009611,False,routine_legitimate,2011-09-19T09:47:04.535550798Z,consistent
v2_rr_0009612,False,routine_legitimate,2011-09-15T11:29:07.587982154Z,consistent
v2_rr_0009613,False,routine_legitimate,2011-09-24T13:30:15.896119803Z,consistent
v2_rr_0009614,False,routine_legitimate,2011-09-20T13:48:02.734332416Z,consistent
v2_rr_0009615,False,routine_legitimate,2011-09-18T17:17:13.823577363Z,consistent
v2_rr_0009616,False,routine_legitimate,2011-09-23T19:38:22.888094018Z,evidence_inconclusive
v2_rr_0009617,False,routine_legitimate,2011-09-20T22:20:18.237922568Z,consistent
v2_rr_0009618,False,routine_legitimate,2011-09-20T04:07:57.720785538Z,consistent
v2_rr_0009619,False,routine_legitimate,2011-09-22T04:12:44.010298530Z,consistent
v2_rr_0009620,False,unusual_legitimate_purchase,2011-09-17T04:45:10.966814354Z,consistent
v2_rr_0009621,False,routine_legitimate,2011-09-19T06:19:07.816937155Z,consistent
v2_rr_0009622,False,routine_legitimate,2011-09-19T07:50:45.991982926Z,consistent
v2_rr_0009623,False,routine_legitimate,2011-09-25T10:53:13.220845364Z,consistent
v2_rr_0009624,False,missing_evidence,2011-09-19T12:25:55.380440805Z,evidence_inconclusive
v2_rr_0009625,True,repeated_claim_pattern,2011-09-24T12:43:23.713807654Z,inconsistent
v2_rr_0009626,True,peer_deviation,2011-09-18T13:36:24.740618368Z,evidence_inconclusive
v2_rr_0009627,False,routine_legitimate,2011-09-16T14:27:55.483256820Z,evidence_inconclusive
v2_rr_0009628,False,routine_legitimate,2011-09-24T18:04:59.338915603Z,consistent
v2_rr_0009629,False,verifier_unavailable,2011-09-18T00:14:08.436740187Z,verifier_unavailable
v2_rr_0009630,False,routine_legitimate,2011-09-19T04:55:01.798921918Z,consistent
v2_rr_0009631,False,genuine_product_defect_burst,2011-09-20T06:19:34.082660336Z,inconsistent
v2_rr_0009632,False,routine_legitimate,2011-09-24T06:48:50.391166128Z,consistent
v2_rr_0009633,False,routine_legitimate,2011-09-23T07:15:39.433570640Z,consistent
v2_rr_0009634,False,high_value_loyal_customer,2011-09-24T08:16:53.040403494Z,consistent
v2_rr_0009635,False,routine_legitimate,2011-09-21T10:33:19.287627787Z,consistent
v2_rr_0009636,False,routine_legitimate,2011-09-17T14:42:45.595213962Z,evidence_inconclusive
v2_rr_0009637,False,routine_legitimate,2011-09-26T19:12:37.833151672Z,consistent
v2_rr_0009638,False,routine_legitimate,2011-09-20T19:24:16.573273186Z,evidence_inconclusive
v2_rr_0009639,False,routine_legitimate,2011-09-17T21:02:18.399737540Z,evidence_inconclusive
v2_rr_0009640,False,routine_legitimate,2011-09-21T21:56:47.700244807Z,consistent
v2_rr_0009641,False,routine_legitimate,2011-09-19T02:31:24.334174848Z,consistent
v2_rr_0009642,False,routine_legitimate,2011-09-22T04:30:38.483230438Z,consistent
v2_rr_0009643,False,routine_legitimate,2011-09-22T08:17:54.401859426Z,consistent
v2_rr_0009644,False,routine_legitimate,2011-09-20T08:19:21.197125584Z,consistent
v2_rr_0009645,False,routine_legitimate,2011-09-20T13:16:03.427672078Z,consistent
v2_rr_0009646,False,first_time_refund,2011-09-24T13:38:17.972575659Z,consistent
v2_rr_0009647,False,routine_legitimate,2011-09-22T14:45:20.928250252Z,consistent
v2_rr_0009648,False,routine_legitimate,2011-09-23T15:27:24.671654277Z,consistent
v2_rr_0009649,False,routine_legitimate,2011-09-24T16:08:41.240016229Z,consistent
v2_rr_0009650,False,routine_legitimate,2011-09-22T16:10:31.393790082Z,consistent
v2_rr_0009651,False,routine_legitimate,2011-09-21T17:04:35.449906506Z,consistent
v2_rr_0009652,False,routine_legitimate,2011-09-24T20:30:28.391809364Z,consistent
v2_rr_0009653,False,routine_legitimate,2011-09-21T21:27:22.734629452Z,consistent
v2_rr_0009654,False,routine_legitimate,2011-09-24T22:28:30.361462960Z,inconsistent
v2_rr_0009655,False,routine_legitimate,2011-09-19T23:54:39.145111708Z,consistent
v2_rr_0009656,False,routine_legitimate,2011-09-20T04:28:35.219971904Z,consistent
v2_rr_0009657,False,routine_legitimate,2011-09-22T07:42:38.814924582Z,evidence_inconclusive
v2_rr_0009658,False,routine_legitimate,2011-09-28T14:29:37.432684670Z,consistent
v2_rr_0009659,False,cold_start_customer,2011-09-24T17:43:03.027174922Z,consistent
v2_rr_0009660,False,routine_legitimate,2011-09-24T20:25:21.633355473Z,consistent
v2_rr_0009661,True,claim_timing,2011-09-24T04:34:48.435801543Z,evidence_inconclusive
v2_rr_0009662,False,routine_legitimate,2011-09-24T05:24:42.859380966Z,consistent
v2_rr_0009663,False,unusual_legitimate_purchase,2011-09-28T06:11:29.893802004Z,consistent
v2_rr_0009664,False,missing_evidence,2011-09-26T07:41:30.570240511Z,evidence_inconclusive
v2_rr_0009665,False,routine_legitimate,2011-09-25T09:11:33.442311451Z,consistent
v2_rr_0009666,False,routine_legitimate,2011-09-27T10:20:08.224819456Z,inconsistent
v2_rr_0009667,False,routine_legitimate,2011-09-26T11:03:20.172883813Z,consistent
v2_rr_0009668,False,routine_legitimate,2011-09-21T12:17:12.082528452Z,consistent
v2_rr_0009669,False,routine_legitimate,2011-09-23T16:53:29.930917550Z,consistent
v2_rr_0009670,False,routine_legitimate,2011-09-25T17:36:24.020794359Z,evidence_inconclusive
v2_rr_0009671,False,routine_legitimate,2011-09-27T17:45:58.707504990Z,consistent
v2_rr_0009672,False,routine_legitimate,2011-09-26T20:36:25.080658614Z,evidence_inconclusive
v2_rr_0009673,False,routine_legitimate,2011-09-27T21:19:36.441305822Z,consistent
v2_rr_0009674,False,routine_legitimate,2011-09-29T03:17:09.119106343Z,consistent
v2_rr_0009675,False,routine_legitimate,2011-09-26T05:06:01.954079224Z,consistent
v2_rr_0009676,False,verifier_unavailable,2011-09-24T05:08:34.797459878Z,verifier_unavailable
v2_rr_0009677,False,routine_legitimate,2011-09-22T06:12:16.637811588Z,consistent
v2_rr_0009678,False,genuine_product_defect_burst,2011-09-30T06:21:23.055913953Z,consistent
v2_rr_0009679,False,routine_legitimate,2011-09-30T07:53:09.895465450Z,evidence_inconclusive
v2_rr_0009680,False,high_value_loyal_customer,2011-09-29T09:37:41.304636154Z,consistent
v2_rr_0009681,False,routine_legitimate,2011-09-21T09:55:18.517213152Z,consistent
v2_rr_0009682,False,first_time_refund,2011-09-24T11:12:55.708480616Z,consistent
v2_rr_0009683,True,claim_reason_inconsistency,2011-09-24T11:29:25.892581683Z,evidence_inconclusive
v2_rr_0009684,True,supporting_entity_pattern,2011-09-28T12:52:58.412511824Z,inconsistent
v2_rr_0009685,True,cross_category_escalation,2011-09-24T13:48:57.483876757Z,inconsistent
v2_rr_0009686,True,evidence_inconsistency,2011-09-24T13:56:48.117521646Z,inconsistent
v2_rr_0009687,False,cold_start_customer,2011-09-22T16:31:41.820683356Z,consistent
v2_rr_0009688,False,unusual_legitimate_purchase,2011-09-28T16:57:33.855364923Z,consistent
v2_rr_0009689,False,routine_legitimate,2011-09-28T17:10:13.011823779Z,consistent
v2_rr_0009690,False,routine_legitimate,2011-09-21T17:17:00.390024772Z,consistent
v2_rr_0009691,False,routine_legitimate,2011-09-23T18:05:34.387381702Z,consistent
v2_rr_0009692,False,routine_legitimate,2011-09-21T20:35:57.474206824Z,consistent
v2_rr_0009693,False,routine_legitimate,2011-09-28T06:27:32.688610916Z,consistent
v2_rr_0009694,False,routine_legitimate,2011-09-22T07:29:16.214809044Z,consistent
v2_rr_0009695,False,routine_legitimate,2011-09-26T07:29:19.815963169Z,consistent
v2_rr_0009696,False,routine_legitimate,2011-09-22T07:35:46.206913106Z,consistent
v2_rr_0009697,False,routine_legitimate,2011-09-26T09:05:55.210681714Z,consistent
v2_rr_0009698,False,routine_legitimate,2011-09-23T13:29:22.816511032Z,consistent
v2_rr_0009699,False,routine_legitimate,2011-10-01T15:33:37.663200705Z,consistent
v2_rr_0009700,False,routine_legitimate,2011-10-01T18:08:44.014672862Z,consistent
v2_rr_0009701,False,routine_legitimate,2011-09-23T18:52:33.398172418Z,consistent
v2_rr_0009702,False,routine_legitimate,2011-10-01T21:27:15.674163750Z,consistent
v2_rr_0009703,False,routine_legitimate,2011-09-23T21:43:39.246294171Z,consistent
v2_rr_0009704,False,missing_evidence,2011-09-22T21:59:43.820291208Z,evidence_inconclusive
v2_rr_0009705,False,routine_legitimate,2011-09-30T23:47:54.702482935Z,evidence_inconclusive
v2_rr_0009706,False,routine_legitimate,2011-09-29T23:48:02.243064603Z,evidence_inconclusive
v2_rr_0009707,True,serial_false_claim,2011-10-01T00:45:11.389390989Z,inconsistent
v2_rr_0009708,False,routine_legitimate,2011-09-25T01:30:10.032991008Z,consistent
v2_rr_0009709,True,repeated_claim_pattern,2011-10-01T04:03:15.889231098Z,evidence_inconclusive
v2_rr_0009710,False,routine_legitimate,2011-09-28T06:36:51.382648470Z,consistent
v2_rr_0009711,False,routine_legitimate,2011-09-28T06:52:19.795254861Z,consistent
v2_rr_0009712,False,verifier_unavailable,2011-10-02T07:25:21.087652009Z,verifier_unavailable
v2_rr_0009713,False,routine_legitimate,2011-10-01T08:09:11.159777158Z,evidence_inconclusive
v2_rr_0009714,False,genuine_product_defect_burst,2011-09-29T10:31:14.617857442Z,consistent
v2_rr_0009715,False,routine_legitimate,2011-09-30T11:10:55.476717861Z,consistent
v2_rr_0009716,False,high_value_loyal_customer,2011-09-27T12:41:50.868648060Z,consistent
v2_rr_0009717,False,routine_legitimate,2011-09-29T14:01:01.919176521Z,consistent
v2_rr_0009718,False,routine_legitimate,2011-09-25T14:20:32.851610695Z,consistent
v2_rr_0009719,False,routine_legitimate,2011-09-27T14:34:43.847313478Z,consistent
v2_rr_0009720,False,first_time_refund,2011-09-27T15:37:09.214692295Z,consistent
v2_rr_0009721,False,cold_start_customer,2011-09-27T15:40:18.700447638Z,consistent
v2_rr_0009722,False,routine_legitimate,2011-09-30T15:55:39.899565511Z,consistent
v2_rr_0009723,True,peer_deviation,2011-09-27T16:41:13.343969438Z,evidence_inconclusive
v2_rr_0009724,False,routine_legitimate,2011-09-27T16:48:24.669589256Z,consistent
v2_rr_0009725,False,routine_legitimate,2011-09-24T17:49:21.613634112Z,consistent
v2_rr_0009726,False,unusual_legitimate_purchase,2011-10-01T21:38:03.652935339Z,consistent
v2_rr_0009727,False,routine_legitimate,2011-09-26T22:28:33.943809051Z,consistent
v2_rr_0009728,False,missing_evidence,2011-09-29T23:05:41.404855873Z,evidence_inconclusive
v2_rr_0009729,False,routine_legitimate,2011-09-27T01:41:35.660218695Z,consistent
v2_rr_0009730,False,routine_legitimate,2011-10-03T04:03:07.656318153Z,consistent
v2_rr_0009731,False,routine_legitimate,2011-10-02T04:12:52.382561499Z,consistent
v2_rr_0009732,False,routine_legitimate,2011-09-27T05:56:29.271432440Z,evidence_inconclusive
v2_rr_0009733,False,routine_legitimate,2011-10-02T09:27:43.903853929Z,consistent
v2_rr_0009734,False,verifier_unavailable,2011-09-24T11:21:14.771624899Z,verifier_unavailable
v2_rr_0009735,False,routine_legitimate,2011-10-01T13:18:03.802590931Z,consistent
v2_rr_0009736,False,routine_legitimate,2011-09-27T14:20:23.681789714Z,evidence_inconclusive
v2_rr_0009737,False,routine_legitimate,2011-09-30T16:29:04.076273517Z,consistent
v2_rr_0009738,False,genuine_product_defect_burst,2011-09-30T16:50:43.151323852Z,consistent
v2_rr_0009739,False,routine_legitimate,2011-10-03T18:27:25.020182256Z,consistent
v2_rr_0009740,False,routine_legitimate,2011-10-01T21:57:54.027668222Z,consistent
v2_rr_0009741,False,routine_legitimate,2011-10-01T00:20:17.319447121Z,consistent
v2_rr_0009742,False,routine_legitimate,2011-09-27T01:50:47.073968587Z,consistent
v2_rr_0009743,False,routine_legitimate,2011-09-30T02:13:41.664110557Z,consistent
v2_rr_0009744,False,routine_legitimate,2011-09-28T05:55:16.880663150Z,consistent
v2_rr_0009745,False,routine_legitimate,2011-09-28T06:04:33.625188956Z,consistent
v2_rr_0009746,False,high_value_loyal_customer,2011-10-02T06:24:16.224071162Z,consistent
v2_rr_0009747,False,first_time_refund,2011-10-02T07:07:15.342892718Z,consistent
v2_rr_0009748,False,routine_legitimate,2011-09-28T07:28:05.935098037Z,consistent
v2_rr_0009749,False,routine_legitimate,2011-09-27T08:24:07.742515150Z,evidence_inconclusive
v2_rr_0009750,False,routine_legitimate,2011-09-26T12:02:07.508920939Z,consistent
v2_rr_0009751,False,routine_legitimate,2011-09-26T12:17:16.256140851Z,evidence_inconclusive
v2_rr_0009752,True,claim_timing,2011-09-27T12:39:45.217803945Z,inconsistent
v2_rr_0009753,False,cold_start_customer,2011-09-28T17:46:27.353494161Z,consistent
v2_rr_0009754,False,routine_legitimate,2011-09-27T19:56:48.659858247Z,consistent
v2_rr_0009755,False,routine_legitimate,2011-09-26T20:45:52.199789146Z,consistent
v2_rr_0009756,False,routine_legitimate,2011-10-02T22:48:05.652044662Z,consistent
v2_rr_0009757,False,unusual_legitimate_purchase,2011-10-02T23:03:45.709199451Z,consistent
v2_rr_0009758,False,missing_evidence,2011-10-03T23:41:27.040463394Z,evidence_inconclusive
v2_rr_0009759,False,routine_legitimate,2011-09-29T00:46:38.136870159Z,consistent
v2_rr_0009760,False,routine_legitimate,2011-10-05T03:07:41.011245849Z,consistent
v2_rr_0009761,False,routine_legitimate,2011-09-27T06:56:44.835465175Z,inconsistent
v2_rr_0009762,False,routine_legitimate,2011-10-02T10:41:19.320279814Z,consistent
v2_rr_0009763,False,routine_legitimate,2011-09-29T10:43:07.747708921Z,consistent
v2_rr_0009764,True,claim_reason_inconsistency,2011-09-29T14:17:42.581490194Z,inconsistent
v2_rr_0009765,False,routine_legitimate,2011-10-04T15:55:06.902970829Z,consistent
v2_rr_0009766,False,routine_legitimate,2011-09-26T16:33:55.527006555Z,consistent
v2_rr_0009767,False,routine_legitimate,2011-09-29T17:06:09.017751817Z,consistent
v2_rr_0009768,False,verifier_unavailable,2011-10-01T18:47:52.063421515Z,verifier_unavailable
v2_rr_0009769,False,genuine_product_defect_burst,2011-09-30T22:59:31.489907218Z,inconsistent
v2_rr_0009770,True,supporting_entity_pattern,2011-09-30T23:04:00.308839957Z,inconsistent
v2_rr_0009771,False,routine_legitimate,2011-10-01T23:04:06.991842172Z,inconsistent
v2_rr_0009772,False,routine_legitimate,2011-10-04T00:01:47.874051450Z,consistent
v2_rr_0009773,False,high_value_loyal_customer,2011-10-03T00:48:33.409938386Z,consistent
v2_rr_0009774,True,cross_category_escalation,2011-09-30T02:38:26.975610061Z,consistent
v2_rr_0009775,False,routine_legitimate,2011-10-05T03:41:22.835335281Z,consistent
v2_rr_0009776,False,first_time_refund,2011-10-01T05:15:38.647376437Z,consistent
v2_rr_0009777,False,routine_legitimate,2011-10-06T06:24:45.111767593Z,consistent
v2_rr_0009778,False,routine_legitimate,2011-09-27T06:45:42.834521709Z,consistent
v2_rr_0009779,True,evidence_inconsistency,2011-09-27T06:49:35.553767602Z,inconsistent
v2_rr_0009780,False,routine_legitimate,2011-09-27T08:49:22.021308002Z,consistent
v2_rr_0009781,False,routine_legitimate,2011-10-05T09:45:14.655104725Z,consistent
v2_rr_0009782,False,routine_legitimate,2011-10-06T12:15:33.505794548Z,consistent
v2_rr_0009783,False,routine_legitimate,2011-10-02T15:39:58.446797688Z,evidence_inconclusive
v2_rr_0009784,False,routine_legitimate,2011-10-03T17:30:45.769534929Z,consistent
v2_rr_0009785,False,routine_legitimate,2011-09-30T18:49:53.901491511Z,inconsistent
v2_rr_0009786,False,routine_legitimate,2011-10-01T19:26:02.716778293Z,inconsistent
v2_rr_0009787,False,cold_start_customer,2011-10-03T00:05:52.182785563Z,consistent
v2_rr_0009788,False,routine_legitimate,2011-10-07T02:33:26.861050915Z,consistent
v2_rr_0009789,False,routine_legitimate,2011-10-07T02:49:57.146138882Z,consistent
v2_rr_0009790,False,routine_legitimate,2011-10-06T02:57:49.022048970Z,consistent
v2_rr_0009791,False,unusual_legitimate_purchase,2011-10-02T11:00:02.947918792Z,evidence_inconclusive
v2_rr_0009792,False,routine_legitimate,2011-10-06T12:54:32.915133840Z,inconsistent
v2_rr_0009793,False,missing_evidence,2011-09-30T14:06:16.069838334Z,evidence_inconclusive
v2_rr_0009794,False,routine_legitimate,2011-10-07T14:14:41.864462877Z,consistent
v2_rr_0009795,False,routine_legitimate,2011-10-03T15:28:42.873904592Z,consistent
v2_rr_0009796,False,routine_legitimate,2011-09-28T18:09:41.059839787Z,consistent
v2_rr_0009797,False,routine_legitimate,2011-10-07T20:35:33.360018871Z,consistent
v2_rr_0009798,False,verifier_unavailable,2011-10-02T01:49:19.942238206Z,verifier_unavailable
v2_rr_0009799,False,genuine_product_defect_burst,2011-09-30T05:03:59.641848806Z,consistent
v2_rr_0009800,False,routine_legitimate,2011-10-06T10:54:26.107330478Z,consistent
v2_rr_0009801,False,routine_legitimate,2011-10-02T18:49:11.039174881Z,consistent
v2_rr_0009802,False,high_value_loyal_customer,2011-09-30T18:58:27.310359997Z,consistent
v2_rr_0009803,False,routine_legitimate,2011-10-05T19:12:09.243235747Z,consistent
v2_rr_0009804,False,routine_legitimate,2011-10-04T20:30:57.799044892Z,consistent
v2_rr_0009805,False,routine_legitimate,2011-09-30T02:49:29.081313313Z,evidence_inconclusive
v2_rr_0009806,False,routine_legitimate,2011-10-06T03:23:52.281609069Z,consistent
v2_rr_0009807,False,routine_legitimate,2011-10-03T04:53:47.528652976Z,consistent
v2_rr_0009808,False,routine_legitimate,2011-10-06T05:41:41.577361947Z,consistent
v2_rr_0009809,False,routine_legitimate,2011-10-08T06:03:28.359716343Z,consistent
v2_rr_0009810,False,routine_legitimate,2011-10-09T07:06:28.797222196Z,consistent
v2_rr_0009811,False,routine_legitimate,2011-10-05T07:52:33.079133550Z,consistent
v2_rr_0009812,False,routine_legitimate,2011-10-01T08:01:29.936252665Z,consistent
v2_rr_0009813,False,routine_legitimate,2011-10-09T08:58:29.966741074Z,consistent
v2_rr_0009814,False,first_time_refund,2011-10-05T10:24:49.597742812Z,consistent
v2_rr_0009815,False,cold_start_customer,2011-10-04T11:14:33.562224835Z,inconsistent
v2_rr_0009816,False,unusual_legitimate_purchase,2011-10-01T13:14:27.378074145Z,consistent
v2_rr_0009817,False,missing_evidence,2011-10-06T14:34:28.986332060Z,evidence_inconclusive
v2_rr_0009818,False,routine_legitimate,2011-10-07T17:51:05.146917201Z,consistent
v2_rr_0009819,False,routine_legitimate,2011-10-03T21:23:56.508958906Z,inconsistent
v2_rr_0009820,False,verifier_unavailable,2011-10-03T23:39:37.189398375Z,verifier_unavailable
v2_rr_0009821,False,routine_legitimate,2011-10-04T01:35:14.341001520Z,consistent
v2_rr_0009822,False,routine_legitimate,2011-10-03T01:42:47.128937574Z,consistent
v2_rr_0009823,False,routine_legitimate,2011-10-09T02:01:08.444676438Z,consistent
v2_rr_0009824,False,routine_legitimate,2011-10-01T04:07:03.358281442Z,consistent
v2_rr_0009825,False,genuine_product_defect_burst,2011-10-05T04:41:01.421960870Z,consistent
v2_rr_0009826,True,serial_false_claim,2011-10-07T05:38:27.658096912Z,inconsistent
v2_rr_0009827,False,routine_legitimate,2011-10-02T06:00:12.702148857Z,consistent
v2_rr_0009828,False,routine_legitimate,2011-10-03T07:13:23.325009415Z,inconsistent
v2_rr_0009829,False,routine_legitimate,2011-10-05T07:44:54.585825536Z,evidence_inconclusive
v2_rr_0009830,False,high_value_loyal_customer,2011-10-08T08:39:46.598133157Z,consistent
v2_rr_0009831,False,routine_legitimate,2011-10-04T11:12:13.957503556Z,consistent
v2_rr_0009832,False,routine_legitimate,2011-10-03T11:56:29.112048613Z,evidence_inconclusive
v2_rr_0009833,False,routine_legitimate,2011-10-02T14:40:02.339499542Z,inconsistent
v2_rr_0009834,False,routine_legitimate,2011-10-04T16:01:27.551587023Z,consistent
v2_rr_0009835,False,routine_legitimate,2011-10-04T17:56:25.036718781Z,consistent
v2_rr_0009836,False,routine_legitimate,2011-10-08T18:14:30.754121156Z,consistent
v2_rr_0009837,False,first_time_refund,2011-10-05T19:14:51.776661881Z,consistent
v2_rr_0009838,False,cold_start_customer,2011-10-03T22:38:52.520810919Z,consistent
v2_rr_0009839,False,unusual_legitimate_purchase,2011-10-04T23:16:31.822886348Z,consistent
v2_rr_0009840,False,routine_legitimate,2011-10-07T00:44:12.305400283Z,consistent
v2_rr_0009841,True,repeated_claim_pattern,2011-10-11T01:55:20.759164142Z,inconsistent
v2_rr_0009842,False,routine_legitimate,2011-10-11T02:40:50.531423655Z,consistent
v2_rr_0009843,False,routine_legitimate,2011-10-11T03:48:58.463853448Z,consistent
v2_rr_0009844,False,routine_legitimate,2011-10-07T10:30:23.164299879Z,consistent
v2_rr_0009845,False,routine_legitimate,2011-10-09T11:43:05.427580802Z,consistent
v2_rr_0009846,False,routine_legitimate,2011-10-07T12:38:53.887426777Z,consistent
v2_rr_0009847,False,routine_legitimate,2011-10-04T12:46:40.657679718Z,consistent
v2_rr_0009848,False,routine_legitimate,2011-10-03T13:06:22.711278865Z,consistent
v2_rr_0009849,False,routine_legitimate,2011-10-08T13:49:42.851004502Z,consistent
v2_rr_0009850,False,routine_legitimate,2011-10-10T13:55:07.692837123Z,consistent
v2_rr_0009851,True,peer_deviation,2011-10-04T15:10:55.092712370Z,inconsistent
v2_rr_0009852,False,routine_legitimate,2011-10-05T16:11:37.451088747Z,consistent
v2_rr_0009853,False,routine_legitimate,2011-10-05T17:03:44.899545814Z,consistent
v2_rr_0009854,False,routine_legitimate,2011-10-02T21:47:53.488006573Z,consistent
v2_rr_0009855,False,routine_legitimate,2011-10-09T22:57:34.324859023Z,consistent
v2_rr_0009856,False,routine_legitimate,2011-10-05T08:43:38.277493850Z,consistent
v2_rr_0009857,False,routine_legitimate,2011-10-04T10:44:44.592791175Z,consistent
v2_rr_0009858,False,routine_legitimate,2011-10-03T11:05:01.598354090Z,consistent
v2_rr_0009859,False,routine_legitimate,2011-10-09T11:40:06.005545728Z,consistent
v2_rr_0009860,False,missing_evidence,2011-10-09T11:48:20.830394454Z,evidence_inconclusive
v2_rr_0009861,False,routine_legitimate,2011-10-04T12:10:06.964951524Z,evidence_inconclusive
v2_rr_0009862,False,routine_legitimate,2011-10-04T16:12:04.435343884Z,consistent
v2_rr_0009863,False,routine_legitimate,2011-10-09T20:42:31.602911151Z,consistent
v2_rr_0009864,False,verifier_unavailable,2011-10-03T21:49:03.758781765Z,verifier_unavailable
v2_rr_0009865,False,routine_legitimate,2011-10-10T23:17:05.379851580Z,consistent
v2_rr_0009866,True,claim_timing,2011-10-05T00:21:17.003599104Z,consistent
v2_rr_0009867,False,routine_legitimate,2011-10-07T00:22:56.550648160Z,consistent
v2_rr_0009868,False,genuine_product_defect_burst,2011-10-04T01:54:14.850610506Z,consistent
v2_rr_0009869,False,routine_legitimate,2011-10-11T02:32:23.843585265Z,consistent
v2_rr_0009870,False,routine_legitimate,2011-10-12T04:10:33.974589871Z,consistent
v2_rr_0009871,False,routine_legitimate,2011-10-09T04:49:02.432760736Z,inconsistent
v2_rr_0009872,False,routine_legitimate,2011-10-07T06:08:29.230232861Z,consistent
v2_rr_0009873,True,claim_reason_inconsistency,2011-10-09T07:30:15.420148278Z,inconsistent
v2_rr_0009874,False,routine_legitimate,2011-10-07T08:53:32.029119654Z,consistent
v2_rr_0009875,False,routine_legitimate,2011-10-12T09:32:51.715508953Z,consistent
v2_rr_0009876,False,routine_legitimate,2011-10-06T10:16:32.978024988Z,consistent
v2_rr_0009877,False,routine_legitimate,2011-10-09T11:26:59.378837451Z,consistent
v2_rr_0009878,False,high_value_loyal_customer,2011-10-06T11:27:07.827831306Z,consistent
v2_rr_0009879,False,first_time_refund,2011-10-09T14:30:51.873378154Z,consistent
v2_rr_0009880,True,supporting_entity_pattern,2011-10-13T15:38:53.584346961Z,inconsistent
v2_rr_0009881,False,cold_start_customer,2011-10-12T16:13:36.778099490Z,evidence_inconclusive
v2_rr_0009882,False,routine_legitimate,2011-10-13T17:08:55.805965482Z,consistent
v2_rr_0009883,False,routine_legitimate,2011-10-05T19:54:35.505127923Z,consistent
v2_rr_0009884,False,routine_legitimate,2011-10-10T20:29:39.923329420Z,consistent
v2_rr_0009885,False,routine_legitimate,2011-10-08T20:40:26.337490779Z,consistent
v2_rr_0009886,False,routine_legitimate,2011-10-09T21:41:47.120044675Z,consistent
v2_rr_0009887,False,routine_legitimate,2011-10-14T01:42:46.898143051Z,consistent
v2_rr_0009888,False,unusual_legitimate_purchase,2011-10-12T05:02:00.454356784Z,consistent
v2_rr_0009889,False,routine_legitimate,2011-10-09T05:52:33.421716866Z,consistent
v2_rr_0009890,False,routine_legitimate,2011-10-09T07:30:41.361676201Z,consistent
v2_rr_0009891,True,cross_category_escalation,2011-10-11T07:35:06.436811204Z,inconsistent
v2_rr_0009892,True,evidence_inconsistency,2011-10-14T08:17:34.005309592Z,inconsistent
v2_rr_0009893,False,routine_legitimate,2011-10-10T12:01:13.369009491Z,consistent
v2_rr_0009894,False,routine_legitimate,2011-10-11T14:16:43.953634281Z,consistent
v2_rr_0009895,False,routine_legitimate,2011-10-06T14:38:49.458741261Z,consistent
v2_rr_0009896,False,routine_legitimate,2011-10-14T15:20:09.103870530Z,evidence_inconclusive
v2_rr_0009897,False,routine_legitimate,2011-10-12T15:56:20.503197961Z,consistent
v2_rr_0009898,False,routine_legitimate,2011-10-07T20:51:11.476587955Z,consistent
v2_rr_0009899,True,serial_false_claim,2011-10-06T20:55:09.629122872Z,inconsistent
v2_rr_0009900,False,routine_legitimate,2011-10-12T22:22:43.016146404Z,consistent
v2_rr_0009901,False,routine_legitimate,2011-10-08T23:56:28.351117021Z,consistent
v2_rr_0009902,False,routine_legitimate,2011-10-14T00:47:21.380786239Z,consistent
v2_rr_0009903,True,repeated_claim_pattern,2011-10-08T04:02:35.194411158Z,inconsistent
v2_rr_0009904,False,routine_legitimate,2011-10-12T07:22:17.125573737Z,consistent
v2_rr_0009905,False,routine_legitimate,2011-10-10T07:47:08.819274484Z,consistent
v2_rr_0009906,False,routine_legitimate,2011-10-08T08:29:13.758318642Z,consistent
v2_rr_0009907,False,routine_legitimate,2011-10-07T09:56:02.825759103Z,consistent
v2_rr_0009908,False,routine_legitimate,2011-10-14T11:27:53.858063643Z,consistent
v2_rr_0009909,False,routine_legitimate,2011-10-08T12:30:24.779020287Z,consistent
v2_rr_0009910,False,missing_evidence,2011-10-13T13:42:48.035986831Z,evidence_inconclusive
v2_rr_0009911,False,routine_legitimate,2011-10-10T15:13:44.552480895Z,consistent
v2_rr_0009912,True,peer_deviation,2011-10-15T15:56:23.299705735Z,inconsistent
v2_rr_0009913,False,routine_legitimate,2011-10-07T22:36:20.993284767Z,consistent
v2_rr_0009914,False,verifier_unavailable,2011-10-07T22:57:05.871602738Z,verifier_unavailable
v2_rr_0009915,False,routine_legitimate,2011-10-08T22:58:25.088106348Z,consistent
v2_rr_0009916,True,claim_timing,2011-10-14T23:33:33.838573772Z,inconsistent
v2_rr_0009917,False,routine_legitimate,2011-10-13T00:15:08.894028820Z,evidence_inconclusive
v2_rr_0009918,False,routine_legitimate,2011-10-15T03:30:57.066239302Z,consistent
v2_rr_0009919,False,routine_legitimate,2011-10-11T04:33:33.186189388Z,consistent
v2_rr_0009920,False,routine_legitimate,2011-10-16T04:47:10.132259691Z,consistent
v2_rr_0009921,False,routine_legitimate,2011-10-10T06:24:59.966964218Z,consistent
v2_rr_0009922,False,routine_legitimate,2011-10-15T07:40:51.351226212Z,consistent
v2_rr_0009923,False,routine_legitimate,2011-10-08T09:26:28.858033986Z,consistent
v2_rr_0009924,False,routine_legitimate,2011-10-10T10:10:27.102784819Z,inconsistent
v2_rr_0009925,False,genuine_product_defect_burst,2011-10-10T10:41:35.332027369Z,consistent
v2_rr_0009926,True,claim_reason_inconsistency,2011-10-10T11:54:40.596286335Z,inconsistent
v2_rr_0009927,False,routine_legitimate,2011-10-10T17:41:34.291794090Z,inconsistent
v2_rr_0009928,False,routine_legitimate,2011-10-12T22:09:37.689573388Z,consistent
v2_rr_0009929,False,routine_legitimate,2011-10-15T22:44:01.083334486Z,consistent
v2_rr_0009930,False,routine_legitimate,2011-10-14T00:47:06.698193273Z,consistent
v2_rr_0009931,True,supporting_entity_pattern,2011-10-08T02:22:08.705602399Z,inconsistent
v2_rr_0009932,False,routine_legitimate,2011-10-16T02:44:01.133984605Z,consistent
v2_rr_0009933,False,routine_legitimate,2011-10-11T04:32:03.881269158Z,consistent
v2_rr_0009934,False,routine_legitimate,2011-10-14T05:36:55.136451597Z,consistent
v2_rr_0009935,False,high_value_loyal_customer,2011-10-11T06:18:58.310542034Z,consistent
v2_rr_0009936,False,routine_legitimate,2011-10-10T08:40:47.979987801Z,consistent
v2_rr_0009937,False,routine_legitimate,2011-10-11T10:27:21.312868088Z,consistent
v2_rr_0009938,False,routine_legitimate,2011-10-14T13:50:42.068622831Z,consistent
v2_rr_0009939,False,routine_legitimate,2011-10-09T14:13:27.252635157Z,consistent
v2_rr_0009940,False,first_time_refund,2011-10-12T16:42:43.631570071Z,consistent
v2_rr_0009941,False,routine_legitimate,2011-10-11T16:48:11.916056030Z,consistent
v2_rr_0009942,False,routine_legitimate,2011-10-08T17:55:36.679800320Z,consistent
v2_rr_0009943,False,routine_legitimate,2011-10-09T23:26:44.189005038Z,consistent
v2_rr_0009944,False,cold_start_customer,2011-10-14T02:25:22.556847357Z,consistent
v2_rr_0009945,False,unusual_legitimate_purchase,2011-10-16T02:33:42.069840828Z,consistent
v2_rr_0009946,False,routine_legitimate,2011-10-11T03:14:42.117467722Z,inconsistent
v2_rr_0009947,False,routine_legitimate,2011-10-11T04:40:19.724073483Z,consistent
v2_rr_0009948,False,missing_evidence,2011-10-16T06:59:36.085738750Z,evidence_inconclusive
v2_rr_0009949,True,cross_category_escalation,2011-10-14T08:13:38.617413270Z,inconsistent
v2_rr_0009950,False,routine_legitimate,2011-10-14T08:45:41.124931278Z,consistent
v2_rr_0009951,False,routine_legitimate,2011-10-18T09:31:46.097229262Z,consistent
v2_rr_0009952,False,routine_legitimate,2011-10-14T13:24:43.940493445Z,consistent
v2_rr_0009953,False,routine_legitimate,2011-10-10T15:37:51.741548604Z,consistent
v2_rr_0009954,False,routine_legitimate,2011-10-16T18:06:08.052124198Z,consistent
v2_rr_0009955,False,routine_legitimate,2011-10-09T20:36:33.052327939Z,consistent
v2_rr_0009956,False,routine_legitimate,2011-10-09T21:48:56.270759058Z,consistent
v2_rr_0009957,False,routine_legitimate,2011-10-14T23:01:31.140186349Z,consistent
v2_rr_0009958,True,evidence_inconsistency,2011-10-10T00:14:18.573229672Z,inconsistent
v2_rr_0009959,False,routine_legitimate,2011-10-14T02:22:02.661138888Z,consistent
v2_rr_0009960,True,serial_false_claim,2011-10-19T02:27:03.793573342Z,inconsistent
v2_rr_0009961,False,routine_legitimate,2011-10-11T02:30:44.848661467Z,consistent
v2_rr_0009962,False,routine_legitimate,2011-10-15T06:02:33.925294407Z,consistent
v2_rr_0009963,False,routine_legitimate,2011-10-12T06:31:27.123469161Z,consistent
v2_rr_0009964,True,repeated_claim_pattern,2011-10-18T06:40:35.653618184Z,consistent
v2_rr_0009965,False,routine_legitimate,2011-10-14T08:19:06.102374166Z,consistent
v2_rr_0009966,True,peer_deviation,2011-10-16T11:29:33.123702804Z,inconsistent
v2_rr_0009967,False,verifier_unavailable,2011-10-17T12:00:18.827195364Z,verifier_unavailable
v2_rr_0009968,False,routine_legitimate,2011-10-13T15:27:16.764541785Z,consistent
v2_rr_0009969,False,routine_legitimate,2011-10-17T17:23:57.864824654Z,consistent
v2_rr_0009970,False,routine_legitimate,2011-10-13T18:04:38.420379418Z,consistent
v2_rr_0009971,False,routine_legitimate,2011-10-14T18:38:05.875341172Z,consistent
v2_rr_0009972,False,routine_legitimate,2011-10-10T19:24:44.073218337Z,consistent
v2_rr_0009973,False,routine_legitimate,2011-10-11T20:34:48.404593598Z,consistent
v2_rr_0009974,False,routine_legitimate,2011-10-15T22:18:42.900095919Z,evidence_inconclusive
v2_rr_0009975,False,routine_legitimate,2011-10-13T23:27:20.955587974Z,consistent
v2_rr_0009976,False,routine_legitimate,2011-10-14T01:59:37.571655801Z,consistent
v2_rr_0009977,True,claim_timing,2011-10-17T02:00:55.164439243Z,consistent
v2_rr_0009978,False,routine_legitimate,2011-10-11T02:20:52.496197367Z,consistent
v2_rr_0009979,False,routine_legitimate,2011-10-12T06:16:02.565948252Z,consistent
v2_rr_0009980,True,claim_reason_inconsistency,2011-10-14T07:13:29.026044296Z,inconsistent
v2_rr_0009981,False,routine_legitimate,2011-10-13T07:46:43.133360252Z,evidence_inconclusive
v2_rr_0009982,False,routine_legitimate,2011-10-18T07:51:26.978948961Z,consistent
v2_rr_0009983,False,routine_legitimate,2011-10-15T09:00:21.114071828Z,consistent
v2_rr_0009984,False,genuine_product_defect_burst,2011-10-13T10:49:43.498687545Z,consistent
v2_rr_0009985,True,supporting_entity_pattern,2011-10-19T12:09:38.104693159Z,inconsistent
v2_rr_0009986,False,high_value_loyal_customer,2011-10-11T13:28:27.842826259Z,consistent
v2_rr_0009987,False,routine_legitimate,2011-10-14T16:36:58.934831916Z,consistent
v2_rr_0009988,True,cross_category_escalation,2011-10-19T19:24:02.130280464Z,inconsistent
v2_rr_0009989,False,first_time_refund,2011-10-11T21:32:59.966793736Z,consistent
v2_rr_0009990,False,routine_legitimate,2011-10-12T21:33:32.433326084Z,consistent
v2_rr_0009991,False,routine_legitimate,2011-10-13T00:39:51.186865804Z,consistent
v2_rr_0009992,False,routine_legitimate,2011-10-17T00:40:35.943298070Z,consistent
v2_rr_0009993,False,routine_legitimate,2011-10-14T01:10:18.707511178Z,inconsistent
v2_rr_0009994,False,cold_start_customer,2011-10-20T03:21:14.460375568Z,consistent
v2_rr_0009995,False,routine_legitimate,2011-10-20T06:25:35.652841719Z,consistent
v2_rr_0009996,False,routine_legitimate,2011-10-21T08:53:30.537591308Z,consistent
v2_rr_0009997,False,routine_legitimate,2011-10-12T10:09:19.382546144Z,consistent
v2_rr_0009998,False,routine_legitimate,2011-10-16T11:45:30.486404200Z,consistent
v2_rr_0009999,False,routine_legitimate,2011-10-14T13:58:46.071123248Z,consistent
v2_rr_0010000,False,routine_legitimate,2011-10-17T14:52:18.464825041Z,inconsistent
v2_rr_0010001,False,routine_legitimate,2011-10-17T17:07:47.779780345Z,consistent
v2_rr_0010002,False,routine_legitimate,2011-10-21T17:49:46.879890747Z,consistent
v2_rr_0010003,False,routine_legitimate,2011-10-14T18:39:12.408576700Z,inconsistent
v2_rr_0010004,False,routine_legitimate,2011-10-21T19:35:27.644657796Z,evidence_inconclusive
v2_rr_0010005,True,evidence_inconsistency,2011-10-13T00:43:25.389456006Z,inconsistent
v2_rr_0010006,False,routine_legitimate,2011-10-19T03:06:46.188458787Z,consistent
v2_rr_0010007,False,routine_legitimate,2011-10-17T03:49:58.403648006Z,consistent
v2_rr_0010008,False,routine_legitimate,2011-10-13T04:37:30.522900195Z,consistent
v2_rr_0010009,False,routine_legitimate,2011-10-13T05:12:57.720191653Z,consistent
v2_rr_0010010,False,routine_legitimate,2011-10-18T10:35:37.387425345Z,consistent
v2_rr_0010011,False,routine_legitimate,2011-10-15T11:36:05.100650221Z,consistent
v2_rr_0010012,False,routine_legitimate,2011-10-20T12:34:09.920100598Z,consistent
v2_rr_0010013,False,unusual_legitimate_purchase,2011-10-18T16:22:23.056392080Z,consistent
v2_rr_0010014,False,routine_legitimate,2011-10-14T17:02:29.621347878Z,consistent
v2_rr_0010015,False,routine_legitimate,2011-10-14T20:03:49.653867852Z,consistent
v2_rr_0010016,False,missing_evidence,2011-10-14T22:03:04.368118178Z,evidence_inconclusive
v2_rr_0010017,False,routine_legitimate,2011-10-21T23:09:53.099541201Z,consistent
v2_rr_0010018,True,serial_false_claim,2011-10-13T23:22:39.343440792Z,inconsistent
v2_rr_0010019,False,routine_legitimate,2011-10-18T01:51:13.240039018Z,inconsistent
v2_rr_0010020,False,routine_legitimate,2011-10-15T02:48:15.214886906Z,consistent
v2_rr_0010021,False,routine_legitimate,2011-10-20T04:06:05.980064571Z,consistent
v2_rr_0010022,False,routine_legitimate,2011-10-17T04:15:17.959060537Z,consistent
v2_rr_0010023,False,routine_legitimate,2011-10-17T05:28:29.506140940Z,consistent
v2_rr_0010024,False,routine_legitimate,2011-10-14T06:25:41.645102217Z,inconsistent
v2_rr_0010025,False,routine_legitimate,2011-10-15T06:28:37.933356523Z,consistent
v2_rr_0010026,False,routine_legitimate,2011-10-21T08:52:22.906971782Z,consistent
v2_rr_0010027,False,routine_legitimate,2011-10-15T09:59:01.587090879Z,consistent
v2_rr_0010028,False,routine_legitimate,2011-10-16T10:48:32.272051724Z,consistent
v2_rr_0010029,False,routine_legitimate,2011-10-22T10:54:43.423640842Z,consistent
v2_rr_0010030,False,routine_legitimate,2011-10-17T11:14:10.093116129Z,evidence_inconclusive
v2_rr_0010031,True,repeated_claim_pattern,2011-10-18T13:11:37.563809187Z,inconsistent
v2_rr_0010032,False,routine_legitimate,2011-10-20T14:18:55.282806847Z,consistent
v2_rr_0010033,False,routine_legitimate,2011-10-19T14:47:35.347555132Z,consistent
v2_rr_0010034,False,routine_legitimate,2011-10-22T16:11:57.076452082Z,consistent
v2_rr_0010035,False,verifier_unavailable,2011-10-14T17:18:33.458228875Z,verifier_unavailable
v2_rr_0010036,False,genuine_product_defect_burst,2011-10-20T21:32:03.086604195Z,consistent
v2_rr_0010037,False,high_value_loyal_customer,2011-10-22T22:19:59.494090599Z,consistent
v2_rr_0010038,False,routine_legitimate,2011-10-21T22:47:50.178307238Z,consistent
v2_rr_0010039,False,routine_legitimate,2011-10-21T00:11:38.630898670Z,consistent
v2_rr_0010040,False,routine_legitimate,2011-10-18T01:32:07.936598059Z,consistent
v2_rr_0010041,False,routine_legitimate,2011-10-15T01:45:34.297087888Z,consistent
v2_rr_0010042,False,routine_legitimate,2011-10-15T02:41:51.915822573Z,consistent
v2_rr_0010043,False,routine_legitimate,2011-10-15T05:19:52.067579200Z,consistent
v2_rr_0010044,False,routine_legitimate,2011-10-21T08:47:32.596649584Z,inconsistent
v2_rr_0010045,False,routine_legitimate,2011-10-20T09:25:41.049659037Z,consistent
v2_rr_0010046,False,routine_legitimate,2011-10-15T14:08:25.772414589Z,consistent
v2_rr_0010047,False,first_time_refund,2011-10-21T15:21:27.385152422Z,consistent
v2_rr_0010048,False,cold_start_customer,2011-10-16T18:04:45.091738161Z,consistent
v2_rr_0010049,False,routine_legitimate,2011-10-24T20:54:17.600985149Z,consistent
v2_rr_0010050,False,routine_legitimate,2011-10-22T21:16:52.201365759Z,consistent
v2_rr_0010051,False,routine_legitimate,2011-10-21T21:28:36.351099772Z,consistent
v2_rr_0010052,False,routine_legitimate,2011-10-18T22:18:58.487594101Z,consistent
v2_rr_0010053,False,routine_legitimate,2011-10-20T22:30:25.926127555Z,consistent
v2_rr_0010054,False,routine_legitimate,2011-10-19T22:42:13.890342808Z,inconsistent
v2_rr_0010055,False,routine_legitimate,2011-10-20T22:48:30.159627732Z,consistent
v2_rr_0010056,False,unusual_legitimate_purchase,2011-10-21T00:31:02.730698346Z,inconsistent
v2_rr_0010057,False,routine_legitimate,2011-10-16T01:37:13.342873230Z,inconsistent
v2_rr_0010058,False,missing_evidence,2011-10-16T01:54:02.793760842Z,evidence_inconclusive
v2_rr_0010059,False,routine_legitimate,2011-10-18T02:08:14.749250517Z,consistent
v2_rr_0010060,False,verifier_unavailable,2011-10-25T05:21:28.673182432Z,verifier_unavailable
v2_rr_0010061,False,genuine_product_defect_burst,2011-10-18T05:35:42.154907698Z,consistent
v2_rr_0010062,False,high_value_loyal_customer,2011-10-21T06:02:51.064813734Z,consistent
v2_rr_0010063,True,peer_deviation,2011-10-18T07:12:01.173671414Z,consistent
v2_rr_0010064,False,routine_legitimate,2011-10-23T10:13:50.442677604Z,consistent
v2_rr_0010065,False,first_time_refund,2011-10-20T11:05:30.635500266Z,consistent
v2_rr_0010066,False,routine_legitimate,2011-10-21T11:08:32.228394798Z,consistent
v2_rr_0010067,False,routine_legitimate,2011-10-17T11:55:18.720741123Z,consistent
v2_rr_0010068,True,claim_timing,2011-10-16T12:27:56.455663591Z,inconsistent
v2_rr_0010069,False,cold_start_customer,2011-10-18T13:45:14.231555756Z,inconsistent
v2_rr_0010070,False,routine_legitimate,2011-10-23T16:01:27.929638014Z,consistent
v2_rr_0010071,False,routine_legitimate,2011-10-22T19:09:41.601113804Z,consistent
v2_rr_0010072,False,routine_legitimate,2011-10-20T22:28:09.326291710Z,consistent
v2_rr_0010073,False,routine_legitimate,2011-10-17T22:42:27.498789067Z,consistent
v2_rr_0010074,False,routine_legitimate,2011-10-19T00:02:57.293883206Z,consistent
v2_rr_0010075,False,routine_legitimate,2011-10-17T02:51:27.047836678Z,consistent
v2_rr_0010076,False,unusual_legitimate_purchase,2011-10-22T03:33:58.386160712Z,consistent
v2_rr_0010077,False,routine_legitimate,2011-10-19T03:41:41.440401572Z,consistent
v2_rr_0010078,False,missing_evidence,2011-10-21T05:29:57.264061474Z,evidence_inconclusive
v2_rr_0010079,False,routine_legitimate,2011-10-26T05:51:36.129147282Z,consistent
v2_rr_0010080,True,claim_reason_inconsistency,2011-10-21T08:15:46.030597663Z,inconsistent
v2_rr_0010081,False,routine_legitimate,2011-10-21T13:17:09.236566068Z,consistent
v2_rr_0010082,False,routine_legitimate,2011-10-19T15:58:33.526902435Z,consistent
v2_rr_0010083,True,supporting_entity_pattern,2011-10-17T16:00:10.464754358Z,inconsistent
v2_rr_0010084,False,routine_legitimate,2011-10-17T16:05:10.763135568Z,consistent
v2_rr_0010085,False,routine_legitimate,2011-10-23T16:36:08.890689048Z,consistent
v2_rr_0010086,False,routine_legitimate,2011-10-21T17:06:44.926631583Z,consistent
v2_rr_0010087,False,routine_legitimate,2011-10-24T20:56:40.776909882Z,consistent
v2_rr_0010088,False,routine_legitimate,2011-10-26T22:27:54.990396458Z,consistent
v2_rr_0010089,True,cross_category_escalation,2011-10-22T03:45:49.860069814Z,inconsistent
v2_rr_0010090,False,routine_legitimate,2011-10-19T06:42:24.532294796Z,consistent
v2_rr_0010091,False,routine_legitimate,2011-10-20T07:14:59.555933811Z,consistent
v2_rr_0010092,False,routine_legitimate,2011-10-25T08:02:26.007022170Z,consistent
v2_rr_0010093,False,routine_legitimate,2011-10-19T10:26:16.839954031Z,consistent
v2_rr_0010094,False,routine_legitimate,2011-10-18T11:20:37.873849183Z,consistent
v2_rr_0010095,True,evidence_inconsistency,2011-10-21T12:35:04.290104239Z,inconsistent
v2_rr_0010096,False,routine_legitimate,2011-10-24T13:36:26.354411794Z,consistent
v2_rr_0010097,False,routine_legitimate,2011-10-22T15:28:18.243782874Z,consistent
v2_rr_0010098,False,routine_legitimate,2011-10-22T15:48:38.082961170Z,consistent
v2_rr_0010099,False,routine_legitimate,2011-10-20T16:01:36.510524485Z,evidence_inconclusive
v2_rr_0010100,False,routine_legitimate,2011-10-26T23:02:30.912991544Z,consistent
v2_rr_0010101,False,verifier_unavailable,2011-10-26T00:40:22.885574432Z,verifier_unavailable
v2_rr_0010102,False,genuine_product_defect_burst,2011-10-21T01:02:35.620498047Z,consistent
v2_rr_0010103,False,routine_legitimate,2011-10-27T02:47:54.885783152Z,consistent
v2_rr_0010104,False,high_value_loyal_customer,2011-10-26T06:08:46.091694700Z,consistent
v2_rr_0010105,False,routine_legitimate,2011-10-24T06:31:20.096380276Z,consistent
v2_rr_0010106,False,first_time_refund,2011-10-21T06:44:38.825107296Z,inconsistent
v2_rr_0010107,False,cold_start_customer,2011-10-26T07:17:20.480276509Z,consistent
v2_rr_0010108,False,routine_legitimate,2011-10-25T08:10:19.137597762Z,consistent
v2_rr_0010109,True,serial_false_claim,2011-10-23T08:40:29.052329599Z,inconsistent
v2_rr_0010110,False,routine_legitimate,2011-10-20T09:01:00.962737071Z,consistent
v2_rr_0010111,False,routine_legitimate,2011-10-19T11:16:29.835751707Z,consistent
v2_rr_0010112,False,routine_legitimate,2011-10-19T12:13:44.968409169Z,consistent
v2_rr_0010113,False,routine_legitimate,2011-10-22T12:40:35.449162740Z,consistent
v2_rr_0010114,False,routine_legitimate,2011-10-28T14:01:11.733187215Z,consistent
v2_rr_0010115,False,routine_legitimate,2011-10-23T14:07:56.269905290Z,consistent
v2_rr_0010116,False,routine_legitimate,2011-10-19T14:42:13.400185569Z,inconsistent
v2_rr_0010117,True,repeated_claim_pattern,2011-10-26T19:54:41.557227896Z,inconsistent
v2_rr_0010118,False,routine_legitimate,2011-10-22T21:23:32.312987336Z,consistent
v2_rr_0010119,False,unusual_legitimate_purchase,2011-10-28T23:52:42.760476405Z,consistent
v2_rr_0010120,False,routine_legitimate,2011-10-28T00:21:20.514583514Z,consistent
v2_rr_0010121,False,missing_evidence,2011-10-21T02:41:49.083765675Z,evidence_inconclusive
v2_rr_0010122,False,routine_legitimate,2011-10-21T05:16:18.459721150Z,consistent
v2_rr_0010123,False,routine_legitimate,2011-10-21T06:16:53.958533370Z,consistent
v2_rr_0010124,False,routine_legitimate,2011-10-28T07:46:47.536704829Z,consistent
v2_rr_0010125,False,verifier_unavailable,2011-10-29T09:10:27.797648119Z,verifier_unavailable
v2_rr_0010126,False,genuine_product_defect_burst,2011-10-22T11:36:17.776629244Z,consistent
v2_rr_0010127,False,routine_legitimate,2011-10-25T12:41:57.271290770Z,consistent
v2_rr_0010128,False,high_value_loyal_customer,2011-10-24T13:14:47.958682604Z,consistent
v2_rr_0010129,False,routine_legitimate,2011-10-20T13:33:15.222207165Z,consistent
v2_rr_0010130,False,routine_legitimate,2011-10-23T14:47:51.300429651Z,evidence_inconclusive
v2_rr_0010131,False,routine_legitimate,2011-10-21T15:56:12.460573766Z,consistent
v2_rr_0010132,False,routine_legitimate,2011-10-25T16:30:59.374904761Z,consistent
v2_rr_0010133,False,first_time_refund,2011-10-27T16:40:58.248779828Z,consistent
v2_rr_0010134,False,routine_legitimate,2011-10-21T16:50:55.124688618Z,consistent
v2_rr_0010135,False,routine_legitimate,2011-10-21T17:03:45.978003034Z,consistent
v2_rr_0010136,False,routine_legitimate,2011-10-21T17:37:51.549719295Z,consistent
v2_rr_0010137,False,routine_legitimate,2011-10-23T18:54:21.976563541Z,consistent
v2_rr_0010138,False,cold_start_customer,2011-10-28T20:02:01.681499006Z,consistent
v2_rr_0010139,False,routine_legitimate,2011-10-25T21:02:14.099204943Z,consistent
v2_rr_0010140,False,routine_legitimate,2011-10-23T23:34:57.188723959Z,consistent
v2_rr_0010141,False,routine_legitimate,2011-10-25T01:48:51.958291303Z,consistent
v2_rr_0010142,False,unusual_legitimate_purchase,2011-10-28T02:24:20.099940097Z,consistent
v2_rr_0010143,False,routine_legitimate,2011-10-27T11:11:41.694696912Z,consistent
v2_rr_0010144,False,routine_legitimate,2011-10-28T11:58:34.936495884Z,consistent
v2_rr_0010145,False,routine_legitimate,2011-10-21T12:13:37.773261458Z,consistent
v2_rr_0010146,False,routine_legitimate,2011-10-24T13:35:30.640298832Z,consistent
v2_rr_0010147,False,missing_evidence,2011-10-28T14:39:20.873257573Z,evidence_inconclusive
v2_rr_0010148,False,routine_legitimate,2011-10-23T16:57:23.459907412Z,consistent
v2_rr_0010149,False,routine_legitimate,2011-10-26T17:40:10.034588823Z,inconsistent
v2_rr_0010150,False,routine_legitimate,2011-10-23T17:58:52.958646386Z,consistent
v2_rr_0010151,True,peer_deviation,2011-10-28T21:00:23.841726796Z,consistent
v2_rr_0010152,True,claim_timing,2011-10-26T22:01:04.317455071Z,evidence_inconclusive
v2_rr_0010153,False,routine_legitimate,2011-10-30T22:11:08.897828817Z,consistent
v2_rr_0010154,False,verifier_unavailable,2011-10-21T23:18:42.205833740Z,verifier_unavailable
v2_rr_0010155,False,routine_legitimate,2011-10-25T00:47:31.938565224Z,consistent
v2_rr_0010156,False,routine_legitimate,2011-10-30T00:58:48.970293687Z,consistent
v2_rr_0010157,False,routine_legitimate,2011-10-31T03:08:05.849608687Z,consistent
v2_rr_0010158,False,routine_legitimate,2011-10-30T08:13:59.578020987Z,consistent
v2_rr_0010159,False,genuine_product_defect_burst,2011-10-30T10:08:23.892955666Z,consistent
v2_rr_0010160,False,routine_legitimate,2011-10-29T13:39:57.155276976Z,evidence_inconclusive
v2_rr_0010161,False,routine_legitimate,2011-10-23T14:22:29.526124513Z,consistent
v2_rr_0010162,False,routine_legitimate,2011-10-27T15:00:30.368189209Z,consistent
v2_rr_0010163,False,routine_legitimate,2011-10-23T16:18:00.551036912Z,consistent
v2_rr_0010164,False,high_value_loyal_customer,2011-10-29T16:43:20.499919115Z,consistent
v2_rr_0010165,False,routine_legitimate,2011-10-28T17:36:29.439985197Z,consistent
v2_rr_0010166,False,first_time_refund,2011-10-31T17:41:29.910805494Z,consistent
v2_rr_0010167,False,cold_start_customer,2011-10-26T18:38:06.914950398Z,consistent
v2_rr_0010168,False,routine_legitimate,2011-10-23T20:34:14.288543025Z,consistent
v2_rr_0010169,False,routine_legitimate,2011-10-29T02:49:15.427082788Z,consistent
v2_rr_0010170,False,routine_legitimate,2011-10-28T03:14:03.341469591Z,consistent
v2_rr_0010171,True,claim_reason_inconsistency,2011-10-25T05:09:10.322512070Z,inconsistent
v2_rr_0010172,False,unusual_legitimate_purchase,2011-10-25T05:57:05.884296785Z,consistent
v2_rr_0010173,False,missing_evidence,2011-10-24T10:14:34.617882190Z,evidence_inconclusive
v2_rr_0010174,False,routine_legitimate,2011-10-24T10:51:41.181544473Z,consistent
v2_rr_0010175,False,routine_legitimate,2011-10-24T12:21:09.488932548Z,consistent
v2_rr_0010176,True,supporting_entity_pattern,2011-10-26T12:24:05.898870320Z,inconsistent
v2_rr_0010177,False,routine_legitimate,2011-10-25T14:41:13.018081983Z,consistent
v2_rr_0010178,False,routine_legitimate,2011-10-30T14:43:33.270504777Z,consistent
v2_rr_0010179,False,verifier_unavailable,2011-10-28T15:26:17.532343348Z,verifier_unavailable
v2_rr_0010180,False,routine_legitimate,2011-10-23T16:24:23.429692675Z,consistent
v2_rr_0010181,False,routine_legitimate,2011-10-26T16:38:35.959580815Z,consistent
v2_rr_0010182,False,genuine_product_defect_burst,2011-10-29T16:56:32.916776647Z,consistent
v2_rr_0010183,False,routine_legitimate,2011-10-30T17:12:57.006997024Z,consistent
v2_rr_0010184,False,routine_legitimate,2011-10-25T17:22:09.509398574Z,consistent
v2_rr_0010185,False,routine_legitimate,2011-10-25T17:31:13.650870564Z,consistent
v2_rr_0010186,False,routine_legitimate,2011-10-31T17:47:44.662181564Z,consistent
v2_rr_0010187,False,routine_legitimate,2011-11-02T02:32:04.513448276Z,inconsistent
v2_rr_0010188,False,routine_legitimate,2011-11-01T02:32:43.523353183Z,consistent
v2_rr_0010189,False,routine_legitimate,2011-11-02T03:11:11.768014173Z,evidence_inconclusive
v2_rr_0010190,True,cross_category_escalation,2011-10-29T03:41:56.327108682Z,inconsistent
v2_rr_0010191,False,routine_legitimate,2011-10-27T04:25:44.081636623Z,consistent
v2_rr_0010192,False,routine_legitimate,2011-10-30T04:56:41.865712378Z,consistent
v2_rr_0010193,False,routine_legitimate,2011-10-30T05:31:07.384960874Z,consistent
v2_rr_0010194,False,high_value_loyal_customer,2011-10-24T08:04:34.010690204Z,consistent
v2_rr_0010195,False,routine_legitimate,2011-10-25T08:41:19.165252176Z,consistent
v2_rr_0010196,False,routine_legitimate,2011-10-27T10:16:29.541026946Z,consistent
v2_rr_0010197,False,first_time_refund,2011-10-26T10:57:47.404023170Z,consistent
v2_rr_0010198,False,routine_legitimate,2011-10-27T10:59:37.336693962Z,consistent
v2_rr_0010199,False,routine_legitimate,2011-10-31T12:46:31.207463844Z,consistent
v2_rr_0010200,True,evidence_inconsistency,2011-10-28T13:16:34.831968892Z,inconsistent
v2_rr_0010201,False,routine_legitimate,2011-10-26T14:41:56.293031972Z,consistent
v2_rr_0010202,False,routine_legitimate,2011-10-31T14:43:58.533331228Z,consistent
v2_rr_0010203,False,cold_start_customer,2011-10-25T14:46:09.363001488Z,consistent
v2_rr_0010204,False,routine_legitimate,2011-10-28T15:58:21.496999652Z,consistent
v2_rr_0010205,False,routine_legitimate,2011-10-28T18:08:40.465936335Z,consistent
v2_rr_0010206,False,routine_legitimate,2011-10-25T18:42:28.207529294Z,consistent
v2_rr_0010207,True,serial_false_claim,2011-10-25T20:24:47.082138458Z,consistent
v2_rr_0010208,False,routine_legitimate,2011-10-30T20:55:53.031559446Z,consistent
v2_rr_0010209,False,routine_legitimate,2011-10-29T22:31:57.968779584Z,consistent
v2_rr_0010210,False,unusual_legitimate_purchase,2011-11-02T23:56:46.164353699Z,consistent
v2_rr_0010211,True,repeated_claim_pattern,2011-10-25T00:05:16.257949642Z,inconsistent
v2_rr_0010212,False,routine_legitimate,2011-10-25T02:04:36.504303690Z,evidence_inconclusive
v2_rr_0010213,False,routine_legitimate,2011-10-31T02:09:10.843998894Z,consistent
v2_rr_0010214,False,routine_legitimate,2011-11-02T03:18:27.684384439Z,consistent
v2_rr_0010215,False,missing_evidence,2011-10-25T03:33:26.009257290Z,evidence_inconclusive
v2_rr_0010216,False,routine_legitimate,2011-11-03T05:04:42.589005033Z,consistent
v2_rr_0010217,False,routine_legitimate,2011-10-25T05:36:16.446089883Z,consistent
v2_rr_0010218,True,peer_deviation,2011-10-26T05:47:03.543089488Z,evidence_inconclusive
v2_rr_0010219,False,routine_legitimate,2011-11-01T05:56:21.538006930Z,consistent
v2_rr_0010220,False,verifier_unavailable,2011-10-26T09:44:40.636190649Z,verifier_unavailable
v2_rr_0010221,False,routine_legitimate,2011-11-01T12:00:56.852777738Z,consistent
v2_rr_0010222,False,routine_legitimate,2011-10-27T13:39:42.284802795Z,consistent
v2_rr_0010223,True,claim_timing,2011-11-01T15:40:26.875185844Z,inconsistent
v2_rr_0010224,False,genuine_product_defect_burst,2011-10-30T15:46:32.827290872Z,consistent
v2_rr_0010225,False,routine_legitimate,2011-10-26T16:51:43.095248908Z,consistent
v2_rr_0010226,False,high_value_loyal_customer,2011-11-01T18:37:32.789890520Z,consistent
v2_rr_0010227,False,routine_legitimate,2011-10-25T19:24:04.345739347Z,consistent
v2_rr_0010228,True,claim_reason_inconsistency,2011-10-26T20:22:54.706630546Z,inconsistent
v2_rr_0010229,False,routine_legitimate,2011-11-03T00:10:09.329273626Z,consistent
v2_rr_0010230,False,first_time_refund,2011-10-30T01:08:40.719294173Z,consistent
v2_rr_0010231,False,routine_legitimate,2011-10-27T01:21:50.057308600Z,consistent
v2_rr_0010232,False,routine_legitimate,2011-10-29T01:41:40.761402126Z,consistent
v2_rr_0010233,False,routine_legitimate,2011-11-01T02:41:41.712702513Z,consistent
v2_rr_0010234,False,routine_legitimate,2011-11-01T03:24:55.073461316Z,consistent
v2_rr_0010235,False,routine_legitimate,2011-10-26T04:18:08.544261878Z,evidence_inconclusive
v2_rr_0010236,False,routine_legitimate,2011-10-27T04:26:03.008943607Z,consistent
v2_rr_0010237,True,supporting_entity_pattern,2011-10-26T04:40:48.959120754Z,inconsistent
v2_rr_0010238,False,routine_legitimate,2011-11-03T06:01:12.229876621Z,consistent
v2_rr_0010239,False,cold_start_customer,2011-10-29T08:05:22.570242340Z,consistent
v2_rr_0010240,False,routine_legitimate,2011-10-31T08:39:05.628247028Z,consistent
v2_rr_0010241,False,routine_legitimate,2011-10-31T08:43:54.280504748Z,inconsistent
v2_rr_0010242,False,routine_legitimate,2011-11-04T10:59:15.310411852Z,consistent
v2_rr_0010243,True,cross_category_escalation,2011-11-01T11:56:10.782752556Z,inconsistent
v2_rr_0010244,False,routine_legitimate,2011-11-03T13:47:06.298896987Z,consistent
v2_rr_0010245,False,routine_legitimate,2011-10-29T13:49:08.556917461Z,consistent
v2_rr_0010246,False,routine_legitimate,2011-10-26T14:42:52.090708981Z,consistent
v2_rr_0010247,False,routine_legitimate,2011-10-29T17:28:53.660801990Z,consistent
v2_rr_0010248,False,routine_legitimate,2011-11-02T21:45:36.404008166Z,consistent
v2_rr_0010249,False,routine_legitimate,2011-10-29T00:56:35.476677313Z,consistent
v2_rr_0010250,True,evidence_inconsistency,2011-11-01T02:00:27.977782132Z,inconsistent
v2_rr_0010251,False,routine_legitimate,2011-10-31T02:37:21.960857090Z,evidence_inconclusive
v2_rr_0010252,False,routine_legitimate,2011-11-02T03:48:37.154486608Z,consistent
v2_rr_0010253,False,routine_legitimate,2011-11-01T04:19:02.777827266Z,consistent
v2_rr_0010254,False,routine_legitimate,2011-11-05T04:32:02.644775034Z,consistent
v2_rr_0010255,False,unusual_legitimate_purchase,2011-10-31T04:56:50.591213134Z,consistent
v2_rr_0010256,False,routine_legitimate,2011-10-30T06:05:00.156329136Z,consistent
v2_rr_0010257,True,serial_false_claim,2011-10-30T07:00:53.936060964Z,inconsistent
v2_rr_0010258,False,routine_legitimate,2011-10-30T07:37:40.765964922Z,consistent
v2_rr_0010259,False,routine_legitimate,2011-10-30T07:59:50.523168427Z,evidence_inconclusive
v2_rr_0010260,False,routine_legitimate,2011-10-31T13:08:49.936293530Z,consistent
v2_rr_0010261,False,routine_legitimate,2011-10-29T13:16:05.341028824Z,consistent
v2_rr_0010262,False,routine_legitimate,2011-11-02T14:03:51.321241040Z,consistent
v2_rr_0010263,False,routine_legitimate,2011-11-01T14:43:24.613258136Z,consistent
v2_rr_0010264,False,routine_legitimate,2011-11-05T15:03:53.725837303Z,consistent
v2_rr_0010265,False,routine_legitimate,2011-11-01T15:46:43.318677174Z,consistent
v2_rr_0010266,False,routine_legitimate,2011-11-04T16:13:01.213359123Z,consistent
v2_rr_0010267,False,routine_legitimate,2011-11-04T16:44:45.723964568Z,consistent
v2_rr_0010268,False,routine_legitimate,2011-11-02T16:47:50.266578221Z,consistent
v2_rr_0010269,False,routine_legitimate,2011-10-31T20:34:17.557012251Z,consistent
v2_rr_0010270,False,routine_legitimate,2011-11-02T21:51:20.902828586Z,consistent
v2_rr_0010271,False,routine_legitimate,2011-10-27T22:32:44.515415259Z,consistent
v2_rr_0010272,False,missing_evidence,2011-10-31T22:33:41.504370534Z,evidence_inconclusive
v2_rr_0010273,False,verifier_unavailable,2011-10-31T23:38:59.144476591Z,verifier_unavailable
v2_rr_0010274,False,routine_legitimate,2011-11-06T00:06:03.254284576Z,consistent
v2_rr_0010275,False,routine_legitimate,2011-11-02T03:09:23.887192797Z,consistent
v2_rr_0010276,False,genuine_product_defect_burst,2011-11-04T06:12:53.591405594Z,inconsistent
v2_rr_0010277,False,routine_legitimate,2011-10-28T07:01:09.145938595Z,consistent
v2_rr_0010278,False,routine_legitimate,2011-10-30T10:17:49.410133994Z,consistent
v2_rr_0010279,False,routine_legitimate,2011-11-01T11:05:09.606868815Z,consistent
v2_rr_0010280,False,routine_legitimate,2011-10-30T12:21:09.151755164Z,consistent
v2_rr_0010281,False,high_value_loyal_customer,2011-11-05T12:25:40.003229372Z,consistent
v2_rr_0010282,False,first_time_refund,2011-10-30T12:36:54.105949897Z,evidence_inconclusive
v2_rr_0010283,False,routine_legitimate,2011-11-05T12:38:11.120736970Z,consistent
v2_rr_0010284,False,cold_start_customer,2011-11-02T13:01:11.358677371Z,consistent
v2_rr_0010285,False,routine_legitimate,2011-11-04T17:10:01.130818570Z,consistent
v2_rr_0010286,False,routine_legitimate,2011-11-01T18:02:40.625705755Z,consistent
v2_rr_0010287,False,unusual_legitimate_purchase,2011-10-29T18:33:25.374499974Z,consistent
v2_rr_0010288,False,routine_legitimate,2011-11-01T20:46:06.856170459Z,consistent
v2_rr_0010289,False,routine_legitimate,2011-10-28T21:32:55.978038754Z,consistent
v2_rr_0010290,False,routine_legitimate,2011-11-06T23:22:02.375332182Z,consistent
v2_rr_0010291,False,missing_evidence,2011-10-31T05:50:04.661138091Z,evidence_inconclusive
v2_rr_0010292,False,routine_legitimate,2011-11-02T09:37:48.939625146Z,consistent
v2_rr_0010293,False,routine_legitimate,2011-10-31T10:28:47.477364103Z,consistent
v2_rr_0010294,False,verifier_unavailable,2011-10-31T10:51:11.073281553Z,verifier_unavailable
v2_rr_0010295,True,repeated_claim_pattern,2011-11-05T10:54:55.158590367Z,inconsistent
v2_rr_0010296,False,genuine_product_defect_burst,2011-11-01T12:05:33.123820659Z,consistent
v2_rr_0010297,False,routine_legitimate,2011-11-01T12:17:22.519508074Z,consistent
v2_rr_0010298,True,peer_deviation,2011-10-30T15:06:25.093876461Z,inconsistent
v2_rr_0010299,False,routine_legitimate,2011-11-01T15:20:35.834605514Z,consistent
v2_rr_0010300,False,routine_legitimate,2011-11-05T15:45:58.387243840Z,consistent
v2_rr_0010301,False,high_value_loyal_customer,2011-11-01T17:12:38.049758953Z,consistent
v2_rr_0010302,False,routine_legitimate,2011-10-30T17:30:30.212892783Z,consistent
v2_rr_0010303,False,routine_legitimate,2011-11-05T20:08:05.397521085Z,consistent
v2_rr_0010304,True,claim_timing,2011-11-05T20:09:19.477294293Z,inconsistent
v2_rr_0010305,False,routine_legitimate,2011-11-06T21:24:10.221551826Z,consistent
v2_rr_0010306,False,first_time_refund,2011-11-07T00:58:54.872307484Z,consistent
v2_rr_0010307,False,routine_legitimate,2011-10-31T01:08:19.539682818Z,consistent
v2_rr_0010308,False,routine_legitimate,2011-11-07T02:10:17.781477595Z,consistent
v2_rr_0010309,False,cold_start_customer,2011-11-02T02:35:28.644054580Z,consistent
v2_rr_0010310,False,routine_legitimate,2011-11-03T03:00:11.069659354Z,consistent
v2_rr_0010311,False,routine_legitimate,2011-11-07T03:36:53.039271729Z,consistent
v2_rr_0010312,False,routine_legitimate,2011-11-06T06:42:23.410717044Z,consistent
v2_rr_0010313,True,claim_reason_inconsistency,2011-11-01T08:02:27.724545771Z,inconsistent
v2_rr_0010314,False,routine_legitimate,2011-11-02T08:28:10.361433912Z,consistent
v2_rr_0010315,False,routine_legitimate,2011-11-04T09:08:02.688081859Z,consistent
v2_rr_0010316,False,unusual_legitimate_purchase,2011-11-02T09:22:57.681709119Z,consistent
v2_rr_0010317,False,routine_legitimate,2011-11-04T11:00:17.926703730Z,evidence_inconclusive
v2_rr_0010318,False,routine_legitimate,2011-11-06T11:51:09.891943549Z,consistent
v2_rr_0010319,False,routine_legitimate,2011-11-04T12:10:12.015609756Z,consistent
v2_rr_0010320,True,supporting_entity_pattern,2011-11-04T14:23:05.702687250Z,inconsistent
v2_rr_0010321,False,routine_legitimate,2011-11-07T14:50:17.440964539Z,consistent
v2_rr_0010322,False,routine_legitimate,2011-11-08T18:21:35.144894356Z,evidence_inconclusive
v2_rr_0010323,False,routine_legitimate,2011-10-30T19:05:08.756820227Z,consistent
v2_rr_0010324,False,routine_legitimate,2011-11-03T19:36:37.828978764Z,consistent
v2_rr_0010325,False,missing_evidence,2011-11-05T19:54:45.358603148Z,evidence_inconclusive
v2_rr_0010326,False,routine_legitimate,2011-11-01T20:17:15.090352580Z,consistent
v2_rr_0010327,False,routine_legitimate,2011-11-08T22:53:08.368951958Z,consistent
v2_rr_0010328,False,routine_legitimate,2011-11-06T23:00:16.521967383Z,consistent
v2_rr_0010329,False,routine_legitimate,2011-11-01T00:35:16.625805514Z,consistent
v2_rr_0010330,True,cross_category_escalation,2011-11-05T04:47:48.989064964Z,inconsistent
v2_rr_0010331,False,routine_legitimate,2011-11-07T05:31:37.437339182Z,consistent
v2_rr_0010332,False,verifier_unavailable,2011-11-08T05:50:02.010155698Z,verifier_unavailable
v2_rr_0010333,False,routine_legitimate,2011-11-04T06:13:18.645819422Z,evidence_inconclusive
v2_rr_0010334,False,routine_legitimate,2011-11-01T06:59:51.697352233Z,consistent
v2_rr_0010335,False,routine_legitimate,2011-11-05T07:41:41.171797492Z,consistent
v2_rr_0010336,False,routine_legitimate,2011-11-06T07:42:58.221010076Z,consistent
v2_rr_0010337,False,routine_legitimate,2011-11-06T09:28:52.149433784Z,consistent
v2_rr_0010338,False,routine_legitimate,2011-11-04T09:35:37.448321318Z,consistent
v2_rr_0010339,False,routine_legitimate,2011-11-05T11:40:16.702965161Z,consistent
v2_rr_0010340,False,routine_legitimate,2011-10-31T11:48:56.801717704Z,consistent
v2_rr_0010341,False,genuine_product_defect_burst,2011-11-02T13:11:07.196312235Z,consistent
v2_rr_0010342,False,high_value_loyal_customer,2011-11-08T14:50:51.218639960Z,evidence_inconclusive
v2_rr_0010343,False,routine_legitimate,2011-11-06T18:14:22.838296938Z,consistent
v2_rr_0010344,False,first_time_refund,2011-11-01T18:51:45.783410174Z,consistent
v2_rr_0010345,False,cold_start_customer,2011-11-07T19:29:19.516190494Z,consistent
v2_rr_0010346,False,routine_legitimate,2011-11-03T20:38:31.335371198Z,consistent
v2_rr_0010347,False,routine_legitimate,2011-10-31T20:54:06.799524304Z,evidence_inconclusive
v2_rr_0010348,False,routine_legitimate,2011-11-08T21:46:45.802577922Z,consistent
v2_rr_0010349,False,routine_legitimate,2011-11-03T21:59:19.994833147Z,consistent
v2_rr_0010350,False,routine_legitimate,2011-11-06T22:45:41.776521192Z,consistent
v2_rr_0010351,False,routine_legitimate,2011-11-02T22:58:15.653668570Z,evidence_inconclusive
v2_rr_0010352,False,routine_legitimate,2011-11-04T00:05:28.266286150Z,consistent
v2_rr_0010353,True,evidence_inconsistency,2011-11-10T03:02:53.208701266Z,inconsistent
v2_rr_0010354,False,routine_legitimate,2011-11-04T04:05:21.425790601Z,consistent
v2_rr_0010355,False,routine_legitimate,2011-11-01T04:15:36.087613146Z,consistent
v2_rr_0010356,False,routine_legitimate,2011-11-04T05:19:49.169559446Z,consistent
v2_rr_0010357,False,routine_legitimate,2011-11-01T06:13:37.694886216Z,evidence_inconclusive
v2_rr_0010358,False,routine_legitimate,2011-11-02T07:02:52.020509143Z,consistent
v2_rr_0010359,False,unusual_legitimate_purchase,2011-11-08T07:20:32.412911959Z,consistent
v2_rr_0010360,False,routine_legitimate,2011-11-01T09:36:06.105348768Z,inconsistent
v2_rr_0010361,False,missing_evidence,2011-11-07T10:31:50.464557925Z,evidence_inconclusive
v2_rr_0010362,False,routine_legitimate,2011-11-05T14:06:08.982519438Z,consistent
v2_rr_0010363,False,routine_legitimate,2011-11-05T15:23:25.596270502Z,consistent
v2_rr_0010364,True,serial_false_claim,2011-11-07T16:32:35.182124018Z,consistent
v2_rr_0010365,True,repeated_claim_pattern,2011-11-03T17:14:38.573293858Z,inconsistent
v2_rr_0010366,False,verifier_unavailable,2011-11-06T18:25:11.640825262Z,verifier_unavailable
v2_rr_0010367,False,genuine_product_defect_burst,2011-11-07T20:17:32.238858310Z,consistent
v2_rr_0010368,False,routine_legitimate,2011-11-07T00:14:01.036078022Z,consistent
v2_rr_0010369,False,routine_legitimate,2011-11-07T01:06:00.112221510Z,consistent
v2_rr_0010370,False,high_value_loyal_customer,2011-11-04T01:33:36.510817018Z,consistent
v2_rr_0010371,False,first_time_refund,2011-11-07T02:06:44.536881202Z,consistent
v2_rr_0010372,False,cold_start_customer,2011-11-03T04:05:18.226634426Z,consistent
v2_rr_0010373,False,routine_legitimate,2011-11-02T06:12:41.302116697Z,consistent
v2_rr_0010374,False,unusual_legitimate_purchase,2011-11-10T08:19:11.657041371Z,evidence_inconclusive
v2_rr_0010375,False,routine_legitimate,2011-11-04T09:05:05.528293324Z,consistent
v2_rr_0010376,False,routine_legitimate,2011-11-09T09:29:56.860152777Z,consistent
v2_rr_0010377,False,routine_legitimate,2011-11-02T09:38:04.881261086Z,consistent
v2_rr_0010378,False,routine_legitimate,2011-11-09T09:59:49.820406333Z,consistent
v2_rr_0010379,False,routine_legitimate,2011-11-04T10:28:33.835879603Z,consistent
v2_rr_0010380,False,routine_legitimate,2011-11-10T10:53:05.376486951Z,consistent
v2_rr_0010381,False,missing_evidence,2011-11-11T11:00:17.746205798Z,evidence_inconclusive
v2_rr_0010382,False,routine_legitimate,2011-11-10T11:38:05.811052380Z,consistent
v2_rr_0010383,False,routine_legitimate,2011-11-10T11:41:45.330043201Z,inconsistent
v2_rr_0010384,False,verifier_unavailable,2011-11-06T13:33:07.218101888Z,verifier_unavailable
v2_rr_0010385,False,routine_legitimate,2011-11-05T16:06:20.033598182Z,consistent
v2_rr_0010386,True,peer_deviation,2011-11-09T16:30:51.098306557Z,consistent
v2_rr_0010387,False,routine_legitimate,2011-11-07T19:53:49.313225072Z,consistent
v2_rr_0010388,False,routine_legitimate,2011-11-08T21:52:46.934302154Z,consistent
v2_rr_0010389,False,routine_legitimate,2011-11-12T01:00:53.854039406Z,consistent
v2_rr_0010390,False,routine_legitimate,2011-11-04T01:52:06.044926161Z,evidence_inconclusive
v2_rr_0010391,True,claim_timing,2011-11-05T02:44:28.284849232Z,inconsistent
v2_rr_0010392,False,routine_legitimate,2011-11-07T04:16:14.170355273Z,consistent
v2_rr_0010393,False,routine_legitimate,2011-11-03T04:39:54.463395293Z,consistent
v2_rr_0010394,False,routine_legitimate,2011-11-03T04:45:22.287419816Z,consistent
v2_rr_0010395,False,routine_legitimate,2011-11-07T05:00:22.329470216Z,consistent
v2_rr_0010396,True,claim_reason_inconsistency,2011-11-08T07:43:13.052592373Z,inconsistent
v2_rr_0010397,False,routine_legitimate,2011-11-07T07:45:14.647518117Z,consistent
v2_rr_0010398,False,genuine_product_defect_burst,2011-11-07T07:50:17.456127584Z,consistent
v2_rr_0010399,False,routine_legitimate,2011-11-09T08:00:47.309375241Z,evidence_inconclusive
v2_rr_0010400,False,routine_legitimate,2011-11-07T08:21:31.654515823Z,consistent
v2_rr_0010401,False,high_value_loyal_customer,2011-11-12T09:30:04.107926317Z,consistent
v2_rr_0010402,False,routine_legitimate,2011-11-09T09:30:46.074824424Z,consistent
v2_rr_0010403,False,routine_legitimate,2011-11-11T10:10:36.017360464Z,consistent
v2_rr_0010404,False,first_time_refund,2011-11-07T12:31:14.433854834Z,consistent
v2_rr_0010405,False,routine_legitimate,2011-11-12T12:32:32.940397342Z,consistent
v2_rr_0010406,False,routine_legitimate,2011-11-08T12:48:06.119728467Z,consistent
v2_rr_0010407,False,cold_start_customer,2011-11-05T16:51:17.639286253Z,consistent
v2_rr_0010408,True,supporting_entity_pattern,2011-11-10T17:11:43.073461485Z,inconsistent
v2_rr_0010409,False,routine_legitimate,2011-11-11T18:10:43.084321104Z,consistent
v2_rr_0010410,False,routine_legitimate,2011-11-06T19:03:23.990948200Z,consistent
v2_rr_0010411,False,routine_legitimate,2011-11-12T22:12:19.198121208Z,consistent
v2_rr_0010412,False,routine_legitimate,2011-11-08T22:49:53.044077847Z,consistent
v2_rr_0010413,False,routine_legitimate,2011-11-08T01:37:31.672658318Z,consistent
v2_rr_0010414,False,routine_legitimate,2011-11-10T02:41:14.089388342Z,consistent
v2_rr_0010415,False,routine_legitimate,2011-11-10T02:43:59.435472792Z,consistent
v2_rr_0010416,False,routine_legitimate,2011-11-10T03:08:39.795269098Z,consistent
v2_rr_0010417,False,routine_legitimate,2011-11-08T04:14:08.766135170Z,consistent
v2_rr_0010418,False,routine_legitimate,2011-11-06T04:33:44.499879732Z,consistent
v2_rr_0010419,False,routine_legitimate,2011-11-07T07:01:20.636407473Z,evidence_inconclusive
v2_rr_0010420,False,routine_legitimate,2011-11-10T07:22:59.297188166Z,consistent
v2_rr_0010421,False,routine_legitimate,2011-11-06T07:31:47.307212465Z,consistent
v2_rr_0010422,False,routine_legitimate,2011-11-11T07:49:03.255789162Z,consistent
v2_rr_0010423,False,routine_legitimate,2011-11-13T07:50:53.609362486Z,consistent
v2_rr_0010424,False,routine_legitimate,2011-11-07T08:04:22.149972801Z,consistent
v2_rr_0010425,False,routine_legitimate,2011-11-11T09:48:14.267638447Z,consistent
v2_rr_0010426,False,routine_legitimate,2011-11-11T10:42:23.957024071Z,consistent
v2_rr_0010427,False,routine_legitimate,2011-11-08T11:57:18.033792032Z,consistent
v2_rr_0010428,False,routine_legitimate,2011-11-11T12:02:36.994611231Z,consistent
v2_rr_0010429,False,routine_legitimate,2011-11-10T18:12:06.085052160Z,consistent
v2_rr_0010430,True,cross_category_escalation,2011-11-12T18:51:15.811028875Z,consistent
v2_rr_0010431,False,routine_legitimate,2011-11-13T23:01:41.837992340Z,consistent
v2_rr_0010432,False,routine_legitimate,2011-11-08T23:46:15.315157171Z,consistent
v2_rr_0010433,False,routine_legitimate,2011-11-13T00:33:46.702722690Z,consistent
v2_rr_0010434,False,routine_legitimate,2011-11-11T00:40:05.342565326Z,consistent
v2_rr_0010435,False,routine_legitimate,2011-11-07T02:20:02.374436191Z,consistent
v2_rr_0010436,False,routine_legitimate,2011-11-08T02:44:52.763463540Z,inconsistent
v2_rr_0010437,False,routine_legitimate,2011-11-10T03:46:17.237052361Z,evidence_inconclusive
v2_rr_0010438,False,routine_legitimate,2011-11-08T03:57:48.831767373Z,consistent
v2_rr_0010439,False,routine_legitimate,2011-11-13T04:09:11.892158172Z,consistent
v2_rr_0010440,False,unusual_legitimate_purchase,2011-11-10T04:21:51.712717790Z,consistent
v2_rr_0010441,False,routine_legitimate,2011-11-05T04:50:27.848237530Z,consistent
v2_rr_0010442,False,routine_legitimate,2011-11-06T05:11:44.706891784Z,consistent
v2_rr_0010443,True,evidence_inconsistency,2011-11-08T07:36:04.943570883Z,consistent
v2_rr_0010444,False,missing_evidence,2011-11-12T08:00:39.338090676Z,evidence_inconclusive
v2_rr_0010445,False,routine_legitimate,2011-11-06T08:19:36.527789575Z,consistent
v2_rr_0010446,False,routine_legitimate,2011-11-11T08:21:56.788666114Z,consistent
v2_rr_0010447,False,routine_legitimate,2011-11-13T09:39:54.195112512Z,consistent
v2_rr_0010448,False,routine_legitimate,2011-11-13T12:23:33.089651917Z,consistent
v2_rr_0010449,False,routine_legitimate,2011-11-10T12:25:40.906753492Z,evidence_inconclusive
v2_rr_0010450,True,serial_false_claim,2011-11-09T13:34:51.485411919Z,consistent
v2_rr_0010451,False,verifier_unavailable,2011-11-11T13:52:22.176756303Z,verifier_unavailable
v2_rr_0010452,False,routine_legitimate,2011-11-10T14:35:48.865951924Z,consistent
v2_rr_0010453,False,routine_legitimate,2011-11-10T15:48:34.710042608Z,consistent
v2_rr_0010454,False,routine_legitimate,2011-11-09T19:03:51.155122501Z,consistent
v2_rr_0010455,False,routine_legitimate,2011-11-05T20:51:47.858281005Z,consistent
v2_rr_0010456,False,routine_legitimate,2011-11-10T21:17:43.999879008Z,consistent
v2_rr_0010457,False,routine_legitimate,2011-11-12T21:33:52.752939912Z,consistent
v2_rr_0010458,False,routine_legitimate,2011-11-14T22:12:33.760695223Z,consistent
v2_rr_0010459,False,routine_legitimate,2011-11-11T22:41:48.083011626Z,consistent
v2_rr_0010460,True,repeated_claim_pattern,2011-11-08T23:45:38.322898279Z,inconsistent
v2_rr_0010461,False,routine_legitimate,2011-11-08T00:43:48.810932548Z,consistent
v2_rr_0010462,False,routine_legitimate,2011-11-13T01:24:03.374686946Z,evidence_inconclusive
v2_rr_0010463,False,genuine_product_defect_burst,2011-11-14T03:39:16.115825559Z,consistent
v2_rr_0010464,False,routine_legitimate,2011-11-11T03:50:46.748673254Z,consistent
v2_rr_0010465,False,routine_legitimate,2011-11-12T04:12:50.210861964Z,consistent
v2_rr_0010466,False,routine_legitimate,2011-11-08T04:29:59.925995989Z,consistent
v2_rr_0010467,True,peer_deviation,2011-11-14T04:46:32.977943067Z,inconsistent
v2_rr_0010468,False,routine_legitimate,2011-11-06T06:55:23.985350249Z,consistent
v2_rr_0010469,False,high_value_loyal_customer,2011-11-06T06:59:55.527517101Z,consistent
v2_rr_0010470,False,routine_legitimate,2011-11-10T09:13:21.268434219Z,consistent
v2_rr_0010471,False,routine_legitimate,2011-11-09T09:36:53.533897213Z,consistent
v2_rr_0010472,False,routine_legitimate,2011-11-14T11:00:19.616355062Z,consistent
v2_rr_0010473,False,routine_legitimate,2011-11-15T14:23:07.356117081Z,consistent
v2_rr_0010474,False,routine_legitimate,2011-11-13T17:45:51.446319277Z,consistent
v2_rr_0010475,True,claim_timing,2011-11-14T18:08:00.395161412Z,inconsistent
v2_rr_0010476,False,routine_legitimate,2011-11-14T18:36:56.152283601Z,consistent
v2_rr_0010477,False,routine_legitimate,2011-11-08T02:14:00.487427006Z,consistent
v2_rr_0010478,False,routine_legitimate,2011-11-10T03:23:33.748433607Z,consistent
v2_rr_0010479,False,routine_legitimate,2011-11-08T04:19:04.233147458Z,consistent
v2_rr_0010480,False,first_time_refund,2011-11-10T05:44:54.792437508Z,inconsistent
v2_rr_0010481,True,claim_reason_inconsistency,2011-11-14T06:33:37.672265205Z,inconsistent
v2_rr_0010482,False,cold_start_customer,2011-11-07T07:03:32.015506252Z,consistent
v2_rr_0010483,False,unusual_legitimate_purchase,2011-11-08T07:46:01.317385066Z,inconsistent
v2_rr_0010484,False,missing_evidence,2011-11-11T08:35:34.720795418Z,evidence_inconclusive
v2_rr_0010485,False,verifier_unavailable,2011-11-09T08:51:28.748736159Z,verifier_unavailable
v2_rr_0010486,False,routine_legitimate,2011-11-12T09:26:04.597963454Z,consistent
v2_rr_0010487,False,genuine_product_defect_burst,2011-11-12T09:27:12.996911149Z,inconsistent
v2_rr_0010488,False,high_value_loyal_customer,2011-11-08T09:28:12.506405682Z,consistent
v2_rr_0010489,False,routine_legitimate,2011-11-14T15:41:10.016189155Z,inconsistent
v2_rr_0010490,False,routine_legitimate,2011-11-08T16:48:16.395944636Z,evidence_inconclusive
v2_rr_0010491,True,supporting_entity_pattern,2011-11-12T17:45:40.742555943Z,inconsistent
v2_rr_0010492,True,cross_category_escalation,2011-11-12T20:45:50.665328054Z,consistent
v2_rr_0010493,False,routine_legitimate,2011-11-14T21:24:57.348381615Z,consistent
v2_rr_0010494,False,routine_legitimate,2011-11-10T23:46:29.606870748Z,evidence_inconclusive
v2_rr_0010495,False,first_time_refund,2011-11-09T00:13:26.328408147Z,consistent
v2_rr_0010496,False,cold_start_customer,2011-11-15T02:36:07.922731437Z,evidence_inconclusive
v2_rr_0010497,False,unusual_legitimate_purchase,2011-11-13T04:36:48.278200992Z,evidence_inconclusive
v2_rr_0010498,False,routine_legitimate,2011-11-15T06:06:54.220662468Z,consistent
v2_rr_0010499,False,routine_legitimate,2011-11-10T08:09:49.211991048Z,consistent
v2_rr_0010500,False,routine_legitimate,2011-11-17T08:35:36.523319274Z,consistent
v2_rr_0010501,False,routine_legitimate,2011-11-14T10:58:48.103446054Z,consistent
v2_rr_0010502,False,routine_legitimate,2011-11-17T11:43:37.623659636Z,consistent
v2_rr_0010503,True,evidence_inconsistency,2011-11-13T12:28:45.729381262Z,consistent
v2_rr_0010504,False,routine_legitimate,2011-11-14T14:39:37.518840171Z,consistent
v2_rr_0010505,False,routine_legitimate,2011-11-17T16:48:23.950660976Z,evidence_inconclusive
v2_rr_0010506,False,routine_legitimate,2011-11-17T18:12:17.020149627Z,consistent
v2_rr_0010507,True,serial_false_claim,2011-11-17T18:42:58.081579274Z,consistent
v2_rr_0010508,False,missing_evidence,2011-11-14T20:41:00.336763063Z,evidence_inconclusive
v2_rr_0010509,True,repeated_claim_pattern,2011-11-08T20:56:50.136570423Z,inconsistent
v2_rr_0010510,False,routine_legitimate,2011-11-15T21:25:28.001761784Z,consistent
v2_rr_0010511,False,verifier_unavailable,2011-11-10T21:56:08.225075919Z,verifier_unavailable
v2_rr_0010512,False,routine_legitimate,2011-11-10T22:36:16.568293941Z,consistent
v2_rr_0010513,False,routine_legitimate,2011-11-13T23:30:10.390399478Z,evidence_inconclusive
v2_rr_0010514,True,peer_deviation,2011-11-16T23:51:52.855604262Z,inconsistent
v2_rr_0010515,False,genuine_product_defect_burst,2011-11-09T00:14:05.279830324Z,evidence_inconclusive
v2_rr_0010516,False,routine_legitimate,2011-11-13T00:35:55.464856579Z,consistent
v2_rr_0010517,True,claim_timing,2011-11-10T00:45:20.758422676Z,evidence_inconclusive
v2_rr_0010518,False,routine_legitimate,2011-11-14T01:47:10.491014391Z,evidence_inconclusive
v2_rr_0010519,False,routine_legitimate,2011-11-18T02:49:40.848392437Z,consistent
v2_rr_0010520,False,routine_legitimate,2011-11-16T04:53:16.757366971Z,consistent
v2_rr_0010521,False,routine_legitimate,2011-11-09T06:18:23.959628925Z,consistent
v2_rr_0010522,False,routine_legitimate,2011-11-16T09:53:12.089257274Z,consistent
v2_rr_0010523,False,routine_legitimate,2011-11-10T09:57:49.719611418Z,consistent
v2_rr_0010524,False,routine_legitimate,2011-11-15T11:23:52.691366350Z,consistent
v2_rr_0010525,False,routine_legitimate,2011-11-16T12:02:58.565383651Z,consistent
v2_rr_0010526,False,routine_legitimate,2011-11-17T12:58:36.181422237Z,inconsistent
v2_rr_0010527,False,high_value_loyal_customer,2011-11-16T13:00:32.737616815Z,consistent
v2_rr_0010528,False,routine_legitimate,2011-11-15T13:56:26.630723214Z,consistent
v2_rr_0010529,False,routine_legitimate,2011-11-09T20:06:30.754711234Z,evidence_inconclusive
v2_rr_0010530,False,routine_legitimate,2011-11-12T20:12:34.240362378Z,consistent
v2_rr_0010531,True,claim_reason_inconsistency,2011-11-13T20:55:24.864256928Z,inconsistent
v2_rr_0010532,False,routine_legitimate,2011-11-09T22:11:45.777014010Z,consistent
v2_rr_0010533,False,first_time_refund,2011-11-11T22:39:32.337895603Z,evidence_inconclusive
v2_rr_0010534,False,cold_start_customer,2011-11-14T23:38:39.719872912Z,consistent
v2_rr_0010535,False,unusual_legitimate_purchase,2011-11-11T00:25:21.031011267Z,consistent
v2_rr_0010536,False,routine_legitimate,2011-11-15T00:55:47.951037481Z,consistent
v2_rr_0010537,False,routine_legitimate,2011-11-10T02:24:58.035854558Z,consistent
v2_rr_0010538,True,supporting_entity_pattern,2011-11-10T03:35:09.229762801Z,inconsistent
v2_rr_0010539,True,cross_category_escalation,2011-11-13T04:12:31.184244149Z,inconsistent
v2_rr_0010540,True,evidence_inconsistency,2011-11-13T05:02:54.616210194Z,inconsistent
v2_rr_0010541,False,routine_legitimate,2011-11-16T11:02:50.492676454Z,consistent
v2_rr_0010542,False,routine_legitimate,2011-11-17T11:57:56.185034199Z,consistent
v2_rr_0010543,False,routine_legitimate,2011-11-18T12:24:40.045646362Z,inconsistent
v2_rr_0010544,False,routine_legitimate,2011-11-19T13:09:16.063177390Z,consistent
v2_rr_0010545,False,missing_evidence,2011-11-13T16:34:28.944142663Z,evidence_inconclusive
v2_rr_0010546,False,verifier_unavailable,2011-11-14T17:00:00.687278276Z,verifier_unavailable
v2_rr_0010547,False,routine_legitimate,2011-11-10T17:15:22.107706603Z,consistent
v2_rr_0010548,False,genuine_product_defect_burst,2011-11-14T18:02:58.880647363Z,consistent
v2_rr_0010549,False,routine_legitimate,2011-11-12T18:21:33.220587270Z,consistent
v2_rr_0010550,False,routine_legitimate,2011-11-19T18:58:11.323391019Z,consistent
v2_rr_0010551,False,routine_legitimate,2011-11-10T19:15:26.352106533Z,evidence_inconclusive
v2_rr_0010552,False,routine_legitimate,2011-11-10T20:15:56.231929435Z,consistent
v2_rr_0010553,False,routine_legitimate,2011-11-11T21:09:13.902464319Z,consistent
v2_rr_0010554,False,routine_legitimate,2011-11-12T21:19:19.939603770Z,consistent
v2_rr_0010555,False,routine_legitimate,2011-11-15T21:44:47.413110711Z,consistent
v2_rr_0010556,False,high_value_loyal_customer,2011-11-13T23:33:11.200282180Z,consistent
v2_rr_0010557,False,routine_legitimate,2011-11-11T00:11:49.678250256Z,consistent
v2_rr_0010558,False,first_time_refund,2011-11-14T03:19:12.133804526Z,consistent
v2_rr_0010559,False,cold_start_customer,2011-11-14T03:23:33.743694134Z,consistent
v2_rr_0010560,False,routine_legitimate,2011-11-19T05:16:48.755955980Z,consistent
v2_rr_0010561,False,routine_legitimate,2011-11-14T05:44:34.120920115Z,consistent
v2_rr_0010562,False,routine_legitimate,2011-11-11T07:10:13.322210149Z,consistent
v2_rr_0010563,True,serial_false_claim,2011-11-19T07:30:55.306726534Z,evidence_inconclusive
v2_rr_0010564,True,repeated_claim_pattern,2011-11-12T12:38:52.343902292Z,inconsistent
v2_rr_0010565,True,peer_deviation,2011-11-20T12:55:23.375477716Z,inconsistent
v2_rr_0010566,False,unusual_legitimate_purchase,2011-11-17T13:53:51.806614659Z,evidence_inconclusive
v2_rr_0010567,False,routine_legitimate,2011-11-17T13:55:36.943812156Z,consistent
v2_rr_0010568,False,routine_legitimate,2011-11-19T14:01:11.632655163Z,consistent
v2_rr_0010569,False,routine_legitimate,2011-11-20T18:30:18.047551119Z,consistent
v2_rr_0010570,False,routine_legitimate,2011-11-14T19:23:33.115818700Z,consistent
v2_rr_0010571,False,routine_legitimate,2011-11-13T20:49:11.403675680Z,consistent
v2_rr_0010572,True,claim_timing,2011-11-14T21:37:10.578016594Z,inconsistent
v2_rr_0010573,False,routine_legitimate,2011-11-17T21:38:52.538012863Z,consistent
v2_rr_0010574,False,missing_evidence,2011-11-20T21:50:56.285165322Z,evidence_inconclusive
v2_rr_0010575,False,routine_legitimate,2011-11-18T22:00:51.166772857Z,consistent
v2_rr_0010576,False,routine_legitimate,2011-11-18T22:34:46.629930048Z,consistent
v2_rr_0010577,False,routine_legitimate,2011-11-17T00:11:16.774521771Z,consistent
v2_rr_0010578,True,claim_reason_inconsistency,2011-11-13T01:32:32.372403709Z,evidence_inconclusive
v2_rr_0010579,True,supporting_entity_pattern,2011-11-12T01:46:30.508458824Z,evidence_inconclusive
v2_rr_0010580,False,routine_legitimate,2011-11-12T03:21:50.947723546Z,inconsistent
v2_rr_0010581,False,routine_legitimate,2011-11-14T04:59:18.031894008Z,consistent
v2_rr_0010582,False,routine_legitimate,2011-11-19T05:22:30.572585071Z,consistent
v2_rr_0010583,False,routine_legitimate,2011-11-16T05:30:18.621892123Z,consistent
v2_rr_0010584,False,routine_legitimate,2011-11-21T08:42:41.827999594Z,evidence_inconclusive
v2_rr_0010585,False,routine_legitimate,2011-11-20T08:51:03.566091190Z,consistent
v2_rr_0010586,False,verifier_unavailable,2011-11-14T09:11:27.104192199Z,verifier_unavailable
v2_rr_0010587,False,genuine_product_defect_burst,2011-11-16T10:03:52.187435554Z,consistent
v2_rr_0010588,False,high_value_loyal_customer,2011-11-21T10:58:05.936975628Z,consistent
v2_rr_0010589,False,first_time_refund,2011-11-16T11:28:40.801809204Z,consistent
v2_rr_0010590,False,cold_start_customer,2011-11-15T13:47:49.633990881Z,consistent
v2_rr_0010591,False,routine_legitimate,2011-11-13T14:06:14.648888883Z,consistent
v2_rr_0010592,False,unusual_legitimate_purchase,2011-11-20T15:28:37.122087074Z,consistent
v2_rr_0010593,False,routine_legitimate,2011-11-21T19:48:57.615020794Z,consistent
v2_rr_0010594,False,missing_evidence,2011-11-19T22:56:42.429467942Z,evidence_inconclusive
v2_rr_0010595,False,routine_legitimate,2011-11-19T23:03:47.194732887Z,evidence_inconclusive
v2_rr_0010596,False,routine_legitimate,2011-11-14T00:21:13.765959475Z,consistent
v2_rr_0010597,False,routine_legitimate,2011-11-15T02:33:57.986589913Z,consistent
v2_rr_0010598,False,verifier_unavailable,2011-11-19T04:33:29.784223777Z,verifier_unavailable
v2_rr_0010599,False,genuine_product_defect_burst,2011-11-14T04:52:13.081360384Z,consistent
v2_rr_0010600,False,routine_legitimate,2011-11-22T06:47:44.901877604Z,consistent
v2_rr_0010601,False,routine_legitimate,2011-11-20T06:50:37.644855157Z,consistent
v2_rr_0010602,False,routine_legitimate,2011-11-21T07:07:08.790599511Z,evidence_inconclusive
v2_rr_0010603,True,cross_category_escalation,2011-11-14T09:43:59.569651365Z,inconsistent
v2_rr_0010604,False,routine_legitimate,2011-11-22T10:06:24.265236376Z,consistent
v2_rr_0010605,False,routine_legitimate,2011-11-14T12:41:34.923950583Z,consistent
v2_rr_0010606,True,evidence_inconsistency,2011-11-13T14:10:09.904708921Z,inconsistent
v2_rr_0010607,False,routine_legitimate,2011-11-21T15:26:03.928159362Z,consistent
v2_rr_0010608,False,routine_legitimate,2011-11-16T15:35:46.272054771Z,consistent
v2_rr_0010609,False,high_value_loyal_customer,2011-11-18T15:52:06.290502075Z,evidence_inconclusive
v2_rr_0010610,False,routine_legitimate,2011-11-22T18:52:27.640474381Z,consistent
v2_rr_0010611,False,first_time_refund,2011-11-14T20:01:03.528169863Z,consistent
v2_rr_0010612,False,routine_legitimate,2011-11-16T20:03:05.815661716Z,consistent
v2_rr_0010613,False,routine_legitimate,2011-11-15T20:51:47.579243749Z,consistent
v2_rr_0010614,False,cold_start_customer,2011-11-14T20:55:51.613471354Z,evidence_inconclusive
v2_rr_0010615,False,unusual_legitimate_purchase,2011-11-16T02:26:30.277351586Z,consistent
v2_rr_0010616,False,routine_legitimate,2011-11-19T03:18:23.887074051Z,consistent
v2_rr_0010617,False,routine_legitimate,2011-11-22T03:30:49.458563529Z,consistent
v2_rr_0010618,False,routine_legitimate,2011-11-18T06:45:55.878556070Z,consistent
v2_rr_0010619,False,missing_evidence,2011-11-20T07:15:49.268139529Z,evidence_inconclusive
v2_rr_0010620,False,routine_legitimate,2011-11-20T07:51:28.498550421Z,evidence_inconclusive
v2_rr_0010621,False,routine_legitimate,2011-11-20T11:25:37.714035163Z,consistent
v2_rr_0010622,False,routine_legitimate,2011-11-19T12:14:01.873211079Z,consistent
v2_rr_0010623,False,routine_legitimate,2011-11-18T12:35:53.203886716Z,evidence_inconclusive
v2_rr_0010624,False,verifier_unavailable,2011-11-17T13:42:27.836576144Z,verifier_unavailable
v2_rr_0010625,False,routine_legitimate,2011-11-18T15:55:28.007117664Z,consistent
v2_rr_0010626,False,routine_legitimate,2011-11-20T17:21:41.530298680Z,consistent
v2_rr_0010627,False,genuine_product_defect_burst,2011-11-19T19:11:47.102675637Z,consistent
v2_rr_0010628,False,high_value_loyal_customer,2011-11-19T22:19:11.911789423Z,evidence_inconclusive
v2_rr_0010629,True,serial_false_claim,2011-11-16T23:23:50.855047266Z,inconsistent
v2_rr_0010630,False,first_time_refund,2011-11-17T23:26:39.546930151Z,consistent
v2_rr_0010631,False,routine_legitimate,2011-11-21T00:09:14.321132618Z,consistent
v2_rr_0010632,False,routine_legitimate,2011-11-20T01:05:09.194118483Z,consistent
v2_rr_0010633,False,routine_legitimate,2011-11-17T02:33:35.135428285Z,inconsistent
v2_rr_0010634,False,routine_legitimate,2011-11-16T02:41:11.489088895Z,consistent
v2_rr_0010635,False,routine_legitimate,2011-11-15T02:46:18.796525015Z,consistent
v2_rr_0010636,False,routine_legitimate,2011-11-16T04:12:46.006696900Z,consistent
v2_rr_0010637,False,routine_legitimate,2011-11-18T06:02:32.376807426Z,consistent
v2_rr_0010638,False,routine_legitimate,2011-11-16T06:44:38.077917838Z,consistent
v2_rr_0010639,True,repeated_claim_pattern,2011-11-22T07:01:06.226752003Z,inconsistent
v2_rr_0010640,False,routine_legitimate,2011-11-23T07:04:02.234597294Z,consistent
v2_rr_0010641,False,routine_legitimate,2011-11-17T07:06:37.642115626Z,consistent
v2_rr_0010642,False,routine_legitimate,2011-11-18T07:18:54.028576198Z,consistent
v2_rr_0010643,False,routine_legitimate,2011-11-21T07:54:05.021993237Z,consistent
v2_rr_0010644,False,routine_legitimate,2011-11-20T08:36:07.747134353Z,consistent
v2_rr_0010645,False,routine_legitimate,2011-11-15T11:14:57.315143565Z,consistent
v2_rr_0010646,True,peer_deviation,2011-11-17T13:45:28.185537607Z,evidence_inconclusive
v2_rr_0010647,False,routine_legitimate,2011-11-20T17:20:07.777100066Z,consistent
v2_rr_0010648,False,routine_legitimate,2011-11-18T18:50:14.638728236Z,consistent
v2_rr_0010649,False,routine_legitimate,2011-11-15T20:55:21.828708646Z,consistent
v2_rr_0010650,False,routine_legitimate,2011-11-18T23:42:55.345579543Z,inconsistent
v2_rr_0010651,False,cold_start_customer,2011-11-21T00:09:41.149801531Z,consistent
v2_rr_0010652,True,claim_timing,2011-11-23T00:55:35.332078867Z,consistent
v2_rr_0010653,False,unusual_legitimate_purchase,2011-11-25T02:07:40.552323457Z,consistent
v2_rr_0010654,False,routine_legitimate,2011-11-19T02:27:32.707325942Z,consistent
v2_rr_0010655,False,routine_legitimate,2011-11-22T02:27:42.331706404Z,consistent
v2_rr_0010656,False,routine_legitimate,2011-11-24T03:27:39.691167820Z,evidence_inconclusive
v2_rr_0010657,False,routine_legitimate,2011-11-19T03:45:43.080168757Z,consistent
v2_rr_0010658,False,routine_legitimate,2011-11-16T04:48:25.232717899Z,consistent
v2_rr_0010659,False,routine_legitimate,2011-11-24T06:15:29.194053646Z,consistent
v2_rr_0010660,False,missing_evidence,2011-11-17T06:33:06.613573267Z,evidence_inconclusive
v2_rr_0010661,False,verifier_unavailable,2011-11-18T06:36:36.077751357Z,verifier_unavailable
v2_rr_0010662,False,routine_legitimate,2011-11-25T08:01:05.413484443Z,consistent
v2_rr_0010663,False,genuine_product_defect_burst,2011-11-16T08:37:28.329782362Z,consistent
v2_rr_0010664,False,routine_legitimate,2011-11-20T08:41:41.931652454Z,consistent
v2_rr_0010665,False,routine_legitimate,2011-11-20T09:17:57.616486845Z,consistent
v2_rr_0010666,False,routine_legitimate,2011-11-22T10:20:04.167876279Z,consistent
v2_rr_0010667,False,routine_legitimate,2011-11-18T11:45:30.118659265Z,consistent
v2_rr_0010668,True,claim_reason_inconsistency,2011-11-23T12:33:40.023387194Z,inconsistent
v2_rr_0010669,False,routine_legitimate,2011-11-18T12:50:03.097893272Z,inconsistent
v2_rr_0010670,False,high_value_loyal_customer,2011-11-24T13:15:53.834291694Z,consistent
v2_rr_0010671,False,first_time_refund,2011-11-24T13:47:29.675303578Z,consistent
v2_rr_0010672,False,routine_legitimate,2011-11-18T14:10:33.840700256Z,consistent
v2_rr_0010673,False,routine_legitimate,2011-11-19T14:29:30.353627541Z,consistent
v2_rr_0010674,False,routine_legitimate,2011-11-22T15:09:30.808558922Z,consistent
v2_rr_0010675,False,routine_legitimate,2011-11-21T16:06:08.161582598Z,inconsistent
v2_rr_0010676,False,routine_legitimate,2011-11-24T16:50:17.637284004Z,consistent
v2_rr_0010677,False,routine_legitimate,2011-11-21T16:56:39.111480109Z,consistent
v2_rr_0010678,False,routine_legitimate,2011-11-19T16:59:05.887143993Z,consistent
v2_rr_0010679,False,cold_start_customer,2011-11-16T17:43:41.709612319Z,consistent
v2_rr_0010680,False,routine_legitimate,2011-11-20T19:10:17.645861065Z,consistent
v2_rr_0010681,False,routine_legitimate,2011-11-23T19:13:36.558306108Z,consistent
v2_rr_0010682,False,routine_legitimate,2011-11-19T20:04:34.356800761Z,evidence_inconclusive
v2_rr_0010683,False,routine_legitimate,2011-11-21T22:11:06.045783091Z,inconsistent
v2_rr_0010684,False,routine_legitimate,2011-11-21T00:32:38.540136841Z,consistent
v2_rr_0010685,False,routine_legitimate,2011-11-21T01:37:09.316289074Z,evidence_inconclusive
v2_rr_0010686,True,supporting_entity_pattern,2011-11-25T02:36:26.086626115Z,consistent
v2_rr_0010687,False,routine_legitimate,2011-11-21T02:52:39.594729484Z,consistent
v2_rr_0010688,False,routine_legitimate,2011-11-17T04:56:43.936946697Z,consistent
v2_rr_0010689,False,routine_legitimate,2011-11-19T05:36:36.221884652Z,consistent
v2_rr_0010690,True,cross_category_escalation,2011-11-21T06:55:43.150703846Z,inconsistent
v2_rr_0010691,False,unusual_legitimate_purchase,2011-11-25T11:46:41.759770202Z,consistent
v2_rr_0010692,False,routine_legitimate,2011-11-19T16:14:03.556988926Z,consistent
v2_rr_0010693,True,evidence_inconsistency,2011-11-17T18:13:20.430324861Z,inconsistent
v2_rr_0010694,False,routine_legitimate,2011-11-21T19:54:17.129682138Z,consistent
v2_rr_0010695,False,routine_legitimate,2011-11-24T20:23:35.101906916Z,consistent
v2_rr_0010696,False,routine_legitimate,2011-11-25T20:37:04.830273740Z,consistent
v2_rr_0010697,False,routine_legitimate,2011-11-21T21:15:41.635312149Z,inconsistent
v2_rr_0010698,False,routine_legitimate,2011-11-21T03:05:49.506130483Z,consistent
v2_rr_0010699,False,routine_legitimate,2011-11-25T04:08:32.256619693Z,consistent
v2_rr_0010700,False,missing_evidence,2011-11-23T04:34:05.744799300Z,evidence_inconclusive
v2_rr_0010701,False,routine_legitimate,2011-11-22T04:50:55.758416002Z,consistent
v2_rr_0010702,False,verifier_unavailable,2011-11-22T06:59:00.799765800Z,verifier_unavailable
v2_rr_0010703,False,routine_legitimate,2011-11-22T08:27:29.248673229Z,consistent
v2_rr_0010704,False,routine_legitimate,2011-11-23T08:34:29.547870730Z,consistent
v2_rr_0010705,False,routine_legitimate,2011-11-26T09:37:33.707824377Z,evidence_inconclusive
v2_rr_0010706,False,routine_legitimate,2011-11-24T09:39:06.793097644Z,consistent
v2_rr_0010707,True,serial_false_claim,2011-11-26T10:54:56.509149446Z,inconsistent
v2_rr_0010708,False,routine_legitimate,2011-11-21T12:06:27.702287670Z,consistent
v2_rr_0010709,False,routine_legitimate,2011-11-20T12:13:26.371300926Z,consistent
v2_rr_0010710,False,routine_legitimate,2011-11-21T12:22:22.545521305Z,consistent
v2_rr_0010711,False,routine_legitimate,2011-11-22T17:08:58.678890547Z,consistent
v2_rr_0010712,False,routine_legitimate,2011-11-20T17:09:46.373621955Z,consistent
v2_rr_0010713,False,routine_legitimate,2011-11-22T18:41:13.933911733Z,consistent
v2_rr_0010714,False,routine_legitimate,2011-11-18T19:44:58.390774422Z,consistent
v2_rr_0010715,False,routine_legitimate,2011-11-18T20:27:59.914164838Z,consistent
v2_rr_0010716,False,genuine_product_defect_burst,2011-11-19T21:33:08.092464930Z,consistent
v2_rr_0010717,False,routine_legitimate,2011-11-23T21:51:36.143526363Z,consistent
v2_rr_0010718,True,repeated_claim_pattern,2011-11-18T23:55:50.742021687Z,inconsistent
v2_rr_0010719,False,high_value_loyal_customer,2011-11-24T00:19:34.775883760Z,consistent
v2_rr_0010720,False,routine_legitimate,2011-11-28T01:18:01.335110690Z,consistent
v2_rr_0010721,False,routine_legitimate,2011-11-20T01:18:30.057214041Z,consistent
v2_rr_0010722,False,routine_legitimate,2011-11-22T03:04:06.207160726Z,consistent
v2_rr_0010723,False,routine_legitimate,2011-11-20T03:33:10.817242132Z,consistent
v2_rr_0010724,False,first_time_refund,2011-11-27T03:57:50.479924215Z,consistent
v2_rr_0010725,False,routine_legitimate,2011-11-22T05:10:39.164623520Z,consistent
v2_rr_0010726,False,routine_legitimate,2011-11-24T05:34:08.433759712Z,consistent
v2_rr_0010727,False,routine_legitimate,2011-11-19T07:55:35.128232761Z,consistent
v2_rr_0010728,False,routine_legitimate,2011-11-25T12:41:57.402799227Z,consistent
v2_rr_0010729,False,cold_start_customer,2011-11-23T13:12:36.211147100Z,consistent
v2_rr_0010730,False,routine_legitimate,2011-11-21T13:42:39.956172680Z,consistent
v2_rr_0010731,False,unusual_legitimate_purchase,2011-11-27T14:16:28.864711730Z,consistent
v2_rr_0010732,False,routine_legitimate,2011-11-24T15:53:23.865328242Z,consistent
v2_rr_0010733,False,routine_legitimate,2011-11-19T20:47:32.532526369Z,evidence_inconclusive
v2_rr_0010734,False,missing_evidence,2011-11-23T21:40:05.992626582Z,evidence_inconclusive
v2_rr_0010735,False,verifier_unavailable,2011-11-22T22:09:24.693991396Z,verifier_unavailable
v2_rr_0010736,False,routine_legitimate,2011-11-26T22:26:35.597056172Z,inconsistent
v2_rr_0010737,False,routine_legitimate,2011-11-20T23:23:47.848079119Z,consistent
v2_rr_0010738,False,routine_legitimate,2011-11-20T23:59:59.189215730Z,consistent
v2_rr_0010739,False,routine_legitimate,2011-11-29T00:09:22.047524053Z,consistent
v2_rr_0010740,False,routine_legitimate,2011-11-24T00:40:27.208606712Z,inconsistent
v2_rr_0010741,False,routine_legitimate,2011-11-21T01:01:28.324093850Z,evidence_inconclusive
v2_rr_0010742,True,peer_deviation,2011-11-28T01:50:26.676646731Z,inconsistent
v2_rr_0010743,False,genuine_product_defect_burst,2011-11-26T02:21:57.581794395Z,consistent
v2_rr_0010744,False,routine_legitimate,2011-11-29T02:34:58.702769996Z,consistent
v2_rr_0010745,False,high_value_loyal_customer,2011-11-26T05:32:14.603714642Z,consistent
v2_rr_0010746,False,first_time_refund,2011-11-25T07:02:32.159872317Z,consistent
v2_rr_0010747,True,claim_timing,2011-11-22T07:18:23.042912574Z,consistent
v2_rr_0010748,False,routine_legitimate,2011-11-21T09:23:14.347112534Z,consistent
v2_rr_0010749,False,routine_legitimate,2011-11-20T09:25:25.710999614Z,consistent
v2_rr_0010750,False,routine_legitimate,2011-11-23T09:31:45.717963470Z,evidence_inconclusive
v2_rr_0010751,False,routine_legitimate,2011-11-27T09:58:50.317732512Z,consistent
v2_rr_0010752,False,cold_start_customer,2011-11-23T14:15:08.664433531Z,consistent
v2_rr_0010753,False,routine_legitimate,2011-11-23T15:53:54.331068907Z,consistent
v2_rr_0010754,False,routine_legitimate,2011-11-25T16:09:38.904276154Z,consistent
v2_rr_0010755,False,routine_legitimate,2011-11-22T17:17:20.651601751Z,consistent
v2_rr_0010756,False,routine_legitimate,2011-11-29T20:33:06.340904924Z,consistent
v2_rr_0010757,False,routine_legitimate,2011-11-25T21:02:44.035833681Z,consistent
v2_rr_0010758,False,routine_legitimate,2011-11-26T00:01:10.782614361Z,consistent
v2_rr_0010759,False,routine_legitimate,2011-11-23T00:28:42.757606594Z,consistent
v2_rr_0010760,False,unusual_legitimate_purchase,2011-11-29T00:39:05.513495979Z,consistent
v2_rr_0010761,False,routine_legitimate,2011-11-28T01:11:52.531928276Z,consistent
v2_rr_0010762,False,missing_evidence,2011-11-26T03:56:58.702017524Z,evidence_inconclusive
v2_rr_0010763,False,routine_legitimate,2011-11-28T04:34:17.515550176Z,consistent
v2_rr_0010764,False,routine_legitimate,2011-11-21T06:10:38.392502184Z,consistent
v2_rr_0010765,False,routine_legitimate,2011-11-22T06:21:58.562505151Z,consistent
v2_rr_0010766,False,routine_legitimate,2011-11-29T09:15:35.223051985Z,evidence_inconclusive
v2_rr_0010767,False,verifier_unavailable,2011-11-26T10:09:35.193477811Z,verifier_unavailable
v2_rr_0010768,False,routine_legitimate,2011-11-24T12:04:41.661141024Z,evidence_inconclusive
v2_rr_0010769,False,routine_legitimate,2011-11-29T12:50:17.003948445Z,consistent
v2_rr_0010770,False,routine_legitimate,2011-11-24T14:45:13.219943030Z,consistent
v2_rr_0010771,True,claim_reason_inconsistency,2011-11-24T17:11:42.529283525Z,inconsistent
v2_rr_0010772,False,genuine_product_defect_burst,2011-11-21T17:28:45.417163375Z,consistent
v2_rr_0010773,True,supporting_entity_pattern,2011-11-23T18:48:04.993174203Z,inconsistent
v2_rr_0010774,False,routine_legitimate,2011-11-29T18:54:29.898297568Z,consistent
v2_rr_0010775,False,routine_legitimate,2011-11-22T19:36:48.841149025Z,consistent
v2_rr_0010776,False,routine_legitimate,2011-11-29T20:21:43.063850775Z,consistent
v2_rr_0010777,False,high_value_loyal_customer,2011-11-25T22:23:25.420821878Z,consistent
v2_rr_0010778,False,first_time_refund,2011-11-28T22:25:10.226029970Z,consistent
v2_rr_0010779,False,routine_legitimate,2011-11-21T22:41:32.583573386Z,consistent
v2_rr_0010780,True,cross_category_escalation,2011-11-29T02:00:05.234001516Z,inconsistent
v2_rr_0010781,False,cold_start_customer,2011-11-23T05:14:42.608558604Z,consistent
v2_rr_0010782,False,routine_legitimate,2011-11-24T05:22:04.820863108Z,evidence_inconclusive
v2_rr_0010783,False,routine_legitimate,2011-11-26T06:32:46.448123241Z,consistent
v2_rr_0010784,False,routine_legitimate,2011-11-22T08:54:11.484763353Z,consistent
v2_rr_0010785,False,unusual_legitimate_purchase,2011-11-25T10:54:21.310188325Z,consistent
v2_rr_0010786,False,routine_legitimate,2011-11-28T12:49:28.171627786Z,consistent
v2_rr_0010787,False,routine_legitimate,2011-11-23T13:21:25.567555914Z,consistent
v2_rr_0010788,False,routine_legitimate,2011-11-27T14:53:56.707656416Z,consistent
v2_rr_0010789,False,missing_evidence,2011-11-29T15:46:12.359866928Z,evidence_inconclusive
v2_rr_0010790,False,routine_legitimate,2011-11-30T15:46:22.413180484Z,consistent
v2_rr_0010791,False,verifier_unavailable,2011-11-22T16:14:29.875977343Z,verifier_unavailable
v2_rr_0010792,False,routine_legitimate,2011-11-29T20:00:09.219445430Z,consistent
v2_rr_0010793,False,genuine_product_defect_burst,2011-11-26T20:22:20.428454119Z,consistent
v2_rr_0010794,False,routine_legitimate,2011-11-23T21:17:30.530200461Z,consistent
v2_rr_0010795,False,routine_legitimate,2011-12-01T22:20:52.071497658Z,consistent
v2_rr_0010796,False,routine_legitimate,2011-11-29T23:44:30.121503450Z,consistent
v2_rr_0010797,False,high_value_loyal_customer,2011-11-29T23:45:37.664919752Z,inconsistent
v2_rr_0010798,False,routine_legitimate,2011-11-24T00:18:18.962915517Z,consistent
v2_rr_0010799,False,routine_legitimate,2011-11-24T00:50:26.275667870Z,consistent
v2_rr_0010800,False,routine_legitimate,2011-12-02T01:04:35.792555875Z,inconsistent
v2_rr_0010801,False,routine_legitimate,2011-11-27T01:16:22.087570568Z,consistent
v2_rr_0010802,False,routine_legitimate,2011-11-24T04:30:00.600921795Z,consistent
v2_rr_0010803,False,routine_legitimate,2011-11-23T06:35:23.351754357Z,evidence_inconclusive
v2_rr_0010804,False,routine_legitimate,2011-11-26T08:24:11.383262085Z,consistent
v2_rr_0010805,False,first_time_refund,2011-11-29T08:46:47.353356199Z,consistent
v2_rr_0010806,False,routine_legitimate,2011-11-25T09:00:41.981692Z,consistent
v2_rr_0010807,False,routine_legitimate,2011-11-30T12:24:22.924199755Z,consistent
v2_rr_0010808,False,routine_legitimate,2011-11-29T14:22:41.155903022Z,consistent
v2_rr_0010809,True,evidence_inconsistency,2011-11-24T15:50:23.901120396Z,evidence_inconclusive
v2_rr_0010810,False,routine_legitimate,2011-11-23T22:02:21.610625486Z,consistent
v2_rr_0010811,False,routine_legitimate,2011-11-30T00:31:25.236379903Z,consistent
v2_rr_0010812,False,cold_start_customer,2011-12-02T01:10:43.583639443Z,consistent
v2_rr_0010813,False,unusual_legitimate_purchase,2011-12-02T01:32:16.840393418Z,consistent
v2_rr_0010814,False,routine_legitimate,2011-12-02T01:37:10.529862439Z,evidence_inconclusive
v2_rr_0010815,True,serial_false_claim,2011-12-01T02:41:13.429649257Z,consistent
v2_rr_0010816,False,routine_legitimate,2011-11-25T03:20:44.078346601Z,consistent
v2_rr_0010817,False,missing_evidence,2011-12-01T04:27:19.130143900Z,evidence_inconclusive
v2_rr_0010818,False,routine_legitimate,2011-11-25T06:33:56.809828844Z,consistent
v2_rr_0010819,False,routine_legitimate,2011-11-26T06:37:18.250507204Z,consistent
v2_rr_0010820,False,routine_legitimate,2011-11-30T07:58:40.941852052Z,consistent
v2_rr_0010821,False,routine_legitimate,2011-11-29T08:03:28.737656700Z,consistent
v2_rr_0010822,False,routine_legitimate,2011-11-27T08:06:15.284719702Z,consistent
v2_rr_0010823,False,routine_legitimate,2011-11-30T08:08:05.571708544Z,consistent
v2_rr_0010824,False,routine_legitimate,2011-12-01T08:39:09.041833980Z,consistent
v2_rr_0010825,False,routine_legitimate,2011-11-30T09:49:09.987552243Z,consistent
v2_rr_0010826,False,routine_legitimate,2011-11-27T10:57:59.554007020Z,consistent
v2_rr_0010827,True,repeated_claim_pattern,2011-12-03T11:04:44.875046530Z,inconsistent
v2_rr_0010828,False,routine_legitimate,2011-11-26T19:11:31.977704312Z,consistent
v2_rr_0010829,False,verifier_unavailable,2011-11-24T19:17:54.278298957Z,verifier_unavailable
v2_rr_0010830,False,routine_legitimate,2011-11-28T21:00:41.667398214Z,consistent
v2_rr_0010831,False,routine_legitimate,2011-11-26T21:22:08.186638371Z,consistent
v2_rr_0010832,False,routine_legitimate,2011-11-29T22:10:11.336398785Z,consistent
v2_rr_0010833,False,routine_legitimate,2011-11-24T22:14:10.941309807Z,consistent
v2_rr_0010834,False,routine_legitimate,2011-11-26T22:40:03.829198720Z,consistent
v2_rr_0010835,False,genuine_product_defect_burst,2011-11-27T23:00:47.612504671Z,consistent
v2_rr_0010836,False,routine_legitimate,2011-11-25T23:04:43.153851837Z,evidence_inconclusive
v2_rr_0010837,False,routine_legitimate,2011-11-30T01:27:38.664032540Z,consistent
v2_rr_0010838,False,routine_legitimate,2011-11-26T01:31:00.203241711Z,consistent
v2_rr_0010839,False,high_value_loyal_customer,2011-11-29T01:39:39.178678988Z,consistent
v2_rr_0010840,False,routine_legitimate,2011-11-29T05:45:06.279690057Z,consistent
v2_rr_0010841,False,first_time_refund,2011-12-02T06:30:06.289911903Z,consistent
v2_rr_0010842,False,routine_legitimate,2011-12-02T06:55:57.790481014Z,consistent
v2_rr_0010843,False,cold_start_customer,2011-12-01T07:52:58.511109346Z,consistent
v2_rr_0010844,False,routine_legitimate,2011-11-26T09:06:57.085625625Z,consistent
v2_rr_0010845,False,routine_legitimate,2011-11-29T10:12:53.007153476Z,consistent
v2_rr_0010846,False,routine_legitimate,2011-11-28T11:53:12.093773691Z,evidence_inconclusive
v2_rr_0010847,False,routine_legitimate,2011-12-01T14:05:48.003855817Z,consistent
v2_rr_0010848,False,routine_legitimate,2011-11-28T16:43:32.478504530Z,consistent
v2_rr_0010849,True,peer_deviation,2011-11-27T21:38:00.486163190Z,consistent
v2_rr_0010850,False,unusual_legitimate_purchase,2011-11-27T22:13:54.736379086Z,consistent
v2_rr_0010851,False,routine_legitimate,2011-12-05T02:27:43.621432065Z,consistent
v2_rr_0010852,False,routine_legitimate,2011-11-26T04:52:33.876821646Z,consistent
v2_rr_0010853,False,missing_evidence,2011-12-01T07:48:01.348618152Z,evidence_inconclusive
v2_rr_0010854,False,routine_legitimate,2011-12-02T09:22:00.151016040Z,evidence_inconclusive
v2_rr_0010855,False,routine_legitimate,2011-11-30T09:49:08.803544199Z,consistent
v2_rr_0010856,True,claim_timing,2011-12-01T10:56:03.766691469Z,inconsistent
v2_rr_0010857,False,routine_legitimate,2011-12-03T11:24:24.584283234Z,consistent
v2_rr_0010858,True,claim_reason_inconsistency,2011-11-27T11:25:44.411333756Z,inconsistent
v2_rr_0010859,False,routine_legitimate,2011-11-27T13:10:53.441701911Z,consistent
v2_rr_0010860,True,supporting_entity_pattern,2011-12-05T13:23:46.210017588Z,evidence_inconclusive
v2_rr_0010861,False,verifier_unavailable,2011-11-26T18:14:48.516446118Z,verifier_unavailable
v2_rr_0010862,False,genuine_product_defect_burst,2011-11-29T19:12:16.811006150Z,consistent
v2_rr_0010863,False,routine_legitimate,2011-12-01T19:19:28.922029165Z,consistent
v2_rr_0010864,False,high_value_loyal_customer,2011-12-03T19:37:01.583342014Z,consistent
v2_rr_0010865,True,cross_category_escalation,2011-12-01T20:02:29.115429547Z,inconsistent
v2_rr_0010866,False,routine_legitimate,2011-12-03T21:26:22.413339043Z,consistent
v2_rr_0010867,False,first_time_refund,2011-12-04T22:29:52.145913410Z,consistent
v2_rr_0010868,False,cold_start_customer,2011-12-01T23:50:53.185099201Z,consistent
v2_rr_0010869,True,evidence_inconsistency,2011-12-03T04:15:31.814365414Z,inconsistent
v2_rr_0010870,False,routine_legitimate,2011-12-04T05:21:25.087957179Z,consistent
v2_rr_0010871,False,unusual_legitimate_purchase,2011-11-30T06:09:24.717375268Z,consistent
v2_rr_0010872,False,routine_legitimate,2011-11-28T07:50:58.960225161Z,consistent
v2_rr_0010873,False,routine_legitimate,2011-12-06T14:06:54.237685946Z,consistent
v2_rr_0010874,False,routine_legitimate,2011-11-27T15:05:00.509796499Z,consistent
v2_rr_0010875,False,routine_legitimate,2011-11-28T15:05:40.455310602Z,consistent
v2_rr_0010876,False,missing_evidence,2011-12-04T15:34:18.903163826Z,evidence_inconclusive
v2_rr_0010877,False,verifier_unavailable,2011-11-29T16:55:17.717435102Z,verifier_unavailable
v2_rr_0010878,True,serial_false_claim,2011-11-28T17:31:24.808044564Z,consistent
v2_rr_0010879,False,routine_legitimate,2011-12-04T18:46:08.823071852Z,consistent
v2_rr_0010880,False,routine_legitimate,2011-11-28T19:09:13.267075244Z,consistent
v2_rr_0010881,False,routine_legitimate,2011-12-01T21:33:49.388532194Z,consistent
v2_rr_0010882,False,routine_legitimate,2011-12-04T21:42:31.353384267Z,consistent
v2_rr_0010883,True,repeated_claim_pattern,2011-12-05T22:48:57.931246532Z,inconsistent
v2_rr_0010884,False,routine_legitimate,2011-12-03T00:37:59.173817114Z,consistent
v2_rr_0010885,False,routine_legitimate,2011-12-07T00:54:14.531522043Z,consistent
v2_rr_0010886,False,routine_legitimate,2011-12-07T01:49:52.681459188Z,consistent
v2_rr_0010887,True,peer_deviation,2011-11-28T02:44:33.406716404Z,inconsistent
v2_rr_0010888,False,routine_legitimate,2011-12-05T03:20:12.700376138Z,consistent
v2_rr_0010889,False,routine_legitimate,2011-12-05T04:04:24.919904769Z,consistent
v2_rr_0010890,False,routine_legitimate,2011-11-29T06:49:33.545847831Z,consistent
v2_rr_0010891,False,routine_legitimate,2011-11-30T07:39:55.910500502Z,consistent
v2_rr_0010892,True,claim_timing,2011-12-04T07:55:09.082857556Z,inconsistent
v2_rr_0010893,False,genuine_product_defect_burst,2011-12-03T08:59:28.564984700Z,consistent
v2_rr_0010894,False,routine_legitimate,2011-12-05T09:43:49.373680992Z,consistent
v2_rr_0010895,False,high_value_loyal_customer,2011-12-05T12:23:25.431981932Z,consistent
v2_rr_0010896,False,routine_legitimate,2011-12-04T12:59:15.166255969Z,consistent
v2_rr_0010897,False,first_time_refund,2011-11-28T13:16:49.171679452Z,consistent
v2_rr_0010898,False,routine_legitimate,2011-12-04T13:30:23.199144674Z,consistent
v2_rr_0010899,False,cold_start_customer,2011-12-03T15:30:26.106189760Z,consistent
v2_rr_0010900,False,routine_legitimate,2011-12-07T16:21:49.106288784Z,consistent
v2_rr_0010901,False,unusual_legitimate_purchase,2011-12-01T16:51:50.125254483Z,consistent
v2_rr_0010902,False,routine_legitimate,2011-11-29T17:05:05.407523538Z,consistent
v2_rr_0010903,False,routine_legitimate,2011-11-28T18:42:56.646219742Z,consistent
v2_rr_0010904,False,routine_legitimate,2011-12-04T19:35:06.386719968Z,consistent
v2_rr_0010905,False,routine_legitimate,2011-11-28T20:03:52.964198732Z,consistent
v2_rr_0010906,False,routine_legitimate,2011-12-06T21:26:28.515264091Z,consistent
v2_rr_0010907,False,missing_evidence,2011-12-01T21:40:28.648560619Z,evidence_inconclusive
v2_rr_0010908,False,routine_legitimate,2011-12-02T22:13:20.015948959Z,consistent
v2_rr_0010909,False,routine_legitimate,2011-11-30T00:51:48.947995867Z,evidence_inconclusive
v2_rr_0010910,False,routine_legitimate,2011-12-07T02:13:32.324733097Z,consistent
v2_rr_0010911,False,routine_legitimate,2011-12-06T03:45:49.956076072Z,consistent
v2_rr_0010912,False,routine_legitimate,2011-11-29T05:09:40.545091910Z,consistent
v2_rr_0010913,False,verifier_unavailable,2011-12-05T10:04:56.911284117Z,verifier_unavailable
v2_rr_0010914,False,routine_legitimate,2011-12-04T11:13:55.505778895Z,consistent
v2_rr_0010915,False,routine_legitimate,2011-12-03T12:25:24.227483694Z,consistent
v2_rr_0010916,False,routine_legitimate,2011-12-06T12:54:58.918095375Z,consistent
v2_rr_0010917,False,routine_legitimate,2011-12-06T14:27:44.422740619Z,inconsistent
v2_rr_0010918,True,claim_reason_inconsistency,2011-12-02T14:57:29.462439937Z,inconsistent
v2_rr_0010919,False,routine_legitimate,2011-12-05T16:49:59.149586791Z,evidence_inconclusive
v2_rr_0010920,False,routine_legitimate,2011-12-07T18:15:18.509659410Z,consistent
v2_rr_0010921,True,supporting_entity_pattern,2011-12-02T18:56:49.535663624Z,inconsistent
v2_rr_0010922,False,genuine_product_defect_burst,2011-12-07T19:21:34.997081290Z,consistent
v2_rr_0010923,False,routine_legitimate,2011-12-08T20:15:31.003633080Z,consistent
v2_rr_0010924,False,routine_legitimate,2011-12-01T21:14:46.285837538Z,consistent
v2_rr_0010925,False,routine_legitimate,2011-11-30T21:48:28.140716962Z,consistent
v2_rr_0010926,True,cross_category_escalation,2011-12-03T22:04:48.501693880Z,evidence_inconclusive
v2_rr_0010927,False,routine_legitimate,2011-12-01T23:43:57.320508873Z,evidence_inconclusive
v2_rr_0010928,False,routine_legitimate,2011-12-07T00:24:07.907701404Z,consistent
v2_rr_0010929,False,routine_legitimate,2011-12-04T00:52:33.720253323Z,consistent
v2_rr_0010930,False,high_value_loyal_customer,2011-12-02T01:32:07.576453107Z,consistent
v2_rr_0010931,False,routine_legitimate,2011-12-01T01:33:34.439342772Z,consistent
v2_rr_0010932,False,routine_legitimate,2011-12-05T04:11:34.060353472Z,consistent
v2_rr_0010933,False,routine_legitimate,2011-12-03T04:24:07.735330113Z,consistent
v2_rr_0010934,False,first_time_refund,2011-12-01T04:33:41.659421252Z,consistent
v2_rr_0010935,False,cold_start_customer,2011-11-30T05:34:43.993167458Z,consistent
v2_rr_0010936,False,routine_legitimate,2011-12-04T06:20:54.668610757Z,consistent
v2_rr_0010937,False,routine_legitimate,2011-12-06T06:24:07.190541919Z,consistent
v2_rr_0010938,False,routine_legitimate,2011-11-30T06:48:40.344969259Z,consistent
v2_rr_0010939,False,routine_legitimate,2011-12-06T09:39:46.880253720Z,consistent
v2_rr_0010940,False,routine_legitimate,2011-12-05T10:04:55.147014734Z,evidence_inconclusive
v2_rr_0010941,False,routine_legitimate,2011-12-03T12:10:41.826470401Z,consistent
v2_rr_0010942,False,routine_legitimate,2011-12-07T12:54:46.151791531Z,consistent
v2_rr_0010943,False,routine_legitimate,2011-12-08T13:05:01.820549014Z,evidence_inconclusive
v2_rr_0010944,False,routine_legitimate,2011-12-01T15:40:18.254943457Z,consistent
v2_rr_0010945,False,unusual_legitimate_purchase,2011-12-09T16:10:13.441125464Z,consistent
v2_rr_0010946,False,missing_evidence,2011-12-06T16:58:08.837750922Z,evidence_inconclusive
v2_rr_0010947,False,verifier_unavailable,2011-12-07T19:35:19.894232065Z,verifier_unavailable
v2_rr_0010948,False,routine_legitimate,2011-11-30T19:58:01.997298495Z,consistent
v2_rr_0010949,True,evidence_inconsistency,2011-12-09T20:17:05.994294043Z,evidence_inconclusive
v2_rr_0010950,False,routine_legitimate,2011-12-01T21:12:20.034922688Z,consistent
v2_rr_0010951,False,routine_legitimate,2011-12-07T21:20:51.452196184Z,consistent
v2_rr_0010952,False,genuine_product_defect_burst,2011-12-08T22:10:34.422069340Z,consistent
v2_rr_0010953,False,routine_legitimate,2011-12-02T22:48:47.003741103Z,consistent
v2_rr_0010954,False,routine_legitimate,2011-11-30T23:49:09.915166382Z,consistent
v2_rr_0010955,False,routine_legitimate,2011-12-02T00:32:51.874873546Z,consistent
v2_rr_0010956,False,routine_legitimate,2011-12-07T00:45:52.175867655Z,consistent
v2_rr_0010957,False,routine_legitimate,2011-12-07T01:49:47.337838647Z,consistent
v2_rr_0010958,False,routine_legitimate,2011-12-01T02:34:19.167105471Z,consistent
v2_rr_0010959,False,routine_legitimate,2011-12-05T04:02:55.747755933Z,inconsistent
v2_rr_0010960,False,routine_legitimate,2011-12-03T05:34:34.919410791Z,evidence_inconclusive
v2_rr_0010961,False,high_value_loyal_customer,2011-12-01T06:27:28.198105725Z,inconsistent
v2_rr_0010962,False,routine_legitimate,2011-12-07T07:36:20.942282337Z,consistent
v2_rr_0010963,False,routine_legitimate,2011-12-04T08:56:24.889855809Z,consistent
v2_rr_0010964,False,routine_legitimate,2011-12-07T09:20:40.688602458Z,consistent
v2_rr_0010965,False,routine_legitimate,2011-12-09T09:20:52.547966721Z,inconsistent
v2_rr_0010966,False,routine_legitimate,2011-12-05T10:02:16.629886646Z,consistent
v2_rr_0010967,False,routine_legitimate,2011-12-03T11:52:56.425987654Z,consistent
v2_rr_0010968,False,routine_legitimate,2011-12-04T11:55:54.459306306Z,consistent
v2_rr_0010969,False,first_time_refund,2011-12-05T14:30:47.852868178Z,consistent
v2_rr_0010970,True,serial_false_claim,2011-12-01T14:51:17.749680884Z,consistent
v2_rr_0010971,False,routine_legitimate,2011-12-03T15:41:04.946084290Z,consistent
v2_rr_0010972,False,routine_legitimate,2011-12-06T15:51:50.381803100Z,consistent
v2_rr_0010973,False,routine_legitimate,2011-12-03T17:16:08.699885247Z,consistent
v2_rr_0010974,True,repeated_claim_pattern,2011-12-08T17:22:35.162781036Z,consistent
v2_rr_0010975,False,routine_legitimate,2011-12-04T17:37:01.897714693Z,consistent
v2_rr_0010976,False,routine_legitimate,2011-12-10T17:53:06.591867626Z,consistent
v2_rr_0010977,False,cold_start_customer,2011-12-02T18:14:44.220340398Z,consistent
v2_rr_0010978,False,routine_legitimate,2011-12-08T19:32:30.862072623Z,consistent
v2_rr_0010979,False,routine_legitimate,2011-12-05T19:56:33.215363185Z,consistent
v2_rr_0010980,False,unusual_legitimate_purchase,2011-12-07T20:29:05.322317253Z,consistent
v2_rr_0010981,False,routine_legitimate,2011-12-08T20:53:04.127163796Z,consistent
v2_rr_0010982,False,routine_legitimate,2011-12-07T21:38:23.617949847Z,consistent
v2_rr_0010983,False,routine_legitimate,2011-12-09T22:12:58.190210498Z,consistent
v2_rr_0010984,False,routine_legitimate,2011-12-10T22:17:27.237243708Z,consistent
v2_rr_0010985,False,routine_legitimate,2011-12-07T01:32:10.362240655Z,consistent
v2_rr_0010986,False,routine_legitimate,2011-12-09T02:16:28.617216464Z,consistent
v2_rr_0010987,False,missing_evidence,2011-12-10T02:57:41.785316447Z,evidence_inconclusive
v2_rr_0010988,False,verifier_unavailable,2011-12-09T03:11:53.501156985Z,verifier_unavailable
v2_rr_0010989,False,routine_legitimate,2011-12-05T03:39:08.838656112Z,consistent
v2_rr_0010990,False,routine_legitimate,2011-12-08T04:28:31.470839826Z,consistent
v2_rr_0010991,False,routine_legitimate,2011-12-08T04:33:01.635902398Z,consistent
v2_rr_0010992,False,routine_legitimate,2011-12-07T08:50:02.668365674Z,evidence_inconclusive
v2_rr_0010993,False,routine_legitimate,2011-12-03T11:08:34.654876386Z,consistent
v2_rr_0010994,False,routine_legitimate,2011-12-05T13:13:11.366607613Z,evidence_inconclusive
v2_rr_0010995,False,genuine_product_defect_burst,2011-12-09T14:04:25.925625572Z,consistent
v2_rr_0010996,False,routine_legitimate,2011-12-05T14:07:21.298775792Z,consistent
v2_rr_0010997,False,routine_legitimate,2011-12-03T15:11:05.207317470Z,consistent
v2_rr_0010998,False,routine_legitimate,2011-12-06T15:24:43.825720015Z,evidence_inconclusive
v2_rr_0010999,True,peer_deviation,2011-12-07T16:03:59.113819578Z,evidence_inconclusive
v2_rr_0011000,False,routine_legitimate,2011-12-02T16:58:39.767579433Z,consistent
v2_rr_0011001,False,high_value_loyal_customer,2011-12-06T18:27:33.147214304Z,evidence_inconclusive
v2_rr_0011002,False,routine_legitimate,2011-12-03T19:48:56.841976453Z,consistent
v2_rr_0011003,False,routine_legitimate,2011-12-09T20:48:59.831258091Z,consistent
v2_rr_0011004,False,routine_legitimate,2011-12-10T20:59:02.857456777Z,evidence_inconclusive
v2_rr_0011005,False,first_time_refund,2011-12-05T21:03:46.673471820Z,consistent
v2_rr_0011006,False,routine_legitimate,2011-12-03T22:08:49.313853690Z,consistent
v2_rr_0011007,False,cold_start_customer,2011-12-11T22:13:06.408131160Z,consistent
v2_rr_0011008,False,routine_legitimate,2011-12-02T22:17:20.130249025Z,consistent
v2_rr_0011009,False,routine_legitimate,2011-12-05T23:01:25.518401463Z,consistent
v2_rr_0011010,False,routine_legitimate,2011-12-04T23:22:07.949388793Z,consistent
v2_rr_0011011,False,routine_legitimate,2011-12-08T00:06:43.821400807Z,inconsistent
v2_rr_0011012,False,routine_legitimate,2011-12-05T01:10:17.407696083Z,consistent
v2_rr_0011013,False,unusual_legitimate_purchase,2011-12-09T02:17:21.249860024Z,consistent
v2_rr_0011014,False,routine_legitimate,2011-12-05T05:21:44.049211263Z,consistent
v2_rr_0011015,True,claim_timing,2011-12-07T05:49:42.458508564Z,inconsistent
v2_rr_0011016,False,routine_legitimate,2011-12-05T07:17:40.213344162Z,consistent
v2_rr_0011017,False,routine_legitimate,2011-12-05T07:37:46.164056625Z,consistent
v2_rr_0011018,False,routine_legitimate,2011-12-12T09:11:12.183609660Z,evidence_inconclusive
v2_rr_0011019,False,routine_legitimate,2011-12-09T10:26:08.771840317Z,consistent
v2_rr_0011020,False,routine_legitimate,2011-12-04T12:27:23.050774556Z,consistent
v2_rr_0011021,False,routine_legitimate,2011-12-09T12:32:25.059815596Z,consistent
v2_rr_0011022,False,missing_evidence,2011-12-10T12:38:37.719385486Z,evidence_inconclusive
v2_rr_0011023,False,routine_legitimate,2011-12-11T13:25:52.795363958Z,consistent
v2_rr_0011024,False,routine_legitimate,2011-12-03T14:38:19.859942714Z,consistent
v2_rr_0011025,False,routine_legitimate,2011-12-12T15:24:08.151563838Z,consistent
v2_rr_0011026,False,routine_legitimate,2011-12-09T16:33:27.021104281Z,consistent
v2_rr_0011027,False,routine_legitimate,2011-12-04T16:50:46.917882552Z,consistent
v2_rr_0011028,False,routine_legitimate,2011-12-04T17:33:01.311856143Z,consistent
v2_rr_0011029,False,routine_legitimate,2011-12-07T19:43:12.973230585Z,consistent
v2_rr_0011030,False,verifier_unavailable,2011-12-03T21:19:24.071937188Z,verifier_unavailable
v2_rr_0011031,False,routine_legitimate,2011-12-03T21:23:37.365812462Z,consistent
v2_rr_0011032,False,routine_legitimate,2011-12-06T23:28:56.432850184Z,consistent
v2_rr_0011033,False,genuine_product_defect_burst,2011-12-11T01:53:30.040695859Z,consistent
v2_rr_0011034,False,routine_legitimate,2011-12-04T02:24:02.877040568Z,consistent
v2_rr_0011035,False,high_value_loyal_customer,2011-12-07T03:00:14.864528235Z,consistent
v2_rr_0011036,False,first_time_refund,2011-12-09T05:20:18.806019888Z,consistent
v2_rr_0011037,False,routine_legitimate,2011-12-11T05:39:06.341086340Z,evidence_inconclusive
v2_rr_0011038,False,routine_legitimate,2011-12-06T06:40:41.962163632Z,consistent
v2_rr_0011039,False,routine_legitimate,2011-12-13T06:46:34.350981987Z,consistent
v2_rr_0011040,False,routine_legitimate,2011-12-05T09:58:55.997609038Z,consistent
v2_rr_0011041,False,routine_legitimate,2011-12-04T10:16:40.294391574Z,consistent
v2_rr_0011042,False,routine_legitimate,2011-12-06T11:25:16.538057689Z,consistent
v2_rr_0011043,False,routine_legitimate,2011-12-09T12:47:23.157737646Z,consistent
v2_rr_0011044,False,routine_legitimate,2011-12-07T13:06:28.253416010Z,consistent
v2_rr_0011045,False,routine_legitimate,2011-12-12T13:26:17.732632870Z,inconsistent
v2_rr_0011046,False,routine_legitimate,2011-12-04T13:35:00.358152498Z,evidence_inconclusive
v2_rr_0011047,False,routine_legitimate,2011-12-08T14:21:41.019506014Z,consistent
v2_rr_0011048,True,claim_reason_inconsistency,2011-12-10T14:43:29.120495706Z,inconsistent
v2_rr_0011049,False,routine_legitimate,2011-12-04T17:38:53.874559422Z,consistent
v2_rr_0011050,False,routine_legitimate,2011-12-04T18:09:25.072299486Z,consistent
v2_rr_0011051,False,routine_legitimate,2011-12-09T19:10:28.385161363Z,consistent
v2_rr_0011052,False,routine_legitimate,2011-12-06T19:57:29.682568095Z,evidence_inconclusive
v2_rr_0011053,False,routine_legitimate,2011-12-13T20:24:39.217564893Z,consistent
v2_rr_0011054,False,routine_legitimate,2011-12-04T21:40:02.670848497Z,consistent
v2_rr_0011055,False,routine_legitimate,2011-12-12T22:51:00.281818418Z,consistent
v2_rr_0011056,False,cold_start_customer,2011-12-08T23:03:49.879161634Z,consistent
v2_rr_0011057,False,routine_legitimate,2011-12-04T23:10:52.279157510Z,consistent
v2_rr_0011058,False,routine_legitimate,2011-12-09T00:25:45.856244007Z,consistent
v2_rr_0011059,False,routine_legitimate,2011-12-11T02:04:17.236950813Z,consistent
v2_rr_0011060,False,routine_legitimate,2011-12-06T03:16:58.510831906Z,consistent
v2_rr_0011061,False,unusual_legitimate_purchase,2011-12-11T04:11:27.953089410Z,consistent
v2_rr_0011062,False,routine_legitimate,2011-12-14T07:22:29.506066394Z,consistent
v2_rr_0011063,False,routine_legitimate,2011-12-06T07:43:19.495148332Z,consistent
v2_rr_0011064,False,missing_evidence,2011-12-05T08:59:30.393503050Z,evidence_inconclusive
v2_rr_0011065,False,routine_legitimate,2011-12-06T10:53:10.115579486Z,consistent
v2_rr_0011066,False,verifier_unavailable,2011-12-10T13:12:15.714005492Z,verifier_unavailable
v2_rr_0011067,False,genuine_product_defect_burst,2011-12-09T13:13:17.825450198Z,consistent
v2_rr_0011068,False,routine_legitimate,2011-12-07T13:43:24.393256796Z,consistent
v2_rr_0011069,False,routine_legitimate,2011-12-06T14:26:02.409116168Z,consistent
v2_rr_0011070,False,routine_legitimate,2011-12-05T14:27:57.460965490Z,consistent
v2_rr_0011071,False,routine_legitimate,2011-12-09T14:40:52.841681680Z,evidence_inconclusive
v2_rr_0011072,False,high_value_loyal_customer,2011-12-12T16:03:53.176577995Z,consistent
v2_rr_0011073,False,routine_legitimate,2011-12-11T16:03:59.700904104Z,consistent
v2_rr_0011074,False,routine_legitimate,2011-12-12T17:22:02.282197590Z,consistent
v2_rr_0011075,False,routine_legitimate,2011-12-09T17:54:23.671505719Z,consistent
v2_rr_0011076,True,supporting_entity_pattern,2011-12-09T19:55:54.836420335Z,inconsistent
v2_rr_0011077,False,first_time_refund,2011-12-07T20:30:08.720635410Z,evidence_inconclusive
v2_rr_0011078,False,routine_legitimate,2011-12-05T20:49:08.047392541Z,evidence_inconclusive
v2_rr_0011079,False,routine_legitimate,2011-12-07T21:25:30.795343308Z,consistent
v2_rr_0011080,False,routine_legitimate,2011-12-10T21:45:50.294812442Z,consistent
v2_rr_0011081,False,routine_legitimate,2011-12-06T22:12:26.914220704Z,consistent
v2_rr_0011082,False,routine_legitimate,2011-12-06T22:55:08.482396168Z,consistent
v2_rr_0011083,False,routine_legitimate,2011-12-09T23:12:12.465476871Z,consistent
v2_rr_0011084,False,routine_legitimate,2011-12-14T23:15:54.239915502Z,consistent
v2_rr_0011085,False,routine_legitimate,2011-12-12T00:20:57.185767888Z,consistent
v2_rr_0011086,False,routine_legitimate,2011-12-10T00:54:26.243504931Z,consistent
v2_rr_0011087,False,cold_start_customer,2011-12-15T01:16:41.737180795Z,consistent
v2_rr_0011088,False,routine_legitimate,2011-12-15T03:21:27.804830979Z,consistent
v2_rr_0011089,False,routine_legitimate,2011-12-14T04:28:13.793552517Z,consistent
v2_rr_0011090,True,cross_category_escalation,2011-12-13T05:00:34.471790239Z,inconsistent
v2_rr_0011091,False,routine_legitimate,2011-12-08T05:13:29.845585664Z,consistent
v2_rr_0011092,False,unusual_legitimate_purchase,2011-12-15T06:01:46.138353194Z,consistent
v2_rr_0011093,False,routine_legitimate,2011-12-12T06:33:29.750978485Z,consistent
v2_rr_0011094,False,routine_legitimate,2011-12-06T08:05:06.467380893Z,consistent
v2_rr_0011095,False,missing_evidence,2011-12-12T08:41:21.462862030Z,evidence_inconclusive
v2_rr_0011096,True,evidence_inconsistency,2011-12-09T08:46:56.621614489Z,inconsistent
v2_rr_0011097,False,verifier_unavailable,2011-12-06T09:17:45.591932280Z,verifier_unavailable
v2_rr_0011098,False,genuine_product_defect_burst,2011-12-09T09:58:44.298428478Z,consistent
v2_rr_0011099,False,routine_legitimate,2011-12-09T11:04:26.823758258Z,consistent
v2_rr_0011100,True,serial_false_claim,2011-12-09T12:32:28.914173420Z,inconsistent
v2_rr_0011101,False,routine_legitimate,2011-12-09T12:32:30.999427905Z,consistent
v2_rr_0011102,False,routine_legitimate,2011-12-12T15:47:14.807402174Z,consistent
v2_rr_0011103,False,routine_legitimate,2011-12-13T16:59:09.868322806Z,consistent
v2_rr_0011104,False,routine_legitimate,2011-12-11T17:03:23.871947710Z,consistent
v2_rr_0011105,False,routine_legitimate,2011-12-10T17:34:38.068890956Z,consistent
v2_rr_0011106,False,high_value_loyal_customer,2011-12-13T17:47:00.333141194Z,consistent
v2_rr_0011107,True,repeated_claim_pattern,2011-12-11T18:00:16.470745208Z,evidence_inconclusive
v2_rr_0011108,False,routine_legitimate,2011-12-12T19:43:49.854565842Z,consistent
v2_rr_0011109,False,routine_legitimate,2011-12-08T20:08:07.029410271Z,consistent
v2_rr_0011110,False,routine_legitimate,2011-12-07T20:23:19.407236425Z,consistent
v2_rr_0011111,False,routine_legitimate,2011-12-08T20:54:09.574302045Z,consistent
v2_rr_0011112,False,routine_legitimate,2011-12-06T21:03:37.518762004Z,consistent
v2_rr_0011113,False,routine_legitimate,2011-12-11T22:32:23.066502284Z,consistent
v2_rr_0011114,False,routine_legitimate,2011-12-11T22:40:59.777127552Z,consistent
v2_rr_0011115,False,routine_legitimate,2011-12-11T00:57:34.385608484Z,consistent
v2_rr_0011116,False,first_time_refund,2011-12-13T01:24:18.466256472Z,consistent
v2_rr_0011117,False,cold_start_customer,2011-12-09T02:16:08.289445978Z,consistent
v2_rr_0011118,False,routine_legitimate,2011-12-10T02:22:40.005560681Z,consistent
v2_rr_0011119,False,routine_legitimate,2011-12-15T02:40:40.280039338Z,consistent
v2_rr_0011120,False,routine_legitimate,2011-12-07T05:39:03.886168092Z,consistent
v2_rr_0011121,True,peer_deviation,2011-12-13T06:05:38.317246850Z,inconsistent
v2_rr_0011122,False,routine_legitimate,2011-12-07T07:40:55.428073Z,consistent
v2_rr_0011123,False,unusual_legitimate_purchase,2011-12-08T09:23:19.920477498Z,consistent
v2_rr_0011124,False,routine_legitimate,2011-12-11T12:04:13.415617507Z,consistent
v2_rr_0011125,False,routine_legitimate,2011-12-09T12:23:55.864925688Z,consistent
v2_rr_0011126,False,routine_legitimate,2011-12-11T12:43:24.135889076Z,consistent
v2_rr_0011127,False,missing_evidence,2011-12-09T15:49:59.303493008Z,evidence_inconclusive
v2_rr_0011128,False,routine_legitimate,2011-12-14T15:55:25.045768088Z,consistent
v2_rr_0011129,False,verifier_unavailable,2011-12-16T16:07:33.222243907Z,verifier_unavailable
v2_rr_0011130,False,routine_legitimate,2011-12-09T16:20:20.678353820Z,consistent
v2_rr_0011131,False,genuine_product_defect_burst,2011-12-07T16:48:24.318908985Z,consistent
v2_rr_0011132,False,routine_legitimate,2011-12-13T18:21:25.868020116Z,consistent
v2_rr_0011133,False,routine_legitimate,2011-12-16T20:02:23.091509725Z,consistent
v2_rr_0011134,False,routine_legitimate,2011-12-12T20:50:34.077295917Z,inconsistent
v2_rr_0011135,False,routine_legitimate,2011-12-12T22:20:49.736350928Z,consistent
v2_rr_0011136,False,high_value_loyal_customer,2011-12-13T22:57:28.663665558Z,consistent
v2_rr_0011137,False,routine_legitimate,2011-12-15T23:49:03.232360375Z,consistent
v2_rr_0011138,False,routine_legitimate,2011-12-13T00:42:34.925118038Z,consistent
v2_rr_0011139,False,routine_legitimate,2011-12-14T02:27:13.349010051Z,consistent
v2_rr_0011140,True,claim_timing,2011-12-11T02:47:54.351478491Z,inconsistent
v2_rr_0011141,False,routine_legitimate,2011-12-17T03:39:39.232788139Z,consistent
v2_rr_0011142,True,claim_reason_inconsistency,2011-12-14T04:29:21.892053906Z,inconsistent
v2_rr_0011143,False,routine_legitimate,2011-12-13T05:50:10.728178058Z,inconsistent
v2_rr_0011144,False,routine_legitimate,2011-12-10T06:53:21.245670370Z,consistent
v2_rr_0011145,False,routine_legitimate,2011-12-17T07:35:42.826514451Z,consistent
v2_rr_0011146,False,routine_legitimate,2011-12-15T08:51:41.571412588Z,consistent
v2_rr_0011147,False,routine_legitimate,2011-12-12T09:12:59.618054439Z,consistent
v2_rr_0011148,False,first_time_refund,2011-12-08T09:52:14.983152202Z,consistent
v2_rr_0011149,False,routine_legitimate,2011-12-10T10:11:49.779510382Z,consistent
v2_rr_0011150,False,routine_legitimate,2011-12-11T10:24:41.845577488Z,consistent
v2_rr_0011151,False,routine_legitimate,2011-12-15T10:54:03.597329229Z,evidence_inconclusive
v2_rr_0011152,False,cold_start_customer,2011-12-12T12:11:25.131213794Z,consistent
v2_rr_0011153,False,unusual_legitimate_purchase,2011-12-14T16:33:46.590128645Z,consistent
v2_rr_0011154,True,supporting_entity_pattern,2011-12-10T17:26:03.691854218Z,evidence_inconclusive
v2_rr_0011155,False,routine_legitimate,2011-12-17T17:54:03.146040880Z,consistent
v2_rr_0011156,False,routine_legitimate,2011-12-13T19:18:46.075181235Z,consistent
v2_rr_0011157,False,routine_legitimate,2011-12-12T20:15:02.565776956Z,evidence_inconclusive
v2_rr_0011158,False,routine_legitimate,2011-12-16T21:15:37.898036889Z,consistent
v2_rr_0011159,True,cross_category_escalation,2011-12-11T22:29:16.777852062Z,consistent
v2_rr_0011160,False,missing_evidence,2011-12-17T02:09:20.193471890Z,evidence_inconclusive
v2_rr_0011161,False,verifier_unavailable,2011-12-17T03:12:02.385534402Z,verifier_unavailable
v2_rr_0011162,False,routine_legitimate,2011-12-17T04:53:24.819174960Z,consistent
v2_rr_0011163,False,routine_legitimate,2011-12-13T04:53:48.269940188Z,consistent
v2_rr_0011164,False,routine_legitimate,2011-12-18T05:11:07.784361009Z,consistent
v2_rr_0011165,False,genuine_product_defect_burst,2011-12-14T05:19:43.112063847Z,consistent
v2_rr_0011166,False,routine_legitimate,2011-12-15T07:38:40.877962395Z,evidence_inconclusive
v2_rr_0011167,True,evidence_inconsistency,2011-12-10T07:41:30.675693333Z,inconsistent
v2_rr_0011168,False,routine_legitimate,2011-12-11T08:05:45.826128578Z,consistent
v2_rr_0011169,False,routine_legitimate,2011-12-17T08:11:51.113192583Z,inconsistent
v2_rr_0011170,False,high_value_loyal_customer,2011-12-09T08:40:09.383922837Z,consistent
v2_rr_0011171,False,first_time_refund,2011-12-13T09:44:34.995480706Z,consistent
v2_rr_0011172,False,routine_legitimate,2011-12-17T10:26:11.557724099Z,consistent
v2_rr_0011173,False,routine_legitimate,2011-12-18T19:08:29.524979936Z,consistent
v2_rr_0011174,False,routine_legitimate,2011-12-09T19:54:52.980139676Z,evidence_inconclusive
v2_rr_0011175,False,cold_start_customer,2011-12-10T20:01:24.952423740Z,evidence_inconclusive
v2_rr_0011176,False,unusual_legitimate_purchase,2011-12-10T20:35:54.714007497Z,consistent
v2_rr_0011177,False,missing_evidence,2011-12-09T21:03:46.313526387Z,evidence_inconclusive
v2_rr_0011178,False,routine_legitimate,2011-12-18T21:04:46.397331361Z,consistent
v2_rr_0011179,False,verifier_unavailable,2011-12-09T22:57:18.701093776Z,verifier_unavailable
v2_rr_0011180,False,routine_legitimate,2011-12-18T23:10:55.357646449Z,consistent
v2_rr_0011181,False,routine_legitimate,2011-12-16T23:49:08.118690915Z,consistent
v2_rr_0011182,False,routine_legitimate,2011-12-18T00:46:41.901223142Z,consistent
v2_rr_0011183,False,routine_legitimate,2011-12-17T00:51:45.105833600Z,consistent
v2_rr_0011184,True,serial_false_claim,2011-12-15T01:00:55.989207234Z,evidence_inconclusive
v2_rr_0011185,False,routine_legitimate,2011-12-10T01:26:49.265566760Z,consistent
v2_rr_0011186,False,routine_legitimate,2011-12-13T01:40:02.843118385Z,consistent
v2_rr_0011187,False,routine_legitimate,2011-12-18T02:15:14.484857314Z,consistent
v2_rr_0011188,False,genuine_product_defect_burst,2011-12-19T04:08:06.687602323Z,consistent
v2_rr_0011189,False,high_value_loyal_customer,2011-12-17T04:16:26.635124130Z,consistent
v2_rr_0011190,False,routine_legitimate,2011-12-10T06:50:02.493077522Z,consistent
v2_rr_0011191,False,routine_legitimate,2011-12-10T07:19:42.243902454Z,consistent
v2_rr_0011192,True,repeated_claim_pattern,2011-12-18T07:56:01.243876771Z,consistent
v2_rr_0011193,False,routine_legitimate,2011-12-13T08:06:34.228999310Z,consistent
v2_rr_0011194,False,routine_legitimate,2011-12-13T08:39:03.891440457Z,consistent
v2_rr_0011195,False,routine_legitimate,2011-12-18T09:50:43.946881298Z,consistent
v2_rr_0011196,True,peer_deviation,2011-12-12T09:55:38.780953857Z,inconsistent
v2_rr_0011197,False,routine_legitimate,2011-12-17T10:10:38.262312399Z,inconsistent
v2_rr_0011198,False,routine_legitimate,2011-12-16T12:16:14.716157192Z,consistent
v2_rr_0011199,False,routine_legitimate,2011-12-12T13:16:01.497643800Z,inconsistent
v2_rr_0011200,False,first_time_refund,2011-12-18T14:09:43.756374039Z,consistent
v2_rr_0011201,False,routine_legitimate,2011-12-15T15:05:13.715155344Z,consistent
v2_rr_0011202,False,routine_legitimate,2011-12-14T16:34:55.651759544Z,consistent
v2_rr_0011203,True,claim_timing,2011-12-17T18:46:45.624269302Z,evidence_inconclusive
v2_rr_0011204,False,routine_legitimate,2011-12-17T19:03:40.026556366Z,consistent
v2_rr_0011205,False,cold_start_customer,2011-12-15T19:25:36.320397766Z,inconsistent
v2_rr_0011206,False,routine_legitimate,2011-12-16T21:13:48.626580685Z,consistent
v2_rr_0011207,True,claim_reason_inconsistency,2011-12-15T21:59:46.531638363Z,inconsistent
v2_rr_0011208,False,unusual_legitimate_purchase,2011-12-13T22:19:27.177096499Z,consistent
v2_rr_0011209,False,routine_legitimate,2011-12-17T22:28:36.372609049Z,consistent
v2_rr_0011210,False,missing_evidence,2011-12-10T22:37:38.344139602Z,evidence_inconclusive
v2_rr_0011211,False,routine_legitimate,2011-12-18T01:45:39.041312514Z,consistent
v2_rr_0011212,False,verifier_unavailable,2011-12-18T02:17:32.882526086Z,verifier_unavailable
v2_rr_0011213,False,routine_legitimate,2011-12-14T03:00:29.421252288Z,consistent
v2_rr_0011214,False,routine_legitimate,2011-12-15T03:14:43.293130832Z,consistent
v2_rr_0011215,False,genuine_product_defect_burst,2011-12-19T03:54:07.878623395Z,consistent
v2_rr_0011216,False,high_value_loyal_customer,2011-12-15T04:14:00.165547608Z,consistent
v2_rr_0011217,False,routine_legitimate,2011-12-16T05:26:14.584022845Z,consistent
v2_rr_0011218,False,routine_legitimate,2011-12-15T07:14:34.035089174Z,consistent
v2_rr_0011219,True,supporting_entity_pattern,2011-12-17T07:53:13.194905872Z,inconsistent
v2_rr_0011220,False,routine_legitimate,2011-12-13T08:09:25.326020980Z,evidence_inconclusive
v2_rr_0011221,False,routine_legitimate,2011-12-17T10:01:29.986481662Z,consistent
v2_rr_0011222,False,routine_legitimate,2011-12-12T11:46:56.132882269Z,consistent
v2_rr_0011223,False,routine_legitimate,2011-12-15T13:07:23.201509772Z,inconsistent
v2_rr_0011224,False,routine_legitimate,2011-12-17T13:37:21.906189691Z,consistent
v2_rr_0011225,False,routine_legitimate,2011-12-20T14:29:04.334532583Z,consistent
v2_rr_0011226,False,routine_legitimate,2011-12-19T15:09:23.607212727Z,consistent
v2_rr_0011227,True,cross_category_escalation,2011-12-14T15:31:23.025138241Z,inconsistent
v2_rr_0011228,False,routine_legitimate,2011-12-13T17:59:30.293733489Z,consistent
v2_rr_0011229,False,routine_legitimate,2011-12-11T18:38:26.449189794Z,consistent
v2_rr_0011230,False,routine_legitimate,2011-12-20T18:47:13.147452213Z,consistent
v2_rr_0011231,False,routine_legitimate,2011-12-12T19:18:48.320177632Z,consistent
v2_rr_0011232,False,routine_legitimate,2011-12-15T20:59:38.040670299Z,consistent
v2_rr_0011233,False,routine_legitimate,2011-12-20T21:13:56.290679833Z,consistent
v2_rr_0011234,False,first_time_refund,2011-12-14T21:50:46.540196046Z,consistent
v2_rr_0011235,False,routine_legitimate,2011-12-11T22:08:38.691693738Z,consistent
v2_rr_0011236,False,routine_legitimate,2011-12-19T00:00:57.453471579Z,consistent
v2_rr_0011237,False,routine_legitimate,2011-12-18T00:47:38.556599054Z,consistent
v2_rr_0011238,False,routine_legitimate,2011-12-14T01:09:14.812991904Z,consistent
v2_rr_0011239,True,evidence_inconsistency,2011-12-14T02:13:37.418284893Z,inconsistent
v2_rr_0011240,False,routine_legitimate,2011-12-18T03:11:20.846304791Z,consistent
v2_rr_0011241,False,routine_legitimate,2011-12-15T04:52:06.708310908Z,consistent
v2_rr_0011242,False,routine_legitimate,2011-12-21T05:34:14.639008942Z,consistent
v2_rr_0011243,False,routine_legitimate,2011-12-21T06:35:36.507616680Z,consistent
v2_rr_0011244,False,routine_legitimate,2011-12-20T06:47:54.129261910Z,consistent
v2_rr_0011245,False,routine_legitimate,2011-12-12T09:21:34.990974061Z,consistent
v2_rr_0011246,False,routine_legitimate,2011-12-15T09:46:47.881931434Z,evidence_inconclusive
v2_rr_0011247,False,routine_legitimate,2011-12-18T10:00:46.285293298Z,consistent
v2_rr_0011248,False,routine_legitimate,2011-12-16T10:03:43.050361894Z,consistent
v2_rr_0011249,False,routine_legitimate,2011-12-19T10:46:06.747613388Z,consistent
v2_rr_0011250,False,routine_legitimate,2011-12-17T12:39:40.667369964Z,consistent
v2_rr_0011251,False,cold_start_customer,2011-12-14T12:46:37.264649265Z,consistent
v2_rr_0011252,True,serial_false_claim,2011-12-21T14:16:04.414957851Z,inconsistent
v2_rr_0011253,False,routine_legitimate,2011-12-15T14:23:54.123910647Z,consistent
v2_rr_0011254,False,routine_legitimate,2011-12-15T14:27:29.192369856Z,consistent
v2_rr_0011255,False,routine_legitimate,2011-12-21T15:00:25.444524676Z,consistent
v2_rr_0011256,False,routine_legitimate,2011-12-12T16:41:05.333067465Z,consistent
v2_rr_0011257,False,unusual_legitimate_purchase,2011-12-15T18:45:20.541401493Z,consistent
v2_rr_0011258,False,missing_evidence,2011-12-21T19:06:31.839662865Z,evidence_inconclusive
v2_rr_0011259,False,verifier_unavailable,2011-12-18T19:57:34.316783404Z,verifier_unavailable
v2_rr_0011260,True,repeated_claim_pattern,2011-12-15T22:43:05.817900745Z,inconsistent
v2_rr_0011261,True,peer_deviation,2011-12-18T22:52:19.642174629Z,inconsistent
v2_rr_0011262,False,genuine_product_defect_burst,2011-12-14T23:36:53.494019788Z,evidence_inconclusive
v2_rr_0011263,False,high_value_loyal_customer,2011-12-22T00:03:44.109903588Z,consistent
v2_rr_0011264,False,routine_legitimate,2011-12-14T01:42:11.079965263Z,consistent
v2_rr_0011265,False,routine_legitimate,2011-12-15T02:57:59.444202325Z,consistent
v2_rr_0011266,False,first_time_refund,2011-12-16T04:18:47.409642504Z,consistent
v2_rr_0011267,False,routine_legitimate,2011-12-15T05:58:48.016414748Z,consistent
v2_rr_0011268,False,routine_legitimate,2011-12-22T06:32:48.875108696Z,inconsistent
v2_rr_0011269,False,routine_legitimate,2011-12-17T07:22:22.333827242Z,consistent
v2_rr_0011270,False,routine_legitimate,2011-12-19T08:27:58.590181975Z,consistent
v2_rr_0011271,False,cold_start_customer,2011-12-20T08:44:30.826049694Z,evidence_inconclusive
v2_rr_0011272,False,routine_legitimate,2011-12-14T10:09:21.176442690Z,consistent
v2_rr_0011273,False,routine_legitimate,2011-12-19T10:20:17.370619826Z,consistent
v2_rr_0011274,False,routine_legitimate,2011-12-13T12:02:23.193971211Z,consistent
v2_rr_0011275,False,routine_legitimate,2011-12-21T13:23:16.509534595Z,consistent
v2_rr_0011276,False,routine_legitimate,2011-12-22T13:41:52.492848763Z,inconsistent
v2_rr_0011277,False,routine_legitimate,2011-12-18T13:44:21.866856456Z,inconsistent
v2_rr_0011278,False,routine_legitimate,2011-12-14T13:45:52.704585422Z,inconsistent
v2_rr_0011279,False,routine_legitimate,2011-12-22T13:51:37.523682264Z,consistent
v2_rr_0011280,False,routine_legitimate,2011-12-14T14:01:42.060268864Z,inconsistent
v2_rr_0011281,False,routine_legitimate,2011-12-16T15:22:19.757653981Z,consistent
v2_rr_0011282,False,routine_legitimate,2011-12-16T17:35:49.234106724Z,evidence_inconclusive
v2_rr_0011283,False,unusual_legitimate_purchase,2011-12-15T17:55:21.824368176Z,evidence_inconclusive
v2_rr_0011284,True,claim_timing,2011-12-13T20:05:09.293209711Z,consistent
v2_rr_0011285,True,claim_reason_inconsistency,2011-12-22T20:42:28.014988009Z,inconsistent
v2_rr_0011286,False,missing_evidence,2011-12-21T21:12:04.307947146Z,evidence_inconclusive
v2_rr_0011287,False,verifier_unavailable,2011-12-14T22:54:36.687212386Z,verifier_unavailable
v2_rr_0011288,False,routine_legitimate,2011-12-21T23:00:51.638696384Z,consistent
v2_rr_0011289,False,genuine_product_defect_burst,2011-12-22T00:05:07.339600958Z,consistent
v2_rr_0011290,False,routine_legitimate,2011-12-20T01:00:27.059992737Z,consistent
v2_rr_0011291,False,routine_legitimate,2011-12-22T01:52:14.625248712Z,consistent
v2_rr_0011292,False,routine_legitimate,2011-12-15T03:16:57.554514764Z,consistent
v2_rr_0011293,False,routine_legitimate,2011-12-19T03:25:30.834856753Z,consistent
v2_rr_0011294,True,supporting_entity_pattern,2011-12-23T03:57:37.180534249Z,inconsistent
v2_rr_0011295,False,routine_legitimate,2011-12-18T04:09:21.095389508Z,consistent
v2_rr_0011296,False,routine_legitimate,2011-12-15T04:31:45.347215224Z,consistent
v2_rr_0011297,False,routine_legitimate,2011-12-17T04:46:37.782179781Z,consistent
v2_rr_0011298,True,cross_category_escalation,2011-12-18T04:59:07.163462452Z,inconsistent
v2_rr_0011299,False,routine_legitimate,2011-12-22T05:46:59.215035346Z,consistent
v2_rr_0011300,True,evidence_inconsistency,2011-12-16T06:31:18.254678511Z,inconsistent
v2_rr_0011301,False,routine_legitimate,2011-12-16T07:33:50.460201658Z,evidence_inconclusive
v2_rr_0011302,False,high_value_loyal_customer,2011-12-15T07:38:53.625962305Z,consistent
v2_rr_0011303,False,routine_legitimate,2011-12-20T07:59:20.831405334Z,consistent
v2_rr_0011304,False,routine_legitimate,2011-12-20T09:15:16.167730398Z,consistent
v2_rr_0011305,False,routine_legitimate,2011-12-16T10:12:14.514548621Z,consistent
v2_rr_0011306,False,first_time_refund,2011-12-22T10:26:25.172403207Z,consistent
v2_rr_0011307,False,routine_legitimate,2011-12-21T10:45:53.306242165Z,consistent
v2_rr_0011308,False,routine_legitimate,2011-12-20T11:09:46.408603204Z,consistent
v2_rr_0011309,False,routine_legitimate,2011-12-16T11:13:32.037197228Z,consistent
v2_rr_0011310,False,routine_legitimate,2011-12-17T12:32:12.417860654Z,consistent
v2_rr_0011311,False,routine_legitimate,2011-12-21T12:36:26.452794165Z,consistent
v2_rr_0011312,False,routine_legitimate,2011-12-14T12:39:30.147437150Z,consistent
v2_rr_0011313,True,serial_false_claim,2011-12-16T12:42:01.846549088Z,inconsistent
v2_rr_0011314,False,routine_legitimate,2011-12-18T13:13:25.776129492Z,consistent
v2_rr_0011315,False,cold_start_customer,2011-12-22T13:18:34.140792705Z,consistent
v2_rr_0011316,False,routine_legitimate,2011-12-23T13:47:31.514204463Z,consistent
v2_rr_0011317,True,repeated_claim_pattern,2011-12-18T14:28:11.051769399Z,inconsistent
v2_rr_0011318,False,unusual_legitimate_purchase,2011-12-22T16:13:12.819333146Z,consistent
v2_rr_0011319,False,missing_evidence,2011-12-19T16:21:27.702159552Z,evidence_inconclusive
v2_rr_0011320,False,routine_legitimate,2011-12-14T17:11:28.034960216Z,consistent
v2_rr_0011321,False,routine_legitimate,2011-12-17T17:18:25.801166454Z,consistent
v2_rr_0011322,False,routine_legitimate,2011-12-14T20:11:14.494137609Z,inconsistent
v2_rr_0011323,False,verifier_unavailable,2011-12-17T20:16:46.799216521Z,verifier_unavailable
v2_rr_0011324,False,routine_legitimate,2011-12-20T23:41:34.887471615Z,consistent
v2_rr_0011325,False,routine_legitimate,2011-12-23T00:50:15.495104098Z,consistent
v2_rr_0011326,False,genuine_product_defect_burst,2011-12-22T01:02:15.666663816Z,consistent
v2_rr_0011327,False,routine_legitimate,2011-12-20T02:13:45.287802540Z,consistent
v2_rr_0011328,False,routine_legitimate,2011-12-23T03:41:38.007755820Z,consistent
v2_rr_0011329,False,routine_legitimate,2011-12-19T04:07:46.127165022Z,consistent
v2_rr_0011330,False,routine_legitimate,2011-12-15T04:27:23.706735033Z,consistent
v2_rr_0011331,False,routine_legitimate,2011-12-16T04:47:09.409736800Z,inconsistent
v2_rr_0011332,False,routine_legitimate,2011-12-22T04:58:05.346532250Z,consistent
v2_rr_0011333,True,peer_deviation,2011-12-17T05:12:10.824159620Z,inconsistent
v2_rr_0011334,False,routine_legitimate,2011-12-24T05:14:05.954111793Z,consistent
v2_rr_0011335,False,routine_legitimate,2011-12-20T05:48:26.508742725Z,evidence_inconclusive
v2_rr_0011336,False,routine_legitimate,2011-12-21T08:23:54.297232318Z,consistent
v2_rr_0011337,False,routine_legitimate,2011-12-24T09:02:10.642746927Z,consistent
v2_rr_0011338,False,high_value_loyal_customer,2011-12-17T11:39:10.848717591Z,consistent
v2_rr_0011339,False,routine_legitimate,2011-12-24T13:32:06.474227017Z,consistent
v2_rr_0011340,False,routine_legitimate,2011-12-16T13:41:27.291626107Z,consistent
v2_rr_0011341,False,routine_legitimate,2011-12-20T14:17:53.895095787Z,consistent
v2_rr_0011342,False,routine_legitimate,2011-12-16T14:23:38.154335394Z,consistent
v2_rr_0011343,False,first_time_refund,2011-12-20T15:51:56.611307976Z,consistent
v2_rr_0011344,False,routine_legitimate,2011-12-17T16:04:23.327927570Z,consistent
v2_rr_0011345,True,claim_timing,2011-12-19T16:40:15.544691680Z,evidence_inconclusive
v2_rr_0011346,False,cold_start_customer,2011-12-23T20:27:12.496857706Z,evidence_inconclusive
v2_rr_0011347,False,routine_legitimate,2011-12-19T23:15:04.154623720Z,consistent
v2_rr_0011348,False,routine_legitimate,2011-12-24T01:27:53.607018201Z,consistent
v2_rr_0011349,False,unusual_legitimate_purchase,2011-12-17T05:47:31.928810716Z,consistent
v2_rr_0011350,False,missing_evidence,2011-12-18T06:33:24.916057309Z,evidence_inconclusive
v2_rr_0011351,False,routine_legitimate,2011-12-23T07:38:00.373854574Z,consistent
v2_rr_0011352,False,routine_legitimate,2011-12-18T08:34:06.514302327Z,consistent
v2_rr_0011353,False,routine_legitimate,2011-12-18T08:48:42.998200300Z,consistent
v2_rr_0011354,False,routine_legitimate,2011-12-19T09:28:15.659845368Z,consistent
v2_rr_0011355,True,claim_reason_inconsistency,2011-12-16T10:45:51.820127354Z,inconsistent
v2_rr_0011356,False,routine_legitimate,2011-12-23T10:45:59.729761687Z,consistent
v2_rr_0011357,False,verifier_unavailable,2011-12-21T11:22:08.857400613Z,verifier_unavailable
v2_rr_0011358,False,routine_legitimate,2011-12-16T13:21:19.537922574Z,consistent
v2_rr_0011359,False,routine_legitimate,2011-12-17T13:24:09.060765596Z,consistent
v2_rr_0011360,False,routine_legitimate,2011-12-23T13:38:21.228599834Z,consistent
v2_rr_0011361,False,genuine_product_defect_burst,2011-12-22T15:06:53.637826587Z,consistent
v2_rr_0011362,False,routine_legitimate,2011-12-23T15:18:15.366145725Z,consistent
v2_rr_0011363,False,routine_legitimate,2011-12-21T15:33:15.698772531Z,consistent
v2_rr_0011364,False,routine_legitimate,2011-12-17T16:59:30.197934642Z,consistent
v2_rr_0011365,False,routine_legitimate,2011-12-19T17:24:39.480079243Z,consistent
v2_rr_0011366,False,routine_legitimate,2011-12-21T18:38:11.110025676Z,consistent
v2_rr_0011367,False,routine_legitimate,2011-12-16T18:57:13.767563120Z,consistent
v2_rr_0011368,False,high_value_loyal_customer,2011-12-22T19:25:08.984989441Z,consistent
v2_rr_0011369,False,routine_legitimate,2011-12-20T19:30:19.669172259Z,consistent
v2_rr_0011370,False,routine_legitimate,2011-12-24T20:17:53.074110420Z,consistent
v2_rr_0011371,False,routine_legitimate,2011-12-22T20:24:53.176172646Z,evidence_inconclusive
v2_rr_0011372,True,supporting_entity_pattern,2011-12-19T23:40:50.942286303Z,inconsistent
v2_rr_0011373,False,routine_legitimate,2011-12-23T00:44:05.851901133Z,consistent
v2_rr_0011374,False,first_time_refund,2011-12-19T00:45:46.736330984Z,consistent
v2_rr_0011375,False,routine_legitimate,2011-12-23T02:02:12.034815686Z,consistent
v2_rr_0011376,False,routine_legitimate,2011-12-21T02:13:04.701005896Z,consistent
v2_rr_0011377,False,routine_legitimate,2011-12-18T03:41:29.409265765Z,consistent
v2_rr_0011378,False,routine_legitimate,2011-12-26T03:53:51.584221998Z,consistent
v2_rr_0011379,False,cold_start_customer,2011-12-21T04:03:17.862761817Z,consistent
v2_rr_0011380,False,routine_legitimate,2011-12-21T04:12:00.227015721Z,consistent
v2_rr_0011381,False,unusual_legitimate_purchase,2011-12-20T04:45:19.741761910Z,consistent
v2_rr_0011382,False,routine_legitimate,2011-12-17T05:26:54.245498457Z,consistent
v2_rr_0011383,False,routine_legitimate,2011-12-19T05:49:41.510452443Z,consistent
v2_rr_0011384,False,missing_evidence,2011-12-22T06:18:03.985413686Z,evidence_inconclusive
v2_rr_0011385,False,routine_legitimate,2011-12-21T06:43:54.413653387Z,inconsistent
v2_rr_0011386,False,routine_legitimate,2011-12-23T07:24:04.004292234Z,evidence_inconclusive
v2_rr_0011387,True,cross_category_escalation,2011-12-20T07:29:13.345346544Z,inconsistent
v2_rr_0011388,False,routine_legitimate,2011-12-17T10:13:47.071340442Z,evidence_inconclusive
v2_rr_0011389,True,evidence_inconsistency,2011-12-22T10:34:15.871776452Z,consistent
v2_rr_0011390,False,routine_legitimate,2011-12-26T11:08:43.318411256Z,consistent
v2_rr_0011391,False,routine_legitimate,2011-12-23T11:46:36.787359367Z,consistent
v2_rr_0011392,True,serial_false_claim,2011-12-21T12:42:46.731436711Z,inconsistent
v2_rr_0011393,False,verifier_unavailable,2011-12-25T13:55:27.597399720Z,verifier_unavailable
v2_rr_0011394,True,repeated_claim_pattern,2011-12-19T14:29:46.541092561Z,inconsistent
v2_rr_0011395,False,routine_legitimate,2011-12-18T14:34:54.305012971Z,inconsistent
v2_rr_0011396,True,peer_deviation,2011-12-18T14:51:25.486560712Z,inconsistent
v2_rr_0011397,True,claim_timing,2011-12-22T15:31:43.544149683Z,inconsistent
v2_rr_0011398,False,routine_legitimate,2011-12-20T15:34:52.330911872Z,consistent
v2_rr_0011399,False,routine_legitimate,2011-12-17T16:14:52.323883880Z,consistent
v2_rr_0011400,False,routine_legitimate,2011-12-18T17:00:26.164386050Z,consistent
v2_rr_0011401,False,routine_legitimate,2011-12-20T17:57:01.362117001Z,evidence_inconclusive
v2_rr_0011402,False,routine_legitimate,2011-12-22T18:10:55.839136035Z,consistent
v2_rr_0011403,False,routine_legitimate,2011-12-23T19:05:36.715091446Z,consistent
v2_rr_0011404,False,genuine_product_defect_burst,2011-12-17T19:16:22.932067753Z,consistent
v2_rr_0011405,True,claim_reason_inconsistency,2011-12-23T19:41:14.313251067Z,evidence_inconclusive
v2_rr_0011406,False,routine_legitimate,2011-12-20T21:04:11.927282923Z,consistent
v2_rr_0011407,False,routine_legitimate,2011-12-19T21:12:06.659376818Z,consistent
v2_rr_0011408,False,routine_legitimate,2011-12-26T21:58:50.717255721Z,consistent
v2_rr_0011409,False,routine_legitimate,2011-12-20T00:03:43.691762547Z,consistent
v2_rr_0011410,False,high_value_loyal_customer,2011-12-20T00:11:40.008617410Z,consistent
v2_rr_0011411,False,routine_legitimate,2011-12-22T01:01:31.937026455Z,consistent
v2_rr_0011412,False,routine_legitimate,2011-12-27T02:31:49.402980094Z,consistent
v2_rr_0011413,False,first_time_refund,2011-12-18T03:36:46.878762256Z,evidence_inconclusive
v2_rr_0011414,False,routine_legitimate,2011-12-24T06:06:01.306167007Z,consistent
v2_rr_0011415,False,cold_start_customer,2011-12-22T07:33:01.560445530Z,consistent
v2_rr_0011416,False,routine_legitimate,2011-12-18T08:11:01.077935677Z,consistent
v2_rr_0011417,True,supporting_entity_pattern,2011-12-24T09:04:46.189159676Z,consistent
v2_rr_0011418,False,routine_legitimate,2011-12-22T09:32:04.714591548Z,consistent
v2_rr_0011419,False,routine_legitimate,2011-12-21T10:22:12.976354305Z,consistent
v2_rr_0011420,False,routine_legitimate,2011-12-18T11:08:05.854842439Z,consistent
v2_rr_0011421,False,routine_legitimate,2011-12-19T12:07:17.124989892Z,consistent
v2_rr_0011422,False,routine_legitimate,2011-12-21T14:31:39.374832429Z,consistent
v2_rr_0011423,False,unusual_legitimate_purchase,2011-12-20T17:16:12.071895452Z,consistent
v2_rr_0011424,False,routine_legitimate,2011-12-27T18:43:38.583095498Z,consistent
v2_rr_0011425,False,routine_legitimate,2011-12-19T20:40:30.105773851Z,consistent
v2_rr_0011426,False,routine_legitimate,2011-12-20T21:34:35.605794028Z,consistent
v2_rr_0011427,False,missing_evidence,2011-12-20T21:39:13.756697002Z,evidence_inconclusive
v2_rr_0011428,False,routine_legitimate,2011-12-23T22:39:18.367325474Z,consistent
v2_rr_0011429,False,routine_legitimate,2011-12-26T23:12:42.260605926Z,consistent
v2_rr_0011430,False,routine_legitimate,2011-12-20T23:50:34.258690968Z,consistent
v2_rr_0011431,False,routine_legitimate,2011-12-21T00:21:01.004297001Z,consistent
v2_rr_0011432,False,routine_legitimate,2011-12-26T01:04:09.261035362Z,consistent
v2_rr_0011433,False,verifier_unavailable,2011-12-22T01:56:28.958429726Z,verifier_unavailable
v2_rr_0011434,False,routine_legitimate,2011-12-19T02:06:50.407255671Z,consistent
v2_rr_0011435,False,genuine_product_defect_burst,2011-12-27T03:37:20.657542957Z,evidence_inconclusive
v2_rr_0011436,False,routine_legitimate,2011-12-24T04:54:38.854467505Z,consistent
v2_rr_0011437,False,routine_legitimate,2011-12-26T05:00:30.075586806Z,consistent
v2_rr_0011438,False,high_value_loyal_customer,2011-12-23T05:27:05.035523221Z,consistent
v2_rr_0011439,False,first_time_refund,2011-12-25T07:04:58.832531146Z,consistent
v2_rr_0011440,False,cold_start_customer,2011-12-20T08:44:12.307111159Z,consistent
v2_rr_0011441,False,routine_legitimate,2011-12-24T14:11:58.574334883Z,consistent
v2_rr_0011442,True,cross_category_escalation,2011-12-24T14:13:35.922525573Z,evidence_inconclusive
v2_rr_0011443,False,routine_legitimate,2011-12-26T15:45:23.717839863Z,consistent
v2_rr_0011444,False,routine_legitimate,2011-12-22T17:00:55.600273820Z,consistent
v2_rr_0011445,False,routine_legitimate,2011-12-20T17:09:43.631064710Z,consistent
v2_rr_0011446,False,routine_legitimate,2011-12-24T17:25:49.666129882Z,evidence_inconclusive
v2_rr_0011447,True,evidence_inconsistency,2011-12-22T18:25:06.113481446Z,inconsistent
v2_rr_0011448,False,routine_legitimate,2011-12-19T18:48:41.577039320Z,consistent
v2_rr_0011449,False,routine_legitimate,2011-12-19T19:06:54.212634448Z,consistent
v2_rr_0011450,False,routine_legitimate,2011-12-28T19:15:17.155578787Z,consistent
v2_rr_0011451,False,routine_legitimate,2011-12-22T22:12:19.155170275Z,consistent
v2_rr_0011452,False,routine_legitimate,2011-12-27T22:15:24.194884266Z,consistent
v2_rr_0011453,False,routine_legitimate,2011-12-19T22:22:23.383169913Z,consistent
v2_rr_0011454,False,routine_legitimate,2011-12-24T01:28:06.952731474Z,consistent
v2_rr_0011455,False,routine_legitimate,2011-12-29T02:15:42.246637489Z,consistent
v2_rr_0011456,True,serial_false_claim,2011-12-25T02:23:31.957970872Z,inconsistent
v2_rr_0011457,False,routine_legitimate,2011-12-21T03:21:23.761591047Z,consistent
v2_rr_0011458,False,routine_legitimate,2011-12-23T06:02:59.094045039Z,consistent
v2_rr_0011459,False,routine_legitimate,2011-12-29T07:25:06.728667379Z,consistent
v2_rr_0011460,False,unusual_legitimate_purchase,2011-12-22T07:37:26.792662393Z,consistent
v2_rr_0011461,False,missing_evidence,2011-12-27T07:47:58.622211322Z,evidence_inconclusive
v2_rr_0011462,False,routine_legitimate,2011-12-25T07:54:31.663142190Z,consistent
v2_rr_0011463,False,verifier_unavailable,2011-12-22T08:34:48.632946426Z,verifier_unavailable
v2_rr_0011464,False,routine_legitimate,2011-12-21T10:01:03.370546141Z,consistent
v2_rr_0011465,False,routine_legitimate,2011-12-24T10:13:27.002354440Z,consistent
v2_rr_0011466,False,routine_legitimate,2011-12-23T10:21:49.443894738Z,consistent
v2_rr_0011467,False,genuine_product_defect_burst,2011-12-23T10:56:19.408862091Z,consistent
v2_rr_0011468,False,routine_legitimate,2011-12-21T11:01:26.352421465Z,evidence_inconclusive
v2_rr_0011469,False,routine_legitimate,2011-12-25T11:52:01.919885784Z,consistent
v2_rr_0011470,False,routine_legitimate,2011-12-25T12:28:47.204377987Z,consistent
v2_rr_0011471,False,routine_legitimate,2011-12-21T13:27:22.003781197Z,consistent
v2_rr_0011472,False,routine_legitimate,2011-12-28T13:39:21.051437196Z,consistent
v2_rr_0011473,False,high_value_loyal_customer,2011-12-22T14:00:18.683492522Z,consistent
v2_rr_0011474,False,first_time_refund,2011-12-26T15:43:48.457374856Z,consistent
v2_rr_0011475,False,cold_start_customer,2011-12-29T16:18:07.046423602Z,consistent
v2_rr_0011476,False,routine_legitimate,2011-12-22T16:52:10.382783785Z,consistent
v2_rr_0011477,False,routine_legitimate,2011-12-21T17:04:11.144547412Z,evidence_inconclusive
v2_rr_0011478,False,unusual_legitimate_purchase,2011-12-21T17:18:14.394606546Z,consistent
v2_rr_0011479,False,routine_legitimate,2011-12-26T18:08:19.868364909Z,consistent
v2_rr_0011480,False,routine_legitimate,2011-12-24T18:45:36.292299854Z,consistent
v2_rr_0011481,False,routine_legitimate,2011-12-29T18:57:05.230830673Z,consistent
v2_rr_0011482,False,missing_evidence,2011-12-24T20:40:34.518599824Z,evidence_inconclusive
v2_rr_0011483,False,verifier_unavailable,2011-12-23T21:29:04.931921121Z,verifier_unavailable
v2_rr_0011484,False,routine_legitimate,2011-12-20T22:29:30.340366322Z,consistent
v2_rr_0011485,False,routine_legitimate,2011-12-25T22:42:49.297512045Z,consistent
v2_rr_0011486,True,repeated_claim_pattern,2011-12-22T00:18:20.930936469Z,inconsistent
v2_rr_0011487,False,routine_legitimate,2011-12-24T01:10:56.303687865Z,consistent
v2_rr_0011488,False,routine_legitimate,2011-12-29T03:00:34.509780501Z,consistent
v2_rr_0011489,False,routine_legitimate,2011-12-28T03:21:04.238816677Z,consistent
v2_rr_0011490,False,routine_legitimate,2011-12-24T05:02:26.016831855Z,consistent
v2_rr_0011491,False,routine_legitimate,2011-12-28T05:13:18.744921906Z,consistent
v2_rr_0011492,False,genuine_product_defect_burst,2011-12-24T05:18:56.529034357Z,consistent
v2_rr_0011493,False,routine_legitimate,2011-12-22T05:44:13.930408528Z,consistent
v2_rr_0011494,False,high_value_loyal_customer,2011-12-23T06:01:01.587034572Z,consistent
v2_rr_0011495,False,first_time_refund,2011-12-22T08:18:09.987631668Z,consistent
v2_rr_0011496,True,peer_deviation,2011-12-28T08:33:58.013187132Z,inconsistent
v2_rr_0011497,False,routine_legitimate,2011-12-22T08:38:03.379837611Z,consistent
v2_rr_0011498,False,routine_legitimate,2011-12-24T08:55:31.802227138Z,consistent
v2_rr_0011499,False,cold_start_customer,2011-12-27T10:01:40.666324771Z,evidence_inconclusive
v2_rr_0011500,True,claim_timing,2011-12-30T11:20:52.260372770Z,inconsistent
v2_rr_0011501,False,routine_legitimate,2011-12-26T12:02:04.367348020Z,consistent
v2_rr_0011502,False,routine_legitimate,2011-12-26T13:52:36.086717366Z,consistent
v2_rr_0011503,False,routine_legitimate,2011-12-22T14:14:03.321134718Z,consistent
v2_rr_0011504,False,routine_legitimate,2011-12-23T14:51:09.781903534Z,consistent
v2_rr_0011505,False,routine_legitimate,2011-12-25T15:03:26.600476736Z,consistent
v2_rr_0011506,False,routine_legitimate,2011-12-28T17:03:17.145407596Z,consistent
v2_rr_0011507,False,routine_legitimate,2011-12-27T17:45:16.174915212Z,consistent
v2_rr_0011508,False,routine_legitimate,2011-12-23T18:59:21.555928131Z,consistent
v2_rr_0011509,True,claim_reason_inconsistency,2011-12-25T19:29:53.652205452Z,inconsistent
v2_rr_0011510,False,routine_legitimate,2011-12-28T19:30:04.233352686Z,consistent
v2_rr_0011511,False,routine_legitimate,2011-12-29T20:52:11.952537768Z,consistent
v2_rr_0011512,False,routine_legitimate,2011-12-24T20:53:46.068900865Z,consistent
v2_rr_0011513,False,unusual_legitimate_purchase,2011-12-29T21:07:26.254727624Z,consistent
v2_rr_0011514,False,missing_evidence,2011-12-29T21:15:55.334697061Z,evidence_inconclusive
v2_rr_0011515,False,routine_legitimate,2011-12-24T21:33:10.151892219Z,consistent
v2_rr_0011516,False,routine_legitimate,2011-12-27T22:57:22.259979777Z,consistent
v2_rr_0011517,False,verifier_unavailable,2011-12-27T23:02:41.004277448Z,verifier_unavailable
v2_rr_0011518,False,routine_legitimate,2011-12-21T23:10:21.272791168Z,consistent
v2_rr_0011519,False,routine_legitimate,2011-12-29T03:01:52.586131855Z,consistent
v2_rr_0011520,False,genuine_product_defect_burst,2011-12-24T07:28:13.719197020Z,consistent
v2_rr_0011521,False,routine_legitimate,2011-12-25T08:07:26.437125441Z,consistent
v2_rr_0011522,False,high_value_loyal_customer,2011-12-25T09:22:23.350479495Z,consistent
v2_rr_0011523,False,routine_legitimate,2011-12-25T10:31:39.802220696Z,consistent
v2_rr_0011524,False,routine_legitimate,2011-12-26T11:53:08.251072567Z,consistent
v2_rr_0011525,False,routine_legitimate,2011-12-27T13:20:16.108858738Z,consistent
v2_rr_0011526,False,routine_legitimate,2011-12-26T13:37:13.035224455Z,consistent
v2_rr_0011527,False,routine_legitimate,2011-12-30T13:59:19.530544512Z,consistent
v2_rr_0011528,False,routine_legitimate,2011-12-30T14:37:59.688118318Z,consistent
v2_rr_0011529,False,routine_legitimate,2011-12-27T14:39:35.541283683Z,consistent
v2_rr_0011530,False,routine_legitimate,2011-12-25T15:18:55.947340503Z,consistent
v2_rr_0011531,False,routine_legitimate,2011-12-22T16:14:08.466693536Z,evidence_inconclusive
v2_rr_0011532,True,supporting_entity_pattern,2011-12-27T16:32:23.880064713Z,inconsistent
v2_rr_0011533,False,routine_legitimate,2011-12-31T17:11:37.207479591Z,consistent
v2_rr_0011534,False,routine_legitimate,2011-12-25T17:27:23.903528367Z,consistent
v2_rr_0011535,False,routine_legitimate,2011-12-24T17:59:36.432117969Z,consistent
v2_rr_0011536,False,first_time_refund,2011-12-23T18:03:29.934033955Z,evidence_inconclusive
v2_rr_0011537,False,routine_legitimate,2011-12-29T18:36:16.540356885Z,consistent
v2_rr_0011538,True,cross_category_escalation,2011-12-27T19:31:15.114183938Z,inconsistent
v2_rr_0011539,False,routine_legitimate,2011-12-29T19:56:16.207890410Z,consistent
v2_rr_0011540,False,routine_legitimate,2011-12-26T20:02:32.437495530Z,evidence_inconclusive
v2_rr_0011541,False,routine_legitimate,2011-12-29T20:10:48.068421928Z,consistent
v2_rr_0011542,False,routine_legitimate,2011-12-27T20:54:24.646227529Z,inconsistent
v2_rr_0011543,False,routine_legitimate,2011-12-26T20:54:24.690236450Z,consistent
v2_rr_0011544,False,routine_legitimate,2011-12-24T21:04:57.082522431Z,evidence_inconclusive
v2_rr_0011545,False,cold_start_customer,2011-12-24T23:00:53.967905109Z,consistent
v2_rr_0011546,False,routine_legitimate,2011-12-24T02:25:10.109658288Z,consistent
v2_rr_0011547,False,routine_legitimate,2011-12-28T03:29:26.421716989Z,consistent
v2_rr_0011548,False,routine_legitimate,2011-12-26T06:15:26.602672515Z,consistent
v2_rr_0011549,True,evidence_inconsistency,2011-12-28T06:43:15.214287482Z,inconsistent
v2_rr_0011550,False,unusual_legitimate_purchase,2011-12-25T06:59:51.127918230Z,evidence_inconclusive
v2_rr_0011551,False,missing_evidence,2011-12-30T07:21:01.781920782Z,evidence_inconclusive
v2_rr_0011552,False,routine_legitimate,2012-01-01T07:22:52.842420962Z,consistent
v2_rr_0011553,True,serial_false_claim,2011-12-23T07:51:35.414128472Z,inconsistent
v2_rr_0011554,False,routine_legitimate,2011-12-31T08:48:12.737573601Z,consistent
v2_rr_0011555,False,routine_legitimate,2012-01-01T09:32:14.070200984Z,evidence_inconclusive
v2_rr_0011556,False,routine_legitimate,2011-12-29T10:30:44.645172110Z,consistent
v2_rr_0011557,True,repeated_claim_pattern,2011-12-28T10:40:43.637286822Z,evidence_inconclusive
v2_rr_0011558,False,routine_legitimate,2011-12-24T11:41:36.500820924Z,consistent
v2_rr_0011559,True,peer_deviation,2011-12-25T11:53:35.182121511Z,evidence_inconclusive
v2_rr_0011560,False,routine_legitimate,2011-12-29T12:53:08.697078812Z,consistent
v2_rr_0011561,True,claim_timing,2011-12-30T12:58:25.815227564Z,inconsistent
v2_rr_0011562,False,verifier_unavailable,2011-12-25T16:33:32.670968544Z,verifier_unavailable
v2_rr_0011563,True,claim_reason_inconsistency,2011-12-25T17:57:11.009534277Z,evidence_inconclusive
v2_rr_0011564,True,supporting_entity_pattern,2011-12-29T18:30:15.712371932Z,inconsistent
v2_rr_0011565,False,genuine_product_defect_burst,2011-12-29T20:59:53.288308639Z,consistent
v2_rr_0011566,False,routine_legitimate,2011-12-30T21:02:16.015089584Z,consistent
v2_rr_0011567,False,routine_legitimate,2011-12-30T22:13:52.082295400Z,consistent
v2_rr_0011568,False,routine_legitimate,2011-12-31T23:18:55.122583227Z,consistent
v2_rr_0011569,False,routine_legitimate,2011-12-31T23:20:03.040075723Z,consistent
v2_rr_0011570,False,routine_legitimate,2011-12-24T23:52:51.638980672Z,consistent
v2_rr_0011571,False,routine_legitimate,2011-12-27T00:15:00.463587409Z,consistent
v2_rr_0011572,False,high_value_loyal_customer,2011-12-25T00:32:44.739792327Z,consistent
v2_rr_0011573,False,first_time_refund,2011-12-27T01:43:35.319651424Z,consistent
v2_rr_0011574,False,routine_legitimate,2012-01-01T01:58:16.531051770Z,consistent
v2_rr_0011575,False,routine_legitimate,2012-01-02T03:13:15.814586816Z,consistent
v2_rr_0011576,False,routine_legitimate,2011-12-31T04:56:09.811733875Z,consistent
v2_rr_0011577,False,routine_legitimate,2011-12-25T07:45:20.257983027Z,consistent
v2_rr_0011578,False,routine_legitimate,2011-12-27T07:46:18.559561783Z,consistent
v2_rr_0011579,False,routine_legitimate,2011-12-25T08:45:31.167788856Z,consistent
v2_rr_0011580,False,routine_legitimate,2012-01-02T09:26:16.710920556Z,consistent
v2_rr_0011581,False,routine_legitimate,2011-12-31T10:22:36.112974318Z,consistent
v2_rr_0011582,False,routine_legitimate,2011-12-31T10:33:13.320665785Z,consistent
v2_rr_0011583,False,routine_legitimate,2011-12-31T12:01:08.217712827Z,consistent
v2_rr_0011584,False,routine_legitimate,2011-12-26T12:04:05.440961775Z,consistent
v2_rr_0011585,False,routine_legitimate,2011-12-28T12:15:33.404511201Z,consistent
v2_rr_0011586,False,routine_legitimate,2011-12-25T12:54:17.873022097Z,consistent
v2_rr_0011587,False,routine_legitimate,2012-01-01T13:41:14.990572388Z,consistent
v2_rr_0011588,False,routine_legitimate,2011-12-27T13:47:28.838421385Z,consistent
v2_rr_0011589,False,routine_legitimate,2011-12-25T17:27:37.260746341Z,consistent
v2_rr_0011590,False,cold_start_customer,2012-01-02T19:23:21.453242938Z,consistent
v2_rr_0011591,True,cross_category_escalation,2011-12-25T20:24:23.643724352Z,inconsistent
v2_rr_0011592,False,routine_legitimate,2011-12-31T22:04:18.847243436Z,consistent
v2_rr_0011593,False,routine_legitimate,2012-01-02T22:33:00.381680880Z,consistent
v2_rr_0011594,False,unusual_legitimate_purchase,2011-12-26T22:54:14.065216412Z,consistent
v2_rr_0011595,False,routine_legitimate,2011-12-25T23:38:36.428193729Z,consistent
v2_rr_0011596,False,routine_legitimate,2011-12-29T00:13:18.218782837Z,consistent
v2_rr_0011597,False,routine_legitimate,2011-12-27T00:49:19.572413102Z,consistent
v2_rr_0011598,False,missing_evidence,2012-01-01T01:10:34.265486493Z,evidence_inconclusive
v2_rr_0011599,False,routine_legitimate,2011-12-31T01:42:04.181746845Z,consistent
v2_rr_0011600,False,routine_legitimate,2011-12-29T02:14:49.848499878Z,consistent
v2_rr_0011601,False,verifier_unavailable,2011-12-29T02:29:40.703220356Z,verifier_unavailable
v2_rr_0011602,False,routine_legitimate,2011-12-25T02:53:02.070206340Z,consistent
v2_rr_0011603,False,genuine_product_defect_burst,2012-01-01T05:10:29.360988492Z,consistent
v2_rr_0011604,False,high_value_loyal_customer,2012-01-03T05:51:45.201934914Z,inconsistent
v2_rr_0011605,False,routine_legitimate,2012-01-02T05:56:08.232000156Z,consistent
v2_rr_0011606,False,first_time_refund,2012-01-02T06:52:50.545561645Z,consistent
v2_rr_0011607,False,cold_start_customer,2011-12-25T08:17:10.812621699Z,consistent
v2_rr_0011608,False,routine_legitimate,2011-12-31T08:41:44.116695266Z,consistent
v2_rr_0011609,False,routine_legitimate,2011-12-31T09:31:13.315403172Z,evidence_inconclusive
v2_rr_0011610,False,routine_legitimate,2011-12-30T10:51:30.654442754Z,consistent
v2_rr_0011611,False,routine_legitimate,2011-12-28T10:53:18.587053524Z,consistent
v2_rr_0011612,False,unusual_legitimate_purchase,2012-01-01T11:21:26.321780703Z,consistent
v2_rr_0011613,False,missing_evidence,2011-12-31T11:49:08.059324112Z,evidence_inconclusive
v2_rr_0011614,False,routine_legitimate,2011-12-27T12:14:21.280689357Z,consistent
v2_rr_0011615,False,verifier_unavailable,2011-12-30T12:37:21.508867334Z,verifier_unavailable
v2_rr_0011616,False,routine_legitimate,2011-12-25T13:24:10.381695451Z,consistent
v2_rr_0011617,True,evidence_inconsistency,2011-12-31T14:53:58.194884406Z,consistent
v2_rr_0011618,False,routine_legitimate,2011-12-29T15:02:21.960990423Z,consistent
v2_rr_0011619,False,routine_legitimate,2011-12-30T17:24:28.404643137Z,evidence_inconclusive
v2_rr_0011620,False,routine_legitimate,2012-01-02T17:39:28.184573274Z,consistent
v2_rr_0011621,False,routine_legitimate,2011-12-28T18:21:10.093103318Z,consistent
v2_rr_0011622,False,routine_legitimate,2011-12-29T19:31:13.402335122Z,consistent
v2_rr_0011623,False,routine_legitimate,2011-12-31T19:41:30.821112514Z,consistent
v2_rr_0011624,False,routine_legitimate,2012-01-03T19:52:52.058296854Z,consistent
v2_rr_0011625,False,routine_legitimate,2011-12-25T22:09:48.316314916Z,consistent
v2_rr_0011626,False,routine_legitimate,2011-12-30T23:39:33.368966835Z,consistent
v2_rr_0011627,False,routine_legitimate,2011-12-27T00:10:03.545647249Z,consistent
v2_rr_0011628,False,routine_legitimate,2012-01-03T00:48:19.914247938Z,consistent
v2_rr_0011629,False,genuine_product_defect_burst,2011-12-31T00:48:45.668118938Z,consistent
v2_rr_0011630,False,routine_legitimate,2011-12-31T02:23:18.612965060Z,consistent
v2_rr_0011631,False,routine_legitimate,2012-01-03T02:56:02.490199729Z,evidence_inconclusive
v2_rr_0011632,True,serial_false_claim,2012-01-03T02:57:39.037313983Z,inconsistent
v2_rr_0011633,False,routine_legitimate,2011-12-30T04:21:49.121779522Z,consistent
v2_rr_0011634,False,high_value_loyal_customer,2011-12-27T04:51:40.722036147Z,consistent
v2_rr_0011635,True,repeated_claim_pattern,2011-12-28T05:12:54.091256952Z,inconsistent
v2_rr_0011636,False,routine_legitimate,2011-12-27T06:05:58.510117184Z,inconsistent
v2_rr_0011637,True,peer_deviation,2011-12-28T06:08:58.759622814Z,inconsistent
v2_rr_0011638,True,claim_timing,2011-12-29T06:28:35.137565094Z,inconsistent
v2_rr_0011639,False,first_time_refund,2011-12-31T07:06:32.524834446Z,consistent
v2_rr_0011640,False,routine_legitimate,2012-01-01T12:31:31.537698324Z,consistent
v2_rr_0011641,False,routine_legitimate,2012-01-03T14:19:19.204662487Z,consistent
v2_rr_0011642,False,routine_legitimate,2011-12-31T14:44:34.918613324Z,consistent
v2_rr_0011643,True,claim_reason_inconsistency,2011-12-29T17:11:18.001073721Z,inconsistent
v2_rr_0011644,False,routine_legitimate,2012-01-04T17:57:25.513769198Z,consistent
v2_rr_0011645,False,cold_start_customer,2011-12-27T18:21:01.139194639Z,consistent
v2_rr_0011646,False,routine_legitimate,2011-12-26T18:24:46.292230750Z,consistent
v2_rr_0011647,False,routine_legitimate,2012-01-01T19:15:04.946693984Z,inconsistent
v2_rr_0011648,False,routine_legitimate,2012-01-02T20:28:03.788806946Z,inconsistent
v2_rr_0011649,False,unusual_legitimate_purchase,2011-12-28T20:33:41.364649404Z,inconsistent
v2_rr_0011650,False,routine_legitimate,2011-12-29T21:19:52.438394139Z,consistent
v2_rr_0011651,True,supporting_entity_pattern,2012-01-04T22:19:51.569087644Z,inconsistent
v2_rr_0011652,False,routine_legitimate,2012-01-04T23:44:02.052848372Z,consistent
v2_rr_0011653,False,routine_legitimate,2011-12-28T01:09:13.263473923Z,consistent
v2_rr_0011654,False,routine_legitimate,2011-12-28T01:13:03.930456964Z,inconsistent
v2_rr_0011655,False,routine_legitimate,2011-12-28T03:07:06.490364026Z,consistent
v2_rr_0011656,False,routine_legitimate,2012-01-05T04:00:13.515881686Z,consistent
v2_rr_0011657,False,missing_evidence,2012-01-04T05:30:42.435619581Z,evidence_inconclusive
v2_rr_0011658,True,cross_category_escalation,2012-01-02T05:45:23.269185279Z,inconsistent
v2_rr_0011659,False,routine_legitimate,2011-12-28T05:57:50.367842655Z,consistent
v2_rr_0011660,False,routine_legitimate,2012-01-03T08:05:49.731156283Z,consistent
v2_rr_0011661,False,routine_legitimate,2011-12-28T10:20:04.342096824Z,consistent
v2_rr_0011662,False,routine_legitimate,2011-12-27T10:21:01.373612473Z,consistent
v2_rr_0011663,False,routine_legitimate,2011-12-29T10:47:27.476447810Z,evidence_inconclusive
v2_rr_0011664,True,evidence_inconsistency,2012-01-03T11:09:52.891523907Z,consistent
v2_rr_0011665,False,routine_legitimate,2012-01-02T11:12:16.474312764Z,consistent
v2_rr_0011666,False,routine_legitimate,2012-01-05T11:58:33.655820462Z,consistent
v2_rr_0011667,False,routine_legitimate,2012-01-02T12:13:08.131718677Z,consistent
v2_rr_0011668,False,verifier_unavailable,2011-12-28T13:47:03.515632540Z,verifier_unavailable
v2_rr_0011669,False,routine_legitimate,2011-12-31T14:44:35.035088119Z,consistent
v2_rr_0011670,True,serial_false_claim,2012-01-01T16:44:51.469862176Z,inconsistent
v2_rr_0011671,False,routine_legitimate,2011-12-29T17:24:07.957266896Z,consistent
v2_rr_0011672,False,routine_legitimate,2011-12-30T19:09:33.924321126Z,consistent
v2_rr_0011673,False,routine_legitimate,2012-01-01T19:27:48.445023906Z,consistent
v2_rr_0011674,False,routine_legitimate,2011-12-28T19:47:51.713305046Z,consistent
v2_rr_0011675,True,repeated_claim_pattern,2012-01-01T19:52:04.044560748Z,inconsistent
v2_rr_0011676,False,routine_legitimate,2011-12-31T20:07:08.575822396Z,consistent
v2_rr_0011677,False,genuine_product_defect_burst,2011-12-29T21:28:41.339973346Z,consistent
v2_rr_0011678,False,high_value_loyal_customer,2011-12-27T21:41:09.078528693Z,consistent
v2_rr_0011679,False,routine_legitimate,2012-01-02T21:46:26.171202828Z,consistent
v2_rr_0011680,False,routine_legitimate,2012-01-02T23:21:43.691930484Z,consistent
v2_rr_0011681,False,routine_legitimate,2012-01-06T00:05:56.018233797Z,consistent
v2_rr_0011682,False,routine_legitimate,2011-12-29T00:47:03.620023874Z,consistent
v2_rr_0011683,False,routine_legitimate,2012-01-06T02:23:34.539002569Z,consistent
v2_rr_0011684,False,routine_legitimate,2012-01-04T02:48:36.603715090Z,consistent
v2_rr_0011685,False,routine_legitimate,2012-01-04T02:50:32.628818259Z,evidence_inconclusive
v2_rr_0011686,False,first_time_refund,2012-01-04T03:03:41.438994451Z,consistent
v2_rr_0011687,False,routine_legitimate,2011-12-29T03:23:56.892840318Z,consistent
v2_rr_0011688,False,routine_legitimate,2011-12-29T04:37:54.549515467Z,consistent
v2_rr_0011689,False,routine_legitimate,2012-01-05T07:22:34.074747934Z,consistent
v2_rr_0011690,False,cold_start_customer,2011-12-28T08:29:37.669790139Z,consistent
v2_rr_0011691,False,routine_legitimate,2012-01-01T09:18:50.361104537Z,consistent
v2_rr_0011692,False,routine_legitimate,2012-01-03T10:53:00.592241498Z,consistent
v2_rr_0011693,False,routine_legitimate,2012-01-04T12:12:39.613981564Z,consistent
v2_rr_0011694,False,unusual_legitimate_purchase,2012-01-05T13:59:09.220540444Z,consistent
v2_rr_0011695,False,routine_legitimate,2012-01-04T15:29:20.434915508Z,consistent
v2_rr_0011696,False,routine_legitimate,2011-12-28T16:21:29.489203414Z,consistent
v2_rr_0011697,False,routine_legitimate,2012-01-02T17:08:26.195351536Z,consistent
v2_rr_0011698,False,routine_legitimate,2011-12-30T17:35:19.399234221Z,consistent
v2_rr_0011699,False,routine_legitimate,2011-12-29T18:45:16.506547602Z,consistent
v2_rr_0011700,False,routine_legitimate,2012-01-05T19:47:57.960050058Z,consistent
v2_rr_0011701,False,missing_evidence,2012-01-02T19:58:26.856804339Z,evidence_inconclusive
v2_rr_0011702,False,routine_legitimate,2012-01-02T21:49:09.613022640Z,evidence_inconclusive
v2_rr_0011703,False,routine_legitimate,2011-12-31T23:43:27.077243767Z,consistent
v2_rr_0011704,False,verifier_unavailable,2012-01-04T23:52:07.479889928Z,verifier_unavailable
v2_rr_0011705,False,routine_legitimate,2012-01-04T23:54:45.153683127Z,consistent
v2_rr_0011706,False,genuine_product_defect_burst,2011-12-30T23:55:18.158018036Z,consistent
v2_rr_0011707,False,routine_legitimate,2011-12-30T00:21:54.686525599Z,consistent
v2_rr_0011708,False,routine_legitimate,2011-12-30T00:37:55.235010925Z,inconsistent
v2_rr_0011709,False,routine_legitimate,2012-01-01T02:27:08.818297225Z,consistent
v2_rr_0011710,False,routine_legitimate,2012-01-02T02:43:21.031475932Z,consistent
v2_rr_0011711,False,routine_legitimate,2012-01-07T03:18:42.648377977Z,consistent
v2_rr_0011712,False,routine_legitimate,2012-01-01T05:22:51.833393437Z,consistent
v2_rr_0011713,False,high_value_loyal_customer,2012-01-04T06:42:54.619385174Z,consistent
v2_rr_0011714,False,routine_legitimate,2011-12-30T08:07:14.435356605Z,consistent
v2_rr_0011715,False,routine_legitimate,2012-01-06T08:32:51.141899588Z,consistent
v2_rr_0011716,False,routine_legitimate,2011-12-31T08:45:26.233357903Z,inconsistent
v2_rr_0011717,False,first_time_refund,2012-01-07T09:17:26.400949063Z,consistent
v2_rr_0011718,False,routine_legitimate,2012-01-01T10:38:18.184442059Z,consistent
v2_rr_0011719,False,routine_legitimate,2011-12-31T10:40:39.760207246Z,consistent
v2_rr_0011720,False,routine_legitimate,2012-01-02T13:04:34.580654007Z,consistent
v2_rr_0011721,False,routine_legitimate,2011-12-30T13:30:53.828511205Z,evidence_inconclusive
v2_rr_0011722,False,routine_legitimate,2011-12-31T14:20:23.484425957Z,consistent
v2_rr_0011723,False,routine_legitimate,2011-12-30T15:34:53.398194507Z,consistent
v2_rr_0011724,False,routine_legitimate,2012-01-07T15:54:40.073901207Z,consistent
v2_rr_0011725,False,routine_legitimate,2012-01-06T16:31:31.305423460Z,consistent
v2_rr_0011726,False,routine_legitimate,2012-01-06T16:41:41.099070386Z,consistent
v2_rr_0011727,False,cold_start_customer,2012-01-06T17:10:32.043981141Z,consistent
v2_rr_0011728,False,unusual_legitimate_purchase,2012-01-05T17:22:17.172013544Z,consistent
v2_rr_0011729,False,routine_legitimate,2011-12-30T18:35:24.861296823Z,consistent
v2_rr_0011730,False,missing_evidence,2011-12-30T19:05:27.019590705Z,evidence_inconclusive
v2_rr_0011731,True,peer_deviation,2012-01-04T21:08:29.361792670Z,inconsistent
v2_rr_0011732,False,verifier_unavailable,2012-01-02T23:38:42.901163997Z,verifier_unavailable
v2_rr_0011733,False,routine_legitimate,2011-12-29T23:55:03.116326728Z,consistent
v2_rr_0011734,False,genuine_product_defect_burst,2011-12-31T01:11:45.272133836Z,consistent
v2_rr_0011735,False,routine_legitimate,2011-12-30T01:22:02.483533856Z,consistent
v2_rr_0011736,False,routine_legitimate,2012-01-06T01:48:13.299074811Z,consistent
v2_rr_0011737,False,routine_legitimate,2012-01-01T02:05:33.294916291Z,consistent
v2_rr_0011738,False,routine_legitimate,2012-01-07T02:16:21.840111848Z,consistent
v2_rr_0011739,False,high_value_loyal_customer,2011-12-30T02:37:01.678634433Z,consistent
v2_rr_0011740,False,routine_legitimate,2011-12-30T02:41:49.898409806Z,consistent
v2_rr_0011741,False,routine_legitimate,2012-01-05T02:51:43.980454272Z,consistent
v2_rr_0011742,False,routine_legitimate,2011-12-31T05:36:16.890257167Z,consistent
v2_rr_0011743,False,first_time_refund,2012-01-02T06:00:51.374466302Z,consistent
v2_rr_0011744,False,routine_legitimate,2012-01-08T06:15:23.287821366Z,consistent
v2_rr_0011745,True,claim_timing,2012-01-04T07:03:03.449607100Z,inconsistent
v2_rr_0011746,False,routine_legitimate,2012-01-01T07:11:16.710100321Z,evidence_inconclusive
v2_rr_0011747,False,routine_legitimate,2011-12-30T09:52:32.485608124Z,consistent
v2_rr_0011748,False,routine_legitimate,2012-01-05T10:29:37.405683320Z,consistent
v2_rr_0011749,False,routine_legitimate,2012-01-02T12:07:17.129651515Z,consistent
v2_rr_0011750,False,cold_start_customer,2012-01-01T12:35:46.102229382Z,consistent
v2_rr_0011751,False,routine_legitimate,2011-12-30T13:12:18.347319234Z,evidence_inconclusive
v2_rr_0011752,False,routine_legitimate,2011-12-31T13:33:34.370389915Z,consistent
v2_rr_0011753,False,routine_legitimate,2011-12-30T15:01:31.811340514Z,evidence_inconclusive
v2_rr_0011754,False,unusual_legitimate_purchase,2012-01-05T15:47:59.629094188Z,consistent
v2_rr_0011755,False,routine_legitimate,2012-01-02T16:53:01.912485639Z,consistent
v2_rr_0011756,False,routine_legitimate,2012-01-04T17:05:04.302058438Z,consistent
v2_rr_0011757,False,routine_legitimate,2012-01-06T18:01:28.533238736Z,consistent
v2_rr_0011758,False,routine_legitimate,2012-01-02T18:36:50.452449174Z,consistent
v2_rr_0011759,False,routine_legitimate,2011-12-31T19:01:12.729170342Z,consistent
v2_rr_0011760,True,claim_reason_inconsistency,2011-12-30T19:05:04.186988468Z,inconsistent
v2_rr_0011761,False,routine_legitimate,2012-01-03T20:24:10.168637870Z,consistent
v2_rr_0011762,False,routine_legitimate,2012-01-08T21:13:14.238441939Z,consistent
v2_rr_0011763,False,routine_legitimate,2012-01-06T23:40:39.858289274Z,evidence_inconclusive
v2_rr_0011764,False,routine_legitimate,2012-01-07T00:18:21.905797780Z,consistent
v2_rr_0011765,False,routine_legitimate,2012-01-06T01:10:20.695786336Z,consistent
v2_rr_0011766,True,supporting_entity_pattern,2012-01-04T01:51:21.120015638Z,consistent
v2_rr_0011767,True,cross_category_escalation,2012-01-03T02:01:01.704129004Z,inconsistent
v2_rr_0011768,False,routine_legitimate,2012-01-08T02:03:14.321738925Z,consistent
v2_rr_0011769,False,routine_legitimate,2012-01-05T02:46:40.632957267Z,consistent
v2_rr_0011770,False,routine_legitimate,2011-12-31T03:05:05.508992090Z,consistent
v2_rr_0011771,False,routine_legitimate,2012-01-03T06:00:48.048664274Z,consistent
v2_rr_0011772,False,routine_legitimate,2012-01-01T08:40:20.024412268Z,consistent
v2_rr_0011773,False,routine_legitimate,2012-01-04T09:13:50.524368784Z,consistent
v2_rr_0011774,False,missing_evidence,2012-01-04T10:00:02.290490905Z,evidence_inconclusive
v2_rr_0011775,False,routine_legitimate,2012-01-06T11:38:40.890833371Z,consistent
v2_rr_0011776,False,routine_legitimate,2012-01-02T12:52:04.907710714Z,consistent
v2_rr_0011777,False,routine_legitimate,2012-01-06T13:44:36.557616865Z,consistent
v2_rr_0011778,False,routine_legitimate,2012-01-04T15:05:07.628543905Z,evidence_inconclusive
v2_rr_0011779,True,evidence_inconsistency,2012-01-07T16:50:37.921809132Z,inconsistent
v2_rr_0011780,False,routine_legitimate,2012-01-08T19:54:18.723141073Z,consistent
v2_rr_0011781,True,serial_false_claim,2012-01-03T20:28:11.544116170Z,consistent
v2_rr_0011782,False,routine_legitimate,2012-01-04T21:46:13.226890928Z,consistent
v2_rr_0011783,False,routine_legitimate,2012-01-06T21:55:52.027928530Z,consistent
v2_rr_0011784,True,repeated_claim_pattern,2012-01-07T22:35:39.820278055Z,inconsistent
v2_rr_0011785,False,routine_legitimate,2012-01-08T01:48:28.675983727Z,consistent
v2_rr_0011786,False,routine_legitimate,2012-01-04T02:31:43.656001039Z,consistent
v2_rr_0011787,False,routine_legitimate,2012-01-07T03:22:03.665695335Z,consistent
v2_rr_0011788,False,routine_legitimate,2012-01-09T06:05:37.078754376Z,consistent
v2_rr_0011789,False,routine_legitimate,2012-01-04T07:00:10.064660818Z,inconsistent
v2_rr_0011790,False,routine_legitimate,2012-01-09T07:20:43.037606869Z,consistent
v2_rr_0011791,False,verifier_unavailable,2012-01-09T07:50:33.572083357Z,verifier_unavailable
v2_rr_0011792,False,routine_legitimate,2012-01-01T08:52:16.825405051Z,consistent
v2_rr_0011793,False,routine_legitimate,2012-01-09T09:16:06.769951201Z,consistent
v2_rr_0011794,False,genuine_product_defect_burst,2012-01-09T10:21:45.704605521Z,consistent
v2_rr_0011795,False,routine_legitimate,2012-01-10T11:22:29.840036965Z,consistent
v2_rr_0011796,False,routine_legitimate,2012-01-09T13:48:29.921023636Z,consistent
v2_rr_0011797,False,routine_legitimate,2012-01-08T15:36:57.340193083Z,consistent
v2_rr_0011798,False,routine_legitimate,2012-01-10T16:38:20.803171596Z,consistent
v2_rr_0011799,False,high_value_loyal_customer,2012-01-09T16:50:27.584043175Z,consistent
v2_rr_0011800,False,first_time_refund,2012-01-08T16:57:04.774851051Z,consistent
v2_rr_0011801,False,routine_legitimate,2012-01-10T19:57:18.084453118Z,consistent
v2_rr_0011802,False,routine_legitimate,2012-01-01T20:37:59.365459383Z,consistent
v2_rr_0011803,False,routine_legitimate,2012-01-03T20:38:56.288707670Z,consistent
v2_rr_0011804,False,routine_legitimate,2012-01-09T01:52:45.123732962Z,consistent
v2_rr_0011805,False,routine_legitimate,2012-01-03T02:44:23.034282854Z,consistent
v2_rr_0011806,False,routine_legitimate,2012-01-06T02:54:13.878815152Z,inconsistent
v2_rr_0011807,False,routine_legitimate,2012-01-11T04:04:07.979387817Z,consistent
v2_rr_0011808,False,cold_start_customer,2012-01-07T04:45:39.106683385Z,consistent
v2_rr_0011809,False,routine_legitimate,2012-01-11T05:25:00.218852642Z,consistent
v2_rr_0011810,False,routine_legitimate,2012-01-06T08:15:57.604619473Z,consistent
v2_rr_0011811,False,routine_legitimate,2012-01-10T08:42:23.265507784Z,consistent
v2_rr_0011812,True,peer_deviation,2012-01-06T09:05:17.271313044Z,evidence_inconclusive
v2_rr_0011813,False,routine_legitimate,2012-01-03T12:02:45.228921565Z,consistent
v2_rr_0011814,False,routine_legitimate,2012-01-06T13:33:05.888648840Z,consistent
v2_rr_0011815,False,unusual_legitimate_purchase,2012-01-09T15:09:28.514140711Z,consistent
v2_rr_0011816,False,routine_legitimate,2012-01-06T15:12:16.501660096Z,consistent
v2_rr_0011817,False,routine_legitimate,2012-01-10T15:37:22.177911354Z,consistent
v2_rr_0011818,True,claim_timing,2012-01-02T17:03:53.661084338Z,consistent
v2_rr_0011819,False,routine_legitimate,2012-01-02T17:36:44.380338924Z,consistent
v2_rr_0011820,False,routine_legitimate,2012-01-05T20:44:49.513827721Z,evidence_inconclusive
v2_rr_0011821,False,routine_legitimate,2012-01-09T20:47:50.822672275Z,consistent
v2_rr_0011822,False,missing_evidence,2012-01-06T22:31:47.968385982Z,evidence_inconclusive
v2_rr_0011823,False,routine_legitimate,2012-01-12T00:41:18.697178268Z,consistent
v2_rr_0011824,False,routine_legitimate,2012-01-12T01:44:37.336395828Z,consistent
v2_rr_0011825,False,routine_legitimate,2012-01-04T01:57:03.223221177Z,consistent
v2_rr_0011826,False,routine_legitimate,2012-01-10T02:14:55.137937898Z,consistent
v2_rr_0011827,False,verifier_unavailable,2012-01-08T02:33:15.469523956Z,verifier_unavailable
v2_rr_0011828,False,genuine_product_defect_burst,2012-01-08T02:51:39.441529707Z,consistent
v2_rr_0011829,False,routine_legitimate,2012-01-05T03:26:59.302010600Z,consistent
v2_rr_0011830,False,routine_legitimate,2012-01-08T04:36:50.301477110Z,consistent
v2_rr_0011831,True,claim_reason_inconsistency,2012-01-04T06:13:29.320086290Z,consistent
v2_rr_0011832,True,supporting_entity_pattern,2012-01-10T08:36:58.903278376Z,inconsistent
v2_rr_0011833,True,cross_category_escalation,2012-01-03T08:48:46.214982910Z,consistent
v2_rr_0011834,False,high_value_loyal_customer,2012-01-11T12:55:17.168505711Z,inconsistent
v2_rr_0011835,False,routine_legitimate,2012-01-06T13:36:29.371988076Z,evidence_inconclusive
v2_rr_0011836,False,first_time_refund,2012-01-09T13:42:21.597336783Z,consistent
v2_rr_0011837,False,routine_legitimate,2012-01-09T14:48:56.390463394Z,consistent
v2_rr_0011838,True,evidence_inconsistency,2012-01-04T15:12:20.485586928Z,consistent
v2_rr_0011839,False,routine_legitimate,2012-01-03T15:13:37.502430480Z,consistent
v2_rr_0011840,False,routine_legitimate,2012-01-06T16:47:57.048592243Z,consistent
v2_rr_0011841,False,routine_legitimate,2012-01-12T19:12:13.796237779Z,consistent
v2_rr_0011842,False,routine_legitimate,2012-01-04T19:21:45.949638404Z,consistent
v2_rr_0011843,False,routine_legitimate,2012-01-12T19:44:36.481805348Z,consistent
v2_rr_0011844,False,routine_legitimate,2012-01-05T20:27:16.115048374Z,consistent
v2_rr_0011845,False,routine_legitimate,2012-01-06T20:47:18.048657118Z,consistent
v2_rr_0011846,False,routine_legitimate,2012-01-12T21:00:08.766609428Z,consistent
v2_rr_0011847,False,routine_legitimate,2012-01-11T21:30:33.824120103Z,consistent
v2_rr_0011848,False,cold_start_customer,2012-01-11T22:14:58.867142584Z,consistent
v2_rr_0011849,False,unusual_legitimate_purchase,2012-01-06T22:48:42.204825930Z,consistent
v2_rr_0011850,False,missing_evidence,2012-01-04T22:55:50.253588393Z,evidence_inconclusive
v2_rr_0011851,False,routine_legitimate,2012-01-06T23:44:31.420786323Z,evidence_inconclusive
v2_rr_0011852,True,serial_false_claim,2012-01-07T02:49:49.388696177Z,inconsistent
v2_rr_0011853,False,verifier_unavailable,2012-01-13T04:27:36.733346281Z,verifier_unavailable
v2_rr_0011854,False,genuine_product_defect_burst,2012-01-08T05:33:35.067033028Z,consistent
v2_rr_0011855,False,routine_legitimate,2012-01-13T05:53:55.330324508Z,consistent
v2_rr_0011856,False,high_value_loyal_customer,2012-01-07T09:12:52.821902170Z,consistent
v2_rr_0011857,False,routine_legitimate,2012-01-09T13:02:00.451404880Z,consistent
v2_rr_0011858,True,repeated_claim_pattern,2012-01-04T13:27:00.058001697Z,inconsistent
v2_rr_0011859,False,routine_legitimate,2012-01-09T14:23:27.615899689Z,consistent
v2_rr_0011860,False,routine_legitimate,2012-01-09T17:36:06.592205334Z,consistent
v2_rr_0011861,False,routine_legitimate,2012-01-12T17:43:11.980498017Z,consistent
v2_rr_0011862,False,routine_legitimate,2012-01-09T18:29:16.027893102Z,consistent
v2_rr_0011863,True,peer_deviation,2012-01-13T19:05:36.673211875Z,inconsistent
v2_rr_0011864,False,routine_legitimate,2012-01-04T19:34:07.948924555Z,consistent
v2_rr_0011865,False,routine_legitimate,2012-01-11T19:56:17.042053890Z,consistent
v2_rr_0011866,False,routine_legitimate,2012-01-11T23:19:37.420282969Z,consistent
v2_rr_0011867,False,routine_legitimate,2012-01-08T23:53:55.829698567Z,inconsistent
v2_rr_0011868,False,routine_legitimate,2012-01-09T00:05:17.805491544Z,consistent
v2_rr_0011869,False,routine_legitimate,2012-01-10T01:44:48.440377418Z,consistent
v2_rr_0011870,True,claim_timing,2012-01-07T02:24:25.014468463Z,inconsistent
v2_rr_0011871,False,routine_legitimate,2012-01-14T07:14:09.834927078Z,consistent
v2_rr_0011872,False,first_time_refund,2012-01-09T08:21:48.757750986Z,consistent
v2_rr_0011873,True,claim_reason_inconsistency,2012-01-14T08:25:41.594390032Z,inconsistent
v2_rr_0011874,False,cold_start_customer,2012-01-05T08:39:14.511434980Z,consistent
v2_rr_0011875,False,unusual_legitimate_purchase,2012-01-10T10:26:02.248678711Z,consistent
v2_rr_0011876,False,routine_legitimate,2012-01-06T11:36:04.602161680Z,consistent
v2_rr_0011877,False,routine_legitimate,2012-01-11T14:04:20.587865470Z,consistent
v2_rr_0011878,False,routine_legitimate,2012-01-09T14:26:51.014475391Z,consistent
v2_rr_0011879,False,missing_evidence,2012-01-13T16:29:28.766758586Z,evidence_inconclusive
v2_rr_0011880,False,routine_legitimate,2012-01-06T17:25:15.593329171Z,consistent
v2_rr_0011881,False,routine_legitimate,2012-01-11T19:35:29.783570211Z,consistent
v2_rr_0011882,True,supporting_entity_pattern,2012-01-07T20:41:04.500608128Z,inconsistent
v2_rr_0011883,True,cross_category_escalation,2012-01-06T20:41:09.304588888Z,inconsistent
v2_rr_0011884,False,routine_legitimate,2012-01-10T23:10:37.528746266Z,consistent
v2_rr_0011885,False,routine_legitimate,2012-01-13T23:31:10.296533397Z,consistent
v2_rr_0011886,False,routine_legitimate,2012-01-08T00:38:06.238693756Z,consistent
v2_rr_0011887,False,routine_legitimate,2012-01-14T05:25:14.601111596Z,consistent
v2_rr_0011888,False,verifier_unavailable,2012-01-15T07:29:41.365769430Z,verifier_unavailable
v2_rr_0011889,False,routine_legitimate,2012-01-10T08:43:13.708470620Z,consistent
v2_rr_0011890,False,routine_legitimate,2012-01-15T08:59:40.082585404Z,consistent
v2_rr_0011891,False,genuine_product_defect_burst,2012-01-14T09:12:22.077246921Z,inconsistent
v2_rr_0011892,False,high_value_loyal_customer,2012-01-06T10:08:49.909638775Z,consistent
v2_rr_0011893,False,first_time_refund,2012-01-06T10:08:58.080589350Z,consistent
v2_rr_0011894,False,routine_legitimate,2012-01-15T11:03:12.982621998Z,consistent
v2_rr_0011895,False,routine_legitimate,2012-01-07T18:07:55.220482506Z,consistent
v2_rr_0011896,False,routine_legitimate,2012-01-13T18:28:56.469769988Z,consistent
v2_rr_0011897,False,cold_start_customer,2012-01-09T19:35:28.735522688Z,consistent
v2_rr_0011898,False,routine_legitimate,2012-01-08T23:07:28.844218250Z,consistent
v2_rr_0011899,False,routine_legitimate,2012-01-11T23:35:21.373951755Z,consistent
v2_rr_0011900,False,unusual_legitimate_purchase,2012-01-15T01:35:44.932922313Z,consistent
v2_rr_0011901,False,missing_evidence,2012-01-09T01:50:41.885021659Z,evidence_inconclusive
v2_rr_0011902,False,verifier_unavailable,2012-01-09T02:56:08.355454238Z,verifier_unavailable
v2_rr_0011903,False,genuine_product_defect_burst,2012-01-08T06:38:43.021525393Z,consistent
v2_rr_0011904,False,routine_legitimate,2012-01-14T08:47:48.681761618Z,consistent
v2_rr_0011905,False,routine_legitimate,2012-01-12T11:47:33.229439503Z,consistent
v2_rr_0011906,False,routine_legitimate,2012-01-15T11:54:33.288996049Z,consistent
v2_rr_0011907,False,routine_legitimate,2012-01-10T13:01:16.816888544Z,consistent
v2_rr_0011908,False,routine_legitimate,2012-01-14T13:03:41.245153678Z,consistent
v2_rr_0011909,False,routine_legitimate,2012-01-07T13:48:03.065244562Z,consistent
v2_rr_0011910,False,high_value_loyal_customer,2012-01-08T14:00:45.032024409Z,consistent
v2_rr_0011911,True,evidence_inconsistency,2012-01-09T14:56:27.288857769Z,consistent
v2_rr_0011912,False,routine_legitimate,2012-01-08T15:02:01.365665143Z,consistent
v2_rr_0011913,False,routine_legitimate,2012-01-07T15:07:44.729590348Z,consistent
v2_rr_0011914,False,routine_legitimate,2012-01-09T15:54:00.578257317Z,consistent
v2_rr_0011915,False,routine_legitimate,2012-01-16T16:46:18.268532176Z,consistent
v2_rr_0011916,False,routine_legitimate,2012-01-14T18:48:27.515606034Z,consistent
v2_rr_0011917,False,routine_legitimate,2012-01-14T19:07:24.878912250Z,evidence_inconclusive
v2_rr_0011918,False,routine_legitimate,2012-01-12T19:46:09.582679350Z,consistent
v2_rr_0011919,False,routine_legitimate,2012-01-09T23:07:49.525958145Z,consistent
v2_rr_0011920,False,routine_legitimate,2012-01-08T23:53:09.985092080Z,consistent
v2_rr_0011921,False,routine_legitimate,2012-01-09T01:12:01.392313062Z,consistent
v2_rr_0011922,False,routine_legitimate,2012-01-14T05:32:11.553945175Z,inconsistent
v2_rr_0011923,False,first_time_refund,2012-01-12T07:08:58.945686506Z,consistent
v2_rr_0011924,False,cold_start_customer,2012-01-11T07:34:18.996307446Z,consistent
v2_rr_0011925,False,routine_legitimate,2012-01-12T08:00:38.208458823Z,consistent
v2_rr_0011926,False,routine_legitimate,2012-01-13T08:09:48.401191743Z,consistent
v2_rr_0011927,False,routine_legitimate,2012-01-08T11:51:16.571698972Z,consistent
v2_rr_0011928,True,serial_false_claim,2012-01-10T12:03:08.349290368Z,inconsistent
v2_rr_0011929,False,routine_legitimate,2012-01-08T15:27:21.789315308Z,consistent
v2_rr_0011930,False,routine_legitimate,2012-01-17T16:07:01.157907387Z,consistent
v2_rr_0011931,False,routine_legitimate,2012-01-12T17:06:59.037804195Z,consistent
v2_rr_0011932,False,routine_legitimate,2012-01-17T21:55:11.514112858Z,consistent
v2_rr_0011933,False,unusual_legitimate_purchase,2012-01-14T22:42:19.280966511Z,consistent
v2_rr_0011934,False,routine_legitimate,2012-01-08T23:46:13.610616086Z,consistent
v2_rr_0011935,False,missing_evidence,2012-01-09T00:46:32.277291034Z,evidence_inconclusive
v2_rr_0011936,False,routine_legitimate,2012-01-14T04:28:34.276996080Z,consistent
v2_rr_0011937,False,routine_legitimate,2012-01-14T17:35:29.651155156Z,inconsistent
v2_rr_0011938,False,routine_legitimate,2012-01-13T21:43:45.370616373Z,consistent
v2_rr_0011939,False,routine_legitimate,2012-01-19T01:24:38.182441292Z,consistent
v2_rr_0011940,True,repeated_claim_pattern,2012-01-11T04:02:15.156975897Z,evidence_inconclusive
v2_rr_0011941,False,routine_legitimate,2012-01-17T07:23:19.615919940Z,evidence_inconclusive
v2_rr_0011942,True,peer_deviation,2012-01-12T08:41:30.568057248Z,inconsistent
v2_rr_0011943,False,routine_legitimate,2012-01-18T08:43:46.888082036Z,consistent
v2_rr_0011944,False,routine_legitimate,2012-01-11T09:26:38.353291238Z,inconsistent
v2_rr_0011945,False,routine_legitimate,2012-01-17T09:55:57.913708654Z,consistent
v2_rr_0011946,False,routine_legitimate,2012-01-12T11:53:26.662597040Z,consistent
v2_rr_0011947,False,routine_legitimate,2012-01-11T12:26:01.615828244Z,consistent
v2_rr_0011948,False,routine_legitimate,2012-01-13T12:27:31.544709002Z,consistent
v2_rr_0011949,False,verifier_unavailable,2012-01-19T16:37:51.170910128Z,verifier_unavailable
v2_rr_0011950,False,routine_legitimate,2012-01-10T17:09:35.570352109Z,evidence_inconclusive
v2_rr_0011951,False,routine_legitimate,2012-01-18T17:52:22.937387625Z,consistent
v2_rr_0011952,False,routine_legitimate,2012-01-17T19:03:02.134891353Z,consistent
v2_rr_0011953,False,routine_legitimate,2012-01-10T19:31:29.494715565Z,consistent
v2_rr_0011954,False,genuine_product_defect_burst,2012-01-14T01:18:24.759415626Z,consistent
v2_rr_0011955,False,routine_legitimate,2012-01-14T02:14:07.088778366Z,consistent
v2_rr_0011956,True,claim_timing,2012-01-15T03:37:28.705449584Z,inconsistent
v2_rr_0011957,False,routine_legitimate,2012-01-20T05:05:23.587907365Z,consistent
v2_rr_0011958,True,claim_reason_inconsistency,2012-01-14T06:13:49.635231586Z,inconsistent
v2_rr_0011959,False,routine_legitimate,2012-01-14T08:23:34.838606234Z,consistent
v2_rr_0011960,False,routine_legitimate,2012-01-14T08:38:54.452829949Z,consistent
v2_rr_0011961,False,routine_legitimate,2012-01-20T10:27:00.473572514Z,consistent
v2_rr_0011962,False,routine_legitimate,2012-01-17T12:29:18.082251144Z,consistent
v2_rr_0011963,False,high_value_loyal_customer,2012-01-11T12:30:02.425934760Z,inconsistent
v2_rr_0011964,False,routine_legitimate,2012-01-15T12:44:01.235520426Z,consistent
v2_rr_0011965,False,routine_legitimate,2012-01-20T17:36:24.762535336Z,consistent
v2_rr_0011966,False,routine_legitimate,2012-01-16T21:01:26.417585793Z,consistent
v2_rr_0011967,False,routine_legitimate,2012-01-16T23:01:40.256826561Z,consistent
v2_rr_0011968,False,routine_legitimate,2012-01-18T02:19:09.365725460Z,consistent
v2_rr_0011969,False,routine_legitimate,2012-01-20T03:14:04.344266570Z,consistent
v2_rr_0011970,False,first_time_refund,2012-01-20T07:44:17.913550914Z,consistent
v2_rr_0011971,False,routine_legitimate,2012-01-14T11:10:33.423921977Z,consistent
v2_rr_0011972,False,routine_legitimate,2012-01-19T18:06:05.115496710Z,consistent
v2_rr_0011973,False,routine_legitimate,2012-01-17T19:56:25.750087472Z,consistent
v2_rr_0011974,False,routine_legitimate,2012-01-19T20:32:15.201222536Z,consistent
v2_rr_0011975,False,routine_legitimate,2012-01-20T23:41:57.228303724Z,consistent
v2_rr_0011976,False,routine_legitimate,2012-01-20T00:17:25.488725056Z,consistent
v2_rr_0011977,False,routine_legitimate,2012-01-15T08:07:47.020136978Z,consistent
v2_rr_0011978,False,routine_legitimate,2012-01-19T12:02:49.336879845Z,consistent
v2_rr_0011979,False,routine_legitimate,2012-01-18T12:20:14.949681591Z,consistent
v2_rr_0011980,False,cold_start_customer,2012-01-17T15:40:52.235423541Z,inconsistent
v2_rr_0011981,False,routine_legitimate,2012-01-15T21:54:25.776616363Z,consistent
v2_rr_0011982,True,supporting_entity_pattern,2012-01-22T07:01:42.404194311Z,consistent
v2_rr_0011983,False,routine_legitimate,2012-01-17T08:37:12.284505518Z,consistent
v2_rr_0011984,False,routine_legitimate,2012-01-19T14:10:00.942387900Z,consistent
v2_rr_0011985,False,routine_legitimate,2012-01-21T18:49:38.079671007Z,consistent
v2_rr_0011986,False,unusual_legitimate_purchase,2012-01-22T02:02:54.502873444Z,consistent
v2_rr_0011987,False,routine_legitimate,2012-01-18T05:20:36.484533705Z,consistent
v2_rr_0011988,False,routine_legitimate,2012-01-20T14:03:26.215107411Z,consistent
v2_rr_0011989,False,routine_legitimate,2012-01-20T21:59:23.837106147Z,consistent
v2_rr_0011990,False,routine_legitimate,2012-01-22T23:26:38.469446606Z,consistent
v2_rr_0011991,False,routine_legitimate,2012-01-19T03:34:00.560419332Z,consistent
v2_rr_0011992,False,routine_legitimate,2012-01-24T07:46:57.432717699Z,evidence_inconclusive
v2_rr_0011993,False,routine_legitimate,2012-01-21T13:38:38.045474058Z,inconsistent
v2_rr_0011994,False,routine_legitimate,2012-01-18T19:25:37.064836666Z,consistent
v2_rr_0011995,False,routine_legitimate,2012-01-24T04:59:38.686068669Z,consistent
v2_rr_0011996,True,cross_category_escalation,2012-01-20T09:26:15.886646614Z,inconsistent
v2_rr_0011997,True,evidence_inconsistency,2012-01-25T20:42:27.109759573Z,inconsistent
v2_rr_0011998,False,missing_evidence,2012-01-23T15:51:12.533899924Z,evidence_inconclusive
v2_rr_0011999,False,routine_legitimate,2012-01-20T00:45:56.632572744Z,consistent
