customer_id,created_at,country,account_status
cus_380d49d50bf43fb9,2009-12-13T08:34:00Z,United Kingdom,active
cus_1476150932503153,2010-10-30T14:20:00Z,Iceland,active
cus_a9330a5154c69a43,2010-09-26T14:59:00Z,Finland,active
cus_f8c774e7a9ae9f1d,2009-12-03T12:49:00Z,Italy,active
cus_bfb699ab1c872a15,2011-02-01T16:01:00Z,Norway,active
cus_99cb4ae125873718,2010-11-11T10:20:00Z,Norway,active
cus_bd31dfe7113199b9,2010-10-10T09:42:00Z,Portugal,active
cus_4414ad0cc88906db,2010-11-15T10:05:00Z,Switzerland,active
cus_cd1e8cac35faf9e0,2009-12-07T07:59:00Z,Austria,active
cus_70a676e841a6a7de,2009-12-04T13:32:00Z,Cyprus,active
cus_867748f8909380f6,2010-02-21T09:32:00Z,Austria,active
cus_78f6d3a50e5ec714,2010-01-25T14:37:00Z,Belgium,active
cus_c50a51d8e904625d,2009-11-30T10:10:00Z,Belgium,active
cus_96a43f27a2a7dac4,2011-08-18T15:24:00Z,Belgium,active
cus_54c1038b5cb9f000,2010-03-07T08:09:00Z,Austria,active
cus_34a7bc692f672c8c,2010-02-08T09:41:00Z,Austria,active
cus_1b388ff341a7d687,2010-03-03T18:23:00Z,Switzerland,active
cus_e270a8e982dd96f1,2010-02-03T12:08:00Z,Austria,active
cus_e33aa5380232cd8d,2010-04-29T14:01:00Z,Austria,active
cus_a37f2b11bbfba1d7,2010-10-17T08:42:00Z,Switzerland,active
cus_6571d3b883a5de2c,2010-04-28T15:34:00Z,Switzerland,active
cus_72a8aee49c47bce8,2010-05-25T14:07:00Z,Switzerland,active
cus_f7bb6b6224b51b13,2010-06-22T12:49:00Z,Belgium,active
cus_82f857bce72d108b,2010-02-14T12:05:00Z,Belgium,active
cus_97c508b2f9718a96,2010-12-21T14:28:00Z,Belgium,active
cus_748b1efd6633e81e,2010-12-07T09:53:00Z,Australia,active
cus_4c263a80e5526eb6,2010-05-05T12:54:00Z,Australia,active
cus_a0452a2fa2ef06c2,2011-09-20T09:33:00Z,Belgium,active
cus_f0f22bb5a7cadd36,2010-10-06T13:49:00Z,Australia,active
cus_2a74085f85fdd487,2010-04-15T10:16:00Z,Belgium,active
cus_88786ebc52e19b0d,2010-02-02T13:22:00Z,RSA,active
cus_ce09c51c160c9c8e,2011-10-24T10:27:00Z,Switzerland,active
cus_68ecbf3e72511056,2010-03-04T08:45:00Z,Belgium,active
cus_42227f12b7fa4db9,2010-10-20T13:45:00Z,Australia,active
cus_f16e60c7b35c873f,2011-02-08T13:50:00Z,Belgium,active
cus_ac872ffdf439d637,2010-02-06T12:41:00Z,Belgium,active
cus_2a5c415bd69d6479,2010-07-05T11:39:00Z,Denmark,active
cus_1680d1adf13a69af,2010-01-10T14:04:00Z,Denmark,active
cus_bc2b75257004227b,2011-03-19T13:21:00Z,Belgium,active
cus_229ed25c09490f4a,2010-07-28T13:27:00Z,Belgium,active
cus_e44f180b7b48752f,2010-05-22T15:21:00Z,Switzerland,active
cus_36392b786bb55be4,2010-06-17T13:22:00Z,Denmark,active
cus_a4c6bdeb28821d0c,2010-11-01T13:26:00Z,Spain,active
cus_00cf655c5aaa2e44,2010-09-01T12:22:00Z,Austria,active
cus_fc482dba4dce060e,2010-06-29T08:30:00Z,Australia,active
cus_e341cc4ee468825c,2010-02-20T10:19:00Z,Australia,active
cus_2acf6803167e7e47,2009-12-05T10:30:00Z,Belgium,active
cus_71daa2e80e2fce53,2010-10-21T10:40:00Z,Spain,active
cus_bf96e696685ac920,2010-07-21T13:57:00Z,Spain,active
cus_ec92b8c64e1ac8e9,2009-12-17T12:44:00Z,Australia,active
cus_ecd96d84cf1e98cd,2010-08-30T09:31:00Z,Denmark,active
cus_f302925812a3cd1d,2009-12-06T14:43:00Z,Australia,active
cus_216ac3d1e6c0c88e,2010-12-02T10:44:00Z,Germany,active
cus_df401e7b2048176a,2011-02-28T09:33:00Z,Finland,active
cus_c16fe2713b98288a,2010-06-10T13:28:00Z,Denmark,active
cus_dc9ed09a2e1e8586,2010-01-14T09:04:00Z,Belgium,active
cus_17e4702dc22bc102,2011-06-19T13:27:00Z,Norway,active
cus_8881e46ae9375249,2010-08-19T09:23:00Z,Norway,active
cus_c5dda1c18297eb63,2010-11-22T13:38:00Z,Australia,active
cus_1de9185b3862704b,2009-12-01T13:58:00Z,Denmark,active
cus_89617f78ecf73736,2009-12-01T16:24:00Z,France,active
cus_70fa4c9b15b1545a,2009-12-21T12:03:00Z,Austria,active
cus_3ad0740f948648a2,2011-06-20T14:00:00Z,Norway,active
cus_ffe2845dad770453,2010-10-14T12:28:00Z,Spain,active
cus_038ecb9c322ca2c4,2010-09-26T09:37:00Z,Denmark,active
cus_be9ac2d7367ef2d7,2010-08-21T13:11:00Z,Spain,active
cus_9402a64a942d4be0,2010-06-27T12:58:00Z,Switzerland,active
cus_ebfa525604e130e0,2010-01-25T16:24:00Z,Spain,active
cus_5d1c110eea1a206f,2009-12-17T12:33:00Z,Cyprus,active
cus_cdbeb000bef5717b,2011-03-29T09:12:00Z,Switzerland,active
cus_21dfee5c00cd71c3,2010-09-29T17:59:00Z,Switzerland,active
cus_443fe248973f571a,2010-08-08T10:33:00Z,Switzerland,active
cus_bea1e8e11e0323aa,2011-04-11T12:47:00Z,Belgium,active
cus_dd54d377db83ee1b,2011-02-02T13:30:00Z,Belgium,active
cus_79a45b071bf5f012,2010-01-18T12:13:00Z,Germany,active
cus_34371dc52c585da0,2009-12-01T14:43:00Z,Germany,active
cus_1068684a19fdd373,2009-12-08T10:47:00Z,Germany,active
cus_f2b6ca695c0e855b,2011-05-31T10:15:00Z,Germany,active
cus_b11b13ee72bf7f0f,2010-02-10T09:41:00Z,Germany,active
cus_25543c608732100b,2010-07-25T09:04:00Z,Germany,active
cus_d83417ec28a50c85,2010-03-25T14:01:00Z,Germany,active
cus_6ac09c686a58fff0,2011-11-27T13:26:00Z,Germany,active
cus_3f5aefeb80501c00,2010-07-19T13:21:00Z,Germany,active
cus_ba989bb431d49565,2010-04-10T13:10:00Z,Germany,active
cus_45d2ed7d58310fa9,2010-02-23T10:24:00Z,Sweden,active
cus_230e38b0137a29b9,2010-01-30T13:28:00Z,Sweden,active
cus_7e841e43940e44c7,2009-12-02T10:57:00Z,Spain,active
cus_e3096e07980aa353,2010-06-27T15:22:00Z,Sweden,active
cus_3e1d66f16fb35d15,2010-10-03T12:14:00Z,Sweden,active
cus_9691e8c51865f146,2009-11-30T12:52:00Z,France,active
cus_488a10e3d1868d78,2011-05-25T14:53:00Z,France,active
cus_103e73101bd1d3a3,2010-05-11T13:52:00Z,France,active
cus_21622a0c13c03181,2010-03-28T13:57:00Z,Spain,active
cus_5bd047259e38d1c3,2010-01-25T17:21:00Z,Germany,active
cus_b28b44ff9a8bee81,2011-10-12T09:30:00Z,Germany,active
cus_c5517fbf1dd1d920,2010-02-03T15:05:00Z,Germany,active
cus_e74eee0759c5ecb9,2011-01-06T12:28:00Z,Germany,active
cus_eec2a1981878ba54,2011-02-02T10:41:00Z,Spain,active
cus_b5480566e91133ec,2010-04-21T10:24:00Z,Germany,active
cus_bc51fab388699752,2010-05-03T09:23:00Z,Spain,active
cus_82248f3194301365,2009-12-03T13:47:00Z,Spain,active
cus_698165adb4a6e5e6,2011-10-03T14:53:00Z,Israel,active
cus_1d9bbd9145500343,2011-08-18T10:51:00Z,France,active
cus_1c1a2f2c217bd143,2010-03-07T12:18:00Z,Italy,active
cus_4487a99c264aee7a,2010-04-18T14:14:00Z,Germany,active
cus_ae3fc0e5ad3ee383,2011-06-01T15:13:00Z,Germany,active
cus_63b7151695b8b6a7,2011-03-10T11:35:00Z,Germany,active
cus_587e7e4d66da26b5,2011-07-19T10:51:00Z,Germany,active
cus_56d841639ba55b19,2011-10-18T14:41:00Z,Germany,active
cus_a760ec3014b3dbc6,2009-12-01T10:28:00Z,France,active
cus_782464bd48594545,2010-02-07T14:41:00Z,Germany,active
cus_8207971acce9df39,2009-12-03T10:10:00Z,France,active
cus_5d628daa56d90521,2010-06-27T15:37:00Z,Germany,active
cus_c66a702df87a9b54,2011-01-30T09:05:00Z,Germany,active
cus_351d5442ec5f9423,2010-06-28T13:10:00Z,France,active
cus_846c77397dc70a3d,2010-03-06T14:37:00Z,Germany,active
cus_dbae1c2a6130536f,2010-01-21T14:17:00Z,Germany,active
cus_3e2f268c603f23da,2011-11-08T13:47:00Z,France,active
cus_434bd64baf96b0af,2009-11-30T11:50:00Z,Germany,active
cus_b035f6e9220f0b61,2011-06-05T12:47:00Z,France,active
cus_94def47bd70078ad,2010-10-26T08:36:00Z,Sweden,active
cus_13e1eb42137e85a2,2010-11-25T13:02:00Z,Spain,active
cus_1142294a58f0811c,2009-12-22T13:00:00Z,Spain,active
cus_dbf5f8dcf7677347,2009-12-06T16:56:00Z,Spain,active
cus_03e8857085fa91df,2011-03-03T09:32:00Z,Spain,active
cus_b58d405a0dc0624e,2010-03-08T16:26:00Z,Spain,active
cus_2aa448494f25f03f,2011-03-24T12:04:00Z,Spain,active
cus_3abfb0c05188e7cf,2011-09-22T09:44:00Z,Spain,active
cus_cb146c9e0346b849,2010-07-26T13:55:00Z,Spain,active
cus_49a1d8b8b2b31f98,2010-01-10T12:29:00Z,USA,active
cus_4777f9eaa5b46441,2011-10-30T12:11:00Z,Italy,active
cus_895fc8a71bd84ca3,2010-10-11T13:35:00Z,France,active
cus_e06cec081f260115,2009-12-16T10:39:00Z,Spain,active
cus_fe12c7c3c808e2fe,2011-12-01T10:41:00Z,USA,active
cus_5ae1b49313331ae4,2011-01-23T10:12:00Z,Germany,active
cus_fa9f5107f6e6bc5f,2011-07-18T15:55:00Z,Germany,active
cus_a68696fa7008b468,2010-09-29T13:13:00Z,France,active
cus_39dff33b25a791b2,2011-09-13T14:30:00Z,Germany,active
cus_e5a10dac1b3bcfaa,2010-02-10T10:30:00Z,France,active
cus_0276b150b5d56a53,2011-03-31T13:47:00Z,Germany,active
cus_f1caa86c9659e821,2011-08-09T12:35:00Z,France,active
cus_885e4b6f87f4883e,2011-10-18T08:20:00Z,Germany,active
cus_dc6eb2df37812633,2010-08-30T17:25:00Z,France,active
cus_6e632cc85589832b,2011-01-27T09:20:00Z,France,active
cus_f7e97162e81e698e,2010-06-30T13:46:00Z,Poland,active
cus_340906fe2c30af8f,2009-12-02T19:31:00Z,France,active
cus_2c6461c048eec86f,2010-09-21T11:19:00Z,Italy,active
cus_95031ec33432a929,2010-05-11T11:45:00Z,Germany,active
cus_dcff63cd99ab6c16,2009-12-05T11:57:00Z,France,active
cus_f573a28e1fe34845,2011-03-03T15:15:00Z,Italy,active
cus_6ab4422d57a0d215,2010-12-22T12:58:00Z,Germany,active
cus_8cba0e3d3fc55c57,2009-12-15T13:15:00Z,Italy,active
cus_d29a78273781b750,2010-01-18T12:26:00Z,France,active
cus_1692c5f561537148,2010-04-11T07:20:00Z,Germany,active
cus_1f2d08d2606a5f8f,2010-07-07T14:06:00Z,Germany,active
cus_aa71d2acab5ad759,2011-05-04T09:29:00Z,France,active
cus_61252b73599b5db7,2010-03-02T13:51:00Z,Italy,active
cus_d4e71f273c529140,2011-04-10T13:22:00Z,Spain,active
cus_0312dc3fdc4fbb69,2010-02-28T09:58:00Z,France,active
cus_a46e45df2e409a7c,2010-05-10T10:42:00Z,France,active
cus_49640183a03a829b,2009-12-06T13:37:00Z,Germany,active
cus_21e33e8e21432d0a,2010-10-30T10:57:00Z,Germany,active
cus_2475de0e409c9977,2011-11-17T10:42:00Z,Germany,active
cus_fa072aeb0706d6f0,2011-03-22T12:06:00Z,France,active
cus_8808e4bd20723b7e,2010-09-06T14:21:00Z,Germany,active
cus_b6b4ff896b8715e3,2010-01-25T16:23:00Z,Spain,active
cus_86a02bef71268db0,2011-10-09T16:06:00Z,USA,active
cus_88ff1fb72e3f53b7,2010-10-30T10:49:00Z,United Kingdom,active
cus_a0f43d729db1c4f7,2009-12-19T13:30:00Z,Germany,active
cus_d2adb37687cbed7f,2011-08-04T13:52:00Z,Italy,active
cus_907f446dcbd47f2a,2011-09-25T15:35:00Z,Germany,active
cus_7ebf8ee1df36c369,2009-12-13T13:10:00Z,Germany,active
cus_0c7e067472e260ee,2011-03-06T10:22:00Z,Germany,active
cus_a9502cb84f29f537,2010-05-27T12:52:00Z,Germany,active
cus_5f57c633c5d578fd,2010-02-08T12:01:00Z,Germany,active
cus_f6933d20296289f9,2010-01-11T11:45:00Z,Germany,active
cus_822428fa05219994,2011-06-14T12:34:00Z,France,active
cus_616a5c57c61e4dd3,2010-04-21T11:33:00Z,Germany,active
cus_2f550d25dac1a2f5,2011-01-16T11:01:00Z,Germany,active
cus_6f2e81dffffc5ecd,2011-07-21T13:59:00Z,Germany,active
cus_a4408217b0823832,2011-10-05T09:28:00Z,Germany,active
cus_acad963825c73ee4,2010-10-11T16:40:00Z,Sweden,active
cus_7946db9d5b0bf723,2010-01-14T14:50:00Z,Finland,active
cus_c3708146be9ee9aa,2010-07-01T11:44:00Z,Germany,active
cus_ecc7bb9c32df463e,2010-09-08T10:50:00Z,Germany,active
cus_e925c0b6eec217d2,2010-03-21T09:05:00Z,Sweden,active
cus_b21578bbd4cb1bec,2011-09-18T12:01:00Z,France,active
cus_5d5d6df22ce6f50a,2011-08-23T09:23:00Z,Germany,active
cus_fdd6c8d23d71e270,2010-04-06T14:16:00Z,France,active
cus_7b9269f9c5337887,2010-01-13T13:02:00Z,Germany,active
cus_ce9a7882dae7393d,2010-02-08T10:49:00Z,Germany,active
cus_6246907736ba5214,2011-10-20T12:52:00Z,USA,active
cus_9de7170a51cd2b83,2010-01-12T15:06:00Z,Germany,active
cus_5929ee11d252a2ab,2010-01-06T18:38:00Z,Germany,active
cus_dd481e9cb8cb65bf,2010-08-30T15:21:00Z,France,active
cus_0d8ffca85d6ed5da,2010-09-30T15:16:00Z,Germany,active
cus_423390a5b28575eb,2011-02-16T13:16:00Z,Germany,active
cus_0ddb0a8dcb98c42b,2010-05-25T09:00:00Z,France,active
cus_592dd1ce4083e578,2011-11-09T11:53:00Z,France,active
cus_6fb0ba3dac42efa5,2010-03-31T09:50:00Z,Germany,active
cus_379a98b4d8562eac,2009-12-12T10:28:00Z,Finland,active
cus_933a0a5379517f5f,2010-02-07T15:11:00Z,Germany,active
cus_69708fd920ca9805,2010-01-30T15:45:00Z,Germany,active
cus_a79f01d41be0bc22,2010-02-10T10:13:00Z,France,active
cus_87969319a341733c,2011-05-15T09:10:00Z,France,active
cus_f8448bcb0c589d3a,2010-05-09T16:44:00Z,Italy,active
cus_9fb860a72cda27ba,2010-08-12T13:29:00Z,Sweden,active
cus_85bc0355691402ec,2009-12-06T14:38:00Z,France,active
cus_482d740b905635c9,2010-01-06T16:46:00Z,France,active
cus_4d727c2aa8b2489b,2011-08-17T15:44:00Z,France,active
cus_eec5315bd75c95b9,2009-12-12T13:31:00Z,France,active
cus_515542cfe2311149,2009-11-30T09:28:00Z,France,active
cus_d172555f02c0de27,2009-12-12T15:01:00Z,France,active
cus_ab8ed264a4f60c23,2010-12-02T09:51:00Z,France,active
cus_f944227a588206d9,2010-10-14T12:00:00Z,France,active
cus_f80da824ccfcc8ba,2010-07-04T13:56:00Z,Germany,active
cus_742b976e72b0abaf,2010-10-13T19:39:00Z,France,active
cus_c2c5778b568e43f2,2010-02-11T13:22:00Z,France,active
cus_7892c7e3fa9e3cd7,2010-01-25T16:39:00Z,Finland,active
cus_4c1d0638e2d58f9d,2011-05-07T16:10:00Z,France,active
cus_3277c1872aef57e3,2010-03-15T13:23:00Z,Germany,active
cus_5ef16c35b446145c,2009-12-02T10:26:00Z,Germany,active
cus_281f6d65b39653e8,2009-12-17T10:25:00Z,Germany,active
cus_90a96ac028ed50d2,2009-12-08T13:49:00Z,Germany,active
cus_0c5a4971973147bf,2011-05-21T14:05:00Z,Germany,active
cus_c4043df4e16b0585,2009-12-08T10:46:00Z,Germany,active
cus_9f7042f156349c78,2009-12-03T10:00:00Z,France,active
cus_abba1ab6d5248058,2011-07-28T13:28:00Z,France,active
cus_7f99f806991b88d6,2010-07-20T09:46:00Z,Germany,active
cus_13771f32587eca7c,2010-08-24T11:07:00Z,France,active
cus_6367d06e0c7cbbec,2011-10-04T15:52:00Z,France,active
cus_87c08111953c0eb2,2010-06-21T14:00:00Z,France,active
cus_f2d1348b52807bc2,2010-05-03T13:59:00Z,Italy,active
cus_2f9e4894b0903547,2010-03-24T16:25:00Z,France,active
cus_a2d2a4306988d8b6,2010-02-22T09:54:00Z,France,active
cus_9ea5b84bf1fc22d4,2010-11-20T11:34:00Z,France,active
cus_bb7fdd3574b11bc1,2010-07-05T12:19:00Z,Germany,active
cus_0c0f4869763ded15,2010-03-01T09:23:00Z,France,active
cus_3e4d8c18c340355a,2010-01-18T13:23:00Z,USA,active
cus_8d59adc6f54418c6,2010-11-11T13:26:00Z,France,active
cus_d9e7ac51be9637d5,2011-01-10T07:57:00Z,France,active
cus_29adb9059403022a,2011-10-06T10:44:00Z,France,active
cus_17c9b550d1e25ac5,2011-07-27T16:06:00Z,Unspecified,active
cus_76edcda596e719a9,2010-04-26T16:19:00Z,Singapore,active
cus_2e03148c8c05afb6,2010-01-25T16:22:00Z,EIRE,active
cus_3f0e41990c95dc24,2009-12-07T17:08:00Z,United Kingdom,active
cus_3aca6ceebc1feaf8,2009-12-06T13:23:00Z,United Kingdom,active
cus_e278fecceb866edf,2009-12-03T17:31:00Z,United Kingdom,active
cus_bf383bdb735fce12,2010-07-05T15:05:00Z,United Kingdom,active
cus_75ee15c016e89d09,2009-12-01T10:55:00Z,Japan,active
cus_07e56d416d35039f,2011-05-11T19:01:00Z,Portugal,active
cus_effc1b295b65d3d4,2009-11-30T14:40:00Z,Portugal,active
cus_bd67c5257b07892d,2009-12-03T10:47:00Z,Netherlands,active
cus_99f454c99e7d0eae,2010-09-09T08:50:00Z,Netherlands,active
cus_427dfb49c7eb9a95,2010-08-31T10:47:00Z,Netherlands,active
cus_2ae858a0001a0e44,2010-12-04T15:46:00Z,Japan,active
cus_48aba63d4b536e8d,2010-10-27T09:29:00Z,Portugal,active
cus_46f6c351f3603376,2010-09-14T12:08:00Z,Korea,active
cus_d818e5c851d487e0,2010-10-25T14:24:00Z,Netherlands,active
cus_9a7c548e494dd377,2010-09-07T11:35:00Z,United Kingdom,active
cus_7f0bb5563a449e40,2009-12-02T07:25:00Z,Poland,active
cus_24338016eda03296,2010-04-19T09:40:00Z,Netherlands,active
cus_24d8c7e011173f77,2011-02-27T08:43:00Z,Czech Republic,active
cus_5ccae4efd10acb11,2010-07-07T13:31:00Z,Portugal,active
cus_6bda212f8d41d326,2011-09-24T15:35:00Z,Portugal,active
cus_47f02979a70fcafc,2010-06-27T13:06:00Z,Portugal,active
cus_0799e0b362879402,2009-12-07T13:56:00Z,Portugal,active
cus_8fd9b3605e7de21e,2010-10-21T14:57:00Z,Netherlands,active
cus_554f21a436b36820,2010-06-28T13:05:00Z,Netherlands,active
cus_b15680052248d30e,2010-03-24T17:29:00Z,Netherlands,active
cus_ea9ab432797e155b,2010-01-25T16:35:00Z,Portugal,active
cus_6f115d73be121594,2010-11-02T13:05:00Z,Portugal,active
cus_df0e4f230b66f95f,2011-09-01T12:01:00Z,Portugal,active
cus_321ea283afb2cdaa,2010-03-20T15:49:00Z,Netherlands,active
cus_3e5c99d3d728a425,2010-10-10T12:53:00Z,Portugal,active
cus_8cda323019884c3e,2010-01-31T11:02:00Z,Portugal,active
cus_be07979c57d163d7,2010-05-24T09:34:00Z,Netherlands,active
cus_43ee903ab0554699,2010-02-02T09:06:00Z,Netherlands,active
cus_e387629de7adb4bc,2010-04-29T10:44:00Z,Netherlands,active
cus_fc27b0f01a3e4004,2010-11-17T13:20:00Z,Sweden,active
cus_68a39596d4d60cba,2010-10-07T12:20:00Z,Portugal,active
cus_f8e1c85383785ad0,2011-08-29T12:11:00Z,Poland,active
cus_2ca7c4ebac6f4915,2011-05-24T13:34:00Z,Poland,active
cus_db95da80e5ed904d,2009-12-04T13:37:00Z,United Kingdom,active
cus_43e109c16c7f2d7e,2010-04-06T15:14:00Z,United Kingdom,active
cus_ca35689f2816e431,2010-01-28T12:52:00Z,United Kingdom,active
cus_d36a0ef6d3aad8dd,2009-12-17T10:43:00Z,United Kingdom,active
cus_bcd33ea99e729114,2011-10-25T15:44:00Z,United Kingdom,active
cus_a839e8c89ea5316a,2011-07-31T16:16:00Z,United Kingdom,active
cus_7541497cde9792d6,2010-06-06T15:04:00Z,United Kingdom,active
cus_0b1a2d52e53a021c,2011-06-20T10:53:00Z,United Kingdom,active
cus_94f5d0dc772ac8bb,2009-12-02T12:13:00Z,United Kingdom,active
cus_5182677586f28ba4,2009-11-30T14:19:00Z,United Kingdom,active
cus_5352aa4b6537eb10,2010-04-25T09:59:00Z,United Kingdom,active
cus_09e5307dc6edf8bc,2009-12-06T09:18:00Z,United Kingdom,active
cus_2905de570720ff91,2010-02-02T14:51:00Z,United Kingdom,active
cus_943b2e85c51813fd,2010-07-07T15:38:00Z,United Kingdom,active
cus_99ab2fed51e62fa8,2009-12-01T08:15:00Z,United Kingdom,active
cus_52345350472289c1,2009-12-12T11:41:00Z,United Kingdom,active
cus_b30c87eeba2a6247,2010-04-24T11:51:00Z,United Kingdom,active
cus_feeba4e6b2f5ac87,2011-02-21T14:10:00Z,United Kingdom,active
cus_b56cf45f2d6bc147,2010-02-01T12:45:00Z,United Kingdom,active
cus_d2446aa3993741f7,2010-04-26T13:44:00Z,United Kingdom,active
cus_1f4d2af79fac277a,2010-02-04T11:57:00Z,United Kingdom,active
cus_08ee139f6d1628ca,2009-12-10T12:55:00Z,United Kingdom,active
cus_56e7a86071a495b3,2010-11-01T18:16:00Z,United Kingdom,active
cus_d4b955b1ae8adc1d,2011-10-06T12:38:00Z,United Kingdom,active
cus_78724824a61edbea,2010-01-24T15:37:00Z,United Kingdom,active
cus_6c1854913acc7b1c,2010-01-25T16:28:00Z,United Kingdom,active
cus_e9bbb991edc79a1c,2010-09-06T12:20:00Z,United Kingdom,active
cus_e08b6e8bb62fd1e4,2010-01-14T15:22:00Z,United Kingdom,active
cus_ebcf2631854a648a,2010-03-29T11:39:00Z,United Kingdom,active
cus_acf58d6fb9efcbd2,2010-04-28T13:54:00Z,United Kingdom,active
cus_9165e69403506084,2010-07-18T17:22:00Z,United Kingdom,active
cus_148fa55fb1fe5d6b,2010-08-19T12:20:00Z,Austria,active
cus_0c0f066942a51321,2010-07-24T11:37:00Z,Belgium,active
cus_d16418fcf6ebde21,2009-12-15T16:25:00Z,United Kingdom,active
cus_37be1b1cfa0aba79,2010-11-11T10:05:00Z,United Kingdom,active
cus_293b633cb9f937d3,2010-03-24T14:32:00Z,United Kingdom,active
cus_7ec6aeb404bcb252,2010-09-25T10:34:00Z,United Kingdom,active
cus_fab729667badf601,2009-12-02T20:03:00Z,United Kingdom,active
cus_2b1483b38af4db6b,2010-01-26T09:50:00Z,United Kingdom,active
cus_f1216d6718987cfe,2010-01-10T12:37:00Z,United Kingdom,active
cus_96e1e5123b0af5bb,2010-01-17T10:23:00Z,United Kingdom,active
cus_559bd8eb76c2ea4c,2011-03-17T14:02:00Z,United Kingdom,active
cus_4b342f308b9c812b,2011-09-08T12:11:00Z,United Kingdom,active
cus_cd2b170bf794e030,2011-03-08T11:44:00Z,United Kingdom,active
cus_7c74b79017cc293b,2011-09-10T15:18:00Z,United Kingdom,active
cus_d33a75504ef00815,2010-07-24T14:32:00Z,United Kingdom,active
cus_136f8d8d1ee579c1,2010-11-16T14:05:00Z,United Kingdom,active
cus_404f250a8ad69b4e,2010-02-17T14:32:00Z,United Kingdom,active
cus_1c3457baa19d3aac,2011-09-13T08:35:00Z,United Kingdom,active
cus_dc98d9dc19cdb2dd,2010-10-12T15:17:00Z,United Kingdom,active
cus_f431c9e9821e4485,2011-03-13T10:41:00Z,United Kingdom,active
cus_d1a4dd50dc4e6bea,2011-06-19T13:18:00Z,United Kingdom,active
cus_dcd6b91c8ab0c55d,2011-09-21T15:03:00Z,United Kingdom,active
cus_63d09045cebe8a9d,2010-02-23T11:56:00Z,United Kingdom,active
cus_27331dc6b4e4b5bd,2010-02-23T12:14:00Z,United Kingdom,active
cus_13c4d9a8c0335fc7,2010-03-27T13:10:00Z,United Kingdom,active
cus_c04f1783cfeaa4d4,2011-10-29T11:35:00Z,United Kingdom,active
cus_6c856765c200c588,2009-11-30T12:18:00Z,United Kingdom,active
cus_84ccd087f8bb23d5,2010-04-28T19:36:00Z,United Kingdom,active
cus_590511226dea0b51,2009-12-08T14:22:00Z,United Kingdom,active
cus_6a310f2e3cae7fa3,2011-06-22T09:22:00Z,United Kingdom,active
cus_8133e5895134b48f,2009-12-13T15:58:00Z,United Kingdom,active
cus_3df512a70a614b09,2009-11-30T13:43:00Z,United Kingdom,active
cus_dfb9d905b99ddd3d,2010-05-12T14:55:00Z,United Kingdom,active
cus_5ec7971252c0fb6a,2009-12-08T12:40:00Z,United Kingdom,active
cus_f2c0887075693208,2010-04-25T10:32:00Z,United Kingdom,active
cus_cf692c3d87a3337b,2010-06-07T10:16:00Z,United Kingdom,active
cus_27f49ba6965fbae9,2009-11-30T11:46:00Z,United Kingdom,active
cus_29f81f1dbc87037e,2010-02-09T08:46:00Z,United Kingdom,active
cus_f5fc54138e072d8c,2009-12-09T16:39:00Z,United Kingdom,active
cus_8fe6b0a49f3b55ab,2009-12-02T10:51:00Z,United Kingdom,active
cus_33c49ae92c9030e2,2010-04-10T15:59:00Z,United Kingdom,active
cus_d52f723cac0a0624,2011-09-21T13:51:00Z,United Kingdom,active
cus_cb7876059c0a790c,2009-12-02T15:43:00Z,United Kingdom,active
cus_3e557f0c2ff5a1fb,2010-01-11T11:27:00Z,United Kingdom,active
cus_632d17c60aa2c49c,2009-12-14T13:12:00Z,United Kingdom,active
cus_de775607e5b35eb8,2010-12-08T09:34:00Z,United Kingdom,active
cus_297870b55867e821,2010-12-19T10:41:00Z,United Kingdom,active
cus_494c48e0c2f883dc,2010-02-20T15:18:00Z,United Kingdom,active
cus_36ad1ce529d1a62b,2010-11-30T16:21:00Z,United Kingdom,active
cus_3cfb310fb3375671,2009-12-02T15:56:00Z,United Kingdom,active
cus_b27d5ccd0716930d,2010-01-09T12:43:00Z,United Kingdom,active
cus_db4821515b024950,2011-03-16T09:03:00Z,United Kingdom,active
cus_b37e9fb6fc9b7026,2009-12-10T12:01:00Z,United Kingdom,active
cus_404a17fae7e2ea52,2010-11-24T16:44:00Z,United Kingdom,active
cus_496c8775d50b1255,2011-08-17T13:38:00Z,United Kingdom,active
cus_818adca9d305cd38,2010-07-07T14:45:00Z,United Kingdom,active
cus_15c7073fc57821a6,2010-09-27T17:47:00Z,United Kingdom,active
cus_bc8656b44b1f126e,2009-12-03T14:19:00Z,United Kingdom,active
cus_8ee2910a5afabfcb,2009-12-14T19:04:00Z,United Kingdom,active
cus_ffd5d1e6eb66f9d5,2010-02-15T14:30:00Z,United Kingdom,active
cus_4417b9736aab552e,2009-12-05T10:38:00Z,United Kingdom,active
cus_4fdb22ba1b4a1990,2010-02-11T15:46:00Z,United Kingdom,active
cus_648f81b3f3b64a1d,2010-07-15T16:25:00Z,United Kingdom,active
cus_be1db537fca1edfe,2009-12-09T11:23:00Z,United Kingdom,active
cus_f974c79a222c93bc,2009-12-01T11:26:00Z,United Kingdom,active
cus_eaa324e318dba470,2011-07-28T14:14:00Z,United Kingdom,active
cus_81477fd2700983d5,2010-04-19T12:58:00Z,United Kingdom,active
cus_5a784bd53a07b21e,2010-01-20T10:45:00Z,United Kingdom,active
cus_597fadcf97776c78,2010-01-19T09:57:00Z,United Kingdom,active
cus_759fe9b5a41fef4e,2011-02-19T14:31:00Z,United Kingdom,active
cus_3ce7abedb0143a18,2009-12-09T13:27:00Z,United Kingdom,active
cus_c52bbbdab84cdb65,2010-03-29T11:36:00Z,United Kingdom,active
cus_bd62ed0c830dc74c,2010-02-17T10:35:00Z,United Kingdom,active
cus_55b4a9b3912cbaf5,2010-11-28T09:27:00Z,United Kingdom,active
cus_502a5aff49fbc6c4,2009-12-16T16:14:00Z,United Kingdom,active
cus_17b6f123da7d5267,2010-02-23T11:55:00Z,United Kingdom,active
cus_41f0735cf52b2a52,2009-12-13T17:03:00Z,United Kingdom,active
cus_8ed8505388ad5324,2009-12-02T14:43:00Z,United Kingdom,active
cus_0c1d8880223c8e2e,2011-05-08T08:23:00Z,United Kingdom,active
cus_f876b94b5112d74b,2009-12-14T09:44:00Z,United Kingdom,active
cus_eaecdf57f9b59b2e,2010-09-07T12:52:00Z,United Kingdom,active
cus_5ddd8fba28109723,2009-12-15T16:07:00Z,United Kingdom,active
cus_5a915331f8c1c2b2,2010-04-25T14:14:00Z,United Kingdom,active
cus_164a03c7ee262689,2009-12-13T10:34:00Z,United Kingdom,active
cus_674fd9e1fcd39df6,2010-10-02T11:35:00Z,United Kingdom,active
cus_6d397357650573e3,2010-04-14T16:35:00Z,United Kingdom,active
cus_7e287d65a5f0c4c2,2010-02-28T12:34:00Z,United Kingdom,active
cus_1eb4bf8ccd4e27f8,2009-12-05T15:40:00Z,United Kingdom,active
cus_038d0cf9a46beae6,2010-02-17T10:35:00Z,United Kingdom,active
cus_010343ee66dcf09f,2009-12-04T12:02:00Z,United Kingdom,active
cus_4476e32d04979caa,2010-06-28T09:51:00Z,United Kingdom,active
cus_5dc38bcc55daa81a,2009-12-12T11:34:00Z,United Kingdom,active
cus_3de725ebe1ae68d7,2010-01-19T10:41:00Z,United Kingdom,active
cus_e2f33866881a9c60,2010-07-03T13:46:00Z,United Kingdom,active
cus_c55e867689656663,2010-06-02T14:57:00Z,United Kingdom,active
cus_c4fa81996af5755f,2010-09-04T14:01:00Z,United Kingdom,active
cus_9005a3ab67b2714f,2010-10-05T09:37:00Z,United Kingdom,active
cus_8dd2b798d2ee3e06,2010-10-03T15:41:00Z,United Kingdom,active
cus_a0e23ff7858298b3,2009-12-02T17:04:00Z,United Kingdom,active
cus_2965a6c567525981,2009-12-16T16:43:00Z,United Kingdom,active
cus_8a41c467020e97af,2010-04-28T08:43:00Z,United Kingdom,active
cus_c21eed26b021354d,2009-12-06T15:42:00Z,United Kingdom,active
cus_399f55ea79161dab,2010-01-07T14:46:00Z,United Kingdom,active
cus_d897c92220c413cc,2010-08-09T13:02:00Z,United Kingdom,active
cus_ab96eb0decf425b1,2010-09-08T13:09:00Z,United Kingdom,active
cus_86314fa8498395a8,2009-12-15T11:43:00Z,United Kingdom,active
cus_6216a6f950910c3e,2010-01-26T12:55:00Z,United Kingdom,active
cus_4117f004a09b2b7a,2009-12-14T15:06:00Z,United Kingdom,active
cus_6ee02824d1a33899,2010-02-22T12:31:00Z,United Kingdom,active
cus_7e72543add516ec6,2010-03-30T12:23:00Z,United Kingdom,active
cus_a891d25866d136b3,2011-03-30T11:37:00Z,United Kingdom,active
cus_809d5863972ed962,2010-04-26T10:08:00Z,United Kingdom,active
cus_882a80b859cc9b38,2010-06-09T11:44:00Z,United Kingdom,active
cus_d1ddc6f09de3e549,2010-09-18T13:43:00Z,United Kingdom,active
cus_ea7c3b9ef8d51340,2011-01-23T08:20:00Z,United Kingdom,active
cus_3a30b117c22e1071,2010-06-13T14:27:00Z,United Kingdom,active
cus_24e591585ddcae05,2009-12-01T12:23:00Z,United Kingdom,active
cus_2391e97d712c49c0,2010-04-05T13:37:00Z,United Kingdom,active
cus_055baa16c5e09c40,2011-08-01T10:19:00Z,United Kingdom,active
cus_f652f0f268a44507,2009-12-10T11:17:00Z,United Kingdom,active
cus_e02719241987b4e0,2009-11-30T09:06:00Z,United Kingdom,active
cus_de93ba4b520fbffc,2010-10-17T14:15:00Z,United Kingdom,active
cus_31d1b7446de57217,2009-12-07T13:58:00Z,United Kingdom,active
cus_fcd547d6f1f9de05,2009-12-21T15:37:00Z,United Kingdom,active
cus_5fa61ff27a8d2fad,2010-10-09T13:38:00Z,United Kingdom,active
cus_2408fad1a0034311,2010-08-04T08:49:00Z,United Kingdom,active
cus_430dec06bd2bbe45,2009-11-30T07:45:00Z,United Kingdom,active
cus_d96c9a6482f0df7f,2009-12-12T15:16:00Z,United Kingdom,active
cus_4beca9e3b90ed4f2,2009-12-01T15:44:00Z,United Kingdom,active
cus_464969cf58a3c9be,2010-08-01T13:58:00Z,United Kingdom,active
cus_b9f507db269a2a6f,2010-02-09T08:44:00Z,United Kingdom,active
cus_661702d1d7edd55c,2009-12-03T10:32:00Z,United Kingdom,active
cus_8393eab832100959,2010-11-14T14:15:00Z,United Kingdom,active
cus_6b5e18288e2e9b94,2009-11-30T13:31:00Z,United Kingdom,active
cus_7688d4740e78cfaf,2011-01-25T13:46:00Z,United Kingdom,active
cus_55ca05e580dbc79f,2010-05-05T13:12:00Z,United Kingdom,active
cus_87ba2c45a379bc39,2010-05-10T14:41:00Z,United Kingdom,active
cus_b568b30013ea1d69,2010-02-23T15:06:00Z,United Kingdom,active
cus_301c66ffd2b66ee1,2009-12-07T18:43:00Z,United Kingdom,active
cus_3f394b37159973e2,2010-09-29T17:09:00Z,United Kingdom,active
cus_097777a425b75c24,2009-11-30T14:14:00Z,United Kingdom,active
cus_05539aa3bc886428,2010-03-27T16:13:00Z,United Kingdom,active
cus_25ccbfb89e2ba0da,2010-02-16T13:06:00Z,United Kingdom,active
cus_321c2d137861e45f,2010-03-25T13:50:00Z,United Kingdom,active
cus_c059f6c7c74c72a9,2010-09-25T15:46:00Z,United Kingdom,active
cus_8d595d522be06393,2010-02-08T08:38:00Z,United Kingdom,active
cus_50579f45880185aa,2011-04-12T14:12:00Z,United Kingdom,active
cus_ff7a9eea6aa00103,2010-11-18T15:50:00Z,United Kingdom,active
cus_9d5ea351c025cb7b,2010-03-01T12:24:00Z,United Kingdom,active
cus_e455af3de5a216d5,2011-03-22T12:44:00Z,United Kingdom,active
cus_2f5633a69de3c9a2,2010-10-18T13:21:00Z,United Kingdom,active
cus_8df1dc160ef6c47f,2010-08-04T17:28:00Z,United Kingdom,active
cus_b30b9b0c9ab7434f,2009-12-07T17:27:00Z,United Kingdom,active
cus_0b24c1609ca8d2d9,2010-07-24T15:40:00Z,United Kingdom,active
cus_f8a09028f9e24b45,2010-11-07T11:45:00Z,United Kingdom,active
cus_df9721b099ddf829,2010-09-27T09:12:00Z,United Kingdom,active
cus_677e589173f81885,2009-12-08T13:34:00Z,United Kingdom,active
cus_284bbe4c3f646e31,2010-10-03T14:14:00Z,United Kingdom,active
cus_d724615ff47db658,2010-04-18T11:11:00Z,United Kingdom,active
cus_bc5df6a0328727f6,2011-08-31T12:28:00Z,United Kingdom,active
cus_accd4a5c02a95cb6,2009-12-06T15:26:00Z,United Kingdom,active
cus_aa1dfbe6309d2013,2011-02-22T13:57:00Z,United Kingdom,active
cus_d16eb355d153a42d,2010-03-18T09:03:00Z,United Kingdom,active
cus_1ac0d6b93471fea7,2010-03-21T09:40:00Z,United Kingdom,active
cus_ead6f316a8b12902,2010-01-13T10:01:00Z,United Kingdom,active
cus_0162007a140200a5,2010-08-04T09:30:00Z,United Kingdom,active
cus_cad67392777131f1,2010-01-31T13:45:00Z,United Kingdom,active
cus_1a77bb5d5d4831e2,2010-03-07T11:59:00Z,United Kingdom,active
cus_f899834723c0072e,2011-08-15T11:44:00Z,United Kingdom,active
cus_6e5aa7f77ebb7396,2011-11-16T13:07:00Z,United Kingdom,active
cus_4a69c22fa081f488,2009-12-03T13:59:00Z,United Kingdom,active
cus_ba0494b05de05ba7,2010-02-20T16:22:00Z,United Kingdom,active
cus_6dfbadfdfe738525,2010-02-09T11:52:00Z,United Kingdom,active
cus_55bd3581517d9a68,2010-11-13T12:58:00Z,United Kingdom,active
cus_325bb77e4ff99291,2010-06-14T15:00:00Z,United Kingdom,active
cus_4fd5dc07f4cef5ed,2010-05-25T15:58:00Z,United Kingdom,active
cus_8cba1beb92cd987f,2011-11-12T12:19:00Z,United Kingdom,active
cus_4b9bf0aca8d768b9,2009-12-09T12:52:00Z,United Kingdom,active
cus_944170b641edb1b3,2009-12-03T15:40:00Z,United Kingdom,active
cus_e0e2e1cf393ca4ce,2011-10-23T15:43:00Z,United Kingdom,active
cus_9d532b34d480d742,2009-12-15T14:00:00Z,United Kingdom,active
cus_bd64cafaa964c4b0,2010-03-13T12:32:00Z,United Kingdom,active
cus_a5b13ea9c5eed5a0,2011-02-21T17:25:00Z,United Kingdom,active
cus_a17cbb1d5f5d4ba1,2011-08-02T09:09:00Z,United Kingdom,active
cus_2dd87a8262bf8b1e,2010-03-24T17:18:00Z,United Kingdom,active
cus_30c65aafcd3571f6,2011-11-27T15:28:00Z,United Kingdom,active
cus_437cbc3256a03d6d,2011-08-15T13:12:00Z,United Kingdom,active
cus_903b21b4aba79e80,2010-01-21T08:37:00Z,United Kingdom,active
cus_ca4c017ab01fe344,2010-10-13T11:54:00Z,United Kingdom,active
cus_539e7173df566eb1,2010-03-31T12:54:00Z,United Kingdom,active
cus_d0d98897d2550be4,2010-09-30T13:27:00Z,United Kingdom,active
cus_fb675843dc4bcc04,2009-12-04T10:11:00Z,United Kingdom,active
cus_5127c1f63bcc473a,2011-08-04T14:50:00Z,United Kingdom,active
cus_a4ced77f1a7a9caf,2010-03-06T11:01:00Z,United Kingdom,active
cus_64b0ba527c3e5765,2009-12-16T14:15:00Z,United Kingdom,active
cus_2eb6356c8839d575,2009-12-06T13:48:00Z,United Kingdom,active
cus_7bb9eb72f86a556c,2010-04-05T16:37:00Z,United Kingdom,active
cus_4724bfb5223e2880,2009-12-02T13:25:00Z,United Kingdom,active
cus_af8e93976bf06755,2010-01-23T14:30:00Z,United Kingdom,active
cus_a2e687975ad31068,2011-09-06T08:18:00Z,United Kingdom,active
cus_b193e67344cbb513,2009-12-05T14:37:00Z,United Kingdom,active
cus_8a7935494b259241,2011-10-08T14:48:00Z,United Kingdom,active
cus_38856450950fd740,2010-05-19T14:50:00Z,United Kingdom,active
cus_67169949fabda942,2010-03-02T14:10:00Z,United Kingdom,active
cus_18e0ec572e4efdfa,2011-03-16T12:18:00Z,United Kingdom,active
cus_29cf7c6e60b0a9a9,2010-02-21T12:49:00Z,United Kingdom,active
cus_3c93624a16e9e1c0,2010-05-12T10:35:00Z,United Kingdom,active
cus_5afa64a1da6464ab,2010-05-10T13:54:00Z,United Kingdom,active
cus_db24ef51f101597b,2010-02-11T13:27:00Z,United Kingdom,active
cus_1a0e393e12441850,2011-07-10T14:10:00Z,United Kingdom,active
cus_734993d73b1dbea6,2009-12-16T09:09:00Z,United Kingdom,active
cus_c5c64d9285a347b2,2010-11-10T13:46:00Z,United Kingdom,active
cus_6f3b5b470347a88d,2011-04-27T12:07:00Z,United Kingdom,active
cus_3e0fcf127489d5e3,2010-03-17T20:02:00Z,United Kingdom,active
cus_755779c4405b9b22,2011-04-09T13:48:00Z,United Kingdom,active
cus_aef257803916fdeb,2010-01-13T14:10:00Z,United Kingdom,active
cus_be5f10820825e42c,2011-08-24T08:58:00Z,United Kingdom,active
cus_02da39c90a3433d5,2010-11-16T10:07:00Z,United Kingdom,active
cus_0d2bd2205e332f97,2010-04-27T15:02:00Z,United Kingdom,active
cus_14ffbdf8364f4c00,2010-07-24T13:34:00Z,United Kingdom,active
cus_57f4cde67a80bfd3,2010-02-24T13:17:00Z,United Kingdom,active
cus_ce1dbcd356c8aece,2010-10-23T11:17:00Z,United Kingdom,active
cus_eada90391838a841,2010-02-08T13:12:00Z,United Kingdom,active
cus_21ed4d788cab9627,2011-09-07T11:46:00Z,United Kingdom,active
cus_b5341879207d1cc6,2010-07-01T13:36:00Z,United Kingdom,active
cus_011d1a8bc8b3016a,2011-09-17T11:31:00Z,United Kingdom,active
cus_60693c30638a2f02,2011-06-02T13:05:00Z,United Kingdom,active
cus_dbf7f36b4dd587f3,2010-11-01T13:20:00Z,United Kingdom,active
cus_30d62a1603f0cc85,2010-01-04T12:13:00Z,United Kingdom,active
cus_aa1c92e5acb841d7,2010-01-09T10:26:00Z,United Kingdom,active
cus_a356b192ada54c70,2010-04-17T12:14:00Z,United Kingdom,active
cus_3607eb91ecd7ca63,2010-10-21T17:07:00Z,United Kingdom,active
cus_fdfa0c7329c26ac6,2011-03-10T09:54:00Z,United Kingdom,active
cus_5984225ff24e04bb,2009-12-16T10:52:00Z,United Kingdom,active
cus_2c14f6f8e0012b95,2009-12-06T16:56:00Z,United Kingdom,active
cus_fb2ea28e72740b94,2011-03-16T13:20:00Z,United Kingdom,active
cus_93575d917e449c2e,2009-12-01T11:47:00Z,United Kingdom,active
cus_2e14d697eb302663,2011-11-01T14:31:00Z,United Kingdom,active
cus_c969303fb9495d77,2010-03-06T14:05:00Z,United Kingdom,active
cus_75d573bf309187a2,2010-06-17T08:45:00Z,United Kingdom,active
cus_6136dadbe7e14fce,2010-04-07T11:59:00Z,United Kingdom,active
cus_65380b0bc274270d,2010-03-04T09:07:00Z,United Kingdom,active
cus_d6bfec775fe0ca8a,2010-04-26T11:00:00Z,United Kingdom,active
cus_0a5d2e40b3e1c51e,2010-03-08T14:36:00Z,United Kingdom,active
cus_1c08e952e532964c,2010-03-24T14:26:00Z,United Kingdom,active
cus_a2f91304e3ce0ef9,2010-01-03T10:43:00Z,United Kingdom,active
cus_b360c0c6d6e391c6,2009-12-15T11:53:00Z,United Kingdom,active
cus_30c6491eb0cf9c94,2010-02-10T18:36:00Z,United Kingdom,active
cus_0c0ce3ba269df0a3,2010-06-30T14:36:00Z,United Kingdom,active
cus_7b70989b38482e97,2009-11-30T10:55:00Z,United Kingdom,active
cus_6b175091bccb4b3a,2010-05-11T09:13:00Z,United Kingdom,active
cus_04b2dccdb28274f7,2010-05-10T14:29:00Z,United Kingdom,active
cus_1c9f72b14f4ae6d3,2010-06-14T12:35:00Z,United Kingdom,active
cus_e380ee145c7e128a,2010-06-28T11:30:00Z,United Kingdom,active
cus_3908a907e8a34866,2010-05-13T15:56:00Z,United Kingdom,active
cus_dd1acb99e4e16a5b,2011-02-19T13:13:00Z,United Kingdom,active
cus_7566cb6d363e9fc2,2010-11-03T14:55:00Z,United Kingdom,active
cus_b7a12beebc9d6ec9,2010-03-09T14:49:00Z,United Kingdom,active
cus_734a2643d241eff6,2010-10-04T14:55:00Z,United Kingdom,active
cus_8e2f1b575cef7230,2010-11-11T12:10:00Z,United Kingdom,active
cus_e352a49fc217ab3d,2010-11-01T17:03:00Z,United Kingdom,active
cus_9d7f97c6bb313233,2009-12-01T13:53:00Z,United Kingdom,active
cus_b609898bfc65c040,2010-03-09T10:01:00Z,United Kingdom,active
cus_1265b6e22b54aee4,2009-12-12T11:11:00Z,United Kingdom,active
cus_615d3b6101aa0247,2011-11-01T13:26:00Z,United Kingdom,active
cus_3d16c05dbc4c0851,2009-12-05T14:46:00Z,United Kingdom,active
cus_105ee7573f47ebe3,2010-08-17T10:29:00Z,United Kingdom,active
cus_495ab06815206273,2011-09-15T13:23:00Z,United Kingdom,active
cus_97793ef554c6eaad,2010-05-24T10:23:00Z,United Kingdom,active
cus_a6a4b95cb3006292,2010-10-02T16:00:00Z,United Kingdom,active
cus_e895bc7d9680502d,2009-12-17T15:35:00Z,United Kingdom,active
cus_5f12048558bf9f4b,2011-01-26T15:22:00Z,United Kingdom,active
cus_1dff302f59336dc9,2009-12-03T15:41:00Z,United Kingdom,active
cus_87ed82052369b49a,2010-02-22T10:12:00Z,United Kingdom,active
cus_a5533029afb3502b,2010-11-02T08:04:00Z,United Kingdom,active
cus_abfc7621637299c2,2011-11-24T13:30:00Z,United Kingdom,active
cus_49111c7f803410ed,2010-02-18T09:26:00Z,United Kingdom,active
cus_cab21bd1c31b9e9b,2010-02-24T10:49:00Z,United Kingdom,active
cus_43ef4d86e5d7f9cd,2010-01-04T12:25:00Z,United Kingdom,active
cus_e47e01f090713bb3,2010-02-21T14:54:00Z,United Kingdom,active
cus_b1938f0f5a65db38,2011-03-06T10:28:00Z,United Kingdom,active
cus_8afa450a7a5b4485,2011-09-29T13:28:00Z,United Kingdom,active
cus_11b51c527464cd10,2011-09-20T13:33:00Z,United Kingdom,active
cus_ca30b60c8a9a041b,2010-03-21T14:30:00Z,United Kingdom,active
cus_98a1876a2915e82d,2010-10-31T15:05:00Z,United Kingdom,active
cus_5d35b1636c197044,2010-01-07T11:16:00Z,United Kingdom,active
cus_63a193d6ef9d9739,2010-10-09T15:27:00Z,United Kingdom,active
cus_4541b7084bc91a90,2010-10-25T11:07:00Z,United Kingdom,active
cus_71af886ebd2a0cd4,2010-11-10T17:24:00Z,United Kingdom,active
cus_6ab5b3e0e3955fcc,2010-10-11T10:43:00Z,United Kingdom,active
cus_72946ff9840ef483,2010-12-02T10:26:00Z,United Kingdom,active
cus_5656571970793409,2010-03-16T15:29:00Z,United Kingdom,active
cus_b2e6e53d940e0a4e,2009-12-05T12:34:00Z,United Kingdom,active
cus_9d6e7e99aa502394,2010-09-15T10:29:00Z,United Kingdom,active
cus_c6d4ba6e725e8563,2010-09-20T08:12:00Z,United Kingdom,active
cus_f91780672f0e9458,2010-03-03T10:06:00Z,United Kingdom,active
cus_c00e53095471f365,2011-07-25T12:26:00Z,United Kingdom,active
cus_d7efacf2faad135e,2009-11-30T15:18:00Z,United Kingdom,active
cus_413e22becd9dcce3,2009-12-07T09:56:00Z,United Kingdom,active
cus_6e779f2015f88949,2010-07-26T12:22:00Z,United Kingdom,active
cus_3b162c0aa6a86599,2011-01-13T09:52:00Z,United Kingdom,active
cus_afd297916fb2c8b3,2010-04-14T10:18:00Z,United Kingdom,active
cus_ecc31caae53c1cd8,2011-04-20T12:12:00Z,United Kingdom,active
cus_636ffbfc53e901bb,2009-12-06T18:12:00Z,United Kingdom,active
cus_e314e49ea91ceee5,2009-11-30T11:58:00Z,United Kingdom,active
cus_88a317c2516e69cf,2010-10-13T13:00:00Z,United Kingdom,active
cus_b32b84007f1432ce,2011-01-23T13:37:00Z,United Kingdom,active
cus_a34cc04e989b571a,2010-01-19T09:50:00Z,United Kingdom,active
cus_ec689999fb4c7726,2010-09-16T09:34:00Z,United Kingdom,active
cus_76d26700bfe0ef25,2010-07-07T17:47:00Z,United Kingdom,active
cus_ba8e8d08466c1a08,2010-05-23T10:56:00Z,United Kingdom,active
cus_f640c12ab931ee42,2009-12-15T13:23:00Z,United Kingdom,active
cus_5d534c911381a247,2011-05-10T11:57:00Z,United Kingdom,active
cus_e4ef0f2b95856bfc,2009-12-14T14:13:00Z,United Kingdom,active
cus_8fdfb2515e6f078b,2010-03-17T07:29:00Z,United Kingdom,active
cus_24f928bcd93b170c,2009-12-03T09:31:00Z,United Kingdom,active
cus_82afd0892050c550,2009-12-07T13:43:00Z,United Kingdom,active
cus_ae2c08d10b9944d4,2010-03-28T16:28:00Z,United Kingdom,active
cus_3bb6fea48bf3608a,2010-01-20T17:43:00Z,United Kingdom,active
cus_fd88c8d3fe1085ba,2009-12-07T17:10:00Z,United Kingdom,active
cus_b1c956281d0c94cd,2009-12-10T14:20:00Z,United Kingdom,active
cus_635dc33b7c78145d,2009-12-02T13:02:00Z,United Kingdom,active
cus_f2d89fb4db7616ab,2010-02-07T12:39:00Z,United Kingdom,active
cus_6222de5e7935a66e,2009-12-10T12:51:00Z,United Kingdom,active
cus_2053435e92004bc3,2010-02-13T12:59:00Z,United Kingdom,active
cus_3b36ddb8da02e7bc,2011-10-05T13:42:00Z,United Kingdom,active
cus_0f80ce2d0a93faef,2010-10-06T09:02:00Z,United Kingdom,active
cus_5e898bf0c53f55f3,2010-05-08T14:35:00Z,United Kingdom,active
cus_8f5f3fa2597b97e9,2009-12-08T15:16:00Z,United Kingdom,active
cus_39f3ab276aa51e3b,2010-07-12T13:20:00Z,United Kingdom,active
cus_600172b60fa8e647,2011-09-24T15:59:00Z,United Kingdom,active
cus_472b77ec45dcc4c1,2010-02-17T11:53:00Z,United Kingdom,active
cus_29cf64343ab1a905,2010-07-26T16:56:00Z,United Kingdom,active
cus_929504acbbb53c62,2010-06-09T18:46:00Z,United Kingdom,active
cus_ec72a4096577a0c2,2010-06-30T14:36:00Z,United Kingdom,active
cus_e3f9a2fc0b32463b,2010-09-13T10:34:00Z,United Kingdom,active
cus_7e397de44cd49abc,2010-10-03T10:38:00Z,United Kingdom,active
cus_357c16967d5ca9f6,2009-11-30T14:59:00Z,United Kingdom,active
cus_260549bdba014e4c,2010-01-30T13:30:00Z,United Kingdom,active
cus_3409c64bd760eb3d,2010-07-20T14:34:00Z,United Kingdom,active
cus_3842c045d63b26be,2010-03-22T15:34:00Z,United Kingdom,active
cus_b424a4c73bdd38ee,2011-11-03T10:10:00Z,United Kingdom,active
cus_89ab47b81c65a097,2009-12-05T12:14:00Z,United Kingdom,active
cus_cd46f8b50ddd9672,2010-04-14T19:15:00Z,United Kingdom,active
cus_9a978ac0bde8641f,2010-03-20T16:01:00Z,United Kingdom,active
cus_0919cceb3332a0cf,2010-08-23T09:53:00Z,United Kingdom,active
cus_e550ea3267bb1efd,2010-11-01T13:23:00Z,United Kingdom,active
cus_727c0bdac65d31ef,2009-12-08T08:58:00Z,United Kingdom,active
cus_7b9f3a0ca31d6b90,2011-05-15T15:34:00Z,United Kingdom,active
cus_c7438b8123c37d28,2009-12-01T12:46:00Z,United Kingdom,active
cus_7d1ca4e686b0daeb,2010-11-15T14:01:00Z,United Kingdom,active
cus_e49988ef2cd55c50,2011-10-20T09:50:00Z,United Kingdom,active
cus_39120a2ad4765382,2010-04-20T16:01:00Z,United Kingdom,active
cus_d645500e1c84cdcb,2009-12-13T09:48:00Z,United Kingdom,active
cus_04363a1d23440145,2010-03-18T13:40:00Z,United Kingdom,active
cus_f0ef54b436c71735,2010-03-20T13:50:00Z,United Kingdom,active
cus_fb7a845059f27556,2011-11-02T16:56:00Z,United Kingdom,active
cus_0ca662235c746f98,2009-12-02T13:32:00Z,United Kingdom,active
cus_22ab92a2712a60ee,2011-08-15T17:06:00Z,United Kingdom,active
cus_9f8a5b103147aeed,2011-10-22T13:10:00Z,United Kingdom,active
cus_cbec7459785063df,2009-12-14T19:02:00Z,United Kingdom,active
cus_98c216e57913d1bd,2010-07-31T14:40:00Z,United Kingdom,active
cus_de8971184ec946ab,2011-02-13T12:36:00Z,United Kingdom,active
cus_eb5441466a2068d5,2010-03-04T09:39:00Z,United Kingdom,active
cus_daf570d4d1b3766e,2010-01-24T11:52:00Z,United Kingdom,active
cus_44cee9e3a0414f7c,2010-01-30T15:51:00Z,United Kingdom,active
cus_ef379922296c9b03,2010-08-18T16:18:00Z,United Kingdom,active
cus_0248fab2fe138727,2009-12-03T12:37:00Z,United Kingdom,active
cus_ce65fcbc349903d3,2010-03-09T11:46:00Z,United Kingdom,active
cus_9a9c357633241511,2009-12-02T13:46:00Z,United Kingdom,active
cus_d90985a573ab69e3,2011-07-06T17:19:00Z,United Kingdom,active
cus_2e863f771a746137,2009-12-04T10:25:00Z,United Kingdom,active
cus_c1b89a971cb5910a,2010-01-24T10:13:00Z,United Kingdom,active
cus_611b17f720e2437a,2011-02-17T10:42:00Z,United Kingdom,active
cus_5f1dc1e1a375971c,2009-12-06T08:24:00Z,United Kingdom,active
cus_870cbfbb40a3d2cb,2011-02-24T16:42:00Z,Switzerland,active
cus_6496ac073f2c8f62,2009-12-06T12:12:00Z,United Kingdom,active
cus_a873d475ff3c1883,2010-02-07T10:27:00Z,United Kingdom,active
cus_e1a3991a3e5e78a3,2010-06-08T10:52:00Z,United Kingdom,active
cus_ad04c75f15eb0d8c,2010-02-15T13:49:00Z,United Kingdom,active
cus_843fb6d1c638be12,2011-04-20T12:07:00Z,Switzerland,active
cus_45f6419c4af25a5a,2010-09-04T12:33:00Z,United Kingdom,active
cus_64ebff9a2eee2b78,2010-03-06T11:58:00Z,United Kingdom,active
cus_72d5276eff5bf441,2010-07-19T12:10:00Z,United Kingdom,active
cus_95f6e74cf68d31bb,2009-12-13T13:51:00Z,United Kingdom,active
cus_3dc1a3db64600c18,2010-01-31T12:10:00Z,United Kingdom,active
cus_2eab584a1f30fdf1,2010-05-04T13:22:00Z,United Kingdom,active
cus_149799b213ea9640,2010-02-21T16:36:00Z,United Kingdom,active
cus_7665ac1e10920356,2010-01-25T15:11:00Z,United Kingdom,active
cus_c674dc2469947edd,2010-03-04T11:58:00Z,United Kingdom,active
cus_eec566b5f08a04ee,2011-06-12T08:44:00Z,United Kingdom,active
cus_6137750da60d025f,2009-12-16T11:11:00Z,Switzerland,active
cus_ebb98b9a4967ca1e,2011-11-28T15:09:00Z,United Kingdom,active
cus_cf6053c2b6de7178,2010-11-01T14:55:00Z,United Kingdom,active
cus_fca810d4790e9346,2011-05-03T12:26:00Z,United Kingdom,active
cus_cc41ecb273e10bdd,2009-11-30T12:56:00Z,United Kingdom,active
cus_03014d8996c4a015,2010-01-20T12:37:00Z,United Kingdom,active
cus_eee2275352c1ca90,2009-12-02T15:20:00Z,United Kingdom,active
cus_8dca8430b6f16d6a,2010-07-06T15:00:00Z,United Kingdom,active
cus_472a2d79f3dd7a0d,2010-02-01T12:47:00Z,United Kingdom,active
cus_410182eb6abc72ee,2010-04-27T12:04:00Z,United Kingdom,active
cus_5bfe2606feae1547,2010-02-21T09:22:00Z,United Kingdom,active
cus_ab5a58515ca8a3da,2010-05-17T16:15:00Z,United Kingdom,active
cus_8001feca4d7200c7,2009-12-09T19:53:00Z,United Kingdom,active
cus_80719ff6fa311295,2010-03-04T11:31:00Z,United Kingdom,active
cus_b4ca08197e441f87,2009-11-30T12:41:00Z,United Kingdom,active
cus_a4543a100f8c475d,2010-10-10T17:23:00Z,United Kingdom,active
cus_d5ca79980a416947,2010-11-16T12:17:00Z,United Kingdom,active
cus_71e340f5a35a282e,2010-11-20T15:24:00Z,United Kingdom,active
cus_ffd1b381c22cf837,2010-02-18T13:28:00Z,United Kingdom,active
cus_ffc102d6998adcbe,2010-09-18T12:39:00Z,United Kingdom,active
cus_4294f95ef0b18d7a,2010-01-18T13:20:00Z,United Kingdom,active
cus_a78d0cb7a5802700,2010-09-29T09:01:00Z,United Kingdom,active
cus_778f8d7589fbbd08,2009-12-07T17:41:00Z,United Kingdom,active
cus_f65decbb2c095c3c,2010-06-13T11:52:00Z,United Kingdom,active
cus_4cb1786d91a72afa,2010-02-27T13:42:00Z,United Kingdom,active
cus_72747fbe198b9885,2010-01-13T16:33:00Z,United Kingdom,active
cus_ad7930021bd6f442,2011-07-21T17:21:00Z,United Kingdom,active
cus_60fe815235874a83,2009-12-01T11:55:00Z,United Kingdom,active
cus_985d72a5aa20c9e7,2010-10-23T15:51:00Z,United Kingdom,active
cus_90ed3e5c09469dbe,2010-03-09T12:22:00Z,United Kingdom,active
cus_fa7a1a38a84b1c04,2010-06-15T12:48:00Z,United Kingdom,active
cus_fab1aadb4ceeabec,2010-10-06T13:05:00Z,United Kingdom,active
cus_a24526c3d9003990,2011-04-09T13:36:00Z,United Kingdom,active
cus_75d9c76596daa9fc,2009-12-07T13:02:00Z,United Kingdom,active
cus_b732928f7fa0db01,2011-05-17T11:59:00Z,United Kingdom,active
cus_77eb795f3f2d98ea,2010-03-11T16:06:00Z,United Kingdom,active
cus_2a4f90bc6e1816e5,2011-06-15T14:24:00Z,United Kingdom,active
cus_db79016bd6d0f9a5,2009-12-07T15:12:00Z,United Kingdom,active
cus_cdb31f7726222292,2009-12-13T16:10:00Z,United Kingdom,active
cus_379fe49616e19a9e,2010-01-28T13:53:00Z,United Kingdom,active
cus_bcf9ff0b819c2fea,2009-11-30T14:56:00Z,United Kingdom,active
cus_98dd3352ac8aa733,2010-06-15T13:47:00Z,United Kingdom,active
cus_ada69b43c290a7b2,2010-02-13T13:17:00Z,United Kingdom,active
cus_bdfd34511bf8c0cc,2011-03-28T15:53:00Z,United Kingdom,active
cus_7cd579f7d0049537,2009-12-05T10:26:00Z,United Kingdom,active
cus_e465792364650445,2009-11-30T13:37:00Z,United Kingdom,active
cus_70e561f8eedfdb68,2009-12-13T15:44:00Z,United Kingdom,active
cus_88a85e93da6d51d1,2011-03-19T14:01:00Z,United Kingdom,active
cus_694e588c23356d13,2010-03-01T16:36:00Z,United Kingdom,active
cus_fa82a7e99b4ea72e,2010-01-06T13:25:00Z,United Kingdom,active
cus_78571d52358aa54a,2010-02-25T11:22:00Z,United Kingdom,active
cus_5fa24fa4ebcaa691,2009-11-30T12:30:00Z,United Kingdom,active
cus_bc463420579162d1,2010-03-14T17:16:00Z,United Kingdom,active
cus_c6926212d2635407,2010-06-10T15:03:00Z,United Kingdom,active
cus_f0754f429a34be63,2010-05-27T11:49:00Z,United Kingdom,active
cus_b56d0b7f59f75387,2010-02-18T12:02:00Z,United Kingdom,active
cus_917e2a0d84ae27d9,2011-01-31T11:42:00Z,United Kingdom,active
cus_a722f213a4754063,2010-11-01T11:48:00Z,United Kingdom,active
cus_136d12815531f847,2010-01-04T14:12:00Z,United Kingdom,active
cus_923f06abfd3d7bdd,2009-12-02T07:57:00Z,United Kingdom,active
cus_69006d91a6f5c60c,2010-02-16T12:40:00Z,United Kingdom,active
cus_63f537c2bbadb8ba,2010-06-05T13:42:00Z,United Kingdom,active
cus_eaf8924c717194ad,2010-01-27T15:43:00Z,United Kingdom,active
cus_fda63b6a50b9b1d5,2010-01-16T14:56:00Z,United Kingdom,active
cus_cef4d8f98d054f13,2010-07-31T15:23:00Z,United Kingdom,active
cus_bfa917f882663492,2010-06-28T15:02:00Z,United Kingdom,active
cus_7456c5201f3f86a6,2009-12-01T11:36:00Z,United Kingdom,active
cus_21727d95dcb3b3b8,2010-04-21T10:50:00Z,United Kingdom,active
cus_4094c7e7ee91c650,2010-11-24T16:12:00Z,United Kingdom,active
cus_1d976fc4ecb31223,2010-02-10T17:34:00Z,United Kingdom,active
cus_59e39c5809992442,2011-02-26T12:49:00Z,United Kingdom,active
cus_3226256d35df6f66,2011-03-16T17:13:00Z,United Kingdom,active
cus_c6fa3c8b2430deda,2010-04-06T10:59:00Z,United Kingdom,active
cus_c476abb1c947ebcc,2010-01-09T14:26:00Z,United Kingdom,active
cus_d8e059cffbac4872,2009-11-30T09:46:00Z,United Kingdom,active
cus_a7be3ac12a3d8ff5,2011-02-26T14:29:00Z,United Kingdom,active
cus_a7adda5356cd86c3,2011-04-26T13:06:00Z,United Kingdom,active
cus_f9d21d3ccf046179,2010-04-06T15:33:00Z,United Kingdom,active
cus_78b9018825501944,2009-12-04T13:17:00Z,United Kingdom,active
cus_1571cef07841d60e,2010-10-02T12:23:00Z,United Kingdom,active
cus_1c15760168d4a128,2009-12-07T12:48:00Z,United Kingdom,active
cus_107b326e4c12a880,2011-08-25T11:53:00Z,United Kingdom,active
cus_44d2122ed19d3836,2010-11-04T11:02:00Z,United Kingdom,active
cus_01864351aae5a612,2010-04-14T12:55:00Z,United Kingdom,active
cus_e283afdc3363e509,2009-11-30T18:13:00Z,United Kingdom,active
cus_807822e6280ee7fc,2010-06-29T16:35:00Z,United Kingdom,active
cus_75f6c50a6410e782,2010-01-25T08:44:00Z,United Kingdom,active
cus_7ddc4f68f2ab06a7,2010-11-22T09:44:00Z,United Kingdom,active
cus_976af80eca0bf606,2009-12-01T11:43:00Z,United Kingdom,active
cus_535415f8c2822542,2010-04-26T09:59:00Z,United Kingdom,active
cus_cfa361c6237065f7,2010-04-22T12:50:00Z,United Kingdom,active
cus_6282833a468f6766,2011-05-21T12:35:00Z,United Kingdom,active
cus_6662eb5fc807d653,2010-02-04T13:17:00Z,United Kingdom,active
cus_9115498149d0e6c8,2010-02-16T09:05:00Z,United Kingdom,active
cus_3ebd109bce03e02d,2010-02-18T13:21:00Z,United Kingdom,active
cus_2c9378fb432ae6bb,2010-03-02T10:11:00Z,United Kingdom,active
cus_4b194a7e2dd74be9,2010-07-22T13:29:00Z,United Kingdom,active
cus_a043fa969d2d9fce,2011-07-12T15:42:00Z,United Kingdom,active
cus_0e3eaa7653d02359,2009-12-10T14:28:00Z,United Kingdom,active
cus_67fb52cd797ebd1b,2010-10-27T15:05:00Z,United Kingdom,active
cus_8e49da5e32cecab3,2010-11-09T10:50:00Z,United Kingdom,active
cus_b24c6ae59d2ce642,2009-12-08T11:40:00Z,United Kingdom,active
cus_a025fe923dca236f,2011-02-27T12:14:00Z,United Kingdom,active
cus_de82fac869ed4ad8,2010-03-29T16:53:00Z,United Kingdom,active
cus_b7c5036d44f3203f,2010-07-06T17:25:00Z,United Kingdom,active
cus_89f5da268076debf,2009-12-03T16:52:00Z,United Kingdom,active
cus_4bc1d715940aee7f,2009-12-03T14:14:00Z,United Kingdom,active
cus_ce9c6dc8dede4ddd,2011-07-06T15:21:00Z,United Kingdom,active
cus_574a6eac60754cfb,2010-03-27T14:48:00Z,United Kingdom,active
cus_e6e77061a2ebd039,2011-10-09T12:59:00Z,United Kingdom,active
cus_8507aa43d5ea7b77,2010-11-02T13:44:00Z,United Kingdom,active
cus_2c2e39a33645b587,2010-03-13T14:11:00Z,United Kingdom,active
cus_9f3a3fa48244fc8c,2010-10-14T13:28:00Z,United Kingdom,active
cus_ddf6d7ed318b47ef,2009-12-06T11:29:00Z,United Kingdom,active
cus_ec18f93dc434def9,2009-12-03T15:26:00Z,United Kingdom,active
cus_9bdf0375a63bf25e,2010-05-10T11:07:00Z,United Kingdom,active
cus_9336d6ccdf5e62a5,2010-01-26T09:02:00Z,United Kingdom,active
cus_e1d56b800b4a707c,2010-02-06T10:53:00Z,United Kingdom,active
cus_965417018d2aafef,2010-09-18T12:39:00Z,United Kingdom,active
cus_033ce8416ef28d90,2011-09-11T14:40:00Z,United Kingdom,active
cus_445aa05836791ed6,2010-03-24T17:19:00Z,United Kingdom,active
cus_3a8b5806080986cc,2010-06-20T11:57:00Z,United Kingdom,active
cus_7106d9846033401f,2011-03-12T13:46:00Z,United Kingdom,active
cus_be06ccf843d11196,2010-01-10T10:40:00Z,United Kingdom,active
cus_8eb9d3a7e623da0b,2010-04-05T12:54:00Z,United Kingdom,active
cus_1d268b8064a584a4,2009-11-30T14:01:00Z,United Kingdom,active
cus_50e85f17c02d7c65,2010-05-04T16:48:00Z,United Kingdom,active
cus_27302fa44747823a,2010-08-30T13:57:00Z,United Kingdom,active
cus_594194fbc21f936b,2010-03-10T15:33:00Z,United Kingdom,active
cus_6c6b93265b1eff53,2010-08-10T09:40:00Z,United Kingdom,active
cus_a6bf829324544abb,2010-05-16T14:36:00Z,United Kingdom,active
cus_bb38b361b8d3d322,2011-03-29T09:17:00Z,United Kingdom,active
cus_317afbea0bca091d,2010-11-08T17:59:00Z,United Kingdom,active
cus_cb564020effe88d1,2010-03-02T14:13:00Z,United Kingdom,active
cus_e9c97b5b973e056b,2010-04-06T14:32:00Z,United Kingdom,active
cus_db2d6d7478e9f4de,2011-02-03T12:18:00Z,United Kingdom,active
cus_9859b41edd3f10b0,2011-08-30T11:06:00Z,United Kingdom,active
cus_a44e4cfc223b9fc9,2009-12-08T13:25:00Z,United Kingdom,active
cus_7a69f7d4d1efe57d,2009-12-08T17:13:00Z,United Kingdom,active
cus_0025c350f96e59d5,2010-01-23T14:57:00Z,United Kingdom,active
cus_9bbc089e24672ac7,2011-06-30T12:47:00Z,United Kingdom,active
cus_33cb16447d82bf23,2009-12-03T15:28:00Z,United Kingdom,active
cus_5fc6dd3f8e52358e,2010-04-15T08:42:00Z,United Kingdom,active
cus_8177945b8500c803,2009-12-12T13:31:00Z,United Kingdom,active
cus_5f417f578b4e9aa3,2009-12-05T12:07:00Z,United Kingdom,active
cus_63b2f6a5f596e562,2010-06-29T10:25:00Z,United Kingdom,active
cus_6c0d5b82484e47f0,2011-01-22T14:59:00Z,United Kingdom,active
cus_165ec394e69a56a6,2011-03-24T14:46:00Z,United Kingdom,active
cus_5d64726a7bb88360,2011-02-19T14:08:00Z,United Kingdom,active
cus_37be41a4e4d393b8,2010-06-10T17:19:00Z,United Kingdom,active
cus_590354e49f5c91ed,2009-11-30T16:44:00Z,United Kingdom,active
cus_534cc555aa55c97c,2010-03-31T14:49:00Z,United Kingdom,active
cus_d382e49c6d6ce8f1,2010-06-29T10:23:00Z,United Kingdom,active
cus_90f68ce07c1126e5,2009-12-02T10:20:00Z,United Kingdom,active
cus_8bf2169b7c46112a,2010-09-27T15:29:00Z,United Kingdom,active
cus_f16b43fd805fc8ba,2011-10-06T15:45:00Z,United Kingdom,active
cus_f1e7c32ec1ff7a48,2009-12-14T15:18:00Z,United Kingdom,active
cus_fe9aa688b1c81015,2009-11-30T10:06:00Z,United Kingdom,active
cus_2013a9a2c6b0f35f,2011-09-28T15:40:00Z,United Kingdom,active
cus_3ce73ec05e88e598,2010-02-20T11:08:00Z,United Kingdom,active
cus_90da468222374619,2010-03-06T12:56:00Z,United Kingdom,active
cus_4a07938de324715d,2010-02-23T13:46:00Z,United Kingdom,active
cus_da7d59242b077fc1,2009-11-30T10:52:00Z,United Kingdom,active
cus_5e55ec36d3a1fa89,2009-11-30T12:33:00Z,United Kingdom,active
cus_c505bb8a368ccb0c,2009-12-15T11:59:00Z,United Kingdom,active
cus_ef917b9e1e1b0a91,2009-12-08T14:44:00Z,United Kingdom,active
cus_7942af6b3a6dcf46,2010-02-24T12:37:00Z,United Kingdom,active
cus_dd745c72860d9aeb,2010-02-22T13:55:00Z,United Kingdom,active
cus_3e3e3b20463ff6b2,2010-02-17T10:27:00Z,United Kingdom,active
cus_f155307890ab1859,2010-01-25T16:51:00Z,United Kingdom,active
cus_79c27e2b93dc169c,2009-12-01T09:47:00Z,United Kingdom,active
cus_60ff1ee67084f0c0,2010-05-22T13:34:00Z,United Kingdom,active
cus_0b978bc0bb86e8aa,2009-12-17T15:46:00Z,United Kingdom,active
cus_815ce394c7ba07b9,2009-12-05T12:52:00Z,United Kingdom,active
cus_acfd14ca229c0584,2010-09-14T12:27:00Z,United Kingdom,active
cus_9ecaa836cba15356,2010-09-04T16:01:00Z,United Kingdom,active
cus_1e67678e49dcf2a9,2009-12-02T15:32:00Z,United Kingdom,active
cus_96961d65b7c489d1,2010-01-13T10:13:00Z,United Kingdom,active
cus_0dc625595280c141,2010-11-15T15:31:00Z,United Kingdom,active
cus_1a788c0e782cad97,2011-06-23T16:38:00Z,United Kingdom,active
cus_7a3752ecde5670a5,2010-03-11T12:44:00Z,United Kingdom,active
cus_f8f9e18577a00181,2010-03-01T12:17:00Z,United Kingdom,active
cus_8372b95a76846224,2009-12-07T16:21:00Z,United Kingdom,active
cus_d826e6b8147c45d8,2010-03-04T16:39:00Z,United Kingdom,active
cus_917920e85daa3f1c,2011-10-03T10:15:00Z,United Kingdom,active
cus_e365ac9352c66636,2010-02-15T10:11:00Z,United Kingdom,active
cus_68572864509f2a56,2010-09-28T10:26:00Z,United Kingdom,active
cus_908ddde49d9572e9,2011-08-01T15:29:00Z,United Kingdom,active
cus_bddc482fb8d8ec39,2009-12-03T12:41:00Z,United Kingdom,active
cus_eda40965ab0df33e,2011-09-03T12:07:00Z,United Kingdom,active
cus_7dbaddd861b02567,2011-10-13T12:57:00Z,Germany,active
cus_c52acc4fe5df27ce,2011-04-13T18:40:00Z,Germany,active
cus_160d47b622fbc088,2009-12-05T10:16:00Z,Germany,active
cus_052c759336fa749e,2010-02-11T10:26:00Z,Germany,active
cus_d16ee0ac772979f1,2011-10-05T14:37:00Z,Germany,active
cus_118558703ae1a7b2,2009-11-30T16:18:00Z,United Kingdom,active
cus_d4beafb308b22968,2010-01-03T13:36:00Z,United Kingdom,active
cus_28f0913ac6a8e86e,2011-10-29T15:55:00Z,United Kingdom,active
cus_4373d4c6f23ace55,2009-12-14T14:34:00Z,United Kingdom,active
cus_976603b8e9133def,2010-03-11T15:17:00Z,United Kingdom,active
cus_3ac1a706fe43fda5,2009-12-08T14:30:00Z,United Kingdom,active
cus_c4df4236c9250129,2011-07-18T15:38:00Z,United Kingdom,active
cus_b171a2c90fc9a6bf,2010-05-06T12:24:00Z,United Kingdom,active
cus_80e0215615ce529f,2009-12-09T14:50:00Z,United Kingdom,active
cus_4b98c6551c7ae1d9,2010-10-12T14:41:00Z,United Kingdom,active
cus_c04c1afbb89d8bd6,2010-10-30T14:11:00Z,United Kingdom,active
cus_cfb3347abfba4542,2010-03-03T08:26:00Z,United Kingdom,active
cus_19ecff404a58ce23,2010-10-20T13:27:00Z,United Kingdom,active
cus_73b3e98831085594,2010-05-08T11:40:00Z,United Kingdom,active
cus_475349fd5a557085,2010-10-18T13:34:00Z,United Kingdom,active
cus_fc241d98e08d09a0,2010-02-15T15:54:00Z,United Kingdom,active
cus_0479349425404078,2011-11-27T13:21:00Z,United Kingdom,active
cus_d91292e1333f6c4b,2010-11-04T09:47:00Z,United Kingdom,active
cus_104f575d22412a6b,2009-12-08T16:17:00Z,United Kingdom,active
cus_8c193406e7d255ae,2010-03-24T12:03:00Z,United Kingdom,active
cus_c3c8c70240147867,2010-01-28T11:54:00Z,United Kingdom,active
cus_e56227bd82059d29,2010-04-07T09:06:00Z,United Kingdom,active
cus_ef2a12a0d3c9b74f,2010-01-07T11:28:00Z,United Kingdom,active
cus_248c272271fbf322,2009-12-07T16:56:00Z,United Kingdom,active
cus_2b245b3c657f8f4c,2010-03-29T15:40:00Z,United Kingdom,active
cus_db7e12020e6c0284,2010-05-16T14:21:00Z,United Kingdom,active
cus_e4b6b51c7d97c4da,2010-11-14T13:43:00Z,United Kingdom,active
cus_718659ab6a62feac,2011-09-25T14:54:00Z,United Kingdom,active
cus_d97f6568f15e0b50,2011-05-04T17:28:00Z,United Kingdom,active
cus_3dc1398467c6ba56,2011-10-31T12:45:00Z,United Kingdom,active
cus_c19631ec9dc61ff0,2010-01-16T14:53:00Z,United Kingdom,active
cus_2f713c7301c21c22,2010-02-07T12:08:00Z,United Kingdom,active
cus_b456d70d2453eea5,2009-12-19T13:09:00Z,United Kingdom,active
cus_1a1ebea860a04ef2,2010-03-02T12:31:00Z,United Kingdom,active
cus_e2b6430a82e9fd69,2009-12-10T13:23:00Z,United Kingdom,active
cus_cf3d6a72f9b710ce,2009-12-16T10:30:00Z,United Kingdom,active
cus_4272dab40f38c74a,2011-10-06T10:22:00Z,United Kingdom,active
cus_38be1832fe3bec14,2010-04-13T13:50:00Z,United Kingdom,active
cus_54ab1577dba23546,2010-05-25T14:29:00Z,United Kingdom,active
cus_a7e49300b2664017,2010-03-03T14:41:00Z,United Kingdom,active
cus_c6d6bfd35ecd0c14,2009-12-07T17:26:00Z,United Kingdom,active
cus_7071f50411896dee,2010-08-25T19:57:00Z,United Kingdom,active
cus_45b69b94bae0662c,2011-05-22T08:52:00Z,United Kingdom,active
cus_af8bc9186a08f41b,2011-05-18T17:22:00Z,United Kingdom,active
cus_b5a54a453f9f6975,2010-05-12T11:57:00Z,United Kingdom,active
cus_98423bdda89c62b8,2010-01-21T14:32:00Z,United Kingdom,active
cus_e85ee2814525c05a,2009-12-05T15:15:00Z,United Kingdom,active
cus_ab14c4fdbd14b63c,2010-05-05T16:02:00Z,United Kingdom,active
cus_292ae8507d5a6cc4,2010-05-12T10:32:00Z,United Kingdom,active
cus_7f75cdc6dbf9ae87,2011-02-14T11:30:00Z,United Kingdom,active
cus_cb58e1ecaf18abce,2011-02-01T12:54:00Z,United Kingdom,active
cus_ef8116de01b2b5f0,2010-10-23T15:42:00Z,United Kingdom,active
cus_b251e4b5f715faa4,2011-03-09T09:30:00Z,United Kingdom,active
cus_3dfd201fe21697c8,2010-03-24T13:46:00Z,United Kingdom,active
cus_1f6666fd1fccc068,2010-01-04T09:29:00Z,United Kingdom,active
cus_09ff41d5aa73e790,2011-02-17T11:18:00Z,United Kingdom,active
cus_ec14e43c9c6f86c1,2009-12-06T11:41:00Z,United Kingdom,active
cus_c54c76601b681a5a,2010-01-16T12:22:00Z,United Kingdom,active
cus_ede8777119cad06b,2011-03-07T12:04:00Z,United Kingdom,active
cus_49ac82514cde15c0,2010-07-05T16:52:00Z,United Kingdom,active
cus_1755252827e8841f,2010-02-28T16:31:00Z,United Kingdom,active
cus_2891a5f19e1f7ace,2010-10-11T08:43:00Z,United Kingdom,active
cus_3f0b38f65f30e116,2009-12-07T13:42:00Z,United Kingdom,active
cus_aa6310a77724c34d,2009-11-30T11:10:00Z,United Kingdom,active
cus_542590e707b642b7,2011-05-31T12:46:00Z,United Kingdom,active
cus_531f177498da8972,2010-06-16T09:30:00Z,Denmark,active
cus_1642c903abc7f9c6,2010-05-25T15:48:00Z,United Kingdom,active
cus_a14db3b7e2673c19,2011-09-27T15:07:00Z,United Kingdom,active
cus_44ea7c7c34bb9ab7,2010-09-27T16:12:00Z,United Kingdom,active
cus_5348a57510327efd,2011-07-28T15:59:00Z,United Kingdom,active
cus_a3651b564b886dee,2010-01-13T07:25:00Z,United Kingdom,active
cus_ebb14c6fd589b042,2009-12-02T10:26:00Z,United Kingdom,active
cus_1cde7f615c982fa1,2011-07-13T13:35:00Z,United Kingdom,active
cus_c6725862b74df777,2010-10-20T14:21:00Z,United Kingdom,active
cus_26c3c9f82c61582a,2010-04-05T12:43:00Z,United Kingdom,active
cus_11accc1b30530ef5,2011-07-17T16:05:00Z,United Kingdom,active
cus_a12543e47864d6f3,2009-12-15T16:10:00Z,United Kingdom,active
cus_e67dbc3ba04389fd,2009-12-03T11:07:00Z,United Kingdom,active
cus_166454e7c14ee970,2009-12-03T12:14:00Z,United Kingdom,active
cus_ded824033d2e19ee,2011-04-06T11:29:00Z,United Kingdom,active
cus_63e0b3fec8bfa77d,2011-02-17T15:21:00Z,United Kingdom,active
cus_b8d012d37ec01a8a,2009-12-15T09:41:00Z,United Kingdom,active
cus_5dd5d0aef6db158b,2009-12-10T12:58:00Z,United Kingdom,active
cus_169dadfd1d9519fb,2011-09-29T10:52:00Z,United Kingdom,active
cus_760c5d9ce749c74b,2010-11-28T17:35:00Z,United Kingdom,active
cus_774e0889ef9676f8,2011-03-12T12:51:00Z,United Kingdom,active
cus_da0b4230b690a6e4,2010-02-18T10:32:00Z,United Kingdom,active
cus_f0bba1473af89f95,2009-12-04T13:12:00Z,United Kingdom,active
cus_790605b191358d17,2010-07-15T15:11:00Z,United Kingdom,active
cus_0b7fb82e4cbbb12a,2011-09-28T12:39:00Z,United Kingdom,active
cus_aa91343ded28e358,2010-04-20T16:20:00Z,United Kingdom,active
cus_3013a98904d23087,2010-10-04T12:38:00Z,United Kingdom,active
cus_9f54a5a8eb62fb90,2010-01-04T15:21:00Z,United Kingdom,active
cus_be026aa05de3dc0e,2010-03-24T13:15:00Z,United Kingdom,active
cus_357448428d464673,2010-01-25T09:51:00Z,United Kingdom,active
cus_bd3509e73dea59ea,2011-05-21T11:34:00Z,United Kingdom,active
cus_e2c139a2efaa28a1,2010-05-05T17:55:00Z,United Kingdom,active
cus_53beefb8e78afc07,2010-02-01T11:10:00Z,United Kingdom,active
cus_71f36f648e29ca01,2010-02-08T13:08:00Z,United Kingdom,active
cus_fa839dc4d8ff0220,2010-10-23T14:08:00Z,United Kingdom,active
cus_08bdaac2ba70583c,2009-12-02T10:02:00Z,United Kingdom,active
cus_48c922e90fc4df10,2010-02-20T14:18:00Z,United Kingdom,active
cus_af47e308ee3c9703,2010-01-19T14:04:00Z,United Kingdom,active
cus_95d245a3fd1482ad,2009-12-08T13:53:00Z,United Kingdom,active
cus_1f80bc1a892f9b0d,2009-12-06T11:51:00Z,United Kingdom,active
cus_52e4cc9976b8d58e,2010-02-08T13:56:00Z,United Kingdom,active
cus_31fec0bb23e70416,2010-11-03T09:54:00Z,United Kingdom,active
cus_a7d827b946520782,2010-03-23T11:05:00Z,United Kingdom,active
cus_98924956c69ab1cf,2010-05-24T12:13:00Z,United Kingdom,active
cus_0183ac6a01783603,2011-07-18T12:58:00Z,United Kingdom,active
cus_b18b17b46e55436f,2010-09-01T17:04:00Z,United Kingdom,active
cus_ffda9196708e65db,2009-12-02T11:57:00Z,United Kingdom,active
cus_b768bd1805c16f78,2011-07-13T18:28:00Z,United Kingdom,active
cus_29e35fbdeaa15e79,2009-12-17T12:43:00Z,United Kingdom,active
cus_075f43cbe9caafc2,2010-11-04T15:07:00Z,United Kingdom,active
cus_4a5a3bb2c6705817,2010-05-11T13:18:00Z,United Kingdom,active
cus_70fd58c87e70f457,2009-12-04T12:42:00Z,United Kingdom,active
cus_d4972bf4ca3d6ca3,2009-12-01T09:50:00Z,United Kingdom,active
cus_dbf9fd0ae006a8c6,2010-08-02T12:49:00Z,United Kingdom,active
cus_b71421e4c50ebe68,2010-09-29T09:39:00Z,United Kingdom,active
cus_86823d5fc2f345bb,2011-05-07T10:33:00Z,United Kingdom,active
cus_cc5d243c40587ede,2010-02-24T09:45:00Z,United Kingdom,active
cus_7b0548a1407d6d8b,2010-09-02T12:08:00Z,United Kingdom,active
cus_62ff2d223bc72f77,2010-04-10T13:40:00Z,United Kingdom,active
cus_8895c5a155876f47,2009-12-06T18:09:00Z,United Kingdom,active
cus_dd8abfeee62bf2d0,2010-05-11T09:04:00Z,United Kingdom,active
cus_16558d54b516e4b6,2010-01-07T14:12:00Z,EIRE,active
cus_bd1fbbdc07c7d048,2011-07-23T15:39:00Z,United Kingdom,active
cus_757d1816fad3048f,2010-06-27T15:29:00Z,United Kingdom,active
cus_23c27dd987158a60,2010-04-25T11:22:00Z,United Kingdom,active
cus_36cd96fa49b73f32,2010-08-09T09:38:00Z,United Kingdom,active
cus_4fa4c6306fb2520e,2011-04-02T15:50:00Z,United Kingdom,active
cus_6d63b7d7ef818092,2010-05-04T09:56:00Z,United Kingdom,active
cus_0cff311fe6fd7ac3,2010-03-23T14:10:00Z,United Kingdom,active
cus_41e1d2b324aaa426,2010-06-06T12:02:00Z,United Kingdom,active
cus_68b80150570e3025,2011-07-17T16:57:00Z,United Kingdom,active
cus_35f78ef9914c358b,2009-11-30T13:38:00Z,United Kingdom,active
cus_aef7e736106b0206,2009-12-02T15:35:00Z,United Kingdom,active
cus_43dc285024dbb064,2009-12-13T12:02:00Z,United Kingdom,active
cus_e26d778b0adef8f9,2011-07-04T13:06:00Z,United Kingdom,active
cus_e9a81059bd802f45,2010-04-05T12:39:00Z,United Kingdom,active
cus_0acdfde330c15de5,2009-12-06T11:39:00Z,United Kingdom,active
cus_c25eee931b1a48c4,2010-02-03T08:56:00Z,United Kingdom,active
cus_98cc84120d200be3,2010-05-12T10:15:00Z,United Kingdom,active
cus_2b3a0cbf66f48187,2009-11-30T12:14:00Z,United Kingdom,active
cus_b349909b2acb8102,2010-01-23T15:14:00Z,United Kingdom,active
cus_bf90063c064717a5,2010-01-07T10:08:00Z,United Kingdom,active
cus_20f17b9d6706f69e,2010-01-31T10:05:00Z,United Kingdom,active
cus_2bda8ede52a5d090,2010-03-31T14:52:00Z,United Kingdom,active
cus_649c3fe33ebec32f,2011-08-24T13:46:00Z,United Kingdom,active
cus_262ce3566421a463,2009-12-02T11:53:00Z,United Kingdom,active
cus_81d3c337ccc44b75,2010-11-13T11:37:00Z,United Kingdom,active
cus_fc02f3eeff4a24a3,2010-08-09T11:02:00Z,United Kingdom,active
cus_1530db82c9ad32c9,2011-10-04T15:49:00Z,United Kingdom,active
cus_44881733850f9289,2011-02-27T15:19:00Z,United Kingdom,active
cus_c99ec38a80915443,2009-12-02T13:17:00Z,United Kingdom,active
cus_4076e851d15001bd,2010-06-26T11:29:00Z,United Kingdom,active
cus_26d13c65144d18f9,2011-03-17T10:06:00Z,United Kingdom,active
cus_b5c30f803817f7aa,2010-03-10T09:47:00Z,United Kingdom,active
cus_20e2c1952dd78568,2009-12-09T14:28:00Z,United Kingdom,active
cus_1224e3d02ccce734,2009-12-07T13:46:00Z,United Kingdom,active
cus_3c45a6413cb7936a,2010-01-20T13:22:00Z,United Kingdom,active
cus_5f66245e3ee16ded,2010-01-30T10:10:00Z,United Kingdom,active
cus_c00b1cbc14358bff,2010-05-26T12:30:00Z,United Kingdom,active
cus_f29675a326aecffe,2011-03-19T11:33:00Z,United Kingdom,active
cus_a9b8233c16f43fb6,2010-06-15T14:47:00Z,United Kingdom,active
cus_76ef50d6bb17e918,2010-11-08T16:01:00Z,United Kingdom,active
cus_f365bb661811cdf3,2010-03-27T15:05:00Z,United Kingdom,active
cus_b156bee89c572632,2009-12-01T15:01:00Z,United Kingdom,active
cus_0cc7ccfbd5569b85,2009-12-09T18:27:00Z,United Kingdom,active
cus_1ca5c945e011d154,2010-11-11T11:47:00Z,United Kingdom,active
cus_c1318074cb883a45,2009-12-07T13:41:00Z,United Kingdom,active
cus_9c60973e91aac3d5,2009-12-03T15:27:00Z,United Kingdom,active
cus_92862405bb282dc0,2010-10-13T19:46:00Z,United Kingdom,active
cus_4bedf7790033c262,2011-01-18T10:51:00Z,United Kingdom,active
cus_824ef7faf3de65a3,2010-01-09T13:41:00Z,United Kingdom,active
cus_bebdb4a6906ace19,2009-12-15T16:24:00Z,United Kingdom,active
cus_155a02e12fdf90fa,2010-09-25T11:58:00Z,United Kingdom,active
cus_13e0435f979a0ff7,2011-08-29T10:49:00Z,United Kingdom,active
cus_63ffb12cec17f560,2009-12-09T11:55:00Z,United Kingdom,active
cus_3306c4f4458d2f77,2010-03-27T13:36:00Z,United Kingdom,active
cus_2792ca835ae7ca88,2011-10-25T12:46:00Z,United Kingdom,active
cus_900d5ab42cb44b37,2010-05-27T16:11:00Z,United Kingdom,active
cus_a6fd8816c33a12df,2009-12-17T16:57:00Z,United Kingdom,active
cus_959724f649c753b2,2009-12-08T14:20:00Z,United Kingdom,active
cus_7499011c36aea436,2009-11-30T18:07:00Z,United Kingdom,active
cus_a927d3f0fb83b0eb,2011-09-27T10:18:00Z,United Kingdom,active
cus_e3b6ae41b29f8e6e,2009-11-30T09:50:00Z,United Kingdom,active
cus_14560a03f7871f03,2011-04-11T11:36:00Z,United Kingdom,active
cus_60a1e9888e33ee11,2009-12-16T17:56:00Z,United Kingdom,active
cus_6856342b22c510a7,2009-12-06T10:44:00Z,United Kingdom,active
cus_b4bf03318406ffd2,2010-04-11T11:07:00Z,United Kingdom,active
cus_d88b639742d3afed,2010-02-10T11:44:00Z,United Kingdom,active
cus_6e3486a21dd36e23,2011-08-09T12:44:00Z,United Kingdom,active
cus_73cbbb448cb11ecc,2009-12-20T14:52:00Z,United Kingdom,active
cus_368f9bc5358916d5,2011-10-10T10:39:00Z,United Kingdom,active
cus_b8f446b2ec423670,2009-12-01T14:22:00Z,United Kingdom,active
cus_7d674e89493b7480,2010-09-20T14:51:00Z,United Kingdom,active
cus_8c781393c26e6699,2010-10-09T11:53:00Z,United Kingdom,active
cus_d798d9217d88e0d1,2010-05-08T14:54:00Z,United Kingdom,active
cus_54d2e6b0153e82d5,2009-12-10T16:33:00Z,United Kingdom,active
cus_d0857d2af90b785d,2011-06-08T12:04:00Z,United Kingdom,active
cus_540b6241a8478b76,2009-12-05T12:10:00Z,United Kingdom,active
cus_e2c8f79ae3aa570b,2009-12-09T09:25:00Z,United Kingdom,active
cus_7e993316998c8284,2009-12-01T08:58:00Z,United Kingdom,active
cus_5b39126fa2aa5518,2009-12-07T09:19:00Z,United Kingdom,active
cus_28f66bd018dd8b6b,2010-01-12T12:30:00Z,United Kingdom,active
cus_9701363bb1e4a546,2010-06-14T09:17:00Z,United Kingdom,active
cus_4b3daeb4adccdee8,2011-11-07T11:20:00Z,United Kingdom,active
cus_1f7c288ecc829ae1,2011-08-25T14:40:00Z,United Kingdom,active
cus_3c274c6e7ecb21c4,2010-03-02T15:13:00Z,United Kingdom,active
cus_8ac9926f42ea5d4d,2010-04-07T09:47:00Z,United Kingdom,active
cus_d5ac66d78749f0bd,2010-01-12T16:04:00Z,United Kingdom,active
cus_534759856b5d8989,2010-03-08T13:43:00Z,United Kingdom,active
cus_e7412e8d1e0c7594,2009-12-22T10:54:00Z,United Kingdom,active
cus_6033c822118e9100,2010-02-17T13:57:00Z,United Kingdom,active
cus_5b0b2964cdc63407,2010-01-12T12:47:00Z,United Kingdom,active
cus_918d08a1f19e0d57,2011-03-17T14:13:00Z,United Kingdom,active
cus_96045bcde49cc135,2009-11-30T12:30:00Z,EIRE,active
cus_2751bc9ab61131d2,2009-12-02T12:31:00Z,United Kingdom,active
cus_ca9edaa64e3e499b,2010-01-09T12:06:00Z,United Kingdom,active
cus_6e04ccaadd1903b3,2009-12-12T11:46:00Z,United Kingdom,active
cus_8263a0e80c1da4b2,2011-02-19T12:32:00Z,United Kingdom,active
cus_4f01211826d66e2f,2010-09-02T17:15:00Z,United Kingdom,active
cus_ed3b18b0e56832c0,2011-03-08T12:39:00Z,United Kingdom,active
cus_66dd6f673e4c8762,2010-01-26T16:07:00Z,United Kingdom,active
cus_8850e87898664c24,2010-05-23T12:28:00Z,United Kingdom,active
cus_3e63a6720b9a58a7,2010-09-20T13:39:00Z,United Kingdom,active
cus_c9801d503586889a,2010-11-08T14:06:00Z,United Kingdom,active
cus_58d27048cd3502ec,2009-12-08T13:50:00Z,United Kingdom,active
cus_c546a5b43a52f4cc,2010-03-06T10:58:00Z,United Kingdom,active
cus_9e8dae8540125389,2010-03-21T10:43:00Z,United Kingdom,active
cus_93a268c0f38dfa3a,2010-11-22T13:21:00Z,United Kingdom,active
cus_1c2038f58ac7ab17,2010-02-25T11:59:00Z,United Kingdom,active
cus_20f498285b371952,2011-06-09T12:51:00Z,United Kingdom,active
cus_6e0af91666754d92,2011-10-17T14:00:00Z,United Kingdom,active
cus_0a5853bf77210231,2010-06-08T14:56:00Z,United Kingdom,active
cus_daf580f26fa54e12,2010-04-21T15:36:00Z,United Kingdom,active
cus_d4035fe7dc23f040,2010-08-14T15:36:00Z,United Kingdom,active
cus_f560e2d6d295feec,2011-10-03T12:43:00Z,United Kingdom,active
cus_55b0529d70b0f6d8,2011-01-11T13:52:00Z,United Kingdom,active
cus_6ca6101b89234fae,2010-03-04T11:17:00Z,United Kingdom,active
cus_8e143a7f59673d84,2011-02-01T13:46:00Z,United Kingdom,active
cus_bc6e2fcb8749b007,2010-11-15T09:28:00Z,United Kingdom,active
cus_40fab0542e7d77bd,2009-12-10T10:47:00Z,United Kingdom,active
cus_92073abb7b179aea,2010-11-07T12:31:00Z,United Kingdom,active
cus_2f70fd1a62cc1798,2009-12-09T19:18:00Z,United Kingdom,active
cus_439e4d044cf68bf5,2010-03-14T17:12:00Z,United Kingdom,active
cus_1528badca09b4c6e,2011-08-24T10:25:00Z,United Kingdom,active
cus_19e6e8afb3652085,2010-10-24T10:01:00Z,United Kingdom,active
cus_3a8f479ed6d6cc5f,2010-01-04T10:07:00Z,United Kingdom,active
cus_841bbc67edbc3d5c,2010-06-26T12:13:00Z,United Kingdom,active
cus_6da4d0f02e99669d,2010-03-31T13:01:00Z,United Kingdom,active
cus_a42f027357903d75,2010-04-29T13:00:00Z,United Kingdom,active
cus_5cdb5892f7547c07,2009-12-01T13:26:00Z,United Kingdom,active
cus_8c7bfa00c25cfe45,2010-03-06T12:20:00Z,United Kingdom,active
cus_b1c94fa4c18c8a6b,2010-06-05T13:11:00Z,United Kingdom,active
cus_f25ee0c3ecedeb80,2009-12-06T17:52:00Z,United Kingdom,active
cus_fdef9615ebf8b495,2010-01-05T10:17:00Z,United Kingdom,active
cus_0226d92643cddf5d,2009-12-08T12:48:00Z,United Kingdom,active
cus_22f32334e443b79d,2009-12-07T09:35:00Z,United Kingdom,active
cus_02166feba18f3efd,2010-06-29T12:54:00Z,United Kingdom,active
cus_7244f032b207befd,2010-05-18T13:26:00Z,United Kingdom,active
cus_775029fc4078da83,2009-12-03T10:28:00Z,United Kingdom,active
cus_bb81fad375e81ac8,2010-06-12T13:46:00Z,United Kingdom,active
cus_d04df82235d23155,2010-01-11T15:02:00Z,United Kingdom,active
cus_21610b48ff152a27,2010-09-23T14:32:00Z,United Kingdom,active
cus_172b0bde4eb9e378,2010-02-07T09:38:00Z,United Kingdom,active
cus_33d369602ce0add9,2010-06-10T12:29:00Z,United Kingdom,active
cus_38bb2c6b1d18f123,2010-06-08T13:56:00Z,United Kingdom,active
cus_a7207002e2e79f8e,2011-03-19T12:44:00Z,United Kingdom,active
cus_0f135bc5c5dc2ed8,2010-03-04T16:35:00Z,United Kingdom,active
cus_fabd240fda6b944a,2010-03-29T13:36:00Z,United Kingdom,active
cus_4cff3bf411d04374,2010-07-21T14:27:00Z,United Kingdom,active
cus_1f31ffefd639eba6,2009-12-04T10:58:00Z,United Kingdom,active
cus_dbb094df01c10089,2009-12-04T12:36:00Z,United Kingdom,active
cus_9c6355b212e7bb5d,2010-10-11T12:48:00Z,United Kingdom,active
cus_f8d41e7c76c59da4,2010-01-11T15:11:00Z,United Kingdom,active
cus_14a7c14503c13062,2010-08-19T13:41:00Z,United Kingdom,active
cus_865ce4b8cd1baefe,2011-04-07T08:25:00Z,United Kingdom,active
cus_7fc18a870c143a1c,2010-06-05T15:07:00Z,United Kingdom,active
cus_1e1bbd8751025ad9,2010-01-28T14:21:00Z,United Kingdom,active
cus_10b5b2a0a0fae538,2011-09-10T13:44:00Z,United Kingdom,active
cus_baf06a5b5aa4bb80,2011-10-12T12:46:00Z,United Kingdom,active
cus_c97ae99c8196a9a0,2010-03-25T15:08:00Z,United Kingdom,active
cus_2229f0a38712fe09,2010-01-13T10:35:00Z,United Kingdom,active
cus_980e4a0d8c990640,2010-02-28T15:36:00Z,United Kingdom,active
cus_44ed298b74259843,2009-12-03T08:36:00Z,United Kingdom,active
cus_52e731938e028461,2011-09-21T10:47:00Z,United Kingdom,active
cus_bab2fdcb8dc78160,2011-04-12T12:23:00Z,United Kingdom,active
cus_b0e3ad739b01b5f0,2010-04-06T13:21:00Z,United Kingdom,active
cus_deecaadb408c7b68,2010-04-05T14:39:00Z,Unspecified,active
cus_03b350fe56771bfa,2009-12-07T19:09:00Z,United Kingdom,active
cus_5441b98206876c4c,2010-05-05T14:01:00Z,United Kingdom,active
cus_3d82ca7cfc41d03b,2011-04-10T13:24:00Z,United Kingdom,active
cus_abbbdf016e483c2b,2010-04-10T12:32:00Z,United Kingdom,active
cus_e82a0b900b3dc01c,2010-02-16T13:10:00Z,United Kingdom,active
cus_488d134479e1bf1d,2009-12-02T17:52:00Z,France,active
cus_df046c82df06dd68,2010-01-26T16:34:00Z,United Kingdom,active
cus_b864434ed282fffb,2010-02-14T11:22:00Z,United Kingdom,active
cus_3c66065d0410a711,2010-05-18T12:22:00Z,United Kingdom,active
cus_c67ca0428e5c471a,2009-12-07T14:13:00Z,United Kingdom,active
cus_fe00044315dfe4f7,2009-12-03T08:40:00Z,United Kingdom,active
cus_6d7ac50a38f71315,2011-05-24T11:41:00Z,United Kingdom,active
cus_e7586f3566d17849,2011-02-22T12:33:00Z,United Kingdom,active
cus_488cb8d5894e5e19,2009-12-07T11:44:00Z,United Kingdom,active
cus_1e92bfd116aacd93,2009-12-08T10:46:00Z,United Kingdom,active
cus_7e46d1b3b872f86f,2009-11-30T12:19:00Z,United Kingdom,active
cus_e78b7de70c9e5544,2009-12-09T10:57:00Z,United Kingdom,active
cus_b20837f6a5099c33,2010-10-27T16:25:00Z,United Kingdom,active
cus_7e144fb0e81b5109,2009-12-07T09:49:00Z,United Kingdom,active
cus_85cc45c804309b48,2010-05-13T14:34:00Z,United Kingdom,active
cus_8c922b88cac30bb6,2011-03-09T08:31:00Z,United Kingdom,active
cus_6c56947d0ee848b8,2009-12-10T13:49:00Z,United Kingdom,active
cus_08d0ea28e49e042b,2009-12-01T10:58:00Z,United Kingdom,active
cus_4a3ed6ddbbf92f26,2010-02-10T13:07:00Z,United Kingdom,active
cus_26202ec02c39f470,2010-05-17T10:50:00Z,United Kingdom,active
cus_f026bc88b8119c5f,2010-01-30T13:42:00Z,United Kingdom,active
cus_1943b9be233016b6,2009-12-06T13:06:00Z,United Kingdom,active
cus_5f23df35055400df,2010-06-06T10:24:00Z,United Kingdom,active
cus_4ed8214bd5c7a963,2010-07-22T15:05:00Z,United Kingdom,active
cus_b8116796d37a3e0d,2010-03-18T15:18:00Z,United Kingdom,active
cus_cd5d9ad1aa992cb9,2009-12-10T11:59:00Z,United Kingdom,active
cus_b326d12711a17f9b,2010-01-20T11:44:00Z,United Kingdom,active
cus_2a72d47669ba2415,2010-08-22T12:56:00Z,United Kingdom,active
cus_3dd0572bfe41cd9a,2010-02-17T08:49:00Z,United Kingdom,active
cus_555b1a8a4112406a,2011-04-14T11:44:00Z,United Kingdom,active
cus_d530dcef68fe02bd,2010-01-14T13:31:00Z,United Kingdom,active
cus_7ff672e298ad17fd,2010-06-24T12:10:00Z,United Kingdom,active
cus_6353b307d61edf78,2010-01-07T14:04:00Z,United Kingdom,active
cus_545f7d4485d3f306,2009-12-15T15:31:00Z,United Kingdom,active
cus_efdcd98a1aefdc93,2011-07-26T15:14:00Z,United Kingdom,active
cus_f0c9e0051e5331d5,2010-10-18T13:01:00Z,United Kingdom,active
cus_37bda43212341bec,2010-05-19T10:04:00Z,United Kingdom,active
cus_4516d6040d2186fb,2011-09-03T13:07:00Z,Germany,active
cus_af43d768ec470c1d,2011-03-07T16:48:00Z,United Kingdom,active
cus_7a6e9ce71d14749b,2010-06-20T10:32:00Z,United Kingdom,active
cus_95e9460351fa323f,2009-11-30T12:20:00Z,United Kingdom,active
cus_e8a3892db8713645,2010-08-23T13:03:00Z,United Kingdom,active
cus_59e3ba5b2a0c40ab,2010-01-17T16:47:00Z,United Kingdom,active
cus_cf166b2c389f00a1,2010-03-22T15:47:00Z,United Kingdom,active
cus_71d62cbd8186342c,2011-11-28T15:39:00Z,United Kingdom,active
cus_7813b05d76f07394,2011-06-27T11:56:00Z,United Kingdom,active
cus_34551b9323cf9499,2011-03-10T14:58:00Z,United Kingdom,active
cus_6aae5b2abc202df1,2010-10-03T12:38:00Z,United Kingdom,active
cus_5b53f5e95a155e68,2010-01-25T17:24:00Z,United Kingdom,active
cus_dbc6ed2033b19ea3,2011-09-12T09:03:00Z,United Kingdom,active
cus_04f934b151e75801,2011-09-05T11:58:00Z,United Kingdom,active
cus_2d7c202ed903f301,2010-05-09T12:29:00Z,United Kingdom,active
cus_d4dcaae052d0ae20,2010-09-13T14:39:00Z,United Kingdom,active
cus_f6bcdd265d4af940,2011-05-11T12:56:00Z,United Kingdom,active
cus_272d31b902f76191,2010-01-26T09:44:00Z,United Kingdom,active
cus_18cab5b4bddb47df,2011-03-07T14:12:00Z,United Kingdom,active
cus_39b2d75661ca7efb,2010-01-31T08:35:00Z,United Kingdom,active
cus_c92e3d551479a5bc,2010-12-15T15:40:00Z,United Kingdom,active
cus_3996b7f52bd2bd01,2010-06-15T14:25:00Z,United Kingdom,active
cus_c67fed15ffb4257b,2010-06-15T14:34:00Z,United Kingdom,active
cus_3928b7983478093b,2010-01-24T15:36:00Z,United Kingdom,active
cus_00433017c25b41bd,2010-11-13T16:27:00Z,United Kingdom,active
cus_45ed38915ce474a2,2011-06-28T10:18:00Z,United Kingdom,active
cus_baf925bcc7ff30ce,2010-07-26T09:53:00Z,United Kingdom,active
cus_c865e63fbecaf042,2010-01-19T11:54:00Z,United Kingdom,active
cus_05a2b7962709822f,2009-12-09T19:13:00Z,United Kingdom,active
cus_e78f6a3ac3bc3c90,2010-10-09T14:30:00Z,United Kingdom,active
cus_e4fcbe4dec82827e,2011-05-04T18:16:00Z,United Kingdom,active
cus_f36e3d31f72ef642,2010-05-23T10:43:00Z,United Kingdom,active
cus_43a820cd64537266,2010-04-17T13:12:00Z,United Kingdom,active
cus_ce6fac6435c76efe,2009-12-01T14:21:00Z,United Kingdom,active
cus_14fa7b0c72984b94,2011-05-09T12:25:00Z,United Kingdom,active
cus_b31c2ceee3a25408,2010-06-29T11:57:00Z,United Kingdom,active
cus_2841f21e3a5c5ae3,2010-02-02T13:08:00Z,United Kingdom,active
cus_69945333b469a21e,2010-03-17T12:11:00Z,United Kingdom,active
cus_b32ae2f1224db1f9,2009-12-13T13:22:00Z,United Kingdom,active
cus_cb4ccfe53e0c7148,2010-03-09T14:00:00Z,United Kingdom,active
cus_ebf92a41e07a8da8,2009-12-19T14:40:00Z,United Kingdom,active
cus_c1526b8dba1ad65e,2011-08-11T16:54:00Z,United Kingdom,active
cus_c360286b4db69257,2011-03-07T11:59:00Z,United Kingdom,active
cus_908f20af90268c72,2009-12-06T12:18:00Z,United Kingdom,active
cus_d101ea0452b675f8,2010-05-20T16:45:00Z,United Kingdom,active
cus_f23a0d13409a79f5,2010-09-27T15:46:00Z,United Kingdom,active
cus_ea494e16a31526f3,2010-10-10T12:33:00Z,United Kingdom,active
cus_05ced6931a8f0adb,2010-01-18T14:27:00Z,United Kingdom,active
cus_7cb606e385377c88,2010-11-29T10:12:00Z,United Kingdom,active
cus_f6408eb4f341faf0,2009-12-15T14:08:00Z,United Kingdom,active
cus_c92d30d71fb9d802,2011-10-27T15:10:00Z,United Kingdom,active
cus_77fe1051e62040a3,2011-08-22T17:18:00Z,United Kingdom,active
cus_379ad1f15d525ea0,2010-11-21T11:09:00Z,United Kingdom,active
cus_6581007a82f0046c,2010-01-16T12:41:00Z,United Kingdom,active
cus_ddf5995d2802ef15,2010-01-16T11:30:00Z,United Kingdom,active
cus_71576051f07c6287,2009-12-16T12:12:00Z,United Kingdom,active
cus_0f71370ad2fe9e84,2010-01-13T11:49:00Z,United Kingdom,active
cus_ba93f3ef070bc7d8,2011-11-21T11:48:00Z,United Kingdom,active
cus_a7d3df59d4786bb2,2009-12-01T11:31:00Z,United Kingdom,active
cus_257ec0082dc3a17f,2010-03-03T14:36:00Z,United Kingdom,active
cus_8deb328c657b6c08,2010-03-17T09:49:00Z,United Kingdom,active
cus_054ce4fea37f8b66,2010-04-10T15:59:00Z,United Kingdom,active
cus_6165d91ba268ef34,2010-01-20T10:49:00Z,United Kingdom,active
cus_3924fdd6b04c2461,2011-09-10T14:09:00Z,United Kingdom,active
cus_8c4192d1ef2d8509,2011-09-27T15:31:00Z,United Kingdom,active
cus_f87a3183cf9e128c,2010-07-25T12:33:00Z,United Kingdom,active
cus_ae798f3c56d0127d,2010-06-03T11:32:00Z,United Kingdom,active
cus_7654aae1675958fc,2010-05-04T12:20:00Z,United Kingdom,active
cus_86d3d750f0070cab,2011-02-05T14:56:00Z,United Kingdom,active
cus_913fd04b721b1f22,2010-01-20T14:01:00Z,Greece,active
cus_aea0aa18924a45cb,2009-12-01T12:13:00Z,United Kingdom,active
cus_c607af5435e56cdf,2010-01-17T10:40:00Z,United Kingdom,active
cus_76fd2f222f404689,2010-01-17T12:59:00Z,Channel Islands,active
cus_ac0b981c9c0d56b9,2010-11-24T14:18:00Z,United Kingdom,active
cus_8ea0c77102925d4c,2010-11-17T12:08:00Z,United Kingdom,active
cus_f618a203cd4589d6,2010-12-09T17:26:00Z,United Kingdom,active
cus_04070f62fe50e8e4,2010-09-28T13:15:00Z,United Kingdom,active
cus_e4db3f45023d3d6e,2010-04-07T12:09:00Z,United Kingdom,active
cus_ad6f99e0269e111b,2010-01-16T10:35:00Z,United Kingdom,active
cus_0ec5dcb595b55166,2010-07-05T13:13:00Z,United Kingdom,active
cus_69519ceb893dd7c6,2009-12-05T12:56:00Z,United Kingdom,active
cus_ae58c6f65391365d,2010-07-31T13:26:00Z,United Kingdom,active
cus_bb6bb9580f426593,2010-02-25T13:26:00Z,United Kingdom,active
cus_f3e5cd3c5f8afff8,2009-12-14T19:06:00Z,United Kingdom,active
cus_ad0b0546099f8b84,2010-01-17T12:48:00Z,United Kingdom,active
cus_92a5a923a1273e2f,2010-10-02T14:13:00Z,United Kingdom,active
cus_bb9f915a55dc0fbd,2010-07-27T11:35:00Z,United Kingdom,active
cus_25a2d3edd978bde5,2010-03-21T15:20:00Z,United Kingdom,active
cus_a60fed2c3d384314,2010-01-06T15:03:00Z,United Kingdom,active
cus_02701ef1c2e2cc62,2009-12-12T15:44:00Z,United Kingdom,active
cus_b3cfb3c4145b77b3,2009-12-01T12:44:00Z,United Kingdom,active
cus_d26d72b3fb7e0996,2010-10-04T12:39:00Z,United Kingdom,active
cus_09536275c16ca830,2009-12-06T12:26:00Z,United Kingdom,active
cus_ecf4a02455dfa3ce,2010-01-18T13:09:00Z,United Kingdom,active
cus_828679a9f5b1eeb8,2009-12-22T10:17:00Z,United Kingdom,active
cus_21246c15d2d66459,2009-12-05T13:48:00Z,United Kingdom,active
cus_068dfcf0efc4a5b2,2010-01-30T12:43:00Z,United Kingdom,active
cus_0dba210b3a9bf78f,2010-08-25T14:13:00Z,United Kingdom,active
cus_b07535656afa7e81,2009-12-02T10:16:00Z,United Kingdom,active
cus_9e8fdacfb6a7636e,2009-12-16T10:57:00Z,United Kingdom,active
cus_bd6fead3de063832,2011-10-31T12:25:00Z,United Kingdom,active
cus_a3f5a594a8bb618d,2010-06-03T10:30:00Z,United Kingdom,active
cus_34dc15c93ff74355,2010-11-24T13:36:00Z,United Kingdom,active
cus_22879dcc0f6ad255,2010-04-05T09:52:00Z,United Kingdom,active
cus_82e6f4cd88378b2b,2010-12-01T12:10:00Z,United Kingdom,active
cus_4515bbd76eab9d33,2010-03-29T14:23:00Z,United Kingdom,active
cus_198f6f8364c262e8,2010-03-07T08:33:00Z,United Kingdom,active
cus_e3de5a88ac04328b,2009-12-07T13:25:00Z,United Kingdom,active
cus_12b6485a2f3deb4e,2010-03-15T13:15:00Z,United Kingdom,active
cus_1e19116253545e4b,2010-02-03T09:59:00Z,United Kingdom,active
cus_90db345094509670,2010-06-06T16:05:00Z,United Kingdom,active
cus_29ca9dc9ec287191,2010-08-26T11:57:00Z,United Kingdom,active
cus_53b19ae2dade97fb,2011-06-02T10:08:00Z,United Kingdom,active
cus_21e84e1e3df66147,2011-01-23T10:43:00Z,United Kingdom,active
cus_c806c675633a1abd,2011-01-29T15:52:00Z,United Kingdom,active
cus_6e61e2ac981f0f7d,2011-06-13T10:00:00Z,United Kingdom,active
cus_06055f50e462342a,2011-03-05T14:38:00Z,United Kingdom,active
cus_e981dbaee127e0a2,2009-12-08T14:48:00Z,United Kingdom,active
cus_96f4446bb3d157bc,2010-04-18T08:27:00Z,United Kingdom,active
cus_5051ee8865d626b5,2009-12-09T17:04:00Z,United Kingdom,active
cus_89c9495d3597ce1d,2010-06-16T13:02:00Z,United Kingdom,active
cus_a5c417d88579d2e5,2011-07-28T12:13:00Z,United Kingdom,active
cus_9dc540730b288ac2,2009-12-06T13:49:00Z,United Kingdom,active
cus_3781a4e73580edfa,2010-05-19T17:57:00Z,United Kingdom,active
cus_2ce2016a2aa2c648,2009-12-12T13:21:00Z,United Kingdom,active
cus_151518daa5d827d1,2010-06-06T12:37:00Z,United Kingdom,active
cus_81250212ed10ec45,2011-07-20T11:42:00Z,United Kingdom,active
cus_e165e949a94c9431,2009-12-10T10:40:00Z,United Kingdom,active
cus_ba340a96a73b8354,2010-01-23T13:55:00Z,United Kingdom,active
cus_1621a21a724ef76f,2010-10-18T11:44:00Z,United Kingdom,active
cus_5c0b21b718340f29,2009-12-12T14:01:00Z,United Kingdom,active
cus_e5a23eeb5088538e,2010-11-14T13:32:00Z,United Kingdom,active
cus_84781149a39b7b97,2009-12-01T12:06:00Z,United Kingdom,active
cus_3f51b853509652a9,2010-01-20T11:25:00Z,United Kingdom,active
cus_fce3f8fadb2caf3f,2010-01-09T11:47:00Z,United Kingdom,active
cus_4dbc7b867c08ac8c,2010-04-07T12:13:00Z,United Kingdom,active
cus_17e2487ea51090c0,2010-03-14T14:16:00Z,United Kingdom,active
cus_70972a182dac8d19,2010-02-23T15:03:00Z,United Kingdom,active
cus_e31260276f963960,2010-03-25T13:44:00Z,United Kingdom,active
cus_ed5995409db6e334,2010-01-24T15:42:00Z,United Kingdom,active
cus_53ae0aa922bda86a,2010-01-06T11:59:00Z,United Kingdom,active
cus_1468e23ed7d1bf0e,2009-11-30T13:47:00Z,United Kingdom,active
cus_9279e5a8d43d0eb4,2009-12-05T13:10:00Z,United Kingdom,active
cus_40f3a2a49bcd30e3,2011-10-15T14:35:00Z,United Kingdom,active
cus_7afc1fbba36bd73f,2009-12-05T14:00:00Z,United Kingdom,active
cus_63cc350c63d4ed0f,2009-12-01T14:06:00Z,United Kingdom,active
cus_50f9a91adf396dd9,2010-01-26T12:06:00Z,United Kingdom,active
cus_55cbd03934f8aeb6,2010-04-25T13:44:00Z,United Kingdom,active
cus_4281b966438a95b4,2010-07-17T12:07:00Z,United Kingdom,active
cus_7b0fd19577eab46c,2011-10-17T13:04:00Z,United Kingdom,active
cus_e2b4be95655da90c,2009-12-17T11:39:00Z,United Kingdom,active
cus_d315e924405303d4,2010-01-19T11:49:00Z,United Kingdom,active
cus_530009d41a5f559f,2009-11-30T14:47:00Z,United Kingdom,active
cus_f49282074a19ae62,2010-11-13T16:05:00Z,United Kingdom,active
cus_a4a30e55ced50f92,2009-12-01T10:15:00Z,United Kingdom,active
cus_a955a4c68b57065b,2010-02-06T14:10:00Z,United Kingdom,active
cus_a428cb6df79a46f4,2010-04-25T12:51:00Z,United Kingdom,active
cus_4c79ae694555931c,2009-12-03T09:27:00Z,Channel Islands,active
cus_01019d0246c049ad,2010-04-14T11:49:00Z,United Kingdom,active
cus_67f36a6d3bc0aa73,2010-09-21T13:07:00Z,United Kingdom,active
cus_041103a04536c8d6,2010-03-27T13:47:00Z,United Kingdom,active
cus_2f4bcb08871cd88c,2010-01-07T16:34:00Z,United Kingdom,active
cus_276975b57f33fb07,2010-08-07T14:51:00Z,United Kingdom,active
cus_3a221b31c1dce593,2009-12-10T12:09:00Z,United Kingdom,active
cus_e76bca8e9935ad68,2011-12-05T17:18:00Z,United Kingdom,active
cus_3cb7a815ed87f68a,2010-07-08T15:20:00Z,United Kingdom,active
cus_ab8375b937685ba9,2010-06-12T15:48:00Z,United Kingdom,active
cus_571aa6adb124cd24,2010-03-27T15:16:00Z,United Kingdom,active
cus_c07cc10dac0de0de,2010-02-16T14:01:00Z,United Kingdom,active
cus_01c785c3967e9a29,2011-01-11T13:16:00Z,United Kingdom,active
cus_d5f75f542da7ea97,2009-12-06T14:10:00Z,United Kingdom,active
cus_befe5830a8f4e040,2011-10-05T18:08:00Z,United Kingdom,active
cus_26db17c8af7b6dfd,2009-12-08T12:57:00Z,United Kingdom,active
cus_4b5896f9da16cfdc,2010-01-19T13:59:00Z,United Kingdom,active
cus_0687a01c7363e587,2010-09-27T13:17:00Z,United Kingdom,active
cus_4c68b51ad3da78b2,2010-07-17T15:54:00Z,United Kingdom,active
cus_18350ac3e7be5fff,2010-11-10T15:56:00Z,United Kingdom,active
cus_b061c1bd4d3ee6d6,2011-03-09T10:27:00Z,United Kingdom,active
cus_0433a4d292103e16,2010-03-15T13:00:00Z,United Kingdom,active
cus_cefc439efcc35133,2009-12-07T13:59:00Z,United Kingdom,active
cus_d174b22a46105d54,2009-12-02T12:40:00Z,United Kingdom,active
cus_22df8a810789796a,2009-12-14T11:25:00Z,United Kingdom,active
cus_c15495da300dce65,2009-12-05T12:34:00Z,United Kingdom,active
cus_2c63e3159f07e484,2010-02-08T09:48:00Z,United Kingdom,active
cus_0730c8e6da73707f,2010-07-12T16:06:00Z,United Kingdom,active
cus_22d98ceb9baab3a9,2010-04-19T10:19:00Z,United Kingdom,active
cus_832cc5bafbe685c2,2010-10-19T16:01:00Z,United Kingdom,active
cus_f9c558a7668d2238,2010-11-17T13:04:00Z,United Kingdom,active
cus_33bbb6ce3a3d6caf,2010-06-08T09:42:00Z,United Kingdom,active
cus_824d786de5e2c8d7,2010-10-19T10:40:00Z,United Kingdom,active
cus_da27f1a90865d351,2010-06-10T10:11:00Z,United Kingdom,active
cus_9e6b074f02fffb9d,2011-02-28T08:30:00Z,United Kingdom,active
cus_9354eb89c8534314,2009-11-30T13:47:00Z,United Kingdom,active
cus_bc49668841d6e031,2010-04-15T17:12:00Z,United Kingdom,active
cus_bd6c25c98fc8605f,2010-04-13T10:44:00Z,United Kingdom,active
cus_3bf71610b71a093a,2009-12-10T14:10:00Z,United Kingdom,active
cus_456b8925eecdcba3,2009-12-09T14:57:00Z,United Kingdom,active
cus_389f8ab6ef654537,2010-01-24T14:40:00Z,United Kingdom,active
cus_8f36feaa37c434f4,2010-08-08T14:45:00Z,United Kingdom,active
cus_cbf09208e9a60f00,2011-03-17T17:07:00Z,United Kingdom,active
cus_befe7f5b5de418f1,2010-05-03T10:16:00Z,United Kingdom,active
cus_0e7054dd6e374737,2010-02-15T12:35:00Z,United Kingdom,active
cus_42be776f7875692c,2010-01-21T15:44:00Z,United Kingdom,active
cus_738186869bdfe00b,2011-10-11T11:08:00Z,United Kingdom,active
cus_a8a85f16271916e1,2009-12-10T11:52:00Z,United Kingdom,active
cus_42d68755f6f7eb30,2009-12-02T16:24:00Z,United Kingdom,active
cus_726fd3f8d23e83d8,2010-03-14T11:33:00Z,United Kingdom,active
cus_7ca596803bff0a1d,2009-12-01T16:52:00Z,Netherlands,active
cus_f586e775cffbb4e9,2010-07-03T13:27:00Z,United Kingdom,active
cus_4c560d20d0ac2fb9,2009-12-09T13:59:00Z,United Kingdom,active
cus_1b41617347a02bf8,2010-01-19T13:10:00Z,United Kingdom,active
cus_6a265006b80f5207,2010-03-17T11:39:00Z,United Kingdom,active
cus_0a87fbda71dfd836,2011-09-22T14:21:00Z,United Kingdom,active
cus_44b6926814b7c589,2009-12-01T11:51:00Z,United Kingdom,active
cus_dd40372984717f05,2010-04-21T14:29:00Z,United Kingdom,active
cus_de44e86755c9fc93,2010-04-14T12:10:00Z,United Kingdom,active
cus_61cabdb5879a0dad,2010-09-29T19:57:00Z,United Kingdom,active
cus_6225d62e7a64ddfb,2011-01-27T12:43:00Z,United Kingdom,active
cus_6802078119873f87,2011-08-30T10:40:00Z,United Kingdom,active
cus_1ae9164bec9dc42c,2009-12-02T16:47:00Z,United Kingdom,active
cus_db469c29d7c97446,2010-10-04T13:12:00Z,United Kingdom,active
cus_75e6f2f046c0153e,2011-11-05T14:56:00Z,United Kingdom,active
cus_c06defe76c807d4d,2010-04-25T11:17:00Z,United Kingdom,active
cus_fed44e70e7c869bb,2011-11-14T12:57:00Z,United Kingdom,active
cus_7655940a907ddb0b,2009-12-01T12:38:00Z,United Kingdom,active
cus_fbe97c9af63cb712,2009-12-01T13:06:00Z,United Kingdom,active
cus_eb26fd8196d9060d,2009-12-06T13:59:00Z,United Kingdom,active
cus_79e011d0ad33d993,2010-01-27T11:33:00Z,United Kingdom,active
cus_d5cc45903e74a088,2010-10-25T10:14:00Z,United Kingdom,active
cus_0b70e00e32c214f2,2010-03-09T09:30:00Z,United Kingdom,active
cus_6a63788c5ade349d,2009-12-03T12:36:00Z,United Kingdom,active
cus_8fa54c45e5643d94,2010-02-23T08:54:00Z,United Kingdom,active
cus_0ef9a4b0dd8a1f46,2009-12-12T10:32:00Z,United Kingdom,active
cus_729d24c4d8835aea,2010-02-17T15:48:00Z,United Kingdom,active
cus_730fd8eccf14b43c,2010-06-05T10:36:00Z,United Kingdom,active
cus_b0755d1213a281c6,2010-09-08T12:35:00Z,United Kingdom,active
cus_bd86cd284e3b2f3d,2011-05-10T09:55:00Z,United Kingdom,active
cus_9322b81c71914ceb,2010-03-31T14:04:00Z,United Kingdom,active
cus_33c0c0f8fd7db6b2,2010-07-01T08:28:00Z,United Kingdom,active
cus_e1714300031bdb33,2010-03-31T19:46:00Z,United Kingdom,active
cus_4213b95d36a34d44,2010-10-13T11:43:00Z,United Kingdom,active
cus_c2de9a82f15d909d,2011-05-04T15:29:00Z,United Kingdom,active
cus_4c1559594aac3c0e,2011-10-18T12:54:00Z,United Kingdom,active
cus_3a50a953c0cac98c,2010-07-01T12:04:00Z,United Kingdom,active
cus_7468b0c7da83bad3,2010-08-10T12:19:00Z,United Kingdom,active
cus_7cbd0fcefb947bcb,2010-01-23T12:15:00Z,United Kingdom,active
cus_627cd8c34bea10da,2009-12-09T20:22:00Z,United Kingdom,active
cus_f029be624d8e3cf0,2010-03-24T17:21:00Z,United Kingdom,active
cus_20161dd66288bdf7,2011-05-24T12:39:00Z,United Kingdom,active
cus_a74b0b9c18cc3ff7,2010-09-09T10:26:00Z,United Kingdom,active
cus_35ee0b40ab9b768d,2009-12-04T15:26:00Z,United Kingdom,active
cus_e102abca2d4e61d0,2009-12-02T17:12:00Z,United Kingdom,active
cus_a4cb698e247a7d05,2011-03-21T13:32:00Z,United Kingdom,active
cus_7070e33e1add9ea8,2010-10-16T14:49:00Z,United Kingdom,active
cus_9aa8d9e445a6fe3e,2009-12-02T19:22:00Z,United Kingdom,active
cus_d77143e97c203b32,2010-01-20T11:06:00Z,United Kingdom,active
cus_1ae9654f978dcfa5,2010-01-18T12:18:00Z,United Kingdom,active
cus_6d6686db06ed6da1,2010-09-20T12:07:00Z,United Kingdom,active
cus_252f1d540324af23,2009-12-05T12:46:00Z,United Kingdom,active
cus_095b8c42486f47e0,2011-04-03T14:17:00Z,United Kingdom,active
cus_02ce8d100dced800,2010-08-09T13:28:00Z,United Kingdom,active
cus_17a9facf04be9c47,2009-12-03T11:22:00Z,United Kingdom,active
cus_1aadd880b4f82802,2010-06-22T11:34:00Z,United Kingdom,active
cus_7aaf8487803a4279,2010-06-10T13:23:00Z,United Kingdom,active
cus_a924b67c8d39eb47,2010-03-23T13:30:00Z,United Kingdom,active
cus_94b46edd29495434,2011-03-07T12:49:00Z,United Kingdom,active
cus_6980879904dfee27,2011-05-10T13:06:00Z,United Kingdom,active
cus_bc5d2613bcec489d,2009-12-08T10:48:00Z,United Kingdom,active
cus_7e90a0c1e147636b,2010-11-01T15:42:00Z,United Kingdom,active
cus_4af956f4d4bdbca1,2010-06-05T15:15:00Z,United Kingdom,active
cus_6f83be16def7f8a4,2009-12-03T11:32:00Z,United Kingdom,active
cus_063a5b19d115d8c8,2010-08-10T15:13:00Z,United Kingdom,active
cus_468087f17c95db4b,2010-11-03T11:29:00Z,United Kingdom,active
cus_2bf9ae9cbaee128b,2009-12-06T10:21:00Z,United Kingdom,active
cus_abae2bc1bfe2e15e,2009-12-01T13:23:00Z,United Kingdom,active
cus_9907c86b57f5bbd3,2010-02-24T11:40:00Z,United Kingdom,active
cus_b5f68f60dd1daabc,2010-10-17T09:33:00Z,United Kingdom,active
cus_a38f14d5c3b124dd,2010-04-25T10:26:00Z,United Kingdom,active
cus_871a384504817595,2010-05-17T14:06:00Z,United Kingdom,active
cus_51e296596094db32,2010-03-11T10:33:00Z,United Kingdom,active
cus_a2a978948bd27c6f,2009-11-30T11:56:00Z,United Kingdom,active
cus_0ea8d9d9c3adde37,2011-10-26T11:55:00Z,United Kingdom,active
cus_7b637d63d6bd9971,2010-01-17T11:04:00Z,United Kingdom,active
cus_a6bcd568e7ee8065,2009-12-02T16:51:00Z,United Kingdom,active
cus_cbd9f271fa7c6ab8,2010-10-10T11:50:00Z,United Kingdom,active
cus_1d8a06730b8610f4,2010-04-07T08:27:00Z,United Kingdom,active
cus_6a125244c99f716c,2011-04-20T10:55:00Z,United Kingdom,active
cus_db46d8c113815cb3,2010-09-20T14:22:00Z,United Kingdom,active
cus_fda0e4d7ecff314c,2010-03-22T15:36:00Z,United Kingdom,active
cus_c43957d87e077d7c,2011-06-15T19:49:00Z,United Kingdom,active
cus_55ed08bff931f678,2010-06-05T11:11:00Z,United Kingdom,active
cus_9e8fbd1a85e01c9c,2010-08-21T14:54:00Z,United Kingdom,active
cus_9d7a4c714757ad8c,2011-08-03T13:25:00Z,United Kingdom,active
cus_25fc57551381a0e0,2009-12-15T09:17:00Z,United Kingdom,active
cus_1ad2af3dba26c494,2010-02-24T18:58:00Z,United Kingdom,active
cus_7b91accfe24f946a,2010-12-01T16:38:00Z,United Kingdom,active
cus_c06a0c0823e23437,2010-09-18T14:12:00Z,United Kingdom,active
cus_ac6b7ad10ceff57c,2010-10-31T12:50:00Z,United Kingdom,active
cus_b07f73d1d2366372,2011-01-19T12:04:00Z,United Kingdom,active
cus_bb36fca434ec173c,2011-01-23T11:12:00Z,United Kingdom,active
cus_97f9e1d2830f9cbe,2010-11-14T09:49:00Z,United Kingdom,active
cus_a05f6cb7fea7b597,2010-08-24T14:38:00Z,United Kingdom,active
cus_4ae25e2220da7061,2009-12-10T14:37:00Z,United Kingdom,active
cus_bc7933ec91b97e52,2010-04-11T10:24:00Z,United Kingdom,active
cus_500e7d52b45b90f3,2010-06-21T16:54:00Z,United Kingdom,active
cus_7e1ab8da43f885c9,2010-08-08T15:44:00Z,United Kingdom,active
cus_78ca35ef89c55402,2009-12-13T15:06:00Z,United Kingdom,active
cus_e928546c172972db,2010-02-28T08:38:00Z,United Kingdom,active
cus_85d5cfdabbbad8f7,2010-09-29T14:38:00Z,United Kingdom,active
cus_4e65d01d2fe73785,2010-03-27T12:34:00Z,United Kingdom,active
cus_ec5a92c70f3494d9,2010-09-25T15:50:00Z,United Kingdom,active
cus_282cfb4103acf98b,2010-02-27T11:33:00Z,United Kingdom,active
cus_07333a8ae67e2a59,2011-06-19T12:53:00Z,United Kingdom,active
cus_9d0177377de1d696,2010-10-05T13:12:00Z,United Kingdom,active
cus_a639e14ef4def5f5,2010-11-16T13:09:00Z,United Kingdom,active
cus_3226890a59a120a6,2010-04-19T12:13:00Z,United Kingdom,active
cus_16e9b00af7b508d1,2010-04-07T11:49:00Z,United Kingdom,active
cus_14681517a8b5c53a,2011-05-25T13:16:00Z,United Kingdom,active
cus_c5a65988f09e983d,2009-12-07T18:52:00Z,United Kingdom,active
cus_11a5f69d375e268f,2010-03-01T12:48:00Z,United Kingdom,active
cus_68cb139cf415c7b4,2010-01-30T12:49:00Z,United Kingdom,active
cus_7894591dc411e46b,2010-01-31T13:33:00Z,United Kingdom,active
cus_f5ecd6e44cd54fa2,2010-03-11T13:07:00Z,United Kingdom,active
cus_6cc0037b3bfe6cac,2010-04-05T14:14:00Z,United Kingdom,active
cus_dd71fe76feb8f143,2009-12-06T11:19:00Z,United Kingdom,active
cus_bdd208acb0c188f3,2011-10-16T14:29:00Z,United Kingdom,active
cus_1854630b89589a96,2010-07-28T10:06:00Z,United Kingdom,active
cus_ff2317b71ee862c7,2010-10-27T17:37:00Z,United Kingdom,active
cus_9307b70b9af0cf14,2010-03-31T19:34:00Z,United Kingdom,active
cus_524ee5a6f8c89897,2011-11-08T13:26:00Z,United Kingdom,active
cus_e687808663a80c2c,2010-01-23T10:20:00Z,United Kingdom,active
cus_84f1a20f056a895d,2009-12-02T09:52:00Z,United Kingdom,active
cus_270cd57bb37b3a38,2010-01-03T16:29:00Z,United Kingdom,active
cus_a4e3aa3776813088,2010-06-17T15:42:00Z,United Kingdom,active
cus_78c5838f7bfc871f,2009-12-01T16:49:00Z,United Kingdom,active
cus_69153a57e9d765c7,2011-02-03T15:32:00Z,United Kingdom,active
cus_8e0e12fcc50d96e0,2010-04-11T12:50:00Z,United Kingdom,active
cus_78563e971bb822a8,2010-05-23T12:29:00Z,United Kingdom,active
cus_e981d698e556c44d,2010-01-09T11:40:00Z,United Kingdom,active
cus_c51f10b55cb8b85d,2010-05-19T13:28:00Z,United Kingdom,active
cus_793229983776868b,2010-03-18T11:52:00Z,United Kingdom,active
cus_bd3b43e06f92197e,2010-03-04T14:51:00Z,United Kingdom,active
cus_8902a6367f88f2ea,2010-04-12T09:26:00Z,United Kingdom,active
cus_194222ec281c4af6,2010-01-21T09:48:00Z,United Kingdom,active
cus_378bb9ef46aad989,2010-04-07T10:30:00Z,United Kingdom,active
cus_4b0a63456dbbe4c2,2010-03-14T11:00:00Z,United Kingdom,active
cus_bc9705367cde714d,2010-06-02T10:26:00Z,United Kingdom,active
cus_5f6e0878ae18549c,2011-11-19T14:17:00Z,United Kingdom,active
cus_4ca5d7c3e22cfc77,2009-12-07T12:12:00Z,United Kingdom,active
cus_e5678a86277b87af,2011-07-13T11:20:00Z,United Kingdom,active
cus_91a08501e607107b,2011-11-09T15:04:00Z,United Kingdom,active
cus_08d3714eaf5abe77,2009-11-30T16:05:00Z,United Kingdom,active
cus_b8200eee488c2a7a,2010-08-25T11:54:00Z,United Kingdom,active
cus_268a46c7f34cb6f5,2009-12-04T15:47:00Z,United Kingdom,active
cus_da70530400656c36,2010-10-14T14:52:00Z,United Kingdom,active
cus_bfbbfe34bf444b6a,2009-12-15T11:43:00Z,United Kingdom,active
cus_61f8987998de6b9e,2010-01-24T09:05:00Z,United Kingdom,active
cus_652a2fd212b73408,2009-11-30T11:57:00Z,United Kingdom,active
cus_57e1bf79d32f2a20,2010-03-15T14:41:00Z,United Kingdom,active
cus_74d083210e41a9be,2010-03-15T10:51:00Z,United Kingdom,active
cus_2fd74ee7f1cd9211,2010-09-23T10:28:00Z,United Kingdom,active
cus_5417f4f8bd2b5ab1,2010-03-06T12:25:00Z,United Kingdom,active
cus_cb6aba50da118d01,2010-02-20T11:14:00Z,United Kingdom,active
cus_7ccae3b7b2f06b63,2010-01-23T11:35:00Z,United Kingdom,active
cus_d1a90ee0794efcc7,2010-03-29T15:02:00Z,United Kingdom,active
cus_97e9785036f6c6c9,2010-08-30T10:11:00Z,United Kingdom,active
cus_2e52fc891bb5c87a,2011-09-20T15:32:00Z,United Kingdom,active
cus_ad4fe7d55c8a8937,2011-05-15T14:58:00Z,United Kingdom,active
cus_4125f1fcc713d181,2010-02-17T09:00:00Z,United Kingdom,active
cus_cf22bc02875fa7a6,2010-09-28T12:41:00Z,United Kingdom,active
cus_17b44ca66f03d834,2009-12-02T10:58:00Z,United Kingdom,active
cus_32bf0d3219ff5316,2009-12-05T12:42:00Z,United Kingdom,active
cus_aef76c80dc26878a,2009-12-14T17:05:00Z,United Kingdom,active
cus_5587cea88e640096,2009-12-02T16:40:00Z,United Kingdom,active
cus_55175b6a21a2f613,2010-11-08T15:20:00Z,United Kingdom,active
cus_dce2a8f1255163b3,2010-07-28T11:11:00Z,United Kingdom,active
cus_9edc25943baf6428,2011-03-05T11:50:00Z,United Kingdom,active
cus_4a1cb885af8af1ed,2009-12-02T14:36:00Z,United Kingdom,active
cus_d80c7601ef32cea9,2009-12-07T18:35:00Z,United Kingdom,active
cus_c0a56c00c766c148,2010-09-01T16:39:00Z,United Kingdom,active
cus_7b7eec99d55665f8,2010-02-13T15:47:00Z,United Kingdom,active
cus_1b3403efa26bfa5b,2009-11-30T11:41:00Z,EIRE,active
cus_cdabe9230ce6f82a,2010-08-10T08:40:00Z,United Kingdom,active
cus_a643acbd7ec2eb9c,2009-12-02T10:17:00Z,United Kingdom,active
cus_55ddf4eb8feea4c9,2010-03-31T10:57:00Z,United Kingdom,active
cus_5d58f7bb4dcd4fbb,2010-04-21T09:44:00Z,United Kingdom,active
cus_083a7dedede5a524,2010-04-07T11:18:00Z,United Kingdom,active
cus_b973ac30dff2357d,2010-06-17T13:06:00Z,United Kingdom,active
cus_6a8fcf05e02acd96,2011-10-19T11:51:00Z,United Kingdom,active
cus_78f7439a58062c33,2010-03-09T12:51:00Z,United Kingdom,active
cus_d0cb9adb73dfe3a5,2010-04-19T09:59:00Z,United Kingdom,active
cus_3333cdf01430f7e4,2010-03-21T09:14:00Z,United Kingdom,active
cus_828ec49decd4065c,2010-10-13T12:22:00Z,United Kingdom,active
cus_0f014bd706804a8a,2010-04-11T11:22:00Z,Channel Islands,active
cus_919b367134226af9,2010-09-23T12:08:00Z,Channel Islands,active
cus_cc2ec37a7ccad46a,2010-03-29T11:48:00Z,Channel Islands,active
cus_45d2cedadd50a5d2,2010-05-04T12:26:00Z,Channel Islands,active
cus_9cbf8ab94478659a,2011-07-31T14:16:00Z,Channel Islands,active
cus_2617a1ff1a5f0a09,2009-12-09T10:00:00Z,United Kingdom,active
cus_cc1836fb587d7b14,2010-02-16T08:47:00Z,United Kingdom,active
cus_07885b3e1cc39c9f,2010-03-24T11:29:00Z,United Kingdom,active
cus_f4b9b761e19f9e75,2011-05-03T14:52:00Z,United Kingdom,active
cus_7527fc0ab1ab38a9,2009-12-17T15:28:00Z,United Kingdom,active
cus_a4f9ec5000265663,2009-12-02T15:34:00Z,United Kingdom,active
cus_ec5d76281976688c,2010-09-29T12:16:00Z,United Kingdom,active
cus_362d22072485450f,2010-10-13T16:40:00Z,United Kingdom,active
cus_8bbd144c7a17b0ba,2010-03-04T10:50:00Z,United Kingdom,active
cus_cff067c6d6f2076b,2009-12-02T16:02:00Z,United Kingdom,active
cus_853d21ca4a8b2c63,2011-02-15T13:00:00Z,United Kingdom,active
cus_2f9ef69d4ef10d85,2011-06-20T13:38:00Z,United Kingdom,active
cus_86966cbc36a3af65,2009-12-03T11:32:00Z,United Kingdom,active
cus_dc10b08f78a0363a,2010-05-03T14:57:00Z,United Kingdom,active
cus_df7df167353d6c73,2010-07-01T12:43:00Z,United Kingdom,active
cus_09dc53c60ba0485d,2009-12-14T13:48:00Z,United Kingdom,active
cus_e55417e06c91d6f9,2009-12-02T14:07:00Z,United Kingdom,active
cus_d718c8d03a990030,2010-09-06T13:28:00Z,United Kingdom,active
cus_fbfd616741b8c296,2010-02-13T13:37:00Z,United Kingdom,active
cus_a85dc4f59968db69,2011-10-26T13:33:00Z,United Kingdom,active
cus_85c863c2d4374aa1,2010-10-13T14:11:00Z,United Kingdom,active
cus_956dd0d31d0a048a,2011-01-16T11:09:00Z,United Kingdom,active
cus_302adc8c646b8f45,2009-12-13T10:37:00Z,United Kingdom,active
cus_15b2aca6e07b536b,2010-04-27T10:50:00Z,United Kingdom,active
cus_f74f475e207d47b3,2010-10-11T11:04:00Z,United Kingdom,active
cus_be750e8432fffdfb,2010-12-15T19:51:00Z,United Kingdom,active
cus_8a7a256015389f23,2009-12-01T14:56:00Z,United Kingdom,active
cus_633a4c3e604df3aa,2010-02-15T10:40:00Z,United Kingdom,active
cus_56cb928c92ba8b67,2009-12-08T13:31:00Z,United Kingdom,active
cus_d8dac59d14b566dd,2010-10-04T13:01:00Z,United Kingdom,active
cus_2412b37ec7f200df,2010-03-25T12:40:00Z,United Kingdom,active
cus_36f46c44b8688bca,2011-03-03T13:14:00Z,United Kingdom,active
cus_8207c00760fd37c3,2010-02-21T12:11:00Z,United Kingdom,active
cus_3bbee30e627bed09,2010-04-12T16:07:00Z,United Kingdom,active
cus_cb86d45c392b853e,2010-01-11T11:40:00Z,United Kingdom,active
cus_69e337461636ea8b,2010-01-25T13:04:00Z,United Kingdom,active
cus_2205387329d3c0a3,2011-07-14T14:05:00Z,United Kingdom,active
cus_eae4b24c8f9a6216,2009-11-30T13:20:00Z,United Kingdom,active
cus_c0f6cd4d7cfc8d4c,2010-09-11T13:03:00Z,United Kingdom,active
cus_f913e92919c538f0,2010-03-11T11:13:00Z,United Kingdom,active
cus_37af50dc12557d01,2011-11-13T17:40:00Z,United Kingdom,active
cus_833ef949de54c398,2011-11-03T12:42:00Z,United Kingdom,active
cus_556326404effd790,2010-10-18T12:05:00Z,United Kingdom,active
cus_5aeadef95638f3b9,2010-05-11T11:49:00Z,United Kingdom,active
cus_80651eb5cd3ceb96,2010-01-30T12:15:00Z,United Kingdom,active
cus_3c1a72550582ce7b,2009-12-13T13:49:00Z,United Kingdom,active
cus_e6fcca8c05b6d947,2010-06-13T13:06:00Z,United Kingdom,active
cus_b84e391ac11143b6,2010-12-06T10:47:00Z,United Kingdom,active
cus_36940033de47d146,2010-07-28T16:35:00Z,United Kingdom,active
cus_39a47e1d27e96808,2010-01-30T16:02:00Z,United Kingdom,active
cus_5aa1d6808971d52c,2010-02-02T15:45:00Z,United Kingdom,active
cus_89c6f573cbd537b6,2010-10-10T16:14:00Z,United Kingdom,active
cus_d9da4f266a436879,2010-09-16T13:52:00Z,United Kingdom,active
cus_d8e46ef1b0279232,2010-03-24T14:39:00Z,United Kingdom,active
cus_d8adb4932377fa2b,2010-11-09T14:32:00Z,United Kingdom,active
cus_ca6169b0230bd918,2010-03-03T17:10:00Z,United Kingdom,active
cus_5b811ae41a8d0ce3,2009-12-07T13:38:00Z,United Kingdom,active
cus_2dc9ae9382cad6b8,2009-12-09T15:27:00Z,United Kingdom,active
cus_7d56ee289cb7c80e,2011-01-13T13:28:00Z,United Kingdom,active
cus_5a2e123baf033bce,2010-05-10T13:30:00Z,United Kingdom,active
cus_944683ff4362839b,2011-06-12T12:19:00Z,United Kingdom,active
cus_c6787c2ccc01975f,2010-11-27T12:14:00Z,United Kingdom,active
cus_d4e722adbc4a6add,2010-10-09T14:35:00Z,United Kingdom,active
cus_324ba1d59d1eb343,2009-12-09T11:39:00Z,United Kingdom,active
cus_f476bb3f1e7d9785,2010-04-22T14:01:00Z,United Kingdom,active
cus_e8d66df0fbd63559,2010-06-23T15:50:00Z,United Kingdom,active
cus_524e095cfdd0717a,2009-12-15T15:13:00Z,United Kingdom,active
cus_fb6c3fa4c9239023,2011-03-26T11:44:00Z,United Kingdom,active
cus_db164222e240726e,2010-01-13T14:29:00Z,United Kingdom,active
cus_dbe6293959614d0d,2010-12-05T12:15:00Z,United Kingdom,active
cus_c46f20e3d7dc967c,2010-08-15T12:00:00Z,United Kingdom,active
cus_bb7f365ec9cd7c77,2009-11-30T13:29:00Z,United Kingdom,active
cus_a41a8bc99d3f47de,2011-03-02T12:06:00Z,United Kingdom,active
cus_e8750e794355dc39,2011-10-29T14:33:00Z,United Kingdom,active
cus_6750f02cfc6860c3,2009-12-15T15:48:00Z,United Kingdom,active
cus_a84e26cf43b0871b,2009-12-04T15:27:00Z,United Kingdom,active
cus_5b1ce362ceefe0fd,2010-02-23T14:07:00Z,United Kingdom,active
cus_e09179847e2fd66e,2009-12-05T10:57:00Z,United Kingdom,active
cus_4d73d50e57df3156,2011-11-29T14:03:00Z,United Kingdom,active
cus_690587c6282037fa,2009-11-30T12:18:00Z,United Kingdom,active
cus_034b4c8a6e1bfe7e,2010-04-07T15:41:00Z,United Kingdom,active
cus_6f2ac1a51613accd,2009-12-21T16:17:00Z,United Kingdom,active
cus_42a624fe4ba2266e,2010-10-24T09:13:00Z,United Kingdom,active
cus_d1f588bffe3d9791,2010-04-10T15:54:00Z,United Kingdom,active
cus_6e5d1145da2e0a6d,2010-03-27T13:18:00Z,United Kingdom,active
cus_0f3e0207e37b6009,2009-12-14T13:49:00Z,United Kingdom,active
cus_2386dbcfdbf1efef,2010-05-17T12:45:00Z,United Kingdom,active
cus_5075e994461c902a,2010-01-26T08:48:00Z,United Kingdom,active
cus_5ff43aa7bc98af3d,2010-07-04T14:11:00Z,United Kingdom,active
cus_aefc502a3adc4576,2009-12-08T17:10:00Z,United Kingdom,active
cus_eed160cdd6154cf1,2009-12-03T12:03:00Z,United Kingdom,active
cus_2148b4e0218927b9,2009-12-07T11:22:00Z,United Kingdom,active
cus_a2a0def963199c91,2010-07-25T10:03:00Z,United Kingdom,active
cus_2a02e0e39b4b039b,2010-06-21T10:25:00Z,United Kingdom,active
cus_7b126769fa305430,2011-03-27T12:18:00Z,United Kingdom,active
cus_50db9f34f200dc50,2010-03-23T13:56:00Z,United Kingdom,active
cus_b18e1106a4199821,2011-10-02T14:05:00Z,United Kingdom,active
cus_605f0bb5774dae00,2011-08-02T14:14:00Z,United Kingdom,active
cus_a7ad3da844d1b0b7,2010-09-02T12:33:00Z,United Kingdom,active
cus_8dc3dd98535dd73c,2009-12-07T12:46:00Z,United Kingdom,active
cus_5ec29dba550a8d7b,2010-03-04T12:56:00Z,United Kingdom,active
cus_edd241313a8752f3,2010-01-20T09:37:00Z,United Kingdom,active
cus_a93d20fa32d57776,2011-10-27T10:27:00Z,United Kingdom,active
cus_0d95fac948195abd,2011-06-09T15:22:00Z,United Kingdom,active
cus_58ec7997a610ab67,2010-01-06T14:33:00Z,United Kingdom,active
cus_ae3d7a176d1a9caf,2010-04-27T15:00:00Z,United Kingdom,active
cus_71e36563d7a90e8f,2011-09-13T13:54:00Z,United Kingdom,active
cus_6e8d5bc6dc4487e0,2011-03-01T14:16:00Z,United Kingdom,active
cus_d467de47c211ff7e,2010-03-22T12:18:00Z,United Kingdom,active
cus_c913146d7c5fbf7c,2011-03-14T12:52:00Z,United Kingdom,active
cus_02e3435c9f1c1e59,2010-09-13T10:47:00Z,United Kingdom,active
cus_f86a17124e6b63b6,2011-04-25T10:54:00Z,European Community,active
cus_54c266a05eb304dd,2009-12-03T12:33:00Z,United Kingdom,active
cus_3b0d5500b8e6aa87,2010-08-10T15:49:00Z,United Kingdom,active
cus_ad9045b123237477,2010-10-13T16:44:00Z,United Kingdom,active
cus_d093503e29c58e5d,2011-05-18T08:50:00Z,United Kingdom,active
cus_0a377573a577db55,2010-03-14T13:39:00Z,United Kingdom,active
cus_5a60f8a84c388020,2011-07-27T14:54:00Z,United Kingdom,active
cus_57230a00ec5a0881,2011-04-07T09:08:00Z,United Kingdom,active
cus_057fe2c68b4f3778,2011-07-28T09:48:00Z,United Kingdom,active
cus_90060e071443eaa2,2011-02-23T12:41:00Z,United Kingdom,active
cus_079d083ad42af127,2010-03-29T14:05:00Z,United Kingdom,active
cus_412827be4f12fb6c,2010-02-25T10:49:00Z,United Kingdom,active
cus_abea597a39f9ae43,2010-03-30T13:29:00Z,United Kingdom,active
cus_052d8cbad98f8678,2010-10-04T16:46:00Z,United Kingdom,active
cus_e65342b158f0ad65,2010-04-07T17:15:00Z,United Kingdom,active
cus_1a46c8c3c7b6ad93,2011-03-21T12:02:00Z,United Kingdom,active
cus_b2c43506ca820c5e,2010-07-06T12:31:00Z,United Kingdom,active
cus_2b0986667787c96c,2010-10-12T12:44:00Z,United Kingdom,active
cus_d5a2db82811d7dd9,2011-09-03T16:05:00Z,United Kingdom,active
cus_484a6174c177a997,2009-12-07T18:47:00Z,United Kingdom,active
cus_93204ae9c77ffb6f,2010-09-22T13:07:00Z,United Kingdom,active
cus_81e5b21b86539003,2010-03-27T15:58:00Z,United Kingdom,active
cus_e8850bc739abc90e,2010-07-26T09:05:00Z,United Kingdom,active
cus_48bb20d23b855eb8,2010-10-02T13:58:00Z,United Kingdom,active
cus_661eb23a53d0fe4d,2009-12-12T11:35:00Z,United Kingdom,active
cus_a2cbf44d69b8d86d,2011-04-04T15:20:00Z,United Kingdom,active
cus_787e16286c6d3f04,2011-02-20T13:07:00Z,United Kingdom,active
cus_3d061f0fbec262dc,2010-02-27T11:13:00Z,United Kingdom,active
cus_c347a3765ab2f6c3,2010-06-13T12:01:00Z,United Kingdom,active
cus_cc6ebdb45d5a542a,2010-07-17T12:19:00Z,United Kingdom,active
cus_2589e42b80473522,2010-01-06T15:15:00Z,United Kingdom,active
cus_063dd48e831e6e5b,2010-08-17T17:41:00Z,United Kingdom,active
cus_57892ab8518e5573,2010-11-20T12:59:00Z,United Kingdom,active
cus_4af85762ddde8a14,2011-11-05T12:41:00Z,United Kingdom,active
cus_56f93bda9fa60a49,2009-12-09T14:44:00Z,United Kingdom,active
cus_75466ed9e3f6a6ef,2010-10-03T09:31:00Z,United Kingdom,active
cus_40b12a67d9b7e256,2010-10-13T15:26:00Z,United Kingdom,active
cus_c7a1c7928cbb9592,2010-01-17T13:34:00Z,United Kingdom,active
cus_fc2357bc4a7c0086,2010-02-03T14:13:00Z,United Kingdom,active
cus_2fe60472422a31bb,2011-11-13T11:26:00Z,United Kingdom,active
cus_57e6ea5fabd512ec,2010-10-28T10:34:00Z,United Kingdom,active
cus_60dc8b4d64ca797a,2011-04-16T11:56:00Z,United Kingdom,active
cus_77efa61f2060e838,2010-03-31T12:26:00Z,United Kingdom,active
cus_3edb4dac56ce9d73,2010-02-09T10:36:00Z,United Kingdom,active
cus_c32b25ea6f7463e0,2009-12-02T12:27:00Z,United Kingdom,active
cus_1f767e89cdca3769,2010-04-28T15:27:00Z,United Kingdom,active
cus_fb6262eeb98984fe,2009-12-07T19:02:00Z,United Kingdom,active
cus_0487eea60dda9cf7,2010-01-28T14:48:00Z,United Kingdom,active
cus_c22ec46b9a4bf544,2010-05-03T11:31:00Z,United Kingdom,active
cus_c0d5a7778ed67a83,2011-09-29T14:06:00Z,United Kingdom,active
cus_ef2a91c0be9059af,2010-01-11T10:14:00Z,United Kingdom,active
cus_436ef3dad5cec208,2011-05-10T13:49:00Z,United Kingdom,active
cus_fb86ee95ed6c7675,2010-07-17T13:37:00Z,United Kingdom,active
cus_f6d75f9c342a253c,2010-01-19T12:35:00Z,United Kingdom,active
cus_b2f26ee82311fe09,2010-01-28T10:13:00Z,United Kingdom,active
cus_e5c7cf30d163e989,2011-10-09T08:23:00Z,United Kingdom,active
cus_b0d1dbf080bf1368,2009-12-02T10:37:00Z,United Kingdom,active
cus_4239b554c18dd9dd,2011-12-06T12:20:00Z,United Kingdom,active
cus_8e48f55026f95031,2009-12-12T11:14:00Z,United Kingdom,active
cus_6af57abcdf8dee3a,2009-12-10T12:56:00Z,United Kingdom,active
cus_1880c54a4df6e173,2010-01-18T10:01:00Z,United Kingdom,active
cus_b98c3605d512ccbe,2010-05-12T10:14:00Z,United Kingdom,active
cus_19e7df309ddc2e0c,2010-04-06T14:50:00Z,United Kingdom,active
cus_e62eb2d937198043,2010-10-12T12:55:00Z,United Kingdom,active
cus_03ff0614e0badade,2009-12-07T18:06:00Z,United Kingdom,active
cus_594d3286228caf0a,2010-12-16T13:49:00Z,United Kingdom,active
cus_abedf35cb5cf95f8,2011-08-03T16:07:00Z,United Kingdom,active
cus_19ecae1cf73a83eb,2011-03-08T08:59:00Z,United Kingdom,active
cus_945a9b6aeba8129d,2010-06-09T17:29:00Z,United Kingdom,active
cus_2c45b39b15c27c10,2009-12-08T17:26:00Z,United Kingdom,active
cus_3c2d2aaaa20c95a3,2010-05-12T14:42:00Z,United Kingdom,active
cus_4566b818e3b5f8d7,2011-01-13T11:05:00Z,United Kingdom,active
cus_8398cb4198a2f3d9,2011-04-10T09:46:00Z,United Kingdom,active
cus_d4c39680b1d1bf65,2010-04-05T11:21:00Z,United Kingdom,active
cus_ad583c7e0a2972d7,2010-03-30T09:52:00Z,United Kingdom,active
cus_90fbf655fe58d625,2010-01-25T10:47:00Z,United Kingdom,active
cus_8ba4564d3c119603,2010-02-28T11:33:00Z,United Kingdom,active
cus_c78a58c57936220a,2011-03-03T10:24:00Z,United Kingdom,active
cus_13400d9440f393c3,2009-12-15T13:49:00Z,United Kingdom,active
cus_69d7125232fa7ad9,2009-12-04T11:19:00Z,United Kingdom,active
cus_b187606240d15ae7,2010-01-14T16:14:00Z,United Kingdom,active
cus_96d659b3d4933a43,2010-03-15T08:23:00Z,United Kingdom,active
cus_0fc8d9af3cb2af4b,2010-07-27T10:21:00Z,United Kingdom,active
cus_7b043ac60edc33ba,2010-03-27T15:12:00Z,United Kingdom,active
cus_1d52fac75d7a55a2,2010-11-02T13:36:00Z,United Kingdom,active
cus_49189aa2095a623b,2011-03-07T08:53:00Z,United Kingdom,active
cus_43cfd902be25c0d7,2010-11-15T12:48:00Z,United Kingdom,active
cus_1d94d9ea4d0c7ae7,2011-02-13T10:52:00Z,United Kingdom,active
cus_9d838c18dead53c2,2011-04-25T15:04:00Z,United Kingdom,active
cus_7e2dc9fe20cb9089,2009-12-04T14:57:00Z,United Kingdom,active
cus_df9dfc69e9af6dd8,2010-02-22T13:59:00Z,United Kingdom,active
cus_d58b624aa7d8fd47,2010-02-10T14:48:00Z,United Kingdom,active
cus_8579fb9b583427b5,2010-04-22T14:23:00Z,United Kingdom,active
cus_f1fb1d956a62db0e,2010-06-01T11:28:00Z,United Kingdom,active
cus_f04598adae7a3427,2010-06-19T14:08:00Z,United Kingdom,active
cus_9e1b7875e468892f,2010-06-22T14:34:00Z,United Kingdom,active
cus_e8d15a663bec3d7b,2010-03-25T14:51:00Z,United Kingdom,active
cus_4f0b9deed4e12dd7,2010-01-28T12:42:00Z,United Kingdom,active
cus_8dfaeed32961756b,2010-04-06T10:24:00Z,United Kingdom,active
cus_3ce652cda01280dc,2010-05-01T11:17:00Z,United Kingdom,active
cus_c5bf8fe7244f8f82,2009-11-30T14:20:00Z,United Kingdom,active
cus_bfa04557996e74c1,2009-12-02T09:10:00Z,United Kingdom,active
cus_6b3f541b91904dca,2010-10-20T14:03:00Z,United Kingdom,active
cus_bddb0d7df135212e,2011-05-05T14:16:00Z,United Kingdom,active
cus_b9ae837376a9d655,2009-12-05T11:45:00Z,United Kingdom,active
cus_ff0cbf578fdc7dc9,2010-09-30T11:59:00Z,United Kingdom,active
cus_0d301f43c07b10b7,2011-08-24T10:26:00Z,United Kingdom,active
cus_e4c4e5f39f74db74,2009-11-30T17:08:00Z,United Kingdom,active
cus_bb2af8dadceb36e7,2010-01-06T12:19:00Z,United Kingdom,active
cus_523db6e25c3adadc,2011-06-09T10:24:00Z,United Kingdom,active
cus_a20f3fc1eabe1f6a,2009-12-16T15:02:00Z,United Kingdom,active
cus_03c22028e6537667,2010-08-04T14:57:00Z,United Kingdom,active
cus_908d24b29c462170,2010-02-13T13:39:00Z,United Kingdom,active
cus_9f4a91f03d15c014,2010-10-09T16:02:00Z,United Kingdom,active
cus_551fc857e7beee79,2010-02-11T14:53:00Z,United Kingdom,active
cus_e210202f1522f4ef,2010-02-01T10:15:00Z,United Kingdom,active
cus_f683277cd0f241e7,2010-05-16T14:17:00Z,United Kingdom,active
cus_759e2dab83cb9343,2010-10-07T12:14:00Z,United Kingdom,active
cus_489a3237daea3b61,2010-05-17T16:27:00Z,United Kingdom,active
cus_b89a73e5ea78f281,2009-12-01T12:13:00Z,United Kingdom,active
cus_5e9bb39f83b7fa60,2010-02-11T15:27:00Z,United Kingdom,active
cus_6b3d1b5c00c13e96,2010-03-27T11:45:00Z,United Kingdom,active
cus_2d25a5b52f0d9fc4,2010-02-23T10:15:00Z,United Kingdom,active
cus_d5b6f32b6bda7e10,2009-12-02T11:09:00Z,United Kingdom,active
cus_12daa5f2af9f848e,2011-05-21T15:00:00Z,United Kingdom,active
cus_02f3a3b96c7048d2,2010-02-22T13:03:00Z,United Kingdom,active
cus_13044ba7d4f782ec,2010-01-20T13:48:00Z,United Kingdom,active
cus_be31a7cf7fb01d2c,2011-10-06T09:42:00Z,United Kingdom,active
cus_1ccc80436deddf6c,2009-12-07T17:04:00Z,United Kingdom,active
cus_da7a34249681317d,2009-11-30T12:11:00Z,United Kingdom,active
cus_b3801608f788326a,2010-09-14T15:41:00Z,United Kingdom,active
cus_e3b1cbfc910c2683,2010-01-24T09:42:00Z,United Kingdom,active
cus_91bcfa472e7de7b0,2010-10-13T10:24:00Z,United Kingdom,active
cus_0c0d7b7108ec4841,2010-02-17T17:12:00Z,United Kingdom,active
cus_a05d01d57dbeb5dc,2009-12-03T13:01:00Z,United Kingdom,active
cus_40d0615e206c6c75,2009-11-30T11:21:00Z,United Kingdom,active
cus_a7c6b05e4bce45f7,2009-12-15T09:23:00Z,United Kingdom,active
cus_2b0870b47c108689,2011-08-20T16:02:00Z,United Kingdom,active
cus_abb46254769b1bd1,2010-10-06T15:41:00Z,United Kingdom,active
cus_c79d9e44b8abb162,2011-12-05T11:30:00Z,United Kingdom,active
cus_01a5b40a7697315e,2011-02-28T12:48:00Z,United Kingdom,active
cus_a0534ba01738cebc,2011-10-25T13:27:00Z,United Kingdom,active
cus_70cdb8981bd88014,2009-12-16T18:46:00Z,United Kingdom,active
cus_e9606a8f08a497b4,2010-08-19T13:10:00Z,United Kingdom,active
cus_111d0cac9734cc9c,2010-02-15T09:21:00Z,United Kingdom,active
cus_7cadfd2293b350b9,2010-02-15T13:30:00Z,United Kingdom,active
cus_753b7e0f16bddfa8,2009-11-30T13:19:00Z,United Kingdom,active
cus_8cedb40672bedf02,2009-12-13T12:18:00Z,United Kingdom,active
cus_b905a948a47bce26,2011-10-09T12:30:00Z,United Kingdom,active
cus_3b2509cc7cc0675c,2010-04-08T14:26:00Z,United Kingdom,active
cus_5523406f91f4dc98,2010-07-13T13:01:00Z,Lithuania,active
cus_dc28b982e89d9dac,2011-06-18T13:51:00Z,United Kingdom,active
cus_564d7c1d1f8a3ca4,2010-01-30T14:25:00Z,United Kingdom,active
cus_f88ea4f40a9ec2c3,2010-02-07T13:38:00Z,United Kingdom,active
cus_050c1ee650eedddd,2010-09-27T12:50:00Z,United Kingdom,active
cus_18013cf94ee85bb5,2010-11-20T15:14:00Z,United Kingdom,active
cus_acc94d21ea11eb16,2010-10-02T12:18:00Z,United Kingdom,active
cus_ea032ed2d5d5c690,2010-06-08T11:28:00Z,United Kingdom,active
cus_2f3f29a1a3c0f4c5,2009-12-01T10:46:00Z,United Kingdom,active
cus_ce04e93db65ab415,2010-04-14T16:12:00Z,United Kingdom,active
cus_cfdda397f142a131,2010-10-12T13:12:00Z,United Kingdom,active
cus_23a61b67491013ec,2009-12-06T12:19:00Z,United Kingdom,active
cus_10458bea28809c2a,2010-01-14T11:30:00Z,United Kingdom,active
cus_b9e9e46363cdfdf7,2010-06-13T13:27:00Z,United Kingdom,active
cus_3941735874d612f3,2009-11-30T09:08:00Z,United Kingdom,active
cus_475e08170b31d1fe,2010-08-03T08:41:00Z,United Kingdom,active
cus_31f59074fa7bfebe,2010-02-03T16:43:00Z,United Kingdom,active
cus_8193bd26a7d01c70,2010-02-25T10:10:00Z,United Kingdom,active
cus_96e690411a8dcb65,2009-12-09T14:20:00Z,United Kingdom,active
cus_de3a20379df9a0ea,2009-12-07T07:43:00Z,United Kingdom,active
cus_77b3ca5b130d1ad3,2010-10-24T12:08:00Z,United Kingdom,active
cus_7e060c4d49597a63,2010-02-13T11:24:00Z,United Kingdom,active
cus_58bd9aeee586dbab,2010-05-01T11:57:00Z,United Kingdom,active
cus_c01ddb2f1701db0f,2011-04-30T13:45:00Z,United Kingdom,active
cus_21fc2561a396e4c3,2010-10-19T11:42:00Z,United Kingdom,active
cus_448dbada4ffaa226,2010-07-25T08:47:00Z,United Kingdom,active
cus_7326abf39d043785,2010-11-03T11:59:00Z,United Kingdom,active
cus_6ff61ee2a2de9f50,2009-11-30T13:50:00Z,United Kingdom,active
cus_4c24f5f8ca35bcaa,2010-05-04T14:35:00Z,United Kingdom,active
cus_bcdecc00b9dc730c,2009-12-03T14:13:00Z,United Kingdom,active
cus_59ea8996edc4895d,2010-04-25T12:38:00Z,United Kingdom,active
cus_071903a546032074,2011-06-05T13:47:00Z,United Kingdom,active
cus_702e2ed893899269,2010-01-26T12:44:00Z,United Kingdom,active
cus_dce19220d863d607,2010-10-25T17:23:00Z,Canada,active
cus_0e1784eb0a317dcc,2010-10-03T12:50:00Z,United Kingdom,active
cus_a90362fb93d9a3a7,2009-12-14T17:56:00Z,United Kingdom,active
cus_ddc3b6f80826df74,2009-12-14T19:05:00Z,United Kingdom,active
cus_9388922986c7d3e2,2011-09-21T14:56:00Z,United Kingdom,active
cus_ef60cf7b4096e215,2011-09-20T15:57:00Z,United Kingdom,active
cus_05212b302dd67516,2010-05-27T08:33:00Z,United Kingdom,active
cus_8de191b63b4a51c8,2010-04-26T12:12:00Z,United Kingdom,active
cus_1374d28c09f500c7,2009-12-08T12:45:00Z,United Kingdom,active
cus_a988bbaae41d740a,2010-11-28T11:03:00Z,United Kingdom,active
cus_32cb83199f8ce940,2010-05-11T15:56:00Z,United Kingdom,active
cus_bb0def386e0c80fd,2010-09-11T13:06:00Z,United Kingdom,active
cus_3772f80fad800674,2011-02-06T13:18:00Z,United Kingdom,active
cus_014ad082d10ac102,2011-03-19T15:02:00Z,United Kingdom,active
cus_d368aff3a5553672,2010-04-18T08:57:00Z,United Kingdom,active
cus_73e0577944170a7b,2011-06-09T12:30:00Z,United Kingdom,active
cus_a0d6b6297a423022,2011-06-20T15:24:00Z,United Kingdom,active
cus_46eb66d738509235,2010-01-31T11:55:00Z,United Kingdom,active
cus_ae59a4bfb182ac16,2011-09-14T15:26:00Z,United Kingdom,active
cus_488429ee23eacf53,2010-05-01T11:31:00Z,United Kingdom,active
cus_160285a23d2b731e,2009-12-04T13:29:00Z,United Kingdom,active
cus_bb23c1047c5e8b82,2009-12-06T15:10:00Z,United Kingdom,active
cus_6d7546e97eeef5ab,2010-02-06T11:52:00Z,United Kingdom,active
cus_9436ce2d1b0ddc39,2010-05-01T15:10:00Z,United Kingdom,active
cus_df2dc55a5faa1ff9,2009-12-16T17:46:00Z,United Kingdom,active
cus_93bf13f3f6c7c4f1,2010-07-24T12:44:00Z,United Kingdom,active
cus_19ac2961ac5bbc57,2010-01-23T15:35:00Z,United Kingdom,active
cus_ca685775f706bc5c,2011-07-30T14:19:00Z,United Kingdom,active
cus_da563303f895e1dd,2010-02-23T12:05:00Z,United Kingdom,active
cus_e2cb738044abb7bd,2011-05-14T11:30:00Z,United Kingdom,active
cus_dbeada22a228aa4f,2009-12-08T14:55:00Z,United Kingdom,active
cus_5cb05bb7eacb70b5,2010-03-06T12:10:00Z,United Kingdom,active
cus_39c71f27f06b375d,2009-12-12T13:53:00Z,United Kingdom,active
cus_fa23dd03aaa0dcb2,2010-03-23T14:40:00Z,United Kingdom,active
cus_6addadace121bfc6,2011-03-22T10:43:00Z,United Kingdom,active
cus_1439f45728a413de,2010-07-15T14:23:00Z,United Kingdom,active
cus_1760e130b5cef8e5,2011-06-04T12:37:00Z,United Kingdom,active
cus_73967e7ae95b5b57,2010-03-30T13:15:00Z,United Kingdom,active
cus_2210cc84accd516e,2009-12-07T12:54:00Z,United Kingdom,active
cus_15f1efeaa0028819,2010-07-29T14:31:00Z,United Kingdom,active
cus_5a11a4e6888c1530,2009-11-30T11:35:00Z,United Kingdom,active
cus_e962dca3cbcc04aa,2010-09-19T10:23:00Z,United Kingdom,active
cus_9382f178f1994aa5,2009-12-09T09:42:00Z,United Kingdom,active
cus_1a264b92118f622e,2009-12-02T12:28:00Z,United Kingdom,active
cus_49c45a090dc05de6,2010-11-11T09:39:00Z,United Kingdom,active
cus_7b5c774bfd6cf8df,2010-09-26T10:09:00Z,United Kingdom,active
cus_4915dd9ff101a9a8,2010-05-12T09:35:00Z,United Kingdom,active
cus_01f90ed0923043f4,2010-09-20T09:14:00Z,United Kingdom,active
cus_f333e50c859bde4b,2011-09-22T15:20:00Z,United Kingdom,active
cus_141f06cd68b97ba8,2010-09-22T14:00:00Z,United Kingdom,active
cus_ce484986aa187416,2009-12-05T15:08:00Z,United Kingdom,active
cus_a9dc788ebe264c91,2010-01-31T14:52:00Z,Malta,active
cus_c01b9b3aeb84e878,2009-12-01T16:59:00Z,United Kingdom,active
cus_f4a31b750b5899f4,2010-01-23T15:42:00Z,United Kingdom,active
cus_4d460b6d3e7044f0,2009-12-04T15:18:00Z,United Kingdom,active
cus_d03b4f57e29356f1,2009-11-30T17:31:00Z,United Kingdom,active
cus_a68c328ae390ef25,2010-05-04T13:03:00Z,United Kingdom,active
cus_cb9107cb4781c37a,2010-02-22T11:14:00Z,United Kingdom,active
cus_5bf3d8cb04d804eb,2009-12-09T20:16:00Z,United Kingdom,active
cus_068a66e2769eebd1,2009-12-17T15:08:00Z,United Kingdom,active
cus_5da927d1bf357748,2009-12-15T17:27:00Z,United Kingdom,active
cus_769380570c4e2b98,2011-09-18T13:47:00Z,United Kingdom,active
cus_6ca9015bea2fe36d,2010-06-02T11:12:00Z,United Kingdom,active
cus_960d1d0bb10b89af,2010-02-11T12:34:00Z,United Kingdom,active
cus_cd07a1d73f7b4612,2011-07-06T13:33:00Z,United Kingdom,active
cus_dac60a9c40f3e3e9,2010-08-18T12:38:00Z,United Kingdom,active
cus_f02a615c388bf91f,2011-04-17T15:31:00Z,United Kingdom,active
cus_73c2b936b8e43209,2010-11-23T14:48:00Z,United Kingdom,active
cus_5583d7194392ed34,2011-09-14T15:05:00Z,United Kingdom,active
cus_2255b4e9551ec0a6,2010-01-31T13:23:00Z,United Kingdom,active
cus_f364c450342709d1,2010-01-12T14:59:00Z,United Kingdom,active
cus_9cc86d6d1eebd815,2009-12-03T16:37:00Z,United Kingdom,active
cus_4bb8de0f0878f3b1,2011-10-23T11:33:00Z,United Kingdom,active
cus_55cd5dd7a944426f,2009-12-19T12:21:00Z,United Kingdom,active
cus_435f13971e6b719d,2010-09-18T13:57:00Z,United Kingdom,active
cus_e7bb2322a401876f,2010-01-04T10:19:00Z,United Kingdom,active
cus_f77ae10ccec39386,2009-12-01T15:16:00Z,United Kingdom,active
cus_3bb01ec14bb4e7de,2010-11-21T12:10:00Z,United Kingdom,active
cus_e3661dab46d24a53,2011-11-05T15:01:00Z,United Kingdom,active
cus_4313ef64effbba15,2009-12-14T17:31:00Z,United Kingdom,active
cus_e693b4e733feb6c0,2010-11-09T14:26:00Z,United Kingdom,active
cus_2d9434fae7fe3931,2011-09-10T15:41:00Z,United Kingdom,active
cus_3266babd1f9a2ac0,2009-12-13T12:48:00Z,United Kingdom,active
cus_4a50c3dc9cc645b0,2010-09-15T20:04:00Z,United Kingdom,active
cus_fd40dedec3a42d21,2010-02-13T12:38:00Z,United Kingdom,active
cus_df3483b03bdfbd49,2011-12-01T13:36:00Z,United Kingdom,active
cus_d99da2f26a4fd7b3,2011-08-16T14:58:00Z,United Kingdom,active
cus_2587cbe437caeab1,2009-12-01T11:53:00Z,United Kingdom,active
cus_db6c45913d7773bf,2010-09-05T11:28:00Z,United Kingdom,active
cus_81658f7768bf4ce6,2010-01-27T14:39:00Z,United Kingdom,active
cus_2af2fe39a78f776d,2010-12-02T17:28:00Z,United Kingdom,active
cus_3cfcfd72b717687d,2010-04-11T11:45:00Z,United Kingdom,active
cus_2a13419f5f142dc3,2009-12-05T13:40:00Z,United Kingdom,active
cus_7f7e7966841abc89,2010-01-10T13:16:00Z,United Kingdom,active
cus_f6ecb23e37c66637,2009-12-02T15:15:00Z,United Kingdom,active
cus_4fc8058a2ff4580e,2010-06-06T15:05:00Z,United Kingdom,active
cus_0fe641e39fea05f1,2011-03-06T09:00:00Z,United Kingdom,active
cus_b48c4f5b98f91d98,2009-12-05T11:58:00Z,United Kingdom,active
cus_84b5e3afbac7a323,2010-02-13T12:22:00Z,United Kingdom,active
cus_6c777ce669e07eef,2009-12-12T15:17:00Z,United Kingdom,active
cus_32caff62869ccee3,2010-01-27T11:36:00Z,United Kingdom,active
cus_9cd5d0c006805ce3,2011-09-29T10:44:00Z,United Kingdom,active
cus_4da878ffb5529bff,2011-09-26T14:37:00Z,United Kingdom,active
cus_0a5132780e3296e2,2010-02-27T10:55:00Z,United Kingdom,active
cus_b5e85491d65e3746,2010-03-27T14:04:00Z,United Kingdom,active
cus_49caae89d8a88b32,2009-12-05T12:10:00Z,United Kingdom,active
cus_f969b09914d56a16,2010-04-13T14:38:00Z,United Kingdom,active
cus_fd02c2f556b82509,2009-12-09T14:19:00Z,United Kingdom,active
cus_e1f7b9aca0112bf4,2010-08-31T14:37:00Z,United Kingdom,active
cus_80946de8f52bb803,2010-10-02T14:37:00Z,United Kingdom,active
cus_5cd6deea67c366db,2010-02-06T11:21:00Z,United Kingdom,active
cus_0365c0e510b6c7e1,2009-12-01T12:19:00Z,United Kingdom,active
cus_7573fd1471ef9366,2011-05-02T13:36:00Z,United Kingdom,active
cus_b5f7c66fdd4065df,2010-02-06T12:16:00Z,United Kingdom,active
cus_90f8e66317c421c3,2010-01-07T10:02:00Z,United Kingdom,active
cus_da2cfcf9452a95b9,2010-08-04T08:44:00Z,United Kingdom,active
cus_6453a46f8136669b,2010-02-03T09:20:00Z,United Kingdom,active
cus_2d38bb710a8ef51a,2011-09-29T11:46:00Z,United Kingdom,active
cus_d1f18a0958bc11bf,2011-04-18T10:08:00Z,United Kingdom,active
cus_9e354fa1f67b95f3,2010-08-08T12:27:00Z,United Kingdom,active
cus_771799491ef0b565,2010-07-27T11:46:00Z,United Kingdom,active
cus_17df4606b9990f11,2009-11-30T14:53:00Z,United Kingdom,active
cus_25af97598a75fea7,2009-12-01T09:35:00Z,United Kingdom,active
cus_fcb732964bae93e9,2010-01-13T14:03:00Z,United Kingdom,active
cus_41f5026d2a2204a8,2010-03-01T14:48:00Z,United Kingdom,active
cus_69ecd5f5d21ac0c2,2010-01-07T12:16:00Z,United Kingdom,active
cus_ac5f635b418c896f,2010-10-19T10:10:00Z,United Kingdom,active
cus_dd2440c8506fcdc6,2011-06-07T13:00:00Z,United Kingdom,active
cus_8b9455670938d797,2011-10-18T10:36:00Z,United Kingdom,active
cus_87bb2c3786f575b9,2010-01-24T14:50:00Z,United Kingdom,active
cus_2fd27e50e3e98ba3,2010-04-07T12:51:00Z,United Kingdom,active
cus_ae87ca48cb96948c,2009-12-01T15:28:00Z,United Kingdom,active
cus_b7182307b6e3ea23,2010-07-19T13:16:00Z,United Kingdom,active
cus_2530d27d172934fb,2011-07-25T10:13:00Z,United Kingdom,active
cus_c36f8c66461cfacf,2011-11-28T08:14:00Z,United Kingdom,active
cus_923d22c460df925d,2010-10-25T11:32:00Z,United Kingdom,active
cus_636b56de346dcd46,2010-01-06T13:24:00Z,United Kingdom,active
cus_1ff7a3ae61bfbfce,2009-12-09T14:46:00Z,United Kingdom,active
cus_5ad8c166e81fbabf,2011-03-27T13:32:00Z,United Kingdom,active
cus_9648811fa19f49f5,2010-06-14T15:23:00Z,United Kingdom,active
cus_2724c058e51b97d3,2010-10-13T17:16:00Z,United Kingdom,active
cus_f484bb4b1c8ebe60,2010-07-04T11:56:00Z,United Kingdom,active
cus_2c5059a743d5675a,2009-12-12T13:39:00Z,United Kingdom,active
cus_c79b386735ed1fd2,2010-06-24T11:39:00Z,United Kingdom,active
cus_9b3dc5f8737932b9,2010-03-04T14:30:00Z,United Kingdom,active
cus_73abf89e3df581d5,2010-03-06T14:52:00Z,United Kingdom,active
cus_053790e6d66b8dc5,2011-03-09T08:29:00Z,United Kingdom,active
cus_f67771118e914bb2,2009-12-07T17:51:00Z,United Kingdom,active
cus_d684e3dd36174918,2010-11-08T08:58:00Z,United Kingdom,active
cus_24a96399c137c7c9,2010-05-18T11:37:00Z,United Kingdom,active
cus_b5b587f553690b57,2009-12-14T17:54:00Z,United Kingdom,active
cus_984326a6207a2fc4,2010-01-26T11:44:00Z,United Kingdom,active
cus_1377c80da592cc6d,2010-04-12T13:11:00Z,United Kingdom,active
cus_092188467d73fdac,2009-12-13T16:36:00Z,United Kingdom,active
cus_60ddfcb0f75050f2,2009-12-05T15:31:00Z,United Kingdom,active
cus_4e58575a2042f528,2011-03-01T14:34:00Z,United Kingdom,active
cus_94ad988913a4f6a0,2010-10-09T12:51:00Z,United Kingdom,active
cus_7f66ee7414b09786,2010-10-24T13:06:00Z,United Kingdom,active
cus_41bf6e5988b65dd0,2010-11-16T16:22:00Z,United Kingdom,active
cus_da6ac7cb47832e7a,2010-08-10T16:58:00Z,United Kingdom,active
cus_b9eee3c1be084e64,2011-04-09T15:25:00Z,United Kingdom,active
cus_1144909a175d8825,2011-02-27T15:32:00Z,United Kingdom,active
cus_13589524d23850c0,2009-12-02T11:19:00Z,United Kingdom,active
cus_2ae134f2d6b0defb,2010-02-23T13:32:00Z,United Kingdom,active
cus_d7c8f0712c851c8d,2010-02-04T16:01:00Z,United Kingdom,active
cus_104cae8f34023dce,2010-05-09T07:59:00Z,United Kingdom,active
cus_6e9e426f7a9241f7,2009-11-30T13:49:00Z,United Kingdom,active
cus_ec5bb9479cd99dc4,2010-02-27T12:50:00Z,United Kingdom,active
cus_7cbd81e085ef948b,2010-03-13T15:07:00Z,United Kingdom,active
cus_5903a9b7d38980c6,2011-03-20T09:13:00Z,United Kingdom,active
cus_463184e1dda710ad,2011-03-13T09:37:00Z,United Kingdom,active
cus_01c047b6a05bbb1a,2010-02-21T14:28:00Z,United Kingdom,active
cus_8175fab0f98f6bbe,2009-12-07T17:08:00Z,United Kingdom,active
cus_d9252786e021397d,2010-10-30T14:14:00Z,United Kingdom,active
cus_c5479c48ad2a8f2b,2011-02-28T10:19:00Z,United Kingdom,active
cus_56e29bf4ac6443ac,2010-07-04T12:49:00Z,United Kingdom,active
cus_560819f7ee8ad2a7,2009-12-01T12:15:00Z,United Kingdom,active
cus_fe7ca8b016a3acaa,2010-05-23T14:18:00Z,United Kingdom,active
cus_72f6550cc7c9185d,2009-12-03T16:13:00Z,United Kingdom,active
cus_bf572870f84b1463,2010-09-14T13:43:00Z,United Kingdom,active
cus_cfe1311b536f4a77,2010-10-14T13:50:00Z,United Kingdom,active
cus_9b20b4be838ec9ae,2011-01-12T15:13:00Z,United Kingdom,active
cus_8d45bef08a565ef2,2011-08-30T11:40:00Z,United Kingdom,active
cus_eb2818fb915de5cf,2009-12-05T16:01:00Z,United Kingdom,active
cus_6e8ec5fef0b77f67,2010-02-17T14:37:00Z,United Kingdom,active
cus_e807d918e87bfa0f,2009-12-06T15:43:00Z,United Kingdom,active
cus_2dec913a1f307b92,2010-01-23T14:36:00Z,United Kingdom,active
cus_b1c5c45fce5b66a7,2010-01-18T09:10:00Z,United Kingdom,active
cus_4d57f8028b09320f,2010-03-24T17:38:00Z,United Kingdom,active
cus_058f845df2860331,2011-06-18T15:36:00Z,United Kingdom,active
cus_47beae82fa7d9d3b,2011-08-20T12:36:00Z,United Kingdom,active
cus_cf0f12c2e261197d,2011-03-19T10:51:00Z,United Kingdom,active
cus_70cdc974ee8b6e6b,2010-05-04T14:51:00Z,United Kingdom,active
cus_f903102a0a8fb35a,2011-05-21T15:37:00Z,United Kingdom,active
cus_bdda02c70b0b9713,2011-08-14T14:32:00Z,United Kingdom,active
cus_60095ed29037f698,2011-09-13T14:19:00Z,United Kingdom,active
cus_aec341cc967143e8,2010-10-09T11:33:00Z,United Kingdom,active
cus_5f8e768ebc1a44f4,2009-11-30T11:17:00Z,United Kingdom,active
cus_872c6dc17ba1c7d1,2010-06-01T12:08:00Z,United Kingdom,active
cus_ac2ed2f40fcf5789,2010-03-29T12:17:00Z,United Kingdom,active
cus_bc94ac5cbc8ce81e,2009-12-06T12:42:00Z,United Kingdom,active
cus_14bd3291b0239671,2010-04-25T10:41:00Z,United Kingdom,active
cus_f7da90c4eb84b3ce,2009-11-30T12:47:00Z,United Kingdom,active
cus_63d93fd4ce55beb9,2010-06-06T15:40:00Z,United Kingdom,active
cus_bdae77ca8da65b6f,2010-03-08T13:58:00Z,United Kingdom,active
cus_fb74ad721206e04c,2010-05-13T12:55:00Z,United Kingdom,active
cus_42d480152f357ce9,2010-11-03T10:22:00Z,United Kingdom,active
cus_af2e8892661e0ff0,2011-11-23T14:51:00Z,United Kingdom,active
cus_11b4490df8bf90cb,2010-11-13T16:12:00Z,United Kingdom,active
cus_1b6b4d4bb7327e30,2010-01-23T12:12:00Z,United Kingdom,active
cus_861965db4d98d7ef,2010-10-31T13:44:00Z,United Kingdom,active
cus_ac129d59bbaa5828,2010-10-03T14:15:00Z,United Kingdom,active
cus_3f54da86f21e7787,2010-06-03T10:10:00Z,United Kingdom,active
cus_50445b92c416c7e8,2010-02-03T10:10:00Z,United Kingdom,active
cus_1d11ed55adc2a0a7,2010-06-09T14:25:00Z,United Kingdom,active
cus_0bb7e47ae6e8b100,2010-10-13T13:38:00Z,United Kingdom,active
cus_7c314abd03fdcfe6,2010-09-29T14:19:00Z,United Kingdom,active
cus_7da366cb7b9f8b91,2011-04-10T10:01:00Z,United Kingdom,active
cus_16c0f518cdc65ff4,2009-12-09T15:52:00Z,United Kingdom,active
cus_23245601a0855907,2011-10-20T14:29:00Z,United Kingdom,active
cus_e498f5ba10e893ad,2010-03-29T15:25:00Z,United Kingdom,active
cus_f95619fc9eb67a61,2011-06-07T10:14:00Z,United Kingdom,active
cus_d477383d6c0ad567,2011-09-22T09:52:00Z,United Kingdom,active
cus_5f85172116db38ac,2011-04-16T13:04:00Z,United Kingdom,active
cus_bd15045c1e24f627,2010-01-17T11:21:00Z,United Kingdom,active
cus_42ac5ec08644e659,2011-01-10T12:55:00Z,United Kingdom,active
cus_bbba1b2dc00e5f52,2009-11-30T16:26:00Z,United Kingdom,active
cus_73e0f0686ee56398,2009-12-05T13:08:00Z,United Kingdom,active
cus_b717dfc9a4f2d572,2010-09-07T11:56:00Z,United Kingdom,active
cus_b13d03c16d3235ef,2010-02-21T13:31:00Z,United Kingdom,active
cus_a52aba194c20f561,2009-12-03T08:24:00Z,United Kingdom,active
cus_0150276d200e2cd6,2011-04-03T14:00:00Z,United Kingdom,active
cus_01fa9a0775ee50bc,2010-06-09T13:47:00Z,United Kingdom,active
cus_15f69faf0c740beb,2009-12-01T10:08:00Z,United Kingdom,active
cus_e1bf2aad091607a5,2010-03-18T11:30:00Z,Norway,active
cus_63241c116cdaf4b6,2010-09-22T09:33:00Z,United Kingdom,active
cus_ee39990d43a7b2be,2011-09-22T15:17:00Z,United Kingdom,active
cus_2d0c7b949dd54796,2011-09-22T12:10:00Z,United Kingdom,active
cus_f8862a853694056e,2010-08-17T13:58:00Z,United Kingdom,active
cus_10e3b6a0312d2c04,2009-12-02T12:10:00Z,United Kingdom,active
cus_320dba65569b9c89,2009-12-10T09:58:00Z,United Kingdom,active
cus_9814bb8b0a867732,2010-01-14T12:14:00Z,United Kingdom,active
cus_5fd5eef9c185656c,2010-02-20T12:57:00Z,United Kingdom,active
cus_3ad61e97ebe9608d,2010-03-17T07:32:00Z,United Kingdom,active
cus_9252fe238d834a61,2011-07-28T13:46:00Z,United Kingdom,active
cus_47619662e728ddd8,2010-06-24T15:55:00Z,United Kingdom,active
cus_b0d2cf039d49bc68,2010-12-16T11:43:00Z,United Kingdom,active
cus_d58905df1972dcac,2009-12-16T17:50:00Z,United Kingdom,active
cus_f66443335df4be58,2011-11-28T09:50:00Z,United Kingdom,active
cus_1aa08016412eedea,2010-02-04T14:42:00Z,United Kingdom,active
cus_179688968fd5b757,2009-12-14T16:28:00Z,United Kingdom,active
cus_5aa40220a3c0d618,2010-06-20T10:13:00Z,United Kingdom,active
cus_1ac52ab19e9e204f,2011-10-08T13:11:00Z,United Kingdom,active
cus_397aa73c7ac6f854,2010-03-25T11:21:00Z,United Kingdom,active
cus_2fb659c8b0fcb53a,2010-03-30T09:42:00Z,United Kingdom,active
cus_f42a10965fcd997b,2009-11-30T12:54:00Z,United Kingdom,active
cus_85356ea2e0d393a7,2009-11-30T12:18:00Z,United Kingdom,active
cus_2747aa031c4be041,2010-01-26T13:12:00Z,United Kingdom,active
cus_dcae4235ba1b8663,2010-01-26T11:55:00Z,United Kingdom,active
cus_5a6a597ac438195a,2010-10-16T14:26:00Z,United Kingdom,active
cus_ea177fd6196100a6,2010-03-30T13:17:00Z,United Kingdom,active
cus_8c7ab116198e677c,2011-05-24T10:12:00Z,United Kingdom,active
cus_c4ac746ec97c0996,2009-12-09T12:57:00Z,United Kingdom,active
cus_0e7056a60caf574f,2009-11-30T16:30:00Z,United Kingdom,active
cus_e430b4d79944b870,2010-06-21T14:23:00Z,United Kingdom,active
cus_f39b201e1c343b75,2009-12-21T10:24:00Z,United Kingdom,active
cus_ec1f0510bc524cd4,2010-11-15T16:46:00Z,United Kingdom,active
cus_5197def2313b3abe,2009-12-14T13:40:00Z,United Kingdom,active
cus_2066c6e2161b2a70,2010-04-14T14:31:00Z,United Kingdom,active
cus_1c33703b4bfb13a2,2010-06-14T12:54:00Z,United Kingdom,active
cus_ba291dc7e9bbea2f,2010-06-13T13:31:00Z,United Kingdom,active
cus_355f1f179c3be8f7,2010-04-29T12:58:00Z,United Kingdom,active
cus_bd0ef6313a4ae549,2010-03-17T11:08:00Z,United Kingdom,active
cus_1156151d526a9e99,2011-10-08T13:28:00Z,United Kingdom,active
cus_97b98f2d5541bb4f,2009-12-05T14:34:00Z,United Kingdom,active
cus_50a4eeab3f052f35,2009-12-07T15:12:00Z,United Kingdom,active
cus_e5e011c2dafb6a30,2011-06-19T13:27:00Z,United Kingdom,active
cus_1f1c857dc3a3a9b5,2010-05-19T17:00:00Z,United Kingdom,active
cus_b877bfcfe9e4ba2a,2010-01-07T11:25:00Z,United Kingdom,active
cus_1e20ef9e895ccde3,2010-10-10T14:05:00Z,United Kingdom,active
cus_73804c4c5693ad1a,2011-10-19T17:13:00Z,United Kingdom,active
cus_d37863a76e4b7356,2010-08-10T10:16:00Z,United Kingdom,active
cus_6ec538ecb0642b8a,2009-12-14T09:51:00Z,United Kingdom,active
cus_f4b8cf68f41952ec,2011-07-13T16:35:00Z,United Kingdom,active
cus_026e39aff0e697dc,2011-06-19T11:42:00Z,United Kingdom,active
cus_fc9bc91e34d76a39,2009-12-09T08:29:00Z,United Kingdom,active
cus_70e47b08ddf4a123,2011-02-08T10:19:00Z,United Kingdom,active
cus_71b10568fbfc7430,2010-01-25T14:44:00Z,United Kingdom,active
cus_4931d640c3fd2616,2010-11-18T14:40:00Z,United Kingdom,active
cus_1b7293841024d925,2010-03-07T08:47:00Z,United Kingdom,active
cus_29aa27a111d66d30,2010-03-27T10:54:00Z,United Kingdom,active
cus_8b213887eed47bf2,2010-06-30T10:16:00Z,United Kingdom,active
cus_c135334f9b91bf82,2011-10-18T10:38:00Z,United Kingdom,active
cus_d9f1e5ed7aa79e68,2009-12-09T12:08:00Z,United Kingdom,active
cus_7ec1892bea54b023,2010-08-19T17:15:00Z,United Kingdom,active
cus_621e861ae8070e4d,2009-12-02T14:02:00Z,United Kingdom,active
cus_da1d6a336ef5f6d4,2010-10-04T16:43:00Z,United Kingdom,active
cus_a48b336ea3cf4dc6,2009-12-09T11:42:00Z,United Kingdom,active
cus_e6cdbc97298c55dd,2009-12-05T12:31:00Z,United Kingdom,active
cus_3709f73b2b5ceb62,2010-01-27T19:41:00Z,United Kingdom,active
cus_bc44fcf148237a1a,2009-12-16T11:33:00Z,United Kingdom,active
cus_2df02dd69dcc37a0,2009-12-16T10:20:00Z,United Kingdom,active
cus_dcc246d2c6a8b615,2010-11-22T15:02:00Z,United Kingdom,active
cus_d19415d9411cd527,2010-01-04T13:58:00Z,United Kingdom,active
cus_97e181905b26fe22,2009-12-13T15:16:00Z,United Kingdom,active
cus_adf3f3a3cdb9b258,2010-03-22T16:50:00Z,United Kingdom,active
cus_61c99d12bdd53f42,2010-09-18T16:22:00Z,United Kingdom,active
cus_1e6a8e597775ea77,2010-06-06T14:53:00Z,United Kingdom,active
cus_5778c2302cd436da,2010-07-26T11:58:00Z,United Kingdom,active
cus_29281acd34e6fcc5,2010-01-06T13:56:00Z,United Kingdom,active
cus_55b2b0d172c49c87,2010-03-02T16:51:00Z,United Kingdom,active
cus_112a2f294762f882,2010-09-16T15:26:00Z,United Kingdom,active
cus_6512a7f01b483372,2011-11-21T11:18:00Z,United Kingdom,active
cus_63c9b8c2d084d7b0,2009-12-09T15:33:00Z,United Kingdom,active
cus_957779b15f196596,2011-11-05T14:50:00Z,United Kingdom,active
cus_548aa41a5dbb6651,2009-12-02T18:12:00Z,United Kingdom,active
cus_232b08f64a918cb2,2010-01-20T12:47:00Z,United Kingdom,active
cus_297306e30f457f4d,2009-12-09T12:21:00Z,United Kingdom,active
cus_dd582eb9fdc5063e,2010-04-13T08:43:00Z,United Kingdom,active
cus_44f1806e7e04e1eb,2011-04-26T12:35:00Z,United Kingdom,active
cus_b74afaed9add505b,2010-02-07T16:23:00Z,United Kingdom,active
cus_6b7e301799c097d1,2010-12-04T14:06:00Z,United Kingdom,active
cus_3aef27ebb68bfe1f,2009-12-10T16:11:00Z,United Kingdom,active
cus_b28195f50c97c654,2010-06-13T12:39:00Z,United Kingdom,active
cus_c3569c9b11e42a51,2010-11-23T16:57:00Z,United Kingdom,active
cus_8fe051fc6191d37f,2009-12-07T17:04:00Z,United Kingdom,active
cus_349b44b3867c6a11,2011-11-30T14:50:00Z,United Kingdom,active
cus_f6e2b693e867fe4a,2010-09-14T12:17:00Z,United Kingdom,active
cus_35c70a8f20fd48e9,2011-05-12T13:01:00Z,United Kingdom,active
cus_985f7e30cbecbea5,2010-07-14T19:21:00Z,United Kingdom,active
cus_11d2acc86c56a253,2010-01-20T11:51:00Z,United Kingdom,active
cus_02095433cad4f832,2009-12-08T13:26:00Z,United Kingdom,active
cus_01a3712234bd0808,2009-12-09T12:58:00Z,United Kingdom,active
cus_c5ef78db46105284,2009-12-09T15:01:00Z,United Kingdom,active
cus_1ed127898df8703a,2009-12-01T14:55:00Z,United Kingdom,active
cus_f9bddfac8ca36cfb,2010-03-17T11:40:00Z,United Kingdom,active
cus_a2b153b8a586450b,2010-12-05T11:26:00Z,United Kingdom,active
cus_9ede68ecf420c0d3,2009-12-13T13:09:00Z,United Kingdom,active
cus_7c06e57313495a53,2010-03-08T11:03:00Z,United Kingdom,active
cus_a6d83592f367538b,2011-05-28T15:35:00Z,United Kingdom,active
cus_94cb227330c0caf3,2011-10-02T14:52:00Z,United Kingdom,active
cus_77f168e473e99c50,2011-02-22T14:50:00Z,United Kingdom,active
cus_d293d4b94f5109cb,2010-05-31T09:42:00Z,United Kingdom,active
cus_1d7ab53228723ed0,2010-11-29T12:07:00Z,United Kingdom,active
cus_c1f6e8a3317d68db,2010-10-25T18:17:00Z,United Kingdom,active
cus_c33c6a3e9c248b1e,2009-12-12T12:57:00Z,United Kingdom,active
cus_645403d27ab1bc63,2009-11-30T13:47:00Z,United Kingdom,active
cus_b75cd4ec39ec294a,2010-03-15T10:49:00Z,United Kingdom,active
cus_2a85566c54f7ba66,2010-01-25T10:54:00Z,United Kingdom,active
cus_972be115a6aac7cf,2011-04-27T12:55:00Z,United Kingdom,active
cus_0efaa1412a970cb4,2009-12-02T14:00:00Z,United Kingdom,active
cus_3a9ec97ba71c4310,2010-04-28T13:35:00Z,United Kingdom,active
cus_b3ff713837555d9b,2010-02-22T16:36:00Z,United Kingdom,active
cus_a59fab5e08f94e3c,2009-12-12T11:16:00Z,United Kingdom,active
cus_fa97842e7d32b747,2010-06-06T10:59:00Z,United Kingdom,active
cus_9a5f27d8c8fbab83,2010-01-25T16:19:00Z,United Kingdom,active
cus_8357eaaf68feb630,2010-09-29T15:50:00Z,United Kingdom,active
cus_2f1012951f57d7ec,2010-11-24T15:59:00Z,United Kingdom,active
cus_b96540ab1cfc3f2c,2010-02-13T15:30:00Z,United Kingdom,active
cus_b8e7b54b7dda87e3,2009-12-02T11:45:00Z,United Kingdom,active
cus_0b1f96b493c14c56,2009-11-30T13:28:00Z,United Kingdom,active
cus_b4dd4d9baabbdc41,2010-11-15T13:04:00Z,United Kingdom,active
cus_e196fb539e04849d,2010-07-04T13:10:00Z,United Kingdom,active
cus_e1555aadfa23b963,2009-12-07T09:46:00Z,United Kingdom,active
cus_82997f5e56c79515,2010-04-17T14:06:00Z,United Kingdom,active
cus_4d7d757567bb521d,2010-10-05T15:00:00Z,United Kingdom,active
cus_19bb4a5fb26e08b2,2011-02-23T10:10:00Z,United Kingdom,active
cus_b89e5e7347be5719,2010-06-05T14:01:00Z,United Kingdom,active
cus_936526707b5bcd20,2011-10-30T16:24:00Z,United Kingdom,active
cus_f3f2542c3ded8966,2010-04-15T11:35:00Z,United Kingdom,active
cus_3c2bb220216a3b78,2010-05-31T14:40:00Z,United Kingdom,active
cus_54df42d1d79a0fdc,2010-03-28T10:07:00Z,United Kingdom,active
cus_734b5ee50342f69e,2009-12-05T12:52:00Z,United Kingdom,active
cus_de6805b88366d5d2,2009-11-30T13:38:00Z,United Kingdom,active
cus_47f48df3161f2937,2010-05-26T15:51:00Z,United Kingdom,active
cus_daa83c33e32f3057,2010-11-22T10:02:00Z,United Kingdom,active
cus_0126f70525da3f0d,2010-11-24T12:56:00Z,United Kingdom,active
cus_7f39c988b7fdf756,2010-02-20T11:36:00Z,United Kingdom,active
cus_72ce44faeebf2450,2010-02-27T12:30:00Z,United Kingdom,active
cus_01812c1848f7f686,2011-10-25T16:21:00Z,United Kingdom,active
cus_5ab8f992e06165c2,2010-03-13T11:55:00Z,United Kingdom,active
cus_c99b7825e9741d12,2010-10-20T13:57:00Z,United Kingdom,active
cus_add95a0f0f354ee3,2010-11-06T15:49:00Z,United Kingdom,active
cus_ce5417570ede6372,2009-11-30T11:45:00Z,United Kingdom,active
cus_070709c130d67d41,2011-12-06T12:14:00Z,United Kingdom,active
cus_9455e74ae04ec4cc,2010-03-23T13:08:00Z,United Kingdom,active
cus_c86515353e47ab4f,2009-12-02T18:51:00Z,United Kingdom,active
cus_193a65f335104179,2010-09-14T13:21:00Z,United Kingdom,active
cus_de477290658da6d7,2010-06-13T13:18:00Z,United Kingdom,active
cus_8d7fdee4cc207bc3,2010-03-18T11:07:00Z,United Kingdom,active
cus_cc8c581673263748,2011-07-02T11:26:00Z,United Kingdom,active
cus_025c403defc6b024,2010-10-23T10:54:00Z,United Kingdom,active
cus_7336e97f200b1ec7,2009-11-30T11:04:00Z,United Kingdom,active
cus_e86b0ff05d0fcf5b,2009-12-07T10:24:00Z,United Kingdom,active
cus_26bf86ae6fb3d21b,2010-01-30T12:43:00Z,United Kingdom,active
cus_b3b6d6ad018c2888,2011-10-20T12:56:00Z,United Kingdom,active
cus_a6319c5f7a092260,2010-11-01T13:27:00Z,United Kingdom,active
cus_a50ac32d06fbcda9,2010-01-04T12:06:00Z,United Kingdom,active
cus_2bdfd82f66bc7ba8,2009-12-06T13:57:00Z,United Kingdom,active
cus_069a7c184451c100,2009-12-13T14:12:00Z,United Kingdom,active
cus_b7b619def014a2f6,2010-06-12T11:05:00Z,United Kingdom,active
cus_9435031bbad775b9,2011-03-17T13:32:00Z,United Kingdom,active
cus_0afc6de7d0c975b9,2010-10-23T11:40:00Z,United Kingdom,active
cus_598c7d3984b6d72f,2011-10-26T13:53:00Z,United Kingdom,active
cus_c218df80254ebd8f,2010-01-07T13:21:00Z,United Kingdom,active
cus_c8d736864a1d4d71,2009-12-07T11:23:00Z,United Kingdom,active
cus_c6d0d9f66b8caae4,2010-08-10T16:44:00Z,United Kingdom,active
cus_14520e5351aaa8ad,2010-10-25T13:00:00Z,United Kingdom,active
cus_747d7f111de7d5a7,2010-03-28T14:47:00Z,United Kingdom,active
cus_da0cf5f9e1855abb,2010-04-08T10:12:00Z,United Kingdom,active
cus_ca8c2db1084a5e46,2010-09-11T12:00:00Z,United Kingdom,active
cus_5894964f49094194,2010-08-14T11:26:00Z,United Kingdom,active
cus_ae7f0926b9bcd0dd,2010-07-28T12:50:00Z,United Kingdom,active
cus_23d2d8bf77c9f57d,2010-01-25T16:34:00Z,EIRE,active
cus_27e637eaba28dbb2,2010-07-10T13:53:00Z,United Kingdom,active
cus_57d53d4b4432762f,2010-11-02T15:55:00Z,United Kingdom,active
cus_4329af5c4d1cd797,2010-04-07T11:11:00Z,United Kingdom,active
cus_ba0325d0e4ef57b3,2009-12-09T12:38:00Z,United Kingdom,active
cus_e2841b07b68733be,2010-05-18T13:04:00Z,United Kingdom,active
cus_b8f245755ef6997d,2010-10-03T15:29:00Z,United Kingdom,active
cus_a45754562d9761e0,2010-06-20T13:32:00Z,United Kingdom,active
cus_f660102f5a2f092b,2010-09-01T13:27:00Z,United Kingdom,active
cus_c2bf493a113dfa02,2011-08-06T14:33:00Z,United Kingdom,active
cus_c5480a29680f41c5,2010-02-01T18:01:00Z,United Kingdom,active
cus_31ef94d38cca595e,2010-04-24T11:52:00Z,United Kingdom,active
cus_87bbe26796fbdd24,2011-11-06T16:36:00Z,United Kingdom,active
cus_9ccfb8569bf7efe1,2010-05-23T15:57:00Z,United Kingdom,active
cus_55a60e1593098400,2011-05-14T12:31:00Z,United Kingdom,active
cus_789806abfff01214,2010-02-07T13:29:00Z,United Kingdom,active
cus_514a234f1a955a19,2011-10-29T13:06:00Z,United Kingdom,active
cus_fe36cf697c869e28,2010-09-14T14:19:00Z,United Kingdom,active
cus_14be94df49b20c45,2010-02-02T12:46:00Z,United Kingdom,active
cus_09e5f17621dd1a15,2010-02-06T15:16:00Z,United Kingdom,active
cus_37679349a4d4b57d,2010-11-15T11:53:00Z,United Kingdom,active
cus_364547b1f9b81fcc,2010-01-19T14:03:00Z,United Kingdom,active
cus_514a5de83567eb9f,2009-12-01T13:20:00Z,United Kingdom,active
cus_1ad6de42c3549df8,2010-01-18T12:30:00Z,United Kingdom,active
cus_8a35480dd5f9ef8a,2010-04-26T10:56:00Z,United Kingdom,active
cus_5a1ec4109a7e3ae8,2010-07-17T15:51:00Z,United Kingdom,active
cus_e0e767ad41a17fb0,2010-03-24T13:05:00Z,United Kingdom,active
cus_b1b1f9e5731df773,2011-05-24T09:18:00Z,United Kingdom,active
cus_23fcb3dbbbfb5315,2009-12-10T13:33:00Z,United Kingdom,active
cus_d87aaa13c72a298c,2010-03-03T15:44:00Z,United Kingdom,active
cus_468867e488806253,2009-12-14T09:40:00Z,United Kingdom,active
cus_ded7f510abbecb45,2010-03-02T11:13:00Z,United Kingdom,active
cus_0d89bcb98b36a0ac,2010-05-26T12:50:00Z,United Kingdom,active
cus_7998c3be4a724010,2011-08-02T12:50:00Z,United Kingdom,active
cus_3b7e5006d9899837,2010-01-07T12:08:00Z,United Kingdom,active
cus_e2a4facaa39569f3,2009-12-05T10:41:00Z,United Kingdom,active
cus_4b7db4e587245e6b,2010-04-13T13:27:00Z,United Kingdom,active
cus_986289cf7b2b84ed,2011-06-08T18:42:00Z,United Kingdom,active
cus_f954e145f137ab49,2010-03-17T14:14:00Z,United Kingdom,active
cus_613398bf0ad55611,2010-01-09T10:37:00Z,United Kingdom,active
cus_f74e35f0832087cb,2010-10-06T19:51:00Z,United Kingdom,active
cus_4264db8dbceee514,2011-06-08T16:16:00Z,United Kingdom,active
cus_2dd84b68206157b2,2010-04-26T11:50:00Z,United Kingdom,active
cus_801a7bf329d759f5,2010-02-24T09:40:00Z,United Kingdom,active
cus_f2b3f89fc8b0db47,2009-12-15T11:56:00Z,United Kingdom,active
cus_9f00b3f82b828674,2010-10-12T15:07:00Z,United Kingdom,active
cus_a9be6b31a7d2e478,2010-05-22T10:52:00Z,United Kingdom,active
cus_29bab4d52f445aaa,2009-12-06T10:33:00Z,United Kingdom,active
cus_6c8bc9f16f26eb16,2009-12-13T15:38:00Z,United Kingdom,active
cus_6f3947f89cef1f6e,2009-12-01T13:34:00Z,United Kingdom,active
cus_bd40f5af5866282a,2009-11-30T11:50:00Z,United Kingdom,active
cus_5649a0ce418d3919,2009-12-01T10:09:00Z,United Kingdom,active
cus_0053b6c5c83a4b7d,2010-03-30T12:21:00Z,United Kingdom,active
cus_54aa69cd33ce1230,2010-06-16T09:48:00Z,United Kingdom,active
cus_43277168537c6f9d,2010-02-13T12:49:00Z,United Kingdom,active
cus_b75e2ccfd4c984ef,2010-04-27T09:51:00Z,United Kingdom,active
cus_4141d0015d80828d,2009-12-02T13:51:00Z,United Kingdom,active
cus_d9528f15b132d185,2010-09-23T12:03:00Z,United Kingdom,active
cus_cc87a7d6723f60d4,2009-12-09T09:44:00Z,United Kingdom,active
cus_b8695538a860d696,2010-05-03T13:31:00Z,United Kingdom,active
cus_61a64395c642f05f,2010-02-04T12:26:00Z,United Kingdom,active
cus_91a105a787589284,2010-10-05T15:54:00Z,United Kingdom,active
cus_66830507349b271e,2009-11-30T14:02:00Z,United Kingdom,active
cus_66ea8f07db4f8269,2010-05-25T12:41:00Z,United Kingdom,active
cus_2a412a99aead04e1,2010-06-17T11:23:00Z,United Kingdom,active
cus_3b10abb1c0d63cfa,2009-12-01T17:06:00Z,United Kingdom,active
cus_e0c7278a88d211ec,2011-09-27T11:48:00Z,United Kingdom,active
cus_1e3b5807c0ba0bc4,2009-12-04T15:00:00Z,United Kingdom,active
cus_aa0925549bc11448,2009-12-02T11:51:00Z,United Kingdom,active
cus_224a9db9ad436584,2011-09-14T10:53:00Z,United Kingdom,active
cus_ca553ca6b884c7d7,2010-02-07T11:06:00Z,United Kingdom,active
cus_9c2285e738d43e7f,2009-12-01T10:00:00Z,United Kingdom,active
cus_79c1e67eee401fd2,2011-10-27T09:12:00Z,United Kingdom,active
cus_77c361fde051bd4a,2010-07-21T14:17:00Z,United Kingdom,active
cus_2c866b53fe2b2b15,2009-11-30T10:46:00Z,United Kingdom,active
cus_3cab0cfea41d0ef4,2009-12-02T12:38:00Z,United Kingdom,active
cus_04935591c2c90b93,2011-09-24T11:33:00Z,United Kingdom,active
cus_9f5638e35785e223,2010-02-17T13:50:00Z,United Kingdom,active
cus_04b4c5880a0544be,2011-10-10T14:51:00Z,United Kingdom,active
cus_be17c7319f4027e5,2010-07-13T15:34:00Z,United Kingdom,active
cus_abd3e49cb935e338,2010-05-24T12:01:00Z,United Kingdom,active
cus_ba5baba748b74d53,2010-03-28T14:52:00Z,United Kingdom,active
cus_8aa7d875f3475ffa,2010-03-01T14:03:00Z,United Kingdom,active
cus_62dc9b58d91e2830,2010-11-02T14:46:00Z,United Kingdom,active
cus_59b14f9111ab98cc,2011-10-09T09:41:00Z,United Kingdom,active
cus_b2f68b77aca34884,2010-06-22T13:19:00Z,United Kingdom,active
cus_890a7c324adfae64,2010-03-08T09:34:00Z,United Kingdom,active
cus_7617ea97dea2e00f,2010-10-27T14:43:00Z,United Kingdom,active
cus_ad9259526d53a8a0,2011-05-11T13:33:00Z,United Kingdom,active
cus_1ac8d9a2134a0ac2,2010-05-23T11:04:00Z,United Kingdom,active
cus_ded5b26664545587,2009-12-08T15:36:00Z,United Kingdom,active
cus_4c51fa4e09f615e2,2011-02-27T13:34:00Z,United Kingdom,active
cus_b74ed8d202183872,2010-10-26T11:50:00Z,United Kingdom,active
cus_c222ed64b14d6b97,2011-09-14T15:21:00Z,United Kingdom,active
cus_b7313b173e9e035b,2009-12-13T11:59:00Z,United Kingdom,active
cus_c1a6d91a0f3ca990,2009-12-10T12:24:00Z,United Kingdom,active
cus_869853261b22093d,2009-12-03T12:28:00Z,United Kingdom,active
cus_f3864a0e2ec88124,2010-11-28T13:28:00Z,United Kingdom,active
cus_c43165af14038f85,2010-08-07T11:40:00Z,United Kingdom,active
cus_e9458eb5a8faf5ca,2009-12-15T11:44:00Z,United Kingdom,active
cus_eae137e3ac1fbd56,2010-09-27T13:59:00Z,United Kingdom,active
cus_6d4f7e0815e3e461,2010-03-17T18:47:00Z,United Kingdom,active
cus_bccb9d0fee1da890,2009-12-01T15:04:00Z,United Kingdom,active
cus_8f4f0b4af5afb4e2,2010-10-19T12:00:00Z,United Kingdom,active
cus_ea2a59c1ee18a19b,2009-12-01T10:48:00Z,United Kingdom,active
cus_5cf8b4f2cf77a29c,2010-07-22T13:09:00Z,United Kingdom,active
cus_73749d3ff13fb7ed,2009-12-07T17:44:00Z,United Kingdom,active
cus_0362cb9f5bebeca9,2010-06-14T11:58:00Z,United Kingdom,active
cus_8008fcd5cae6e743,2009-12-13T13:50:00Z,United Kingdom,active
cus_e66ece32cc3a5eee,2010-02-23T14:24:00Z,United Kingdom,active
cus_d556e3b99a22dbea,2010-06-10T11:58:00Z,United Kingdom,active
cus_7e02ddc7e6d95f88,2009-12-01T12:54:00Z,United Kingdom,active
cus_fc0160d5754c7841,2010-09-26T15:24:00Z,United Kingdom,active
cus_c950d8a6d0f7d30a,2010-02-06T15:26:00Z,United Kingdom,active
cus_c0e28d4ea7892d2b,2010-09-29T13:57:00Z,United Kingdom,active
cus_67e1a21f408527bd,2011-03-01T15:28:00Z,United Kingdom,active
cus_e6a47203246440e1,2010-05-26T16:09:00Z,United Kingdom,active
cus_16ce5e5f50036508,2010-07-26T11:44:00Z,United Kingdom,active
cus_2d59db1372a82df0,2010-08-09T13:32:00Z,United Kingdom,active
cus_b78f91c3592fc25b,2009-12-17T14:31:00Z,United Kingdom,active
cus_af8a5375b79628fe,2010-11-16T13:14:00Z,United Kingdom,active
cus_93f9d937c9f105ea,2010-02-06T12:41:00Z,United Kingdom,active
cus_b79d0a9f921cf8a3,2010-10-21T11:19:00Z,United Kingdom,active
cus_d1771aa74e3bb0d5,2010-01-21T12:27:00Z,United Kingdom,active
cus_945a073a3c1d15ef,2011-05-02T15:12:00Z,United Kingdom,active
cus_1ba96deb22f68b23,2010-04-20T12:06:00Z,United Kingdom,active
cus_fabb85a93a088e3e,2010-06-06T14:04:00Z,United Kingdom,active
cus_3deced341af45638,2009-12-01T13:23:00Z,United Kingdom,active
cus_8836b7df6ec564ed,2010-05-26T10:39:00Z,United Kingdom,active
cus_2668fd000743e652,2010-08-25T12:10:00Z,United Kingdom,active
cus_635f375b3aa396e9,2010-09-01T19:17:00Z,United Kingdom,active
cus_afd0999e19323ed5,2010-10-24T13:40:00Z,United Kingdom,active
cus_d87e226df9bd402d,2010-03-14T16:02:00Z,United Kingdom,active
cus_e44ecf31b36bdac4,2011-10-15T12:09:00Z,United Kingdom,active
cus_20e364cdc0c11e3a,2010-02-07T12:32:00Z,United Kingdom,active
cus_ae498ccaf4a17687,2011-06-21T14:23:00Z,United Kingdom,active
cus_89aa02ba55c6b9f3,2011-04-13T13:50:00Z,United Kingdom,active
cus_95e76aca035d585e,2010-07-14T14:55:00Z,United Kingdom,active
cus_4e0aeef77fd14a3f,2009-12-07T17:24:00Z,United Kingdom,active
cus_8a457bfef0c76022,2010-03-16T15:43:00Z,United Kingdom,active
cus_b674d939a8633ff1,2010-01-23T12:21:00Z,United Kingdom,active
cus_6d3ae1f961b0ea5f,2011-06-15T10:11:00Z,United Kingdom,active
cus_65bfa891e9938d96,2010-03-09T14:19:00Z,United Kingdom,active
cus_05af66d69998c549,2010-04-12T16:57:00Z,United Kingdom,active
cus_f8ce44b7e1a2c677,2010-09-22T16:40:00Z,United Kingdom,active
cus_ab4c4f45e10cf288,2010-09-18T16:14:00Z,United Kingdom,active
cus_7ea297df6849ae91,2010-10-27T15:18:00Z,United Kingdom,active
cus_3b4cb674f442bb15,2010-02-03T16:21:00Z,United Kingdom,active
cus_b3eced7ea45242b3,2010-03-06T12:03:00Z,United Kingdom,active
cus_49d4e884075abe44,2010-02-20T16:02:00Z,United Kingdom,active
cus_865152af2de7700d,2010-11-30T15:35:00Z,United Kingdom,active
cus_7db0f974c993bac3,2010-04-10T12:02:00Z,United Kingdom,active
cus_3c3f51d4d272e8db,2010-07-27T15:40:00Z,United Kingdom,active
cus_be251c6257a24bd2,2010-04-21T14:09:00Z,United Kingdom,active
cus_01ca5382cf600009,2010-01-25T13:41:00Z,United Kingdom,active
cus_9b0b880657c58e47,2009-12-20T11:52:00Z,United Kingdom,active
cus_6b15fe6ab77f805d,2010-02-27T13:50:00Z,United Kingdom,active
cus_3898d9e58efcbb38,2010-03-25T09:58:00Z,United Kingdom,active
cus_4a2546f5baa20624,2010-01-18T09:46:00Z,United Kingdom,active
cus_2d7975a313923bbd,2010-01-25T16:26:00Z,Portugal,active
cus_429d2a939cbb7e55,2010-04-13T13:29:00Z,United Kingdom,active
cus_6e50b839fec6b3a9,2009-12-10T09:58:00Z,United Kingdom,active
cus_87fe446eb20ce62b,2011-10-05T10:45:00Z,United Kingdom,active
cus_e7ebe0ef28a4ad26,2009-12-17T12:03:00Z,United Kingdom,active
cus_a88e464ff017a641,2011-03-15T08:29:00Z,United Kingdom,active
cus_646d196de542b5d4,2010-09-22T15:23:00Z,United Kingdom,active
cus_4eb8b28f0b6e05d8,2010-03-17T14:12:00Z,United Kingdom,active
cus_9d58dbef14912b7d,2010-09-30T09:36:00Z,United Kingdom,active
cus_e6416570762f57e5,2009-12-14T15:48:00Z,United Kingdom,active
cus_300d1e8f4e1442de,2011-04-12T11:46:00Z,United Kingdom,active
cus_b379ee29dc4f20e4,2010-03-06T15:41:00Z,United Kingdom,active
cus_215964ce5f3f135b,2011-10-20T13:13:00Z,United Kingdom,active
cus_365c692dc9b1cf71,2011-10-20T09:04:00Z,United Kingdom,active
cus_4183648ac0525c2c,2010-08-23T11:52:00Z,United Kingdom,active
cus_09165fe7e8504938,2010-08-02T14:38:00Z,United Kingdom,active
cus_737ceb02595b055a,2010-05-03T10:17:00Z,United Kingdom,active
cus_38f58ae0537832d1,2011-05-05T11:27:00Z,United Kingdom,active
cus_9962696007c8dd37,2010-01-26T13:29:00Z,Unspecified,active
cus_0dacb43c359ab517,2009-11-30T10:33:00Z,Australia,active
cus_21c7d4ebc082854b,2011-06-14T14:26:00Z,United Kingdom,active
cus_fe030cc9bad085ac,2009-12-03T13:21:00Z,United Kingdom,active
cus_fb285ca27d383192,2010-01-27T13:23:00Z,United Kingdom,active
cus_7bc99acfec424e44,2009-12-13T13:06:00Z,United Kingdom,active
cus_557ae206636f548a,2010-05-24T14:02:00Z,United Kingdom,active
cus_d5adc2475986f965,2009-11-30T11:34:00Z,United Kingdom,active
cus_a097014a1619f1a9,2010-02-14T12:36:00Z,United Kingdom,active
cus_81393b215d76699f,2010-03-06T10:55:00Z,United Kingdom,active
cus_159b22d4d81e6c43,2010-04-28T13:41:00Z,United Kingdom,active
cus_317cc28531a9060b,2011-02-02T10:50:00Z,United Kingdom,active
cus_7a72c8dca5358c28,2009-12-03T10:18:00Z,United Kingdom,active
cus_e9ab246fbdafe154,2010-03-17T08:05:00Z,United Kingdom,active
cus_d57a5c98593aed5d,2011-11-02T10:03:00Z,United Kingdom,active
cus_879e25c43f5e6b9b,2010-06-05T13:26:00Z,United Kingdom,active
cus_080e7200d0eb41c4,2010-04-08T10:30:00Z,United Kingdom,active
cus_a37f873084a2bc0b,2011-06-12T10:10:00Z,United Kingdom,active
cus_9828ad2b16b82500,2010-10-27T14:15:00Z,United Kingdom,active
cus_3c2fbe2458ce4909,2010-02-08T12:16:00Z,United Kingdom,active
cus_d66087224e2683ae,2010-08-12T17:13:00Z,United Kingdom,active
cus_221cbd4d9d768b20,2010-03-11T12:41:00Z,United Kingdom,active
cus_b922387331709e53,2010-10-04T13:57:00Z,United Kingdom,active
cus_6c0dd0133edb98cf,2010-10-06T16:33:00Z,United Kingdom,active
cus_eacdd628f237ec2a,2009-12-03T16:12:00Z,United Kingdom,active
cus_fb08c14b159cd96b,2011-11-01T08:44:00Z,United Kingdom,active
cus_4914cd6e6208155b,2009-12-06T13:55:00Z,United Kingdom,active
cus_4b08840c6e926cde,2010-04-26T13:33:00Z,United Kingdom,active
cus_18a00d159e3f2266,2010-06-05T11:26:00Z,United Kingdom,active
cus_88fb93d2f6f256a9,2010-11-22T18:52:00Z,United Kingdom,active
cus_129fefda52ea5bbc,2010-11-09T11:36:00Z,United Kingdom,active
cus_7d189fd6caf94370,2010-02-15T10:39:00Z,United Kingdom,active
cus_b18b02f8eb877c8f,2011-09-11T13:50:00Z,United Kingdom,active
cus_30198ebbb539f266,2011-09-28T13:13:00Z,United Kingdom,active
cus_aaa0f2a8ad919244,2010-09-27T09:24:00Z,United Kingdom,active
cus_d00c249aa809283f,2009-12-10T12:41:00Z,United Kingdom,active
cus_76632f1de0fca10f,2009-12-15T10:39:00Z,United Kingdom,active
cus_d745229265ac4cbe,2010-09-29T11:30:00Z,United Kingdom,active
cus_5fa28e981a3dab34,2010-04-06T16:52:00Z,United Kingdom,active
cus_3cc70b956e858a28,2011-04-27T16:40:00Z,United Kingdom,active
cus_25b2cbe0ab9079ec,2010-04-10T15:20:00Z,United Kingdom,active
cus_bbee854bf075d573,2011-11-21T16:47:00Z,United Kingdom,active
cus_cde371e9f901d17c,2011-02-01T12:42:00Z,United Kingdom,active
cus_1ee795874a62bb94,2011-09-21T09:33:00Z,United Kingdom,active
cus_4c22b6db8151c1b0,2010-10-16T13:06:00Z,United Kingdom,active
cus_ac48606651e6e59c,2010-06-06T12:42:00Z,United Kingdom,active
cus_0b39f76c13357c16,2010-02-03T13:18:00Z,United Kingdom,active
cus_1019ec9b89e38027,2010-04-27T14:01:00Z,United Kingdom,active
cus_9a0396c2d9140e11,2010-03-17T12:45:00Z,United Kingdom,active
cus_ba45d9dcd0c95366,2010-03-10T12:22:00Z,United Kingdom,active
cus_bd789c3500e21da9,2011-02-28T15:47:00Z,United Kingdom,active
cus_8f094f3edac67ef8,2010-01-28T15:25:00Z,United Kingdom,active
cus_8fb96b35bdaa73c8,2010-05-26T11:27:00Z,United Kingdom,active
cus_9a8b9c134ca396c8,2009-11-30T12:13:00Z,United Kingdom,active
cus_aa23564487c5c322,2011-02-22T10:58:00Z,United Kingdom,active
cus_c4f89191535115b1,2009-12-05T12:23:00Z,United Kingdom,active
cus_01580c5153b65baa,2010-08-19T14:17:00Z,United Kingdom,active
cus_ff659dcb9e58109c,2011-03-30T09:38:00Z,United Kingdom,active
cus_13aca7953201744b,2009-12-07T12:38:00Z,United Kingdom,active
cus_18efafb755acfe41,2010-06-01T13:13:00Z,United Kingdom,active
cus_8fcce0b9cbe76a36,2010-02-23T11:51:00Z,United Kingdom,active
cus_4a0bee86e8517be4,2010-10-02T13:56:00Z,United Kingdom,active
cus_9723c13624c8e75d,2010-04-26T14:08:00Z,United Kingdom,active
cus_930326190e0b181a,2009-12-12T15:38:00Z,United Kingdom,active
cus_093fd337cfb4426a,2010-10-06T15:09:00Z,United Kingdom,active
cus_831377a37a1b3917,2010-02-03T13:46:00Z,United Kingdom,active
cus_d91944552c5d2be6,2010-11-28T12:49:00Z,United Kingdom,active
cus_e2213dd1b58cd7a5,2010-01-13T10:21:00Z,United Kingdom,active
cus_d6afcd50bb29be4d,2010-01-31T12:30:00Z,United Kingdom,active
cus_2b1a79ff6f91688b,2010-02-22T12:00:00Z,United Kingdom,active
cus_6ef6a2a70de72d35,2010-02-08T13:26:00Z,United Kingdom,active
cus_4980de4e73e3fa83,2010-08-26T12:02:00Z,United Kingdom,active
cus_6f7797d29a32c392,2009-11-30T13:52:00Z,United Kingdom,active
cus_ebad6f7daaf9be64,2011-03-07T15:45:00Z,United Kingdom,active
cus_a90fd637688528cc,2010-07-29T12:10:00Z,United Kingdom,active
cus_86e4fa36d1d3c263,2011-08-24T13:54:00Z,United Kingdom,active
cus_72d731648d1540fc,2010-01-26T12:45:00Z,United Kingdom,active
cus_89f83230e13b3a53,2011-10-05T13:59:00Z,United Kingdom,active
cus_d4c1f878aa3714ae,2010-01-16T14:51:00Z,United Kingdom,active
cus_613b73c6e6533d22,2010-07-12T13:29:00Z,United Kingdom,active
cus_d866ebb3adc9d1dd,2009-12-05T16:02:00Z,United Kingdom,active
cus_09fd95a104ccac26,2010-10-05T12:34:00Z,United Kingdom,active
cus_72e770761e0b5ca2,2011-09-17T13:31:00Z,United Kingdom,active
cus_d2f094e3de03fcc0,2010-08-02T11:32:00Z,United Kingdom,active
cus_3d1a61effe108614,2010-03-21T18:00:00Z,United Kingdom,active
cus_dc64f4a9b4996ab8,2009-12-12T11:05:00Z,United Kingdom,active
cus_f71b8a1192446b28,2010-03-23T14:06:00Z,United Kingdom,active
cus_b6e0bbd20a2b48e2,2010-10-23T12:39:00Z,United Kingdom,active
cus_bc7df53f85eca3c3,2010-10-03T16:38:00Z,United Kingdom,active
cus_847b14d0f401a87a,2010-02-16T14:09:00Z,United Kingdom,active
cus_4e27c950cd8ee1ef,2010-08-24T16:58:00Z,United Kingdom,active
cus_87ecae41feb68dd0,2009-12-09T19:05:00Z,United Kingdom,active
cus_c2c4018418dbc962,2009-12-03T15:11:00Z,United Kingdom,active
cus_e4bf83fd1ad7cc35,2010-02-01T16:18:00Z,United Kingdom,active
cus_0917431bb0556af6,2010-03-29T10:31:00Z,United Kingdom,active
cus_9269ffa76c1f70a4,2010-03-28T11:16:00Z,United Kingdom,active
cus_4d938eea39522654,2010-05-25T14:38:00Z,United Kingdom,active
cus_f3671488f1fb9fd7,2011-09-18T10:15:00Z,United Kingdom,active
cus_ab5eb8156a0fc99f,2010-03-02T13:57:00Z,United Kingdom,active
cus_5fd2f5d691a4f3fd,2011-02-28T08:58:00Z,United Kingdom,active
cus_346d2e64764232f7,2011-05-18T14:45:00Z,United Kingdom,active
cus_eb49b2f3578ff5d2,2010-03-06T14:31:00Z,United Kingdom,active
cus_861f06a305a731a3,2010-08-14T13:10:00Z,United Kingdom,active
cus_bf8e80e40f76dbef,2010-07-12T13:17:00Z,United Kingdom,active
cus_9580012f4787577a,2009-12-10T12:21:00Z,United Kingdom,active
cus_24a7b81161542b23,2010-02-24T10:07:00Z,United Kingdom,active
cus_2098bf96a4905e45,2010-11-29T16:29:00Z,United Kingdom,active
cus_86198411324a23b7,2011-07-16T14:51:00Z,United Kingdom,active
cus_cc94428e2853e7cb,2011-03-10T09:39:00Z,United Kingdom,active
cus_28dc1a27e6186a98,2010-08-11T09:43:00Z,United Kingdom,active
cus_9fb8f6da8f2f12c0,2011-10-04T12:02:00Z,United Kingdom,active
cus_0f23a32da9097955,2011-11-28T13:04:00Z,United Kingdom,active
cus_7b8856ec53495945,2010-01-25T13:09:00Z,United Kingdom,active
cus_d2302f28eebc2fe1,2011-11-23T12:33:00Z,United Kingdom,active
cus_e4c4615d0e2b5cf0,2011-05-30T13:08:00Z,United Kingdom,active
cus_cdcebf6a642dbd64,2011-06-01T10:39:00Z,United Kingdom,active
cus_cb2baffe8e797964,2009-12-05T12:28:00Z,United Kingdom,active
cus_a2fa61fbcac7bb69,2010-02-17T17:36:00Z,United Kingdom,active
cus_832b2857d4750ca8,2011-07-13T11:46:00Z,United Kingdom,active
cus_d8317e77b87ec58f,2010-09-28T15:02:00Z,United Kingdom,active
cus_9be4db3f03b3aa88,2011-02-15T12:49:00Z,United Kingdom,active
cus_26c4a59f97ecf910,2009-12-02T14:11:00Z,United Kingdom,active
cus_7d187e55cc284765,2011-06-29T19:52:00Z,United Kingdom,active
cus_d02064fe3c78433b,2010-06-13T14:54:00Z,United Kingdom,active
cus_cf8152fdfe5d1c04,2010-11-20T14:10:00Z,United Kingdom,active
cus_95d71fd584bb5870,2010-06-20T14:07:00Z,United Kingdom,active
cus_3a0104b6c18e1a76,2010-01-16T12:30:00Z,United Kingdom,active
cus_b5d0d73b7c3be7a4,2010-02-28T12:21:00Z,United Kingdom,active
cus_97106dce06396733,2011-10-26T14:56:00Z,United Kingdom,active
cus_5620c9d2074ce51d,2010-06-16T12:17:00Z,United Kingdom,active
cus_c713dfb9f6c3264b,2011-03-06T13:50:00Z,United Kingdom,active
cus_6f21e657d0d0475c,2010-05-31T13:31:00Z,United Kingdom,active
cus_6a3b80f367a31ae2,2010-02-28T13:51:00Z,United Kingdom,active
cus_3d6529d47a713ac8,2010-03-01T16:40:00Z,United Kingdom,active
cus_9e90464365427a03,2010-09-14T13:32:00Z,United Kingdom,active
cus_478cae824a9c109c,2009-12-07T14:29:00Z,United Kingdom,active
cus_02746df7b7ccabb5,2009-12-01T13:53:00Z,United Kingdom,active
cus_2ab6345059da0b49,2010-05-03T16:34:00Z,United Kingdom,active
cus_73775f4a07266431,2010-06-26T13:29:00Z,United Kingdom,active
cus_57a4524b73c5f863,2010-09-23T09:49:00Z,United Kingdom,active
cus_e452d2bfe7feede1,2010-03-28T10:26:00Z,United Kingdom,active
cus_5e7a11cd5248ceb8,2010-03-06T15:47:00Z,United Kingdom,active
cus_98753a2d78de1485,2010-04-22T16:25:00Z,United Kingdom,active
cus_bdf06374528d7fc4,2010-06-24T15:24:00Z,United Kingdom,active
cus_0867f77755e55a9f,2010-10-20T17:22:00Z,United Kingdom,active
cus_1621240f1b5478bb,2010-04-26T11:38:00Z,United Kingdom,active
cus_95fb9a88ab33a1bc,2010-02-14T13:20:00Z,United Kingdom,active
cus_b5f79121328461b3,2010-11-28T10:39:00Z,United Kingdom,active
cus_5f928f3ea11ca1ad,2010-09-22T15:43:00Z,United Kingdom,active
cus_66456bdb3e7c7504,2010-06-10T13:02:00Z,United Kingdom,active
cus_eeee187655ff2282,2009-12-02T17:59:00Z,United Kingdom,active
cus_c3e5125fee7ba566,2009-12-01T11:24:00Z,United Kingdom,active
cus_85bda3307d8c5c2d,2010-11-30T12:36:00Z,United Kingdom,active
cus_795540718366972d,2010-02-10T18:46:00Z,United Kingdom,active
cus_cad2c78f3387947f,2009-12-14T09:42:00Z,United Kingdom,active
cus_d3637606045adf57,2010-07-21T13:39:00Z,United Kingdom,active
cus_79067e829cb19e96,2009-12-06T10:51:00Z,United Kingdom,active
cus_511b0efad27ba19f,2009-12-02T18:11:00Z,United Kingdom,active
cus_e833563a47e1471d,2009-12-07T12:05:00Z,United Kingdom,active
cus_f06261d6c1af8386,2011-10-10T09:53:00Z,United Kingdom,active
cus_06fce4558acf7c6a,2009-11-30T18:35:00Z,United Kingdom,active
cus_d4345b2e94d3c352,2010-06-01T12:47:00Z,United Kingdom,active
cus_a4be09c302a64693,2011-02-19T10:29:00Z,United Kingdom,active
cus_a1962676e6bd70da,2011-01-06T09:31:00Z,United Kingdom,active
cus_8cf76b22c2560fac,2009-12-15T15:05:00Z,United Kingdom,active
cus_6604d744d07bb721,2009-12-02T17:38:00Z,United Kingdom,active
cus_3957b387a42cd8c4,2010-03-17T09:12:00Z,United Kingdom,active
cus_ffa1a3449ea08d8c,2011-03-08T12:04:00Z,United Kingdom,active
cus_7e2f6a1c2a2edcac,2011-02-21T15:14:00Z,United Kingdom,active
cus_90e6498c838c2d27,2010-07-05T10:42:00Z,United Kingdom,active
cus_afd243baefeedbc1,2010-02-03T12:18:00Z,United Kingdom,active
cus_a5424168e30c5e1c,2010-02-15T10:41:00Z,United Kingdom,active
cus_4cf82dad821308c8,2010-09-14T14:56:00Z,United Kingdom,active
cus_ca8e07fef5ab3636,2009-12-17T15:57:00Z,United Kingdom,active
cus_0160eb17ba19d85a,2009-12-04T10:44:00Z,United Kingdom,active
cus_0d5a2a7275aad56c,2010-01-16T12:12:00Z,United Kingdom,active
cus_832aec7aed33b658,2009-12-09T13:09:00Z,United Kingdom,active
cus_fd05af39b488f1e5,2011-02-26T11:42:00Z,United Kingdom,active
cus_d3fe2bc6bfd3ddcc,2009-12-17T12:59:00Z,United Kingdom,active
cus_3fbeb08de5abc6ee,2011-09-08T13:02:00Z,United Kingdom,active
cus_eaab41e41357b3cd,2009-12-14T19:03:00Z,United Kingdom,active
cus_1d506ae5eac6268a,2010-04-28T14:01:00Z,United Kingdom,active
cus_a01449844571b195,2010-02-13T11:57:00Z,United Kingdom,active
cus_9baf131719703837,2011-03-31T10:11:00Z,United Kingdom,active
cus_6d4ae23746593961,2010-03-09T16:07:00Z,United Kingdom,active
cus_7a19958156b5f9a8,2009-12-02T15:54:00Z,United Kingdom,active
cus_a588ad5de3ca1b6c,2011-01-20T11:55:00Z,United Kingdom,active
cus_8e5f1c0f6075784f,2010-02-21T12:05:00Z,United Kingdom,active
cus_fcfeb2607944cf3c,2009-11-30T14:35:00Z,United Kingdom,active
cus_b787475904f3a9dc,2011-03-06T11:32:00Z,United Kingdom,active
cus_cf85526d655b30ea,2010-04-25T14:04:00Z,United Kingdom,active
cus_5a3926357444d029,2011-05-25T14:20:00Z,United Kingdom,active
cus_08f5d047b8d019ee,2011-03-17T12:27:00Z,United Kingdom,active
cus_c329866609b2e899,2010-03-07T12:24:00Z,United Kingdom,active
cus_1b0c03589510a432,2011-09-03T16:12:00Z,United Kingdom,active
cus_f13011ece61ce1c1,2010-02-25T10:49:00Z,United Kingdom,active
cus_fbeb0b6734beef3e,2011-04-18T14:36:00Z,United Kingdom,active
cus_bf9892812cdc4f8f,2010-01-20T09:30:00Z,United Kingdom,active
cus_1933b4083d4b234f,2010-10-28T09:41:00Z,United Kingdom,active
cus_0832f79bc208f2bd,2010-03-02T14:06:00Z,United Kingdom,active
cus_52b4b7a4b7959cce,2011-04-27T10:20:00Z,United Kingdom,active
cus_a2755322fe4674c5,2010-08-17T13:33:00Z,United Kingdom,active
cus_ea906c89a77be0f9,2010-11-06T10:48:00Z,United Kingdom,active
cus_a6489b2a05992bfe,2011-05-10T12:53:00Z,United Kingdom,active
cus_46c623cc9b7aee05,2010-06-12T15:52:00Z,United Kingdom,active
cus_e7f2c0b90dd8f3f6,2010-04-27T14:58:00Z,United Kingdom,active
cus_5677e8221f80c304,2010-07-07T14:18:00Z,United Kingdom,active
cus_37064baa79b96de4,2010-03-16T10:22:00Z,United Kingdom,active
cus_f06431db5956567f,2010-04-05T13:29:00Z,United Kingdom,active
cus_004db9bc4534e673,2010-01-30T15:40:00Z,United Kingdom,active
cus_6ef66c20d20c843b,2009-12-03T12:59:00Z,United Kingdom,active
cus_3f15304dfb04b8db,2011-03-29T12:02:00Z,United Kingdom,active
cus_cf46a1f5c67fb88c,2010-03-29T16:24:00Z,United Kingdom,active
cus_7135ff2d3904bbf0,2011-06-02T15:03:00Z,United Kingdom,active
cus_4ac5669b6714b1e4,2010-01-13T11:09:00Z,United Kingdom,active
cus_2b23a69cf69752ac,2009-12-16T15:39:00Z,United Kingdom,active
cus_ca88c04602fe9471,2010-11-09T16:56:00Z,United Kingdom,active
cus_3cab8f53b414d550,2009-12-09T13:12:00Z,United Kingdom,active
cus_3d7cbc90cd84d67f,2010-03-17T18:25:00Z,United Kingdom,active
cus_9ceb958f933f62a2,2009-12-09T15:28:00Z,United Kingdom,active
cus_537281b872a6ed99,2011-06-27T11:20:00Z,United Kingdom,active
cus_be843a763395e82b,2011-03-17T10:15:00Z,United Kingdom,active
cus_eea60c10ec0e7a1e,2010-10-16T13:07:00Z,United Kingdom,active
cus_b730a0f2eb456fd8,2010-02-24T16:11:00Z,United Kingdom,active
cus_5432bd464818549f,2011-03-01T09:24:00Z,United Kingdom,active
cus_57fd04037d289157,2010-06-09T18:35:00Z,United Kingdom,active
cus_8138a2cb39fc3010,2010-06-22T09:30:00Z,United Kingdom,active
cus_4a7de45402f70f2a,2010-03-07T14:10:00Z,United Kingdom,active
cus_834912b58a8d7773,2011-06-04T11:02:00Z,United Kingdom,active
cus_794c5206be35fbcb,2010-06-23T10:36:00Z,United Kingdom,active
cus_ec31df8c6a2b38d9,2009-12-06T12:56:00Z,United Kingdom,active
cus_d0d1872e39e10059,2011-10-08T13:44:00Z,United Kingdom,active
cus_8d49a188239da2fe,2009-12-05T15:48:00Z,United Kingdom,active
cus_71706381c77a8aab,2010-11-13T11:46:00Z,United Kingdom,active
cus_e4372a665a04e0a1,2011-10-09T12:23:00Z,United Kingdom,active
cus_12f03b6adccbb358,2010-09-13T15:00:00Z,United Kingdom,active
cus_52b7550dee46aa6d,2010-09-23T11:31:00Z,United Kingdom,active
cus_5c90f1dc11d671bb,2010-02-20T12:42:00Z,United Kingdom,active
cus_ce1bc4c4f9c5b80a,2010-05-26T12:24:00Z,United Kingdom,active
cus_1db105cc094c0065,2011-04-04T15:20:00Z,United Kingdom,active
cus_8627207ce5af7f2b,2011-03-30T13:33:00Z,United Kingdom,active
cus_0ce3c5fedaa1d2d5,2009-12-03T13:31:00Z,United Kingdom,active
cus_c07d6bab5bb4aab3,2009-12-01T10:51:00Z,United Kingdom,active
cus_78f52edacad4d058,2009-11-30T19:19:00Z,United Kingdom,active
cus_8438b3e161d47482,2009-12-08T13:34:00Z,United Kingdom,active
cus_7bd8c558d6c468d9,2011-08-16T15:53:00Z,United Kingdom,active
cus_0642558f557a1971,2010-03-08T15:16:00Z,United Kingdom,active
cus_17410682b2b3d79e,2009-12-08T13:16:00Z,United Kingdom,active
cus_0533d7c2bd406e63,2009-12-03T13:41:00Z,United Kingdom,active
cus_4821959772e28c29,2009-12-01T13:22:00Z,United Kingdom,active
cus_2257f0f587875472,2010-11-02T15:45:00Z,United Kingdom,active
cus_2c8f0a2c838ff3a4,2009-12-14T12:49:00Z,United Kingdom,active
cus_292800b1644b29bb,2009-11-30T11:50:00Z,United Kingdom,active
cus_c7dc16f5ac1e5b6b,2010-05-25T12:35:00Z,United Kingdom,active
cus_0d7a29ef5983344e,2010-03-18T11:05:00Z,United Kingdom,active
cus_e60dafaf588d5e2c,2009-12-06T15:55:00Z,United Kingdom,active
cus_fb5403ef9cce1684,2009-12-12T10:59:00Z,United Kingdom,active
cus_c29dfe1413599d26,2009-12-16T17:54:00Z,United Kingdom,active
cus_51fc239f7bb80301,2009-12-02T19:23:00Z,United Kingdom,active
cus_8b3f65bb6115b9f8,2009-12-03T13:23:00Z,United Kingdom,active
cus_2a9c28b18756e5ef,2010-10-30T11:40:00Z,United Kingdom,active
cus_f705c72db7677db3,2009-12-12T15:54:00Z,United Kingdom,active
cus_a04cb4381fa1a944,2010-01-19T10:48:00Z,United Kingdom,active
cus_b5591f91f0794f96,2011-03-19T13:28:00Z,United Kingdom,active
cus_ad0a90b622aeecee,2011-04-11T14:22:00Z,United Kingdom,active
cus_0fbdc09d02dc8f9e,2011-01-23T14:01:00Z,United Kingdom,active
cus_4986a8dd381ef5a5,2010-02-28T15:05:00Z,United Kingdom,active
cus_f8b8388a44e0dc39,2009-12-07T13:04:00Z,United Kingdom,active
cus_e453336b6476c534,2009-12-07T09:24:00Z,United Kingdom,active
cus_eac3a9051c346c29,2009-12-02T16:12:00Z,United Kingdom,active
cus_dc83786a4801b02e,2010-05-10T09:53:00Z,United Kingdom,active
cus_a50093f0fa13b7ea,2011-02-14T09:46:00Z,United Kingdom,active
cus_383b1427e8c798d8,2010-11-08T13:34:00Z,United Kingdom,active
cus_ed5d625df8e62b6e,2009-12-15T17:22:00Z,United Kingdom,active
cus_7ab4bf31b74a1bc3,2010-04-21T13:21:00Z,United Kingdom,active
cus_55b52b37a09275e2,2011-06-18T15:13:00Z,United Kingdom,active
cus_4c298d6035d18f66,2011-01-31T11:31:00Z,United Kingdom,active
cus_ee9a3c9822e6285e,2009-12-03T13:00:00Z,United Kingdom,active
cus_13aa3493f27b445a,2009-12-09T12:28:00Z,United Kingdom,active
cus_a08589dd6daf863c,2011-04-20T16:53:00Z,United Kingdom,active
cus_d67a9aa42a0b27af,2011-11-08T10:48:00Z,United Kingdom,active
cus_6364499b27c1bc46,2010-12-01T12:18:00Z,United Kingdom,active
cus_70072cb019415795,2010-03-07T11:32:00Z,United Kingdom,active
cus_6645ecbf97df7221,2009-12-08T14:25:00Z,United Kingdom,active
cus_e1390c9d39c8be97,2010-03-08T15:56:00Z,United Kingdom,active
cus_bef36ffda2c3838d,2010-10-25T15:09:00Z,United Kingdom,active
cus_8dfcf6f648b342df,2011-10-04T14:47:00Z,United Kingdom,active
cus_f5c604c758507fae,2011-11-08T09:06:00Z,United Kingdom,active
cus_588c33ddc6cf7953,2009-11-30T15:26:00Z,United Kingdom,active
cus_baae9a5de2847645,2011-07-18T17:17:00Z,United Kingdom,active
cus_42aca1753093b8a0,2010-11-21T13:42:00Z,United Kingdom,active
cus_05e2123948562b08,2011-03-10T13:34:00Z,United Kingdom,active
cus_69708050d625555d,2010-04-27T16:49:00Z,United Kingdom,active
cus_5bcf6e32daf666dd,2009-12-06T11:47:00Z,United Kingdom,active
cus_a216ddea6153d804,2009-12-13T11:10:00Z,United Kingdom,active
cus_e8add0e08bcba65b,2010-08-21T16:08:00Z,United Kingdom,active
cus_a5313a062bc01c3f,2009-12-08T11:52:00Z,United Kingdom,active
cus_6be274ddc0bdb9bd,2009-12-17T10:50:00Z,United Kingdom,active
cus_2ea0eef22c296453,2009-12-05T15:01:00Z,United Kingdom,active
cus_39809b79e6767cf7,2010-09-22T17:34:00Z,United Kingdom,active
cus_247e85ed50575431,2010-10-19T12:13:00Z,United Kingdom,active
cus_dceba2839e68f0e7,2009-12-02T13:03:00Z,United Kingdom,active
cus_26021f5da8eeebec,2010-10-27T19:41:00Z,United Kingdom,active
cus_af7f4c17b504897c,2009-12-08T11:58:00Z,United Kingdom,active
cus_24e50af29dcb33f1,2010-09-28T11:53:00Z,United Kingdom,active
cus_50c9da87b7dfb0c5,2010-03-27T12:55:00Z,United Kingdom,active
cus_46f4fdd4a4887afa,2010-01-09T11:12:00Z,United Kingdom,active
cus_918f563279d3fc09,2010-02-06T12:40:00Z,United Kingdom,active
cus_aafa67428bf2828b,2011-11-30T15:12:00Z,United Kingdom,active
cus_116c67079d793cfe,2009-12-02T18:08:00Z,United Kingdom,active
cus_8001ab3c47037579,2010-01-03T13:47:00Z,United Kingdom,active
cus_d314d5c927d51a27,2010-03-24T15:17:00Z,United Kingdom,active
cus_fd2f8f0b86f02534,2011-09-10T14:01:00Z,United Kingdom,active
cus_bc04373d556b09cc,2009-12-01T12:34:00Z,United Kingdom,active
cus_39af68be6bd2e1f5,2010-09-11T12:46:00Z,United Kingdom,active
cus_9626bd606655fa9e,2011-03-10T13:56:00Z,United Kingdom,active
cus_a9b7982391589bc2,2011-10-04T14:28:00Z,United Kingdom,active
cus_6373e9702d334631,2011-03-13T15:48:00Z,United Kingdom,active
cus_74318af5eb8b8e54,2009-12-07T14:29:00Z,United Kingdom,active
cus_ec61afa76d23b4e3,2011-04-13T19:59:00Z,United Kingdom,active
cus_1675519a9592c7d3,2010-02-25T15:52:00Z,United Kingdom,active
cus_25712cb3250a1339,2011-03-09T19:05:00Z,United Kingdom,active
cus_a42baac112d96ca5,2010-04-12T15:34:00Z,United Kingdom,active
cus_18e392be1826eecd,2010-10-14T15:32:00Z,United Kingdom,active
cus_29b9ea79e2fbf98e,2010-11-21T14:36:00Z,United Kingdom,active
cus_c48f18ae49a5eabd,2011-05-18T13:28:00Z,United Kingdom,active
cus_cedbedf94ad7abe0,2010-04-10T12:45:00Z,United Kingdom,active
cus_f50db5b72119c027,2010-06-20T12:05:00Z,United Kingdom,active
cus_546af2128886e329,2010-12-15T17:01:00Z,United Kingdom,active
cus_dc66be2d3853b235,2010-10-03T09:06:00Z,United Kingdom,active
cus_3fb4fb60b190393a,2011-05-17T11:42:00Z,United Kingdom,active
cus_006f4c99e26008dc,2010-08-30T17:31:00Z,United Kingdom,active
cus_32a675001216cf98,2011-09-04T12:06:00Z,United Kingdom,active
cus_7a1ed02f2ed19ace,2009-12-01T09:57:00Z,United Kingdom,active
cus_f2a6b2dde3af81ff,2010-11-10T12:21:00Z,United Kingdom,active
cus_291a2ecc83828e1e,2010-06-22T13:14:00Z,United Kingdom,active
cus_cb4a5626755f1e4e,2010-04-28T19:07:00Z,United Kingdom,active
cus_dd1d0b0dec40b2b5,2011-08-18T13:24:00Z,United Kingdom,active
cus_40867cfafe6967b0,2010-11-15T18:11:00Z,United Kingdom,active
cus_af083677159866a2,2009-12-12T12:11:00Z,United Kingdom,active
cus_5ca1cd16376c8967,2010-09-06T12:35:00Z,United Kingdom,active
cus_45e1626d063ca606,2010-02-02T14:24:00Z,United Kingdom,active
cus_665fb504ff62d32a,2010-05-13T12:52:00Z,United Kingdom,active
cus_881191b586d1cf2a,2011-04-07T08:48:00Z,United Kingdom,active
cus_3c2e10a292995a0f,2010-02-13T15:27:00Z,United Kingdom,active
cus_94a0a90c7118f09f,2010-02-10T15:02:00Z,United Kingdom,active
cus_8f1b89ac8bb8f275,2010-01-25T16:25:00Z,United Kingdom,active
cus_8179750a431ec0b9,2010-01-11T11:32:00Z,United Kingdom,active
cus_1fc9d9cd3d312092,2011-02-09T14:51:00Z,United Kingdom,active
cus_60f0ca65d04b9905,2009-12-09T11:40:00Z,United Kingdom,active
cus_a5c566246b02dc25,2010-05-05T09:16:00Z,United Kingdom,active
cus_19ece27fbe10fa72,2010-03-30T13:09:00Z,United Kingdom,active
cus_43e90320484cbad2,2011-06-15T15:49:00Z,United Kingdom,active
cus_482af546ea34ba0e,2011-10-26T16:31:00Z,United Kingdom,active
cus_e350ce046d7cb27e,2010-09-22T13:11:00Z,United Kingdom,active
cus_7d402744f9444ca2,2009-12-14T11:09:00Z,United Kingdom,active
cus_15ce96e334b54ce6,2010-03-03T12:37:00Z,United Kingdom,active
cus_cfbc38f7fd1c7c23,2010-10-25T10:03:00Z,United Kingdom,active
cus_2c176b44f692a259,2010-11-02T11:34:00Z,United Kingdom,active
cus_d65a385f984a42e0,2011-06-30T12:34:00Z,United Kingdom,active
cus_49bf0b84c28ba0ee,2011-06-16T13:01:00Z,United Kingdom,active
cus_0eb178e7d9e4abbd,2010-08-26T13:53:00Z,United Kingdom,active
cus_8bb75af2420d1ee6,2011-03-13T10:31:00Z,United Kingdom,active
cus_ff26764af4346021,2010-09-01T17:36:00Z,United Kingdom,active
cus_60e9fde12b9d589b,2010-02-08T14:17:00Z,United Kingdom,active
cus_e116eed1bf2e758f,2010-01-04T09:16:00Z,United Kingdom,active
cus_96b33b018a922523,2010-10-31T11:59:00Z,United Kingdom,active
cus_d766393cd0828ddb,2011-05-14T16:13:00Z,United Kingdom,active
cus_d4d644e7965e1ed7,2011-09-15T17:39:00Z,United Kingdom,active
cus_e58a86f6503cb82d,2010-08-02T13:54:00Z,United Kingdom,active
cus_04feedf852fa746f,2011-10-03T10:33:00Z,United Kingdom,active
cus_cc7d6c818fc0248d,2011-01-25T17:43:00Z,United Kingdom,active
cus_df7b52717a3dd459,2009-12-03T12:07:00Z,United Kingdom,active
cus_fe9faf5d61a367d6,2010-05-17T12:00:00Z,United Kingdom,active
cus_3bc7a800c18e2250,2010-11-18T12:51:00Z,United Kingdom,active
cus_57433da7db0b590b,2009-11-30T13:41:00Z,United Kingdom,active
cus_cd40d5212e091398,2010-01-06T13:07:00Z,United Kingdom,active
cus_e59aeed789afb027,2010-05-22T10:46:00Z,United Kingdom,active
cus_da365d5dcf23a891,2010-05-05T16:27:00Z,United Kingdom,active
cus_78dfe8f14b69d74f,2009-12-03T12:37:00Z,United Kingdom,active
cus_3122277a7c41ddee,2009-12-07T14:20:00Z,United Kingdom,active
cus_8463cc21cb47bea3,2010-11-27T15:14:00Z,United Kingdom,active
cus_a1f6a115cb3577e2,2010-06-21T14:21:00Z,United Kingdom,active
cus_d8cb2798b39b0699,2010-02-11T11:07:00Z,United Kingdom,active
cus_d0260d0199986913,2010-11-06T15:00:00Z,United Kingdom,active
cus_b79992cca88e5455,2010-10-19T14:42:00Z,United Kingdom,active
cus_eee4d2c32a420dbc,2010-10-23T16:03:00Z,United Kingdom,active
cus_97087d9bf2fb28e0,2009-12-09T20:04:00Z,United Kingdom,active
cus_efe832429df74766,2010-06-30T17:30:00Z,United Kingdom,active
cus_dde83b1e5de628b6,2009-12-16T13:35:00Z,United Kingdom,active
cus_7f6760018a46e466,2011-09-27T16:45:00Z,United Kingdom,active
cus_de8618baa687876f,2011-09-08T14:14:00Z,United Kingdom,active
cus_9fc60498299515c6,2010-02-15T16:12:00Z,United Kingdom,active
cus_6fa482edf76859fb,2009-12-08T12:32:00Z,United Kingdom,active
cus_652b3c143830af2d,2010-02-25T12:06:00Z,United Kingdom,active
cus_83dd3d2680c812c1,2010-05-18T13:32:00Z,United Kingdom,active
cus_d05b95ff0434dcbd,2010-10-19T12:56:00Z,United Kingdom,active
cus_ff8ab5b0158b6f4d,2009-12-02T12:27:00Z,United Kingdom,active
cus_ac8f7d05996b30a8,2010-08-18T15:28:00Z,United Kingdom,active
cus_670edd11b6dcaf38,2010-10-23T14:07:00Z,United Kingdom,active
cus_808c0d2ccd03f041,2010-01-30T11:14:00Z,United Kingdom,active
cus_ce799319f53d4e9d,2011-09-15T12:54:00Z,United Kingdom,active
cus_c09472f67049aa1d,2010-06-30T12:57:00Z,United Kingdom,active
cus_b000133d457052dd,2010-12-12T11:57:00Z,United Kingdom,active
cus_b076ab1642ca3a48,2010-02-02T12:30:00Z,United Kingdom,active
cus_2b986027da7e7706,2011-07-06T12:39:00Z,United Kingdom,active
cus_dad5a21270e0122e,2010-11-06T13:24:00Z,United Kingdom,active
cus_81d8ea69b4ebbb97,2010-05-16T14:15:00Z,United Kingdom,active
cus_f861145fa19afc3b,2009-12-08T15:03:00Z,United Kingdom,active
cus_344c4d5699bc8051,2010-03-27T12:43:00Z,United Kingdom,active
cus_b34d2dacc2763340,2010-11-18T11:54:00Z,United Kingdom,active
cus_bed70105ff904295,2010-07-27T17:56:00Z,United Kingdom,active
cus_1839025c16087665,2010-02-16T14:47:00Z,United Kingdom,active
cus_6302af7fdd707930,2010-02-27T13:33:00Z,United Kingdom,active
cus_05b907644027b32c,2009-12-07T13:08:00Z,United Kingdom,active
cus_14c3e633d1c9a752,2011-04-25T11:59:00Z,United Kingdom,active
cus_ecea394e5611779a,2010-03-17T16:18:00Z,United Kingdom,active
cus_282b8132feb87c5c,2009-12-08T11:33:00Z,United Kingdom,active
cus_d9f8aa0394194a0a,2010-03-01T10:49:00Z,United Kingdom,active
cus_40c6d6573361835a,2010-03-02T10:54:00Z,United Kingdom,active
cus_9f86a413f2cd3f12,2010-02-20T13:48:00Z,United Kingdom,active
cus_b454a18b1e968855,2011-01-26T12:11:00Z,United Kingdom,active
cus_15e745a2b1e81384,2010-01-23T11:26:00Z,United Kingdom,active
cus_b97629aa584e90d4,2011-02-07T14:58:00Z,United Kingdom,active
cus_6dc08e7f03042bd8,2009-12-10T13:52:00Z,United Kingdom,active
cus_32263b9f9b9ee28a,2011-11-08T15:54:00Z,United Kingdom,active
cus_ea43c31094919790,2010-01-17T14:49:00Z,United Kingdom,active
cus_c000affd8d0a2b06,2009-11-30T12:44:00Z,United Kingdom,active
cus_aed8c47b9a668145,2010-09-29T14:25:00Z,United Kingdom,active
cus_a45440c9990ffeaf,2010-03-01T13:36:00Z,United Kingdom,active
cus_ca95fdbd30d25360,2009-12-03T09:37:00Z,United Kingdom,active
cus_43c9d85dc3a41008,2010-10-25T11:36:00Z,United Kingdom,active
cus_4db4e6d180ee7611,2011-06-04T13:48:00Z,United Kingdom,active
cus_61ed495f7ce38d59,2011-04-26T12:08:00Z,United Kingdom,active
cus_8adcd7715b2a494d,2011-04-12T14:17:00Z,United Kingdom,active
cus_36cfe2a771c2a329,2011-08-23T10:51:00Z,United Kingdom,active
cus_edc881da1459884f,2011-05-31T12:10:00Z,United Kingdom,active
cus_cae8559afa269ce8,2010-07-21T11:38:00Z,United Kingdom,active
cus_5ac27ca9b7620d7b,2010-09-14T14:30:00Z,United Kingdom,active
cus_36e319740e81f8f4,2010-10-06T14:05:00Z,United Kingdom,active
cus_da98fb3c69b2b15c,2011-10-09T12:28:00Z,United Kingdom,active
cus_079641d830f5a00e,2010-09-18T12:38:00Z,United Kingdom,active
cus_5af9eb2977e22335,2010-03-06T15:34:00Z,United Kingdom,active
cus_e7084d04b7b5bbbe,2009-12-09T13:34:00Z,United Kingdom,active
cus_ca166a8efdda6d15,2010-02-03T14:46:00Z,United Kingdom,active
cus_987c9f33b7fe9c29,2009-12-01T14:34:00Z,United Kingdom,active
cus_6ad5f7579fa0b528,2011-07-11T09:11:00Z,United Kingdom,active
cus_d1487d268717ac02,2010-10-13T14:08:00Z,United Kingdom,active
cus_bb7ff92a60b40f01,2010-02-10T12:36:00Z,United Kingdom,active
cus_7828775fc7bf5574,2010-10-17T12:24:00Z,United Kingdom,active
cus_c94fefb091ddade9,2011-01-17T11:51:00Z,United Kingdom,active
cus_7e70ae4725b54b68,2010-09-20T14:39:00Z,United Kingdom,active
cus_a537c1bbc59f9493,2010-10-26T14:16:00Z,United Kingdom,active
cus_3f3356af98b45f64,2010-03-24T12:41:00Z,United Kingdom,active
cus_e96602c8a7c6b666,2010-03-07T15:46:00Z,United Kingdom,active
cus_8617fcc8aae360a3,2010-05-09T11:20:00Z,United Kingdom,active
cus_3a7cab19357b0f05,2010-10-10T15:43:00Z,United Kingdom,active
cus_adec828e773812f6,2010-03-04T13:33:00Z,United Kingdom,active
cus_4aea9ff87703051d,2010-09-27T13:51:00Z,United Kingdom,active
cus_2f891f844a615795,2010-10-05T15:19:00Z,United Kingdom,active
cus_4002e7df3360a689,2011-10-03T11:36:00Z,United Kingdom,active
cus_2cb9982ea6f804be,2011-06-06T13:19:00Z,United Kingdom,active
cus_f7179bc41a805873,2010-05-11T12:32:00Z,United Kingdom,active
cus_d6d3625b4a2f78f8,2009-12-02T13:22:00Z,United Kingdom,active
cus_217b410f8b545d9a,2009-12-04T10:27:00Z,United Kingdom,active
cus_e9b034fb665d14df,2009-12-01T10:34:00Z,United Kingdom,active
cus_8db1bdf57d9b0aae,2010-03-02T12:27:00Z,United Kingdom,active
cus_6cd1f7fd387ea2b7,2010-01-10T15:09:00Z,United Kingdom,active
cus_a080f0e4b77e795c,2011-07-04T09:31:00Z,United Kingdom,active
cus_96a495f223ebe3d2,2010-03-07T13:37:00Z,United Kingdom,active
cus_98eea54b06206233,2009-12-09T12:10:00Z,United Kingdom,active
cus_36bba0c4ec5c67ae,2009-12-17T14:28:00Z,United Kingdom,active
cus_10ae56a95099ae3b,2010-02-13T10:19:00Z,United Kingdom,active
cus_e3beb8a8aff18618,2011-10-06T08:49:00Z,United Kingdom,active
cus_db42c39f42eb66cb,2010-05-06T14:52:00Z,United Kingdom,active
cus_052af1cc1f797655,2009-12-09T15:36:00Z,United Kingdom,active
cus_6ab31cfc8bb06f79,2010-11-06T12:55:00Z,United Kingdom,active
cus_6ec010efef56d6a7,2010-07-13T12:55:00Z,United Kingdom,active
cus_68e9c11c203a61c7,2009-12-02T10:37:00Z,United Kingdom,active
cus_c0675d0ab536376a,2010-10-19T16:04:00Z,United Kingdom,active
cus_8453174c3b6ffca2,2010-04-13T12:56:00Z,United Kingdom,active
cus_aae4c16d0abad3f3,2010-06-06T15:08:00Z,United Kingdom,active
cus_6e66a54a6b1ef489,2010-04-17T14:25:00Z,United Kingdom,active
cus_d16c20f2b01b7204,2009-12-08T15:20:00Z,United Kingdom,active
cus_bb3a263d98c13f0f,2009-12-06T12:25:00Z,United Kingdom,active
cus_b91c89018d77d671,2010-10-05T14:52:00Z,United Kingdom,active
cus_ea33f13db83b5173,2010-03-28T13:46:00Z,United Kingdom,active
cus_f8942746346a62f7,2009-12-07T08:48:00Z,United Kingdom,active
cus_73a173b20aa1a34e,2010-01-17T13:55:00Z,United Kingdom,active
cus_b4000e184b1090cc,2010-03-03T10:23:00Z,United Kingdom,active
cus_2cba796874d2cb67,2010-01-25T14:54:00Z,United Kingdom,active
cus_215de62845a4c5bb,2011-07-31T10:23:00Z,United Kingdom,active
cus_b71902b1e8e15213,2011-04-07T13:14:00Z,United Kingdom,active
cus_f6ec324f7ac0e0d1,2009-11-30T12:55:00Z,United Kingdom,active
cus_005c48fad74541f5,2011-04-13T09:18:00Z,United Kingdom,active
cus_b6df0b5c90b39882,2010-01-25T14:43:00Z,United Kingdom,active
cus_fd6a750c6103070a,2010-09-25T11:57:00Z,United Kingdom,active
cus_a621dbf1c2ccae5b,2009-11-30T12:36:00Z,United Kingdom,active
cus_eef8248ec7223c6c,2011-01-15T16:10:00Z,United Kingdom,active
cus_010839a69770dded,2009-12-12T13:24:00Z,United Kingdom,active
cus_9c611cebb38c37a6,2009-12-07T12:03:00Z,United Kingdom,active
cus_0d8bc88fa3813c92,2010-03-27T14:26:00Z,United Kingdom,active
cus_7e629cd26f4932f6,2009-12-02T12:27:00Z,United Kingdom,active
cus_ded18a14b55647a8,2010-10-24T15:57:00Z,United Kingdom,active
cus_e0979b0fbe91caf2,2010-01-23T13:05:00Z,United Kingdom,active
cus_d986f2409a27e9fa,2010-03-23T16:33:00Z,United Kingdom,active
cus_9575ebbfab1abc89,2011-08-21T14:37:00Z,United Kingdom,active
cus_8906066177a72981,2009-12-13T11:24:00Z,United Kingdom,active
cus_d48b8c15182ff281,2009-12-03T12:12:00Z,United Kingdom,active
cus_c7026dd467a2ee64,2011-11-02T18:49:00Z,United Kingdom,active
cus_22f2f09b7e2dd394,2010-06-30T16:03:00Z,United Kingdom,active
cus_41f29bc869d9ba2c,2010-02-21T13:19:00Z,United Kingdom,active
cus_c8da182c311931e5,2009-12-14T11:25:00Z,United Kingdom,active
cus_77f83a625882faca,2009-12-10T13:41:00Z,United Kingdom,active
cus_16e25e5a9856ce2d,2010-11-07T12:00:00Z,United Kingdom,active
cus_c863f1d0f4b3e3f8,2009-12-05T12:16:00Z,United Kingdom,active
cus_a7486364fbe7c2b6,2011-10-06T11:22:00Z,United Kingdom,active
cus_b94c22463dc33fb2,2009-12-01T10:41:00Z,United Kingdom,active
cus_fe78b2fe1c98a9fe,2010-11-17T15:33:00Z,United Kingdom,active
cus_bf8e86d21545e5ae,2010-07-18T16:02:00Z,United Kingdom,active
cus_fcb1c8fcbdc33a46,2009-11-30T13:40:00Z,United Kingdom,active
cus_cabc017e774d56b2,2010-02-01T16:42:00Z,United Kingdom,active
cus_0056e06a23398ee3,2010-10-11T10:48:00Z,United Kingdom,active
cus_953a69f5ac1498f1,2009-12-14T12:32:00Z,United Kingdom,active
cus_d53305dfb43543d8,2010-06-01T14:48:00Z,United Kingdom,active
cus_4e72def97f9f8bd2,2010-10-04T14:09:00Z,Spain,active
cus_d60a1386ba82d7b6,2010-06-16T10:30:00Z,United Kingdom,active
cus_05d6a023be2c8e0d,2011-11-20T16:36:00Z,United Kingdom,active
cus_1555586ee3570395,2010-06-06T15:12:00Z,United Kingdom,active
cus_c17a50592904afcd,2010-10-11T12:21:00Z,United Kingdom,active
cus_9bb456f818bae669,2010-01-30T15:47:00Z,United Kingdom,active
cus_f9995319bf90ccdc,2010-07-29T12:42:00Z,United Kingdom,active
cus_94996da8665cc6fa,2010-04-07T13:32:00Z,United Kingdom,active
cus_ef2c148a92069931,2010-01-10T10:14:00Z,United Kingdom,active
cus_349824ad16104e86,2011-01-08T11:39:00Z,United Kingdom,active
cus_2e63311390f724a8,2009-12-04T12:13:00Z,United Kingdom,active
cus_8ab9bee24515f7dc,2010-02-28T16:29:00Z,United Kingdom,active
cus_87a1568b74d63498,2011-01-25T12:19:00Z,United Kingdom,active
cus_4db49a4a24ee40a3,2011-10-10T11:03:00Z,United Kingdom,active
cus_beca983f5138e3bf,2010-07-27T09:34:00Z,United Kingdom,active
cus_3079e4f5b94f6e34,2011-10-19T14:41:00Z,United Kingdom,active
cus_b259265f555f2e56,2010-08-30T13:41:00Z,United Kingdom,active
cus_a9a9101699e34f0d,2009-12-03T15:18:00Z,United Kingdom,active
cus_9cd2d0e3450a7594,2011-01-08T12:02:00Z,United Kingdom,active
cus_ff70d76335129370,2011-09-24T12:42:00Z,United Kingdom,active
cus_059f71c0afa1f184,2010-03-20T12:31:00Z,United Kingdom,active
cus_ed68a76983191b7f,2010-05-08T16:03:00Z,United Kingdom,active
cus_0fc9c1122a46cd9c,2010-01-30T12:27:00Z,United Kingdom,active
cus_8841459e0b6ef5ec,2010-01-10T11:31:00Z,United Kingdom,active
cus_a0a2a49da29676cd,2010-01-23T14:19:00Z,United Kingdom,active
cus_8960d4ea44047aac,2011-09-15T12:50:00Z,United Kingdom,active
cus_c80f2c2a0791a043,2010-02-18T12:07:00Z,United Kingdom,active
cus_9adc045a58295a49,2010-02-01T09:39:00Z,United Kingdom,active
cus_23f1bac8e4ff0d48,2010-01-10T09:38:00Z,United Kingdom,active
cus_d5672376f8009f5d,2010-09-13T14:56:00Z,United Kingdom,active
cus_ee90619b4fba88f3,2009-12-03T14:56:00Z,United Kingdom,active
cus_3ec8c100b433d2e2,2010-10-09T12:40:00Z,United Kingdom,active
cus_a9a5f3d540035844,2011-09-24T13:42:00Z,United Kingdom,active
cus_0ea6fb5bf09800f4,2009-12-02T11:34:00Z,United Kingdom,active
cus_c1db4c1d058bf502,2009-12-03T13:00:00Z,United Kingdom,active
cus_510ffa15dec04f1a,2010-03-06T15:50:00Z,United Kingdom,active
cus_0f5acca9c6fb6cb2,2010-03-03T14:53:00Z,United Kingdom,active
cus_5cebd3c5848ebb69,2009-12-03T10:57:00Z,United Kingdom,active
cus_047682dd454a221c,2011-02-06T12:27:00Z,United Kingdom,active
cus_5592d0a106a5fea6,2010-02-01T10:39:00Z,United Kingdom,active
cus_c62a338bb91c870b,2011-03-10T14:26:00Z,United Kingdom,active
cus_436c4c11d72726a7,2009-12-10T09:18:00Z,United Kingdom,active
cus_914720da84d08fe4,2010-07-28T12:33:00Z,United Kingdom,active
cus_3538cfbcfa2b14a2,2010-05-09T13:00:00Z,United Kingdom,active
cus_72487ce2abfb83e5,2010-02-15T12:02:00Z,United Kingdom,active
cus_afe624b452385835,2009-12-12T11:46:00Z,United Kingdom,active
cus_8d61dc8e3e136d98,2011-07-30T15:26:00Z,United Kingdom,active
cus_086cf7d33e7037ae,2011-02-15T14:56:00Z,United Kingdom,active
cus_d931e3947ee2e2db,2009-12-07T16:20:00Z,United Kingdom,active
cus_d1f8cbff1399e73d,2010-05-25T11:22:00Z,United Kingdom,active
cus_101488839cc92e8f,2010-01-20T17:43:00Z,United Kingdom,active
cus_4180206c8a93bc6c,2010-04-22T11:21:00Z,United Kingdom,active
cus_92ac93c1285e7501,2009-12-20T15:22:00Z,United Kingdom,active
cus_62381321490aff71,2011-08-25T15:25:00Z,United Kingdom,active
cus_f72b77124e759467,2009-12-08T14:17:00Z,United Kingdom,active
cus_0491eeb7a5120e61,2010-04-19T13:49:00Z,United Kingdom,active
cus_b2089833110446f0,2011-10-09T12:52:00Z,United Kingdom,active
cus_ec4889cb71f574b7,2010-06-30T14:38:00Z,United Kingdom,active
cus_5477223fffab20fc,2009-12-07T19:16:00Z,United Kingdom,active
cus_2dfb09c08d10c660,2009-12-01T11:45:00Z,United Kingdom,active
cus_87e136929b36361d,2010-03-04T13:21:00Z,United Kingdom,active
cus_2c966bc8c677e41f,2009-11-30T16:34:00Z,United Kingdom,active
cus_7c9f426efc196634,2009-12-01T10:02:00Z,United Kingdom,active
cus_cdb870acced623e9,2011-11-09T10:32:00Z,United Kingdom,active
cus_5dc32a70082c3418,2010-12-02T14:54:00Z,United Kingdom,active
cus_608595f27d408d04,2010-02-24T13:23:00Z,United Kingdom,active
cus_0cd8affd9267eec8,2010-02-09T12:26:00Z,United Kingdom,active
cus_8e12b5352a93c90b,2010-11-15T12:52:00Z,United Kingdom,active
cus_243915e93988036c,2010-06-09T11:37:00Z,United Kingdom,active
cus_9668ba7efb367d85,2011-10-16T13:25:00Z,United Kingdom,active
cus_249648dc5b57f097,2009-12-02T11:10:00Z,United Kingdom,active
cus_cf56478ace4d1835,2010-11-11T12:15:00Z,United Kingdom,active
cus_6d7c4c305ce7a7ce,2009-12-12T13:17:00Z,United Kingdom,active
cus_4346d262ab3c5bde,2009-12-07T12:51:00Z,United Kingdom,active
cus_8d6ab3f513795c03,2010-12-14T15:14:00Z,United Kingdom,active
cus_b8cba18a7f5903f6,2010-08-31T13:39:00Z,United Kingdom,active
cus_9d87ae7df92baa63,2010-01-24T16:12:00Z,United Kingdom,active
cus_b084f98ed94709cc,2010-01-19T11:57:00Z,United Kingdom,active
cus_d474924a3eca03d8,2010-04-10T15:34:00Z,United Kingdom,active
cus_67e73881af51e4a5,2010-01-09T15:24:00Z,United Kingdom,active
cus_6dac615b35c447f8,2010-07-25T13:30:00Z,United Kingdom,active
cus_c260b30653da963e,2010-01-14T15:05:00Z,United Kingdom,active
cus_792a1a6638f9dd9a,2010-03-11T11:54:00Z,United Kingdom,active
cus_5f469f4eed7b8dc7,2011-07-19T12:38:00Z,United Kingdom,active
cus_2f6ba565f04d143d,2009-12-07T13:41:00Z,United Kingdom,active
cus_06a2fe5fd753f0a4,2009-12-06T16:38:00Z,United Kingdom,active
cus_330e0143ae2f5ec1,2011-11-24T12:24:00Z,United Kingdom,active
cus_91e6f15cff57f307,2011-06-09T11:20:00Z,United Kingdom,active
cus_0ddb737992c640ba,2010-06-03T17:01:00Z,United Kingdom,active
cus_02fbac9ae5f85301,2010-03-06T13:00:00Z,United Kingdom,active
cus_3764ec2317913bff,2009-11-30T10:59:00Z,United Kingdom,active
cus_51b00df41ad3bb04,2010-02-14T14:47:00Z,United Kingdom,active
cus_a6d6562ea9966ec4,2010-01-23T10:27:00Z,United Kingdom,active
cus_df921be8d7056452,2009-11-30T15:36:00Z,United Kingdom,active
cus_8e1d06f0a0412e50,2009-12-05T11:27:00Z,United Kingdom,active
cus_dbd325ca7c1088b8,2010-01-18T15:39:00Z,United Kingdom,active
cus_f9e159bb83a1a322,2009-11-30T17:45:00Z,United Kingdom,active
cus_0f7f69ed455984f7,2010-10-06T11:33:00Z,United Kingdom,active
cus_913d5d1f0961d54c,2009-12-14T10:36:00Z,United Kingdom,active
cus_bf050a9b33e80821,2010-09-18T15:53:00Z,United Kingdom,active
cus_3a98e2eb5c7a3872,2010-04-17T13:40:00Z,United Kingdom,active
cus_7e31a2175895e43a,2010-09-28T12:49:00Z,United Kingdom,active
cus_fb6926db8890d9f1,2010-02-21T13:38:00Z,United Kingdom,active
cus_dc6606ca5faec827,2009-12-14T11:26:00Z,United Kingdom,active
cus_56ec9f9cb2093111,2011-05-14T14:32:00Z,United Kingdom,active
cus_1bb03528bcda3a72,2010-10-10T12:52:00Z,United Kingdom,active
cus_6257cf2adb810165,2011-06-11T12:00:00Z,United Kingdom,active
cus_0c4b62ddc99b2ec4,2010-03-08T10:42:00Z,United Kingdom,active
cus_c598cb4dded095cc,2011-08-03T17:19:00Z,United Kingdom,active
cus_2c67b0f34be3ad6a,2009-12-07T11:46:00Z,United Kingdom,active
cus_a81c79cab5fb0c7b,2010-11-18T11:12:00Z,United Kingdom,active
cus_1d503ee833f5e6dc,2009-12-06T17:18:00Z,United Kingdom,active
cus_6e368d1cae686eea,2011-03-21T12:05:00Z,United Kingdom,active
cus_5d556ed66986fa41,2010-10-10T15:57:00Z,United Kingdom,active
cus_926f526eeafa878a,2010-11-20T13:26:00Z,United Kingdom,active
cus_86f8cb92915fbdf6,2010-02-03T13:00:00Z,United Kingdom,active
cus_325e514c35f52b7a,2010-06-08T12:07:00Z,United Kingdom,active
cus_d73f4fa6feea024f,2010-02-13T14:10:00Z,United Kingdom,active
cus_fca5da493f189b4f,2010-11-03T13:43:00Z,United Kingdom,active
cus_e8a48f0735ed606d,2009-12-02T12:45:00Z,United Kingdom,active
cus_e781b9a8a51f7401,2010-11-09T14:44:00Z,United Kingdom,active
cus_058ac960572f5247,2010-03-07T12:52:00Z,United Kingdom,active
cus_873d8da2980865fb,2009-12-12T13:28:00Z,United Kingdom,active
cus_4a7606ae71dfe4a9,2009-12-02T15:09:00Z,United Kingdom,active
cus_ffe74a992c04163a,2011-10-05T12:22:00Z,United Kingdom,active
cus_74b1fa697467e95c,2011-11-21T14:43:00Z,United Kingdom,active
cus_fd282656b5639749,2010-03-07T08:56:00Z,United Kingdom,active
cus_a4dd37e5ac0a6e57,2010-08-14T16:00:00Z,United Kingdom,active
cus_409e955cec354627,2010-08-14T11:02:00Z,United Kingdom,active
cus_f87fff8b07adc269,2010-06-22T16:23:00Z,United Kingdom,active
cus_fb9b54c933bb4db1,2010-10-31T11:38:00Z,United Kingdom,active
cus_a870df428ca60a08,2010-01-18T16:36:00Z,United Kingdom,active
cus_ec7c66f8c7d19c58,2010-09-12T09:35:00Z,United Kingdom,active
cus_7b9fa57aad05690b,2010-02-03T15:49:00Z,United Kingdom,active
cus_6546f347c08cbe62,2010-02-02T12:38:00Z,United Kingdom,active
cus_fe024a9081e37e27,2009-12-02T11:25:00Z,United Kingdom,active
cus_85f3df620098dea0,2010-09-26T12:45:00Z,United Kingdom,active
cus_d71379fb8901b3ae,2011-09-10T12:45:00Z,United Kingdom,active
cus_a9099a68d02af982,2009-12-13T13:11:00Z,United Kingdom,active
cus_fc58f0704778a119,2010-02-07T15:47:00Z,United Kingdom,active
cus_ca3b1535e74573c1,2010-01-20T16:29:00Z,United Kingdom,active
cus_30d23c47a38f645f,2010-05-10T12:10:00Z,United Kingdom,active
cus_e9cde47ec7cedcf8,2009-12-02T11:46:00Z,United Kingdom,active
cus_04e1a9cec8e28875,2010-01-09T11:58:00Z,United Kingdom,active
cus_411bb75a3ff261bb,2009-12-17T15:29:00Z,United Kingdom,active
cus_6e79f79a9129e35c,2010-03-07T11:31:00Z,United Kingdom,active
cus_b06401892f4ae0b4,2010-06-27T14:05:00Z,United Kingdom,active
cus_158d18ecd9ea7593,2010-05-25T11:20:00Z,United Kingdom,active
cus_e17573012727877b,2009-12-02T16:09:00Z,United Kingdom,active
cus_308a55ea0aa76ce4,2010-03-01T09:20:00Z,United Kingdom,active
cus_f6d012e658d71a7b,2010-02-20T14:41:00Z,United Kingdom,active
cus_a9b9dfa9b22ae481,2010-10-28T12:16:00Z,United Kingdom,active
cus_7e6c413b6f66a782,2010-08-23T15:37:00Z,United Kingdom,active
cus_8b1c91aac6bd168e,2011-02-01T17:06:00Z,United Kingdom,active
cus_5ec9bb6650eeac8f,2010-03-09T16:09:00Z,United Kingdom,active
cus_83349759f5f92935,2009-12-07T17:34:00Z,United Kingdom,active
cus_480fbd2f5211c970,2010-06-16T18:17:00Z,United Kingdom,active
cus_de4ad49aad0ce3d1,2009-12-02T18:30:00Z,United Kingdom,active
cus_03317ae117261963,2009-11-30T15:34:00Z,United Kingdom,active
cus_40f49f6f6ccda8ee,2010-04-17T12:18:00Z,United Kingdom,active
cus_9c88ccb7cda7a53e,2010-03-09T12:13:00Z,United Kingdom,active
cus_afe6e9458f168281,2010-03-17T14:26:00Z,United Kingdom,active
cus_2fb7eb120e20e9d2,2010-01-31T15:38:00Z,United Kingdom,active
cus_a040255ea6cf8a59,2009-12-09T18:43:00Z,United Kingdom,active
cus_6d10ed573ccc84b7,2010-01-25T11:38:00Z,United Kingdom,active
cus_2950c6c3ff751be7,2010-10-06T13:22:00Z,United Kingdom,active
cus_4441bee9e3e9013c,2010-01-19T12:14:00Z,United Kingdom,active
cus_36284ebc57b5cea7,2010-09-30T12:07:00Z,United Kingdom,active
cus_402b75f0d97c1702,2010-01-31T14:30:00Z,United Kingdom,active
cus_5a026430b317adcd,2009-12-06T15:28:00Z,United Kingdom,active
cus_68ae151f530925dc,2010-01-31T10:22:00Z,United Kingdom,active
cus_8a921cccb8e214d9,2010-09-08T19:46:00Z,United Kingdom,active
cus_73f610cdbb26fd6c,2009-12-14T17:45:00Z,United Kingdom,active
cus_faa9434678424f8c,2011-06-22T11:50:00Z,United Kingdom,active
cus_a0bc8eda4ecc910f,2009-12-07T12:25:00Z,United Kingdom,active
cus_4b831e39a37cfe7c,2009-12-02T18:41:00Z,United Kingdom,active
cus_6041a6637b39de7e,2010-02-27T14:17:00Z,United Kingdom,active
cus_fd826543b258d5c6,2010-11-08T17:14:00Z,United Kingdom,active
cus_935a63bd5420a631,2010-10-03T09:14:00Z,United Kingdom,active
cus_c7a8bdb6c9e04294,2010-07-04T11:11:00Z,United Kingdom,active
cus_4f81751c8becf53e,2009-12-01T12:39:00Z,United Kingdom,active
cus_0756fd30d38b7612,2011-11-27T13:56:00Z,United Kingdom,active
cus_a825b5fd5944b00f,2010-06-22T11:24:00Z,United Kingdom,active
cus_02de4c9b8fa6f0a5,2010-06-08T12:55:00Z,United Kingdom,active
cus_963339a500316158,2010-05-18T11:33:00Z,United Kingdom,active
cus_723c7f79b406f89c,2010-09-11T14:54:00Z,United Kingdom,active
cus_4e0f805506937526,2010-11-18T13:40:00Z,United Kingdom,active
cus_d9c861d9b3930794,2011-11-05T11:25:00Z,United Kingdom,active
cus_5e5e6714520f888c,2009-12-09T11:45:00Z,United Kingdom,active
cus_1d7b66a324f5dfb6,2009-12-03T12:06:00Z,United Kingdom,active
cus_2b6099106e2d2e14,2010-09-23T13:04:00Z,United Kingdom,active
cus_0f812f9c8b51e0b5,2010-10-18T13:20:00Z,United Kingdom,active
cus_3a4485cc2572fca1,2011-03-28T13:04:00Z,United Kingdom,active
cus_adf9d178f54b62d6,2009-12-16T15:41:00Z,United Kingdom,active
cus_ffdc5594ae7bc3a8,2009-12-15T17:40:00Z,United Kingdom,active
cus_26d5cccc4fea5050,2010-01-06T11:31:00Z,Sweden,active
cus_674b8dec9ccf1604,2009-12-05T13:45:00Z,United Kingdom,active
cus_183dc0eb45c8bbd0,2010-10-23T11:57:00Z,United Kingdom,active
cus_94264ab9ea88b123,2010-07-12T14:02:00Z,United Kingdom,active
cus_067ac733d3965c9c,2009-12-10T12:17:00Z,United Kingdom,active
cus_096512e946ca1c3d,2009-12-02T12:02:00Z,United Kingdom,active
cus_a8a0f5d3d4c8f1d0,2009-12-01T13:51:00Z,United Kingdom,active
cus_1c03c2fe3eb9bee8,2010-05-18T11:11:00Z,United Kingdom,active
cus_79e12ed2868f63a7,2009-12-02T16:49:00Z,United Kingdom,active
cus_d0593fc4ded286a8,2011-09-20T12:50:00Z,United Kingdom,active
cus_6b9ba442a2e30dde,2009-12-13T16:29:00Z,United Kingdom,active
cus_2545bfd5893425e9,2010-06-08T10:00:00Z,United Kingdom,active
cus_d6852174d76374d2,2010-11-16T13:42:00Z,United Kingdom,active
cus_f0a51b5543b3f338,2010-01-24T13:19:00Z,United Kingdom,active
cus_b34c3a942eedd47a,2010-11-02T13:09:00Z,United Kingdom,active
cus_ba415ec3ee22360f,2009-12-03T15:43:00Z,United Kingdom,active
cus_482c2337d1238c08,2010-06-22T10:19:00Z,United Kingdom,active
cus_21cd53d0ac58826e,2011-10-09T11:37:00Z,United Kingdom,active
cus_a69605df927e62d8,2010-02-16T13:39:00Z,United Kingdom,active
cus_7b4b643c16e4e293,2009-11-30T17:28:00Z,United Kingdom,active
cus_e06f7b26d83e7863,2010-10-05T12:30:00Z,United Kingdom,active
cus_758733aca7f40259,2010-08-16T11:52:00Z,United Kingdom,active
cus_7d3878f9863f9968,2011-01-29T14:36:00Z,United Kingdom,active
cus_b9907b8f2c817328,2009-12-02T19:13:00Z,United Kingdom,active
cus_e21ab5120db2b9bd,2010-11-18T13:37:00Z,United Kingdom,active
cus_f60b11dd563a736a,2011-09-14T13:54:00Z,United Kingdom,active
cus_2636e9beb2b48394,2009-12-06T12:31:00Z,United Kingdom,active
cus_c54ad1c1a6d4b006,2010-06-27T11:11:00Z,United Kingdom,active
cus_f4f32dbb873dff5a,2010-03-07T16:53:00Z,United Kingdom,active
cus_e636eb21dd270f4c,2010-02-14T15:54:00Z,United Kingdom,active
cus_760f75da21dcf873,2011-06-19T09:04:00Z,Canada,active
cus_b530f59777653ae1,2011-02-01T14:40:00Z,United Kingdom,active
cus_450efd321409d3d1,2011-09-28T10:10:00Z,United Kingdom,active
cus_30bb75fef5d49f43,2010-03-03T17:29:00Z,United Kingdom,active
cus_df7a227374ac476a,2009-12-08T14:16:00Z,United Kingdom,active
cus_bffebc6bb0770024,2010-09-26T16:59:00Z,United Kingdom,active
cus_4b4afa5bff80a2b0,2011-08-25T11:54:00Z,United Kingdom,active
cus_c844ce3ecbc59f63,2011-10-05T17:02:00Z,United Kingdom,active
cus_8e0401c483e36ec1,2010-01-14T15:40:00Z,United Kingdom,active
cus_cd54f08a36f5a7dd,2010-09-08T15:28:00Z,United Kingdom,active
cus_0d193caf32935ec2,2009-12-06T14:52:00Z,United Kingdom,active
cus_671c97a5656a7a25,2011-10-09T17:00:00Z,United Kingdom,active
cus_160354fcbc7a1e68,2010-01-21T13:25:00Z,United Kingdom,active
cus_0c2007e291b33560,2011-11-09T12:01:00Z,United Kingdom,active
cus_a3ae98acceac9040,2011-02-27T17:01:00Z,United Kingdom,active
cus_872d9184ad84aca7,2010-04-28T17:57:00Z,United Kingdom,active
cus_c7a4c60b19054124,2010-11-08T12:58:00Z,United Kingdom,active
cus_31eb3611f4b8f536,2009-12-15T15:06:00Z,United Kingdom,active
cus_3b166c6fcce048b2,2010-07-18T16:16:00Z,United Kingdom,active
cus_e2034fd604eb1cf1,2010-08-21T11:53:00Z,United Kingdom,active
cus_ce81f1a900999e48,2010-09-08T19:03:00Z,United Kingdom,active
cus_400e4f69f840e1c3,2010-03-16T09:26:00Z,United Kingdom,active
cus_09b2574e240ed3cb,2011-09-06T09:57:00Z,United Kingdom,active
cus_033dcbed9472f93f,2010-10-20T12:43:00Z,United Kingdom,active
cus_f33ec030e1abc425,2011-03-22T14:00:00Z,United Kingdom,active
cus_4666230c42da39d2,2010-04-27T11:57:00Z,United Kingdom,active
cus_c011788125cef21c,2010-11-13T11:50:00Z,United Kingdom,active
cus_c4167bdbf46d677c,2011-09-24T12:25:00Z,United Kingdom,active
cus_a3974f35905b6666,2011-05-02T09:46:00Z,United Kingdom,active
cus_7911f628a4f2827a,2011-10-31T11:12:00Z,United Kingdom,active
cus_cfc51047f12728ea,2010-02-07T09:22:00Z,United Kingdom,active
cus_d3e44d5f4eebb438,2010-04-12T16:33:00Z,United Kingdom,active
cus_b9fa6da107d8bf17,2011-09-24T11:39:00Z,United Kingdom,active
cus_83aa3d4b17b1c0e3,2011-02-02T18:08:00Z,United Kingdom,active
cus_6f84c9bc0438456c,2009-12-06T11:46:00Z,Greece,active
cus_bcf29d04eedad719,2011-10-06T13:14:00Z,United Kingdom,active
cus_66ad5b94049a0648,2009-12-01T10:52:00Z,United Kingdom,active
cus_56690f2c513279c0,2009-12-09T19:35:00Z,United Kingdom,active
cus_0471043553bac947,2010-06-06T13:29:00Z,United Kingdom,active
cus_814c22edb0f0f370,2010-11-25T12:50:00Z,United Kingdom,active
cus_249fa850fc353eb0,2009-11-30T09:57:00Z,United Kingdom,active
cus_c7c1d39631b45caa,2010-09-30T11:49:00Z,United Kingdom,active
cus_c994cf295e49d96f,2011-11-19T13:40:00Z,United Kingdom,active
cus_cf50e823e4148e42,2010-10-06T09:12:00Z,United Kingdom,active
cus_e88cd56a8ada1634,2009-12-16T16:18:00Z,United Kingdom,active
cus_0b654007e019e855,2011-05-04T13:43:00Z,United Kingdom,active
cus_831ee6ea5867ecf5,2011-09-28T13:04:00Z,United Kingdom,active
cus_8c235d5aa98e388c,2010-01-10T12:29:00Z,United Kingdom,active
cus_2b4ee84b6534aaa1,2009-12-05T16:17:00Z,United Kingdom,active
cus_53da64167825337b,2010-02-24T16:55:00Z,United Kingdom,active
cus_1e265aaa36f50f09,2011-03-03T15:20:00Z,United Kingdom,active
cus_f73c3c064b74a045,2009-12-12T12:36:00Z,United Kingdom,active
cus_538854fa298e5c83,2010-04-18T09:47:00Z,United Kingdom,active
cus_a643d5888651a0d7,2010-07-17T11:36:00Z,United Kingdom,active
cus_d0abbee6a8f9f924,2010-03-07T12:08:00Z,United Kingdom,active
cus_294803e2e4d0355e,2010-11-13T14:47:00Z,United Kingdom,active
cus_523b8f3d85862e1b,2010-11-07T16:19:00Z,United Kingdom,active
cus_72b2d4bd96f38079,2010-02-06T15:07:00Z,United Kingdom,active
cus_dba68289d0337c7a,2010-12-14T14:12:00Z,United Kingdom,active
cus_de31e97a5e5856ea,2010-03-21T09:19:00Z,United Kingdom,active
cus_5b38afadbd101619,2011-07-13T20:01:00Z,United Kingdom,active
cus_50bc5118310aa1a1,2010-05-01T16:02:00Z,United Kingdom,active
cus_3cdbc7161b4926d9,2010-11-24T17:00:00Z,United Kingdom,active
cus_05070a301510c072,2011-06-18T13:06:00Z,United Kingdom,active
cus_57d1fd0ac6d3e87b,2011-09-19T14:00:00Z,United Kingdom,active
cus_46ee92b4f85afe8f,2010-05-01T11:54:00Z,United Kingdom,active
cus_68a311afd18da879,2011-11-13T13:42:00Z,United Kingdom,active
cus_8fb39032006b3427,2010-09-23T10:48:00Z,United Kingdom,active
cus_e47da8c57969dd53,2010-03-15T16:45:00Z,United Kingdom,active
cus_601aa9e666d62377,2010-06-14T12:50:00Z,United Kingdom,active
cus_bce426aabb9d96bd,2009-12-14T10:00:00Z,United Kingdom,active
cus_1f79c192a8ab38d3,2011-09-06T10:36:00Z,United Kingdom,active
cus_c42a349a2f434697,2009-12-02T16:11:00Z,United Kingdom,active
cus_7058553c0e283cf8,2010-06-27T11:55:00Z,United Kingdom,active
cus_184306e1b0030e56,2010-05-09T14:28:00Z,United Kingdom,active
cus_dbfc3f87261cbb28,2010-10-12T14:28:00Z,United Kingdom,active
cus_38e7557898f90acb,2009-12-02T12:34:00Z,United Kingdom,active
cus_f162eb2fb393c43b,2010-03-25T12:23:00Z,United Kingdom,active
cus_e1f2d14bcbc2c58c,2010-05-27T14:24:00Z,United Kingdom,active
cus_8b733547c37eb681,2010-01-24T08:17:00Z,United Kingdom,active
cus_9b22cd6e66713b80,2010-08-17T16:39:00Z,United Kingdom,active
cus_a5407fe3946ff155,2010-03-06T13:48:00Z,United Kingdom,active
cus_72209589214d9da4,2010-01-16T16:09:00Z,United Kingdom,active
cus_418bc74014dba7b3,2009-11-30T10:44:00Z,United Kingdom,active
cus_12fd018d2dc949fc,2009-12-03T14:35:00Z,United Kingdom,active
cus_778c2658cb7d498b,2009-12-14T13:21:00Z,United Kingdom,active
cus_b088a617117b2771,2010-05-04T15:33:00Z,United Kingdom,active
cus_6812ec5f388f8fe7,2010-03-29T17:25:00Z,United Kingdom,active
cus_c7f26e170c2aca73,2009-12-09T09:44:00Z,United Kingdom,active
cus_ab8f653f2925f3f2,2010-01-26T12:19:00Z,United Kingdom,active
cus_95d07161d9bf3c56,2010-04-27T14:45:00Z,United Kingdom,active
cus_e28beac5a189fa39,2010-11-27T13:11:00Z,United Kingdom,active
cus_f42c99c5ed6e5791,2010-04-10T13:37:00Z,United Kingdom,active
cus_f60351779ce9c452,2010-04-08T16:54:00Z,United Kingdom,active
cus_2ba9ea6b67a8146b,2009-12-05T14:58:00Z,United Kingdom,active
cus_8d62f59a2efdb269,2009-11-30T13:29:00Z,United Kingdom,active
cus_c6e450a3af33d91d,2009-12-07T18:30:00Z,United Kingdom,active
cus_99fdd0acda6cb4ba,2011-02-06T11:20:00Z,United Kingdom,active
cus_b27b8d09cc064555,2010-08-10T12:54:00Z,United Kingdom,active
cus_0f822858f6326c41,2010-01-23T11:03:00Z,United Kingdom,active
cus_e9e68ea703686ed9,2010-04-19T13:38:00Z,United Kingdom,active
cus_0d607de6560d4e27,2009-12-13T14:36:00Z,United Kingdom,active
cus_b6df4c3f503bf3f5,2009-12-19T12:35:00Z,United Kingdom,active
cus_973195aec241b474,2009-12-14T11:49:00Z,United Kingdom,active
cus_ba39a734b4ab5b7c,2009-12-09T19:08:00Z,United Kingdom,active
cus_c374ccfed85b2e89,2010-10-13T13:35:00Z,United Kingdom,active
cus_d94e4764bad41a68,2009-12-08T14:15:00Z,United Kingdom,active
cus_85595a2909aa5078,2010-11-14T14:55:00Z,United Kingdom,active
cus_b0dec2c263f6c20c,2011-01-05T12:45:00Z,United Kingdom,active
cus_d7834d63aa0ec61b,2010-04-27T10:51:00Z,United Kingdom,active
cus_46017eb46391a29e,2010-08-12T11:59:00Z,United Kingdom,active
cus_dfcf507c0c3b04d2,2010-03-22T09:15:00Z,United Kingdom,active
cus_3614e1567f686d4f,2009-12-04T16:01:00Z,United Kingdom,active
cus_10b3182c2524a013,2010-02-15T08:44:00Z,United Kingdom,active
cus_20295f012d39d3d5,2009-12-15T09:37:00Z,United Kingdom,active
cus_556e6c5a66b95713,2010-02-07T14:39:00Z,United Kingdom,active
cus_81cc10c0c485afbd,2010-08-23T13:01:00Z,United Kingdom,active
cus_81cfedb79ea55bb1,2011-11-17T14:52:00Z,United Kingdom,active
cus_bdcd6f5ae68d6ed8,2010-06-30T12:17:00Z,United Kingdom,active
cus_821c05e2e953e046,2011-03-02T14:05:00Z,United Kingdom,active
cus_64b58efe7baef81d,2011-08-10T15:24:00Z,United Kingdom,active
cus_849e714b2838dc8b,2010-10-18T10:20:00Z,United Kingdom,active
cus_0612894a852ac565,2011-08-02T10:45:00Z,United Kingdom,active
cus_4ad866991b6e12ab,2011-05-11T15:23:00Z,United Kingdom,active
cus_cff1a202889f1d1b,2010-11-17T14:20:00Z,United Kingdom,active
cus_d6476f9b579011ce,2009-12-16T09:54:00Z,United Kingdom,active
cus_8bc9c844ea0eedfd,2009-12-02T18:29:00Z,United Kingdom,active
cus_df39cc4a4def9a8a,2010-03-28T17:17:00Z,United Kingdom,active
cus_b6b48214824947e7,2010-06-29T12:03:00Z,United Kingdom,active
cus_e5b9d22c0afd51bc,2010-02-22T09:57:00Z,United Kingdom,active
cus_64815a1dc8f6ba00,2010-03-31T18:48:00Z,United Kingdom,active
cus_e17343913821af7c,2010-11-28T11:53:00Z,United Kingdom,active
cus_c4df67d84baac213,2010-01-25T17:20:00Z,United Kingdom,active
cus_283c395e3e425ee1,2010-03-18T12:17:00Z,United Kingdom,active
cus_a4eb7a1959691b30,2010-12-05T10:20:00Z,United Kingdom,active
cus_71e1180b2ee1c1fe,2009-12-09T16:10:00Z,United Kingdom,active
cus_95eb6ea7dda9b72b,2010-03-29T10:49:00Z,United Kingdom,active
cus_f84ec50fd371a733,2009-12-10T13:19:00Z,United Kingdom,active
cus_ca878be01d1d5573,2009-12-02T17:32:00Z,United Kingdom,active
cus_49ff7ef070494c25,2010-07-15T16:07:00Z,United Kingdom,active
cus_8b9a5e62c6dc05af,2009-12-10T13:11:00Z,United Kingdom,active
cus_5ec2899dc3f61fb8,2010-03-07T09:49:00Z,United Kingdom,active
cus_7931a00b2f6a9858,2010-06-02T17:15:00Z,United Kingdom,active
cus_4927c82330597751,2010-02-10T13:44:00Z,United Kingdom,active
cus_a1ac79bb6df10793,2010-06-23T09:49:00Z,United Kingdom,active
cus_fe9a5aec142c0602,2010-08-21T13:54:00Z,United Kingdom,active
cus_c890b5667b79f410,2010-02-02T14:26:00Z,United Kingdom,active
cus_80d313c2d04461bb,2010-06-10T11:50:00Z,United Kingdom,active
cus_0b03a032ceda7a21,2010-06-16T11:14:00Z,United Kingdom,active
cus_763e2163fcfd7542,2010-05-25T08:27:00Z,United Kingdom,active
cus_3a9223ba13b8d67e,2009-12-09T17:09:00Z,United Kingdom,active
cus_29bbbe13bb22cd81,2011-03-23T11:34:00Z,United Kingdom,active
cus_e9432bc223d32558,2010-05-26T11:53:00Z,United Kingdom,active
cus_dca6b381c5da3a5b,2009-11-30T11:37:00Z,United Kingdom,active
cus_a9eab20a31fb170d,2010-11-03T12:09:00Z,United Kingdom,active
cus_933099476af55325,2010-10-16T16:16:00Z,United Kingdom,active
cus_401eb3784090b826,2010-05-11T09:47:00Z,United Kingdom,active
cus_642ad14c322068dc,2010-01-18T12:13:00Z,United Kingdom,active
cus_f2e3ed44fff4594a,2009-12-06T12:19:00Z,United Kingdom,active
cus_7585336fa9e95a1f,2010-04-14T14:48:00Z,United Kingdom,active
cus_9bc58f3ce798157f,2010-10-11T07:49:00Z,United Kingdom,active
cus_d4f5e852dec3b6d8,2011-10-25T12:28:00Z,United Kingdom,active
cus_afbdcca83f9ca973,2010-06-08T09:33:00Z,United Kingdom,active
cus_991084508b70f738,2010-07-13T10:41:00Z,United Kingdom,active
cus_e5e33389005bdad3,2010-04-25T12:17:00Z,United Kingdom,active
cus_b6d1f249db8fe114,2009-12-01T17:18:00Z,United Kingdom,active
cus_c03fc536931e12b4,2011-03-28T11:29:00Z,United Kingdom,active
cus_dee84687d2a33b13,2010-05-09T09:58:00Z,United Kingdom,active
cus_9dc047897a9487b9,2010-02-17T15:18:00Z,United Kingdom,active
cus_ebd85875e61cdd3a,2010-11-28T09:44:00Z,United Kingdom,active
cus_74ac71bc41607f9e,2010-11-28T10:35:00Z,United Kingdom,active
cus_d1865197ef981a00,2011-07-23T13:26:00Z,United Kingdom,active
cus_83c6270346f69bb1,2011-03-16T19:47:00Z,United Kingdom,active
cus_f37e74723cdef359,2010-01-25T14:58:00Z,United Kingdom,active
cus_93076f3594dab444,2010-09-11T14:58:00Z,United Kingdom,active
cus_85aec5d2f3a81676,2010-04-28T11:48:00Z,United Kingdom,active
cus_44c281039f29a686,2010-02-08T12:37:00Z,United Kingdom,active
cus_472544afc2b37eb4,2010-08-08T08:41:00Z,United Kingdom,active
cus_d2cfe5fe26b45f9d,2010-07-29T13:25:00Z,United Kingdom,active
cus_1a6da1d91e86c803,2011-08-17T14:33:00Z,United Kingdom,active
cus_edfea995811bd302,2010-03-18T10:07:00Z,United Kingdom,active
cus_83e4a0b706dee4d1,2009-12-06T10:48:00Z,United Kingdom,active
cus_fc1bf51861cb6244,2010-05-27T12:11:00Z,United Kingdom,active
cus_c79ae77ceb08303a,2009-11-30T13:16:00Z,United Kingdom,active
cus_f3814b6f35e97957,2010-06-01T09:03:00Z,United Kingdom,active
cus_539155b369fce421,2010-04-07T12:54:00Z,United Kingdom,active
cus_51569f2f7f250dfd,2010-06-29T13:49:00Z,United Kingdom,active
cus_45915599fba606f8,2010-06-10T14:56:00Z,United Kingdom,active
cus_df5381ae9bce11f5,2011-06-27T15:44:00Z,United Kingdom,active
cus_085848b7c02a7f9a,2009-12-10T15:52:00Z,United Kingdom,active
cus_a78fe89867bc2431,2010-01-12T15:56:00Z,United Kingdom,active
cus_c796acd803168f6a,2010-05-19T13:18:00Z,United Kingdom,active
cus_f33a9d360c937557,2010-02-27T12:15:00Z,United Kingdom,active
cus_8478c5249ab24b11,2010-02-17T14:32:00Z,United Kingdom,active
cus_7ec93af026eb5099,2009-12-02T14:28:00Z,United Kingdom,active
cus_409134eaadc87f80,2010-09-16T12:45:00Z,United Kingdom,active
cus_6f9d97eff8183d64,2010-10-24T16:22:00Z,United Kingdom,active
cus_e5b3f4aa450a0845,2009-12-01T12:26:00Z,United Kingdom,active
cus_0fcfcd09ef461793,2010-01-18T11:33:00Z,United Kingdom,active
cus_e09d41ebf74d4297,2011-03-01T13:35:00Z,United Kingdom,active
cus_98c757c09aa49abc,2010-04-28T13:21:00Z,United Kingdom,active
cus_3f3144c2a7b41b27,2010-11-11T11:31:00Z,United Kingdom,active
cus_3eef6e4375726f7b,2010-02-07T16:06:00Z,United Kingdom,active
cus_a0bebf9aa6c3df9a,2011-03-29T10:50:00Z,United Kingdom,active
cus_beb1c9e333ecb103,2011-08-30T14:35:00Z,United Kingdom,active
cus_e0309c44e16dda17,2011-07-18T12:19:00Z,United Kingdom,active
cus_387277e55917af3f,2011-03-30T19:54:00Z,United Kingdom,active
cus_d28fc248e4c069c8,2010-11-21T10:03:00Z,United Kingdom,active
cus_712c42053a12273a,2011-01-25T14:35:00Z,United Kingdom,active
cus_307fe83831b5fb2c,2010-02-15T13:16:00Z,United Kingdom,active
cus_e3a30967d9b6f276,2010-06-12T13:30:00Z,United Kingdom,active
cus_2d647fd6a9068de1,2011-11-09T12:09:00Z,United Kingdom,active
cus_06b25e261456aecf,2011-11-13T14:24:00Z,United Kingdom,active
cus_dc6a1327354a1e00,2010-01-19T12:17:00Z,United Kingdom,active
cus_d2ce9f1ee4ac030b,2011-03-19T12:02:00Z,United Kingdom,active
cus_682b4577fd98f9b1,2010-10-13T13:37:00Z,United Kingdom,active
cus_360fed7308afdc6f,2009-12-14T14:30:00Z,United Kingdom,active
cus_b45b4d26bc47dd61,2009-12-12T16:03:00Z,United Kingdom,active
cus_7d263b41dfa7e27e,2011-01-08T13:50:00Z,United Kingdom,active
cus_1ea752eff643d74f,2010-01-16T11:31:00Z,United Kingdom,active
cus_413750cbace9bbbb,2009-12-12T13:39:00Z,United Kingdom,active
cus_7ca68acafcf8c162,2009-11-30T12:22:00Z,United Kingdom,active
cus_d4ad24194897f8b8,2010-01-03T14:00:00Z,United Kingdom,active
cus_ae8e60076cd36d6a,2010-05-06T16:26:00Z,United Kingdom,active
cus_800c13fb975c9a5b,2009-12-01T14:52:00Z,United Kingdom,active
cus_0bcb097a99899335,2010-01-24T10:26:00Z,United Kingdom,active
cus_c4e1acc9b2011b3c,2010-09-19T11:24:00Z,United Kingdom,active
cus_08c8b5f1a12432f6,2010-06-26T13:34:00Z,United Kingdom,active
cus_66362d8a84825121,2011-09-28T15:57:00Z,United Kingdom,active
cus_f35d95e1e935a156,2010-10-12T14:03:00Z,United Kingdom,active
cus_3a77d207161a9928,2010-10-12T15:07:00Z,United Kingdom,active
cus_86b13af6f4bdb548,2009-12-01T11:34:00Z,United Kingdom,active
cus_b1e56ab68f72ae45,2009-12-12T15:24:00Z,United Kingdom,active
cus_e8c1e804fb88730b,2010-05-27T12:15:00Z,United Kingdom,active
cus_42133d93640495f9,2009-12-13T12:09:00Z,United Kingdom,active
cus_c76996b65e7b0ca2,2010-11-29T13:23:00Z,United Kingdom,active
cus_377b92923233cd08,2011-06-07T08:31:00Z,Malta,active
cus_92c197c4d4283a13,2010-02-21T15:39:00Z,United Arab Emirates,active
cus_aadf7f4565cf972e,2011-02-23T10:15:00Z,United Kingdom,active
cus_766659bf4f866012,2011-10-20T11:43:00Z,United Kingdom,active
cus_ddd1d107ab2460b9,2010-09-19T15:32:00Z,United Kingdom,active
cus_eb37da12b99700c5,2011-06-28T16:44:00Z,United Kingdom,active
cus_e6fd80b29b88c5d2,2010-03-18T09:53:00Z,United Kingdom,active
cus_7f9d8a6205c36489,2009-12-01T15:41:00Z,United Kingdom,active
cus_0dc9e9759edb72cf,2010-10-23T10:56:00Z,United Kingdom,active
cus_378f48242b6d09ad,2011-08-24T11:27:00Z,Canada,active
cus_57f20d00d799d23d,2010-05-11T13:04:00Z,United Kingdom,active
cus_ac6f77e03f111c62,2010-03-03T12:57:00Z,United Kingdom,active
cus_69bf4bed9360bc57,2009-12-05T13:19:00Z,United Kingdom,active
cus_d949d98471014a96,2010-03-13T15:17:00Z,United Kingdom,active
cus_54cde5dbb60a5dcc,2009-12-04T12:28:00Z,United Kingdom,active
cus_58e97735fb6eb77b,2009-12-02T17:46:00Z,United Kingdom,active
cus_0673aded7d9571e1,2009-12-07T12:51:00Z,United Kingdom,active
cus_c8233712730e6bf3,2009-12-02T15:09:00Z,United Kingdom,active
cus_953071f946e66db6,2009-12-07T11:13:00Z,United Kingdom,active
cus_2eb2b5c5d459a0c8,2010-12-01T09:44:00Z,United Kingdom,active
cus_15f866cb9b836cc3,2011-03-02T11:40:00Z,United Kingdom,active
cus_3613422483c67283,2010-03-07T12:09:00Z,United Kingdom,active
cus_936ef4fc2a142daa,2009-12-05T15:41:00Z,United Kingdom,active
cus_92dd809c8105a649,2009-12-10T16:48:00Z,United Kingdom,active
cus_cfeed642582dc1f7,2009-12-09T10:33:00Z,United Kingdom,active
cus_9dd5703e7047fbbc,2010-05-24T17:22:00Z,United Kingdom,active
cus_cd038373fecfbb7b,2010-02-24T12:01:00Z,United Kingdom,active
cus_88ade8cf4b723551,2010-10-07T11:49:00Z,United Kingdom,active
cus_464f4ac9f79d4bc4,2009-11-30T10:49:00Z,United Kingdom,active
cus_a9b57823f4fdb0ae,2009-12-13T16:01:00Z,United Kingdom,active
cus_90503cdc7d795471,2009-12-01T13:02:00Z,United Kingdom,active
cus_5fe4c58833525838,2010-06-09T13:47:00Z,United Kingdom,active
cus_5ef7dfcb8ce91aba,2010-11-22T11:39:00Z,United Kingdom,active
cus_619af3f7393ef32d,2010-01-14T14:48:00Z,United Kingdom,active
cus_07fe34dcf05e84cf,2009-12-15T15:11:00Z,United Kingdom,active
cus_3f9a7cc08876bcb4,2011-03-28T11:25:00Z,United Kingdom,active
cus_32d7e7b73e4dbcd4,2010-01-19T15:30:00Z,United Kingdom,active
cus_db6a5a57a1cab29d,2010-02-01T13:00:00Z,United Kingdom,active
cus_91eff632b832c8c5,2011-06-21T13:00:00Z,United Kingdom,active
cus_59570779ccd90c08,2010-11-08T13:50:00Z,United Kingdom,active
cus_93dee4e4152febe4,2010-02-24T20:07:00Z,United Kingdom,active
cus_481e438f1cea4237,2009-12-03T16:22:00Z,United Kingdom,active
cus_4491f8e44be68f69,2009-12-13T10:51:00Z,United Kingdom,active
cus_36f3c792510f43a6,2011-08-01T17:29:00Z,United Kingdom,active
cus_d6e0804d78c690cf,2009-12-20T16:34:00Z,United Kingdom,active
cus_5a7eb77ca67d5b63,2010-03-30T10:54:00Z,United Kingdom,active
cus_adc3ffe757bd1bac,2011-07-06T12:56:00Z,United Kingdom,active
cus_1a49530912d1c90e,2010-08-26T14:13:00Z,United Kingdom,active
cus_d5845e24e456a837,2011-10-25T17:00:00Z,United Kingdom,active
cus_fb6ee89000b81de5,2010-05-20T17:22:00Z,United Kingdom,active
cus_bc18cfb17bc0c7ef,2011-07-02T14:58:00Z,United Kingdom,active
cus_9f11449f21565d82,2011-06-01T14:28:00Z,United Kingdom,active
cus_df36fe2d1f01b75d,2010-07-05T10:54:00Z,United Kingdom,active
cus_0a98bab938309682,2010-01-27T17:54:00Z,United Kingdom,active
cus_5ddbc6ba1f4c7fa8,2009-12-13T12:24:00Z,United Kingdom,active
cus_330a9d80451607f8,2009-12-01T13:10:00Z,United Kingdom,active
cus_63ad88029931dccf,2011-11-29T14:52:00Z,United Kingdom,active
cus_3270c53d3bf96988,2010-11-28T13:53:00Z,United Kingdom,active
cus_0dc382be37d3329a,2009-12-02T13:02:00Z,United Kingdom,active
cus_87a8848c11369fd3,2010-06-05T13:22:00Z,United Kingdom,active
cus_1069174d8a383d44,2010-12-11T12:08:00Z,United Kingdom,active
cus_784f91b275ac8c39,2010-07-21T14:20:00Z,United Kingdom,active
cus_63341d9b9910e006,2010-09-26T10:40:00Z,United Kingdom,active
cus_f38fa67672e32d63,2009-12-05T10:37:00Z,United Kingdom,active
cus_f67c5ec14c6fca53,2010-07-14T20:05:00Z,United Kingdom,active
cus_b22026febd800753,2010-10-20T12:17:00Z,United Kingdom,active
cus_444cf2541f51cf98,2010-05-08T14:07:00Z,United Kingdom,active
cus_a24490dd71eb41f2,2010-05-16T15:30:00Z,United Kingdom,active
cus_b731f0634413e3f3,2009-12-08T11:40:00Z,United Kingdom,active
cus_d2892df1b5407def,2010-03-03T10:41:00Z,United Kingdom,active
cus_480893e7213e6060,2010-02-15T15:47:00Z,United Kingdom,active
cus_105bcbc218ba39f7,2009-12-03T14:33:00Z,United Kingdom,active
cus_c3665cc7fe30a5f4,2010-12-11T14:43:00Z,United Kingdom,active
cus_5556aedd7b8fa808,2009-12-02T12:31:00Z,United Kingdom,active
cus_7865303f50f423d3,2010-01-05T15:37:00Z,United Kingdom,active
cus_312e1cea72770512,2011-03-24T14:34:00Z,United Kingdom,active
cus_2e30e11ac5b5d2d0,2011-07-14T12:58:00Z,United Kingdom,active
cus_1dbecf9720e2b88c,2009-12-01T11:07:00Z,United Kingdom,active
cus_7f2c897b01d877df,2010-01-03T17:39:00Z,United Kingdom,active
cus_7d3965d386346b35,2010-06-15T11:54:00Z,United Kingdom,active
cus_83e772de67ebf69a,2009-12-08T13:22:00Z,United Kingdom,active
cus_692cfe690b1da9e0,2010-02-11T16:27:00Z,United Kingdom,active
cus_ef93fdd4f7c7b9e5,2011-04-03T13:47:00Z,United Kingdom,active
cus_bbaa8f508f18c4e5,2009-12-10T15:37:00Z,United Kingdom,active
cus_92952f7158d6a1cd,2010-03-07T12:22:00Z,United Kingdom,active
cus_9192b823ff02ee1b,2009-11-30T14:48:00Z,United Kingdom,active
cus_41bc11079e88fa63,2010-01-12T15:24:00Z,United Kingdom,active
cus_9ec4954d16b7f75f,2009-12-13T13:19:00Z,United Kingdom,active
cus_b06981707ac49f70,2010-01-17T13:24:00Z,United Kingdom,active
cus_8cff87adbe8cee08,2010-07-14T15:01:00Z,United Kingdom,active
cus_237076dd618ed283,2009-12-05T13:41:00Z,United Kingdom,active
cus_7972005def6f8231,2010-10-27T20:03:00Z,United Kingdom,active
cus_79fa98d999782a67,2010-08-05T11:24:00Z,United Kingdom,active
cus_eb35c4f5cb96ba8e,2010-12-01T13:49:00Z,United Kingdom,active
cus_e95db17deff45ee7,2010-11-03T14:26:00Z,United Kingdom,active
cus_bc73a777a75216d6,2009-12-07T13:27:00Z,United Kingdom,active
cus_f748031ef3f2967c,2010-11-10T14:42:00Z,United Kingdom,active
cus_1a0bc2b01dc90f1b,2010-10-24T10:40:00Z,United Kingdom,active
cus_27621ab8c227247b,2010-01-27T09:38:00Z,United Kingdom,active
cus_86c397be555303ae,2010-06-06T11:23:00Z,United Kingdom,active
cus_7236d4c08b80cb14,2009-12-06T13:35:00Z,United Kingdom,active
cus_72e1fb5c0fd48b34,2009-12-06T15:19:00Z,United Kingdom,active
cus_5e2cd36bcbae8fc9,2010-03-28T10:37:00Z,United Kingdom,active
cus_66b5f27ca6088c1e,2010-11-16T17:01:00Z,United Kingdom,active
cus_22185a17fa6ef9a1,2010-06-10T11:48:00Z,United Kingdom,active
cus_c643a0ce54b93118,2011-06-27T17:28:00Z,United Kingdom,active
cus_58b7eda4c51be575,2009-11-30T13:07:00Z,United Kingdom,active
cus_9563dbe03bb9602a,2010-11-25T13:16:00Z,United Kingdom,active
cus_d5849f5a7f22cea6,2010-05-23T17:34:00Z,United Kingdom,active
cus_9e7876cf2a66b984,2009-12-01T15:38:00Z,United Kingdom,active
cus_1482e21c26c4e4a7,2009-12-07T11:07:00Z,United Kingdom,active
cus_3f0f3ad9ca1d50a7,2010-11-27T15:09:00Z,United Kingdom,active
cus_3c0fc6eba3c975c8,2010-12-11T13:47:00Z,United Kingdom,active
cus_456c668c814b7877,2009-12-16T12:27:00Z,United Kingdom,active
cus_c42daa6e208ac69e,2010-11-11T11:08:00Z,United Kingdom,active
cus_a7a08d2bbf573c4b,2010-01-05T12:35:00Z,United Kingdom,active
cus_fb20c6d547451347,2010-02-24T11:49:00Z,United Kingdom,active
cus_44162c6b537a53d4,2010-05-20T13:28:00Z,United Kingdom,active
cus_7cd9b527ae3b3560,2009-12-15T13:16:00Z,United Kingdom,active
cus_aaa295516a7fc534,2011-07-06T14:08:00Z,United Kingdom,active
cus_afa05de07d7a9504,2010-01-26T16:00:00Z,United Kingdom,active
cus_f2ae5e2a6e9311fe,2010-10-03T15:11:00Z,United Kingdom,active
cus_77d4d6220787d273,2010-10-14T11:05:00Z,United Kingdom,active
cus_e0bfd8e757186fc0,2010-06-13T12:31:00Z,United Kingdom,active
cus_7e911dd922073e5b,2010-07-14T18:47:00Z,United Kingdom,active
cus_05182b42ac463f25,2010-06-10T13:59:00Z,United Kingdom,active
cus_5af1629668679fd9,2011-07-09T12:28:00Z,United Kingdom,active
cus_c44fe5caf1e00048,2010-03-29T17:33:00Z,United Kingdom,active
cus_d89e060871a00135,2010-07-21T16:21:00Z,United Kingdom,active
cus_b17252fa6dc910fe,2011-09-01T10:38:00Z,United Kingdom,active
cus_f1cf4450da5701b1,2010-03-06T15:30:00Z,United Kingdom,active
cus_451e4f006dde814d,2011-01-08T15:32:00Z,United Kingdom,active
cus_7f6162ec535947e6,2010-11-28T12:36:00Z,United Kingdom,active
cus_06f14de79388430e,2010-11-18T13:42:00Z,United Kingdom,active
cus_35fbcf6335266030,2009-12-17T12:04:00Z,United Kingdom,active
cus_17930547cc28d974,2009-11-30T13:48:00Z,United Kingdom,active
cus_978195cca95d81fc,2010-05-31T15:59:00Z,United Kingdom,active
cus_1e10d5a041e951f6,2010-03-08T11:19:00Z,United Kingdom,active
cus_22c93bed8052e598,2011-04-07T08:27:00Z,United Kingdom,active
cus_9878fa50aee7fef0,2010-01-13T10:04:00Z,United Kingdom,active
cus_2db08ee393831652,2010-12-07T12:35:00Z,United Kingdom,active
cus_7fb59b4db84a7efb,2010-05-27T15:31:00Z,United Kingdom,active
cus_c1502f55e2bb53ac,2010-08-02T13:03:00Z,United Kingdom,active
cus_dc3af3e8cf07146e,2010-04-27T13:24:00Z,United Kingdom,active
cus_6d9cd34f3c007804,2009-12-08T12:17:00Z,United Kingdom,active
cus_471823ecde694c0c,2010-05-23T11:11:00Z,United Kingdom,active
cus_5661c23f4f5b1b28,2010-11-11T08:18:00Z,United Kingdom,active
cus_b98d84f61196fdcd,2010-10-21T13:27:00Z,United Kingdom,active
cus_1167c7a1856d2e80,2010-03-30T12:29:00Z,United Kingdom,active
cus_212a8af545b74306,2010-01-17T12:42:00Z,United Kingdom,active
cus_88c02b3c7f7fbf46,2011-10-02T09:30:00Z,United Kingdom,active
cus_818299037e2c38c4,2009-12-03T11:36:00Z,United Kingdom,active
cus_908692d3bd019bcc,2010-04-20T08:55:00Z,United Kingdom,active
cus_91a920b6ea7ec600,2010-03-15T13:05:00Z,United Kingdom,active
cus_d32f708e8f9056a3,2010-01-31T15:01:00Z,United Kingdom,active
cus_84ef8eb0ccda9820,2009-12-08T16:00:00Z,United Kingdom,active
cus_f7bde2d8cdc28324,2010-10-19T11:42:00Z,United Kingdom,active
cus_8b7ac5949efd6cd9,2010-02-27T16:14:00Z,United Kingdom,active
cus_e477253495b9c027,2009-12-04T10:31:00Z,United Kingdom,active
cus_3872b9f57ac59d34,2011-05-25T19:38:00Z,United Kingdom,active
cus_4814a2238cabe021,2010-07-28T11:47:00Z,United Kingdom,active
cus_e8617cb16fff1617,2009-12-06T11:40:00Z,United Kingdom,active
cus_3f513a667428597d,2010-03-20T15:50:00Z,United Kingdom,active
cus_6bf1c1289dba8b9a,2010-08-04T12:19:00Z,United Kingdom,active
cus_733697fad5000ba9,2011-04-10T10:10:00Z,United Kingdom,active
cus_822fe5209bd6f685,2011-07-28T11:56:00Z,United Kingdom,active
cus_eecb9f02de46c27e,2010-03-20T11:57:00Z,United Kingdom,active
cus_17553793df3a7c44,2009-11-30T09:43:00Z,United Kingdom,active
cus_48bfaee8d6534610,2010-09-18T11:57:00Z,United Kingdom,active
cus_82fe4775f9ebd708,2009-12-03T12:37:00Z,United Kingdom,active
cus_8a82b6b3d3b322df,2010-03-30T10:27:00Z,United Kingdom,active
cus_60dbef82104c3302,2009-12-10T13:57:00Z,United Kingdom,active
cus_2d66df35a661069a,2010-04-18T14:09:00Z,United Kingdom,active
cus_495b558884fc4406,2010-07-13T14:30:00Z,United Kingdom,active
cus_738c936f0c5d3903,2009-12-16T11:06:00Z,United Kingdom,active
cus_f9fe6aa8b7b89387,2011-08-03T15:52:00Z,United Kingdom,active
cus_6de3f9b3f323366c,2010-02-02T13:52:00Z,United Kingdom,active
cus_7d9985200ab69361,2009-11-30T09:24:00Z,United Kingdom,active
cus_7fa2936377f70194,2010-06-07T13:36:00Z,United Kingdom,active
cus_6fd3c959ebef367d,2010-01-14T11:36:00Z,United Kingdom,active
cus_208850eadcb4489c,2010-06-30T12:13:00Z,United Kingdom,active
cus_8c7f8dcb4eda2f28,2010-06-05T12:40:00Z,United Kingdom,active
cus_115c01b5c364a2f9,2010-12-05T12:31:00Z,United Kingdom,active
cus_a2fe36556cb371fc,2010-10-23T15:29:00Z,United Kingdom,active
cus_dbab1284b66b5ccb,2011-11-13T12:47:00Z,United Kingdom,active
cus_4a742b6054b4d99d,2010-11-22T13:36:00Z,United Kingdom,active
cus_9889b62babfb95b8,2011-05-08T13:45:00Z,United Kingdom,active
cus_3efd4b905ecd4ad3,2011-07-11T11:37:00Z,United Kingdom,active
cus_389a62bcbf25164a,2010-07-13T12:47:00Z,United Kingdom,active
cus_6ce7a61e1360c180,2010-08-23T17:21:00Z,United Kingdom,active
cus_4dea091b30dc7159,2010-10-31T13:56:00Z,United Kingdom,active
cus_40b154636fb390a7,2010-06-19T13:19:00Z,United Kingdom,active
cus_8c529f2dceddc111,2011-10-12T15:58:00Z,United Kingdom,active
cus_e0eb60f494abb1b6,2010-07-22T16:54:00Z,United Kingdom,active
cus_c796bca75c74128b,2011-05-10T14:14:00Z,United Kingdom,active
cus_7513b7708411bcc3,2010-01-13T11:59:00Z,United Kingdom,active
cus_1b8ad4caea4b95e1,2010-03-14T13:13:00Z,United Kingdom,active
cus_ad58842393a33fea,2010-09-13T15:50:00Z,United Kingdom,active
cus_36f5df54d751aebe,2010-06-05T13:45:00Z,United Kingdom,active
cus_13d17787e9f5a62f,2011-07-20T10:44:00Z,United Kingdom,active
cus_dea3bd67c30b65a5,2009-12-15T15:57:00Z,United Kingdom,active
cus_0155869f799d77c5,2009-12-07T12:30:00Z,United Kingdom,active
cus_b658ac609f6815af,2011-05-02T16:35:00Z,United Kingdom,active
cus_e362eddbec5c893b,2010-03-13T12:41:00Z,United Kingdom,active
cus_4e59f8a2b3b8fda6,2011-05-21T10:47:00Z,United Kingdom,active
cus_6572986ecb0e6f87,2010-08-05T09:18:00Z,United Kingdom,active
cus_fcef39ec95c7e1a2,2011-02-20T10:36:00Z,United Kingdom,active
cus_68dd01737860e769,2010-12-04T12:29:00Z,United Kingdom,active
cus_548d73eb189977b1,2011-09-11T09:03:00Z,United Kingdom,active
cus_45ba8e1aa09dc515,2010-11-17T16:33:00Z,United Kingdom,active
cus_1f0424965374acb2,2010-11-24T15:55:00Z,United Kingdom,active
cus_3fac7dd68a75b362,2011-06-14T13:23:00Z,United Kingdom,active
cus_93b7c0be6b3f48c2,2010-03-25T12:26:00Z,United Kingdom,active
cus_55c80b7bebf4812f,2011-08-25T11:40:00Z,United Kingdom,active
cus_d5f37de7fe58bac3,2009-12-02T17:29:00Z,United Kingdom,active
cus_1a1b7a217a41c3bf,2010-01-07T14:10:00Z,United Kingdom,active
cus_8db9e6d8c5bcb18d,2010-01-04T10:46:00Z,United Kingdom,active
cus_70fe1a4802d5171d,2009-12-10T09:58:00Z,United Kingdom,active
cus_9c047c3320f3cd10,2010-04-05T10:43:00Z,United Kingdom,active
cus_832cfefdb9e19033,2010-12-15T15:45:00Z,United Kingdom,active
cus_cd48099af133c99e,2009-12-14T18:57:00Z,United Kingdom,active
cus_1c547ff00e5aed8b,2010-02-17T14:25:00Z,United Kingdom,active
cus_1538a300bc8219c7,2010-02-13T15:51:00Z,United Kingdom,active
cus_8ed586ff62da32b4,2011-07-19T08:59:00Z,United Kingdom,active
cus_5180644c80474eb2,2009-12-03T15:30:00Z,United Kingdom,active
cus_65234485fcca119f,2010-09-01T14:25:00Z,United Kingdom,active
cus_2399b8794f55be7e,2009-12-21T12:05:00Z,United Kingdom,active
cus_d9022dfcc8b8ca5a,2010-08-18T17:42:00Z,United Kingdom,active
cus_5fc2b75cce864974,2011-09-28T09:53:00Z,United Kingdom,active
cus_406e439169c48fc5,2010-01-27T15:30:00Z,United Kingdom,active
cus_1a56541b35febde3,2010-03-16T14:55:00Z,United Kingdom,active
cus_e6592ddd1bb9d089,2011-01-06T13:39:00Z,United Kingdom,active
cus_97dceba0038bc47e,2010-01-24T11:32:00Z,United Kingdom,active
cus_e7221144e30d0576,2011-08-24T18:45:00Z,United Kingdom,active
cus_1d9082081c576e98,2009-12-07T13:19:00Z,United Kingdom,active
cus_d9abdcf0847072d7,2011-09-25T12:02:00Z,United Kingdom,active
cus_40d3b189d59e2797,2010-05-22T11:54:00Z,United Kingdom,active
cus_b68403fdf8f3e047,2010-11-21T09:39:00Z,United Kingdom,active
cus_bdd1632258df25c1,2011-03-05T12:09:00Z,United Kingdom,active
cus_7ecdac172fa7ea56,2010-01-30T14:42:00Z,United Kingdom,active
cus_73045660772205b9,2011-04-16T10:21:00Z,United Kingdom,active
cus_417d0ca887c2b4e9,2010-06-02T19:47:00Z,United Kingdom,active
cus_9e244eba4adb06a2,2010-03-25T13:03:00Z,United Kingdom,active
cus_5ddcc4eedf0bdf2d,2010-06-30T15:39:00Z,United Kingdom,active
cus_52cdf8572656751c,2010-02-16T15:11:00Z,United Kingdom,active
cus_25a3953f09871651,2009-12-06T13:17:00Z,United Kingdom,active
cus_55dad29762b89f66,2009-12-14T11:42:00Z,United Kingdom,active
cus_57eb34e9037f4548,2009-12-03T12:20:00Z,United Kingdom,active
cus_7d72ddfd6fb58e39,2009-12-03T16:51:00Z,United Kingdom,active
cus_5b35dba582b1f224,2010-03-04T10:05:00Z,United Kingdom,active
cus_938f1b390d39f53a,2010-08-11T16:45:00Z,United Kingdom,active
cus_0b5a384eeccf6e59,2011-09-20T10:48:00Z,United Kingdom,active
cus_b389124074773f57,2009-12-02T14:42:00Z,United Kingdom,active
cus_b65fbdaa6cf0f0b1,2010-07-01T10:01:00Z,United Kingdom,active
cus_12eb854c0f6416c1,2010-01-09T12:13:00Z,United Kingdom,active
cus_472cb9210f7015c4,2011-05-25T16:30:00Z,United Kingdom,active
cus_cad2ab0a65a4d433,2011-05-05T13:35:00Z,United Kingdom,active
cus_1561a1fb84e5e0da,2010-04-14T13:39:00Z,United Kingdom,active
cus_1733af2edb3a647a,2011-07-27T13:05:00Z,United Kingdom,active
cus_ad89b2075ce2361c,2010-10-12T10:11:00Z,United Kingdom,active
cus_65d52cb3add8840d,2010-03-31T11:55:00Z,United Kingdom,active
cus_7632ecceabd48cef,2010-01-10T08:49:00Z,United Kingdom,active
cus_a308299290a06b8b,2010-03-07T15:26:00Z,United Kingdom,active
cus_26c5e147e4b989a5,2010-03-17T15:52:00Z,United Kingdom,active
cus_58956890e9c3cbc5,2011-06-05T13:18:00Z,United Kingdom,active
cus_80e46b44a7bbf83a,2011-02-01T13:16:00Z,United Kingdom,active
cus_10fd9c59cc61ef64,2009-12-21T12:01:00Z,United Kingdom,active
cus_bb7b51b05a696c5c,2009-12-07T17:16:00Z,United Kingdom,active
cus_afb942ce3c5729df,2010-03-06T12:38:00Z,United Kingdom,active
cus_2d176289456b8a50,2010-09-08T16:31:00Z,United Kingdom,active
cus_81a2892bf6d2f33b,2010-02-17T16:20:00Z,United Kingdom,active
cus_2f3279ef5fccd05a,2010-05-15T11:35:00Z,United Kingdom,active
cus_2a43806015f6da18,2009-12-14T13:50:00Z,United Kingdom,active
cus_81cda3ea704831c1,2011-03-31T11:48:00Z,United Kingdom,active
cus_9ee62b57a4e49310,2011-07-03T15:26:00Z,United Kingdom,active
cus_93cefc18570445d4,2010-09-30T15:33:00Z,United Kingdom,active
cus_2112445640313bfb,2009-12-10T10:27:00Z,United Kingdom,active
cus_fef1aff7634ec4b4,2010-12-07T13:53:00Z,United Kingdom,active
cus_a3de2cf876462748,2010-10-02T10:49:00Z,United Kingdom,active
cus_3fc3822b04d7c83c,2009-12-07T11:27:00Z,United Kingdom,active
cus_cb498f88b2c116df,2010-03-03T12:53:00Z,United Kingdom,active
cus_6a56d80842f3f2a1,2009-12-07T16:23:00Z,United Kingdom,active
cus_cf994430917fbe0d,2009-12-09T17:14:00Z,United Kingdom,active
cus_17ed329da0364143,2010-08-01T10:26:00Z,United Kingdom,active
cus_4af0d8076c4477bc,2010-05-10T10:49:00Z,United Kingdom,active
cus_354fe2888a44bc97,2010-02-18T17:16:00Z,United Kingdom,active
cus_1fd80d1589891843,2009-12-15T10:45:00Z,United Kingdom,active
cus_4dc491689de2e394,2009-11-30T14:19:00Z,United Kingdom,active
cus_4f7340af0a67964c,2009-11-30T12:32:00Z,United Kingdom,active
cus_7ae4831d11605963,2009-11-30T14:44:00Z,United Kingdom,active
cus_f9753f968ed9714e,2009-11-30T14:49:00Z,United Kingdom,active
cus_f996198d06925dcd,2009-11-30T14:56:00Z,United Kingdom,active
cus_e7780fdbd297bc56,2009-11-30T14:59:00Z,United Kingdom,active
cus_6d3982b8daf5273a,2009-12-03T09:43:00Z,United Kingdom,active
cus_c9057e184fe3360b,2009-12-03T16:11:00Z,United Kingdom,active
cus_cfe69d2080490acb,2009-12-06T09:25:00Z,EIRE,active
cus_ac3d5fdbd5ad2cc1,2009-12-06T14:31:00Z,United Kingdom,active
cus_2c53f44c9493bd15,2009-12-06T18:02:00Z,United Kingdom,active
cus_98a96847659b5014,2009-12-07T14:36:00Z,United Kingdom,active
cus_854cfc2aa97e5d8d,2009-12-07T15:08:00Z,United Kingdom,active
cus_1759161a82fab53f,2009-12-08T09:42:00Z,United Kingdom,active
cus_c65ef57acd2ecd21,2009-12-08T13:30:00Z,United Kingdom,active
cus_fd1a4828e3ef0853,2009-12-08T14:31:00Z,United Kingdom,active
cus_ca8a608c1a56fb65,2009-12-08T16:23:00Z,United Kingdom,active
cus_bf183fb4139fefaa,2009-12-09T13:30:00Z,United Kingdom,active
cus_8851066113af84b2,2009-12-10T13:30:00Z,United Kingdom,active
cus_cd96f274aeab866f,2009-12-12T11:02:00Z,United Kingdom,active
cus_f797b29996d9de83,2009-12-12T13:53:00Z,EIRE,active
cus_76f823920d3d638a,2009-12-13T11:31:00Z,United Kingdom,active
cus_271c07e96afeb863,2009-12-13T14:36:00Z,United Kingdom,active
cus_879d80ea720bc1f9,2009-12-13T17:16:00Z,United Kingdom,active
cus_77829946c7f93320,2009-12-13T18:37:00Z,United Kingdom,active
cus_d30cb96d43800803,2009-12-15T11:39:00Z,United Kingdom,active
cus_b58161b82809b513,2009-12-15T17:58:00Z,United Kingdom,active
cus_e80f802091ebc9dd,2009-12-16T12:54:00Z,United Kingdom,active
cus_96b8c008c6f46bd9,2009-12-16T14:17:00Z,United Kingdom,active
cus_39f2e76310d37e91,2009-12-16T16:15:00Z,United Kingdom,active
cus_f33c27945f19db43,2009-12-16T17:20:00Z,United Kingdom,active
cus_80a2dd2096a118a5,2009-12-16T18:40:00Z,United Kingdom,active
cus_2283c94b3e14a533,2009-12-16T18:43:00Z,United Kingdom,active
cus_db0d46cc6030435a,2009-12-16T18:54:00Z,United Kingdom,active
cus_e7cc41e6ee4a1a1b,2009-12-16T19:48:00Z,United Kingdom,active
cus_b9bc18f49ded8345,2009-12-17T13:49:00Z,United Kingdom,active
cus_f9f9035ddf28baad,2009-12-17T14:08:00Z,EIRE,active
cus_8bab8caa8ae2deb8,2009-12-17T17:06:00Z,United Kingdom,active
cus_73ad1c5ab3235230,2009-12-17T17:15:00Z,United Kingdom,active
cus_7d65eefafa3012fe,2009-12-19T15:01:00Z,United Kingdom,active
cus_fd3dd00f1993503c,2009-12-19T15:57:00Z,United Kingdom,active
cus_58545b98c6bad186,2009-12-20T11:06:00Z,United Kingdom,active
cus_0f9f251e104fc479,2009-12-20T13:39:00Z,United Kingdom,active
cus_542db8de532b9d2e,2009-12-20T15:32:00Z,United Kingdom,active
cus_1d88409dcfb38da1,2009-12-20T17:20:00Z,United Kingdom,active
cus_75857251825efa45,2009-12-21T09:41:00Z,United Kingdom,active
cus_a3eae1af5fb5f3db,2009-12-21T09:45:00Z,United Kingdom,active
cus_589be22ae3ba9980,2009-12-21T10:59:00Z,United Kingdom,active
cus_436107d029ae8b4e,2009-12-21T13:29:00Z,United Kingdom,active
cus_2df2a29c44c0a2c0,2009-12-21T14:48:00Z,United Kingdom,active
cus_407227441a295741,2009-12-21T15:10:00Z,United Kingdom,active
cus_cb488f44eb55204c,2009-12-21T15:12:00Z,United Kingdom,active
cus_775d91e63170e9a5,2009-12-21T15:13:00Z,United Kingdom,active
cus_ef16e56210be0111,2009-12-21T15:54:00Z,United Kingdom,active
cus_201038e0bdc767ff,2009-12-22T12:30:00Z,United Kingdom,active
cus_7b36a84d0c1d6d16,2009-12-22T13:36:00Z,United Kingdom,active
cus_9794ffae0042500e,2009-12-22T14:09:00Z,United Kingdom,active
cus_b9aea3f1d100e3e1,2010-01-03T14:48:00Z,United Kingdom,active
cus_8851b67a356b3c0a,2010-01-04T14:22:00Z,United Kingdom,active
cus_0afad9da6827b8ba,2010-01-06T11:22:00Z,United Kingdom,active
cus_a2510c98474dd25a,2010-01-06T14:20:00Z,United Kingdom,active
cus_50fb3b0fcada2262,2010-01-07T14:43:00Z,United Kingdom,active
cus_9be783a623a8d9a6,2010-01-09T14:02:00Z,United Kingdom,active
cus_cf0988234800da6e,2010-01-09T15:29:00Z,United Kingdom,active
cus_f5355e96312773e8,2010-01-09T15:55:00Z,United Kingdom,active
cus_90e6ab35e624e6f9,2010-01-10T09:31:00Z,United Kingdom,active
cus_d5fde159b85054a0,2010-01-10T09:34:00Z,United Kingdom,active
cus_aa525c13a349e646,2010-01-10T09:37:00Z,United Kingdom,active
cus_e6ca8ef9321e935e,2010-01-10T09:37:00Z,United Kingdom,active
cus_8a9e6e77a7541e84,2010-01-10T09:38:00Z,United Kingdom,active
cus_b5d6c01c0603aee8,2010-01-10T14:39:00Z,United Kingdom,active
cus_436629d4950e5619,2010-01-11T09:47:00Z,United Kingdom,active
cus_50d93818fcef370f,2010-01-12T17:08:00Z,United Kingdom,active
cus_b1001f18031354e6,2010-01-12T17:44:00Z,United Kingdom,active
cus_5c3d97b5dafa72e8,2010-01-12T17:51:00Z,United Kingdom,active
cus_5debd636aaff99d2,2010-01-13T09:46:00Z,United Kingdom,active
cus_80968c03b17bc70d,2010-01-17T13:20:00Z,United Kingdom,active
cus_1c2b895018c079a6,2010-01-18T09:05:00Z,United Kingdom,active
cus_f8a390620aec4457,2010-01-19T13:07:00Z,United Kingdom,active
cus_22e591145737f65b,2010-01-21T17:58:00Z,United Kingdom,active
cus_b2a9f9073586ac12,2010-01-24T09:54:00Z,United Kingdom,active
cus_2acffefefec63147,2010-01-24T11:53:00Z,United Kingdom,active
cus_97f76bf5732a87c5,2010-01-24T15:39:00Z,United Kingdom,active
cus_7ebdd4ad458d1542,2010-01-24T15:40:00Z,United Kingdom,active
cus_d86af04fab4d1334,2010-01-24T15:42:00Z,United Kingdom,active
cus_90df7f6bea13453b,2010-01-25T16:20:00Z,EIRE,active
cus_a531ec100169f3a3,2010-01-26T17:53:00Z,United Kingdom,active
cus_fab87e81c80d4c5e,2010-01-27T14:16:00Z,United Kingdom,active
cus_e225a71bb54891d2,2010-01-30T10:36:00Z,United Kingdom,active
cus_c2ecc1879ea6dd23,2010-01-30T15:57:00Z,United Kingdom,active
cus_c276ce3d0e02402d,2010-01-30T15:58:00Z,United Kingdom,active
cus_ac780c2e8d6c5774,2010-01-31T11:16:00Z,United Kingdom,active
cus_023b6b1ebed4c375,2010-01-31T11:19:00Z,United Kingdom,active
cus_24defd4c95277eba,2010-01-31T17:13:00Z,United Kingdom,active
cus_245c0af549239ba3,2010-02-02T12:57:00Z,United Kingdom,active
cus_0b28cf52bd12ce97,2010-02-02T12:59:00Z,United Kingdom,active
cus_8a4585d00ee609f8,2010-02-06T14:58:00Z,United Kingdom,active
cus_3563f06c9031692b,2010-02-07T12:36:00Z,United Arab Emirates,active
cus_9dbfe2ec0f076060,2010-02-07T13:38:00Z,United Arab Emirates,active
cus_5db07973d8a2f1b6,2010-02-07T14:01:00Z,United Kingdom,active
cus_899cc51957d3cc05,2010-02-07T14:27:00Z,United Kingdom,active
cus_f9f4bc22546efc54,2010-02-07T16:48:00Z,United Kingdom,active
cus_1929edc761ebaed2,2010-02-07T16:53:00Z,United Kingdom,active
cus_7ad6a33dd3d31916,2010-02-07T17:04:00Z,United Kingdom,active
cus_64128cab74e4ee83,2010-02-07T17:12:00Z,United Kingdom,active
cus_6e446bff36bf5399,2010-02-08T14:46:00Z,United Kingdom,active
cus_677a636a517479f9,2010-02-09T15:10:00Z,United Kingdom,active
cus_7e50d3a1e3ef539d,2010-02-09T17:59:00Z,United Kingdom,active
cus_8e9b994010d0fd6b,2010-02-14T16:13:00Z,United Kingdom,active
cus_4367d8dcf8b2e17c,2010-02-16T16:00:00Z,United Kingdom,active
cus_c133406711b6f7c5,2010-02-17T14:50:00Z,United Kingdom,active
cus_7f8505dc2637de36,2010-02-18T09:52:00Z,United Kingdom,active
cus_435dcd31aa5f9855,2010-02-18T11:06:00Z,United Kingdom,active
cus_e4231d5c6a47a12e,2010-02-18T11:07:00Z,United Kingdom,active
cus_aeb8bc17b5d806be,2010-02-18T11:09:00Z,United Kingdom,active
cus_7707e5d8e0efdac8,2010-02-18T13:22:00Z,United Kingdom,active
cus_d4a3a6ffb200d48e,2010-02-18T18:04:00Z,United Kingdom,active
cus_8ff67466a6fcd746,2010-02-22T10:50:00Z,United Kingdom,active
cus_d2272088c383f0aa,2010-02-22T17:06:00Z,United Kingdom,active
cus_0c88c28d22cc3dde,2010-02-23T10:42:00Z,United Kingdom,active
cus_ddfe8067d76ffeeb,2010-02-24T13:40:00Z,United Kingdom,active
cus_a5501c122a768ba6,2010-02-25T16:33:00Z,United Kingdom,active
cus_1325ff3f6179cbea,2010-02-28T13:45:00Z,United Kingdom,active
cus_86ff271139f67746,2010-03-03T12:06:00Z,United Kingdom,active
cus_8a9ffec39ff523d2,2010-03-04T14:35:00Z,United Kingdom,active
cus_1c563e93c5a92931,2010-03-04T14:35:00Z,United Kingdom,active
cus_153281b45858ca35,2010-03-04T14:37:00Z,United Kingdom,active
cus_e1ab5e65a8554bab,2010-03-04T14:40:00Z,United Kingdom,active
cus_b23fd6910821e22e,2010-03-04T14:53:00Z,United Kingdom,active
cus_7829ff0dc3b3ac28,2010-03-06T16:20:00Z,United Kingdom,active
cus_7668e44300e76ee6,2010-03-07T12:35:00Z,United Kingdom,active
cus_45d83a97621f98a9,2010-03-07T14:22:00Z,United Kingdom,active
cus_7c896d28963df6fb,2010-03-07T14:26:00Z,United Kingdom,active
cus_ccf0c1cf685a0c2b,2010-03-07T16:01:00Z,United Kingdom,active
cus_46509d7e481e29b0,2010-03-08T14:48:00Z,United Kingdom,active
cus_6f83a8166d3689d3,2010-03-09T13:24:00Z,United Kingdom,active
cus_d72631f237370935,2010-03-09T16:24:00Z,United Kingdom,active
cus_f614c93a9a3d69c7,2010-03-10T09:17:00Z,United Kingdom,active
cus_08f07c6f90a4f282,2010-03-14T09:28:00Z,United Kingdom,active
cus_82a58651dabe9def,2010-03-14T10:14:00Z,United Kingdom,active
cus_26512d2f18ccda7d,2010-03-14T15:35:00Z,United Kingdom,active
cus_7795e599285e0472,2010-03-15T16:59:00Z,United Kingdom,active
cus_70f1aa151374c8d9,2010-03-16T15:25:00Z,United Kingdom,active
cus_da2df9fe8d5285c5,2010-03-16T17:05:00Z,United Kingdom,active
cus_c36e192d875c6092,2010-03-17T14:38:00Z,United Kingdom,active
cus_ae5c81abca342612,2010-03-18T09:39:00Z,Bahrain,active
cus_723920b85cf3be0a,2010-03-18T14:49:00Z,Sweden,active
cus_965b52d6ac6e5143,2010-03-18T15:18:00Z,United Kingdom,active
cus_394c9d0fd1f34097,2010-03-21T17:36:00Z,United Kingdom,active
cus_f59582cccdf845c2,2010-03-24T12:51:00Z,United Kingdom,active
cus_e52a8f11232d7782,2010-03-24T14:56:00Z,United Kingdom,active
cus_d2597c9b94b091fc,2010-03-24T15:26:00Z,United Kingdom,active
cus_7eed78b26a48628e,2010-03-24T15:41:00Z,United Kingdom,active
cus_619837a9d4eb5e7d,2010-03-25T11:42:00Z,United Kingdom,active
cus_ddce3148f34c92b2,2010-03-25T14:32:00Z,United Kingdom,active
cus_2e563fb86f02ecb6,2010-03-28T14:52:00Z,United Kingdom,active
cus_24e6ceda66e2fe46,2010-03-28T14:56:00Z,United Kingdom,active
cus_2b5d5bd103a9b7b3,2010-03-28T14:56:00Z,United Kingdom,active
cus_d10fa204f67fee76,2010-03-28T15:05:00Z,United Kingdom,active
cus_32662690fb5eae42,2010-03-28T15:06:00Z,United Kingdom,active
cus_a7645d937ac310b1,2010-03-28T15:26:00Z,United Kingdom,active
cus_fc8af922c2666bbb,2010-03-30T17:28:00Z,United Kingdom,active
cus_f2a2de71f8f102e1,2010-03-31T16:51:00Z,United Kingdom,active
cus_e671470f8613bf24,2010-04-07T11:36:00Z,United Kingdom,active
cus_e80ff957fbb846f6,2010-04-07T14:47:00Z,United Kingdom,active
cus_2162833c5c435fc2,2010-04-08T10:24:00Z,United Kingdom,active
cus_968d756ad0114904,2010-04-08T14:53:00Z,United Kingdom,active
cus_43454aae73d02946,2010-04-08T14:54:00Z,United Kingdom,active
cus_578ea123ee4419c7,2010-04-08T14:55:00Z,United Kingdom,active
cus_cf3b298c13a99b31,2010-04-08T14:58:00Z,United Kingdom,active
cus_23d9fe9b9f977c8c,2010-04-11T11:28:00Z,United Kingdom,active
cus_2304c4dd0a88117f,2010-04-11T14:39:00Z,EIRE,active
cus_415b7d2dcc2e346e,2010-04-12T11:45:00Z,United Kingdom,active
cus_09fcca02c3fac54d,2010-04-12T14:27:00Z,United Kingdom,active
cus_5c0a3633ced85711,2010-04-13T15:06:00Z,United Kingdom,active
cus_421484089a0a53ac,2010-04-15T10:03:00Z,United Kingdom,active
cus_63f80c66e235564a,2010-04-15T12:36:00Z,United Kingdom,active
cus_cb3efe2b450040fd,2010-04-18T10:28:00Z,United Kingdom,active
cus_285c4a2b8c56994f,2010-04-18T10:43:00Z,United Kingdom,active
cus_dccb7cb4d3bf8da2,2010-04-18T12:50:00Z,United Kingdom,active
cus_782365a8c06a0e36,2010-04-18T13:52:00Z,United Kingdom,active
cus_bf2970ed3452860a,2010-04-19T11:40:00Z,United Kingdom,active
cus_532dfdebbd3737f5,2010-04-19T15:49:00Z,United Kingdom,active
cus_42198e3f5b665dc6,2010-04-19T16:24:00Z,United Kingdom,active
cus_9d26632b9e2c6ec5,2010-04-20T10:50:00Z,United Kingdom,active
cus_336ede767f57c87f,2010-04-20T13:17:00Z,United Kingdom,active
cus_833e1c8b5758589e,2010-04-20T15:50:00Z,United Kingdom,active
cus_13f1a2b475236d6f,2010-04-21T14:33:00Z,United Kingdom,active
cus_ca05afb0602ff277,2010-04-22T15:25:00Z,United Kingdom,active
cus_601fe9b4e5d1140e,2010-04-25T10:52:00Z,United Kingdom,active
cus_fd55786051949b90,2010-04-25T11:57:00Z,United Kingdom,active
cus_e1497a1e4a7bd353,2010-04-25T13:24:00Z,United Kingdom,active
cus_92708eb411b27fba,2010-04-25T13:27:00Z,United Kingdom,active
cus_4b9ea45a7aed64a3,2010-04-25T13:29:00Z,United Kingdom,active
cus_9faaae42ac1c9b31,2010-04-25T13:30:00Z,United Kingdom,active
cus_6bfaf82b0347ecec,2010-04-25T13:31:00Z,United Kingdom,active
cus_60a18181d56a2d9a,2010-04-25T13:32:00Z,United Kingdom,active
cus_7208295100582805,2010-04-25T13:34:00Z,United Kingdom,active
cus_d268f2750959f8b9,2010-04-25T13:34:00Z,United Kingdom,active
cus_9692c9c21b34e5ed,2010-04-27T11:55:00Z,United Kingdom,active
cus_dcb143be5a5f1cc8,2010-04-28T11:18:00Z,United Kingdom,active
cus_1a03ddf4db4290f2,2010-04-28T15:42:00Z,United Kingdom,active
cus_ab041306dea78c06,2010-04-28T17:01:00Z,United Kingdom,active
cus_d41a81ee5083db87,2010-04-29T13:45:00Z,United Kingdom,active
cus_2df353007518c2c7,2010-05-03T17:35:00Z,United Kingdom,active
cus_ac142f8dabc5e1f5,2010-05-04T14:23:00Z,United Kingdom,active
cus_392efe6f2ea8a3a9,2010-05-04T14:27:00Z,United Kingdom,active
cus_cb1b317f871f6e07,2010-05-04T14:28:00Z,United Kingdom,active
cus_6426f2a7b851db69,2010-05-05T11:59:00Z,United Kingdom,active
cus_035bcdc0cdc71d86,2010-05-05T12:40:00Z,United Kingdom,active
cus_26d04ff4699ac358,2010-05-05T14:22:00Z,United Kingdom,active
cus_b6c33d5eb636fab1,2010-05-05T14:27:00Z,United Kingdom,active
cus_853108ad452b1854,2010-05-06T14:28:00Z,United Kingdom,active
cus_244e9dd1db526c2c,2010-05-09T13:43:00Z,United Kingdom,active
cus_a2d3ef2a0a9f826f,2010-05-11T16:29:00Z,United Kingdom,active
cus_2ee4d5bb9e75585e,2010-05-13T11:24:00Z,United Kingdom,active
cus_b723c25f18a25251,2010-05-13T14:54:00Z,United Kingdom,active
cus_1dd2da559d46f930,2010-05-13T16:07:00Z,United Kingdom,active
cus_11c1bf23173d52be,2010-05-16T10:04:00Z,United Kingdom,active
cus_e69c95d08457c753,2010-05-20T09:26:00Z,United Kingdom,active
cus_8fbce80941865853,2010-05-20T13:09:00Z,United Kingdom,active
cus_afdda18c03b6e48e,2010-05-24T09:03:00Z,United Kingdom,active
cus_775272dbd26aab65,2010-05-25T12:36:00Z,United Kingdom,active
cus_8f4146d85581ff81,2010-05-25T12:38:00Z,United Kingdom,active
cus_7299da9e7a5d1e18,2010-05-25T12:39:00Z,United Kingdom,active
cus_26dfa3f2a2deac71,2010-05-25T12:39:00Z,United Kingdom,active
cus_dc001b0ceb046b2b,2010-05-25T12:43:00Z,United Kingdom,active
cus_8189bfef3ffa9cfa,2010-05-25T12:46:00Z,United Kingdom,active
cus_e2149708c63bbdd9,2010-05-25T12:49:00Z,United Kingdom,active
cus_47d31ceab1ae0d76,2010-05-25T12:54:00Z,United Kingdom,active
cus_6846a03f52a09393,2010-05-25T12:54:00Z,United Kingdom,active
cus_40f127554a7402d0,2010-05-26T14:51:00Z,United Kingdom,active
cus_2e56c10dc4f06554,2010-05-27T09:16:00Z,United Kingdom,active
cus_c452057a68865ea9,2010-05-27T13:07:00Z,United Kingdom,active
cus_5467308de94edb9c,2010-05-27T15:15:00Z,United Kingdom,active
cus_677262fe21edf0f4,2010-05-27T17:25:00Z,United Kingdom,active
cus_01e83297e1c0f571,2010-05-31T14:32:00Z,United Kingdom,active
cus_fe8681e1bfadcaec,2010-05-31T16:13:00Z,United Kingdom,active
cus_8aa6a7d966cdd7ee,2010-06-01T11:54:00Z,United Kingdom,active
cus_c5eecf8f2d85903d,2010-06-02T12:59:00Z,United Kingdom,active
cus_69b58f4a129798fa,2010-06-02T15:02:00Z,United Kingdom,active
cus_c8d67325df49ccb0,2010-06-03T12:23:00Z,United Kingdom,active
cus_026804c7a32b1cb1,2010-06-03T14:53:00Z,United Kingdom,active
cus_457a7e655df6adcf,2010-06-03T14:54:00Z,United Kingdom,active
cus_4a00ced32c12fe1d,2010-06-03T14:59:00Z,United Kingdom,active
cus_8921b86c9f6fc00b,2010-06-03T16:13:00Z,United Kingdom,active
cus_903bbfa2fec4030d,2010-06-06T10:58:00Z,United Kingdom,active
cus_57e37c1ae094d091,2010-06-07T12:44:00Z,United Kingdom,active
cus_0c21b11fe0df3ded,2010-06-07T15:25:00Z,United Kingdom,active
cus_b9c177b48966efd0,2010-06-08T13:24:00Z,United Kingdom,active
cus_35fe57fa910047ec,2010-06-09T11:17:00Z,United Kingdom,active
cus_90eb142779c18955,2010-06-09T14:03:00Z,United Kingdom,active
cus_40daecf0206820c1,2010-06-09T16:13:00Z,United Kingdom,active
cus_cc9cc058cbd6c8c5,2010-06-10T10:05:00Z,United Kingdom,active
cus_149b654807e9307e,2010-06-10T11:44:00Z,United Kingdom,active
cus_bd9fa592f84dd966,2010-06-10T12:54:00Z,United Kingdom,active
cus_d0d5005df9fb26ce,2010-06-10T14:05:00Z,United Kingdom,active
cus_0fcb456816f7b4f8,2010-06-10T15:34:00Z,United Kingdom,active
cus_70f9d5857a4318a6,2010-06-10T16:55:00Z,United Kingdom,active
cus_a9119adcafe1b8b7,2010-06-13T14:52:00Z,United Kingdom,active
cus_180614aa5851cd03,2010-06-14T12:28:00Z,United Kingdom,active
cus_99bc9d628099aea6,2010-06-14T16:17:00Z,United Kingdom,active
cus_2ad0ac952d649949,2010-06-15T14:52:00Z,United Kingdom,active
cus_949e6afef7a0f1ac,2010-06-16T12:23:00Z,United Kingdom,active
cus_69643a91a1029d28,2010-06-16T16:53:00Z,United Kingdom,active
cus_1d8ba02f87d7c7b4,2010-06-17T09:36:00Z,United Kingdom,active
cus_e127691b9afdfe2b,2010-06-22T11:08:00Z,United Kingdom,active
cus_c947063d3c016661,2010-06-22T14:18:00Z,United Kingdom,active
cus_cc4c4349cdf89d75,2010-06-22T14:22:00Z,United Kingdom,active
cus_cf013c6ef354fdc2,2010-06-22T14:49:00Z,United Kingdom,active
cus_4f2efbaf7366f245,2010-06-23T11:31:00Z,United Kingdom,active
cus_01f91c4ed30d30bd,2010-06-23T11:32:00Z,United Kingdom,active
cus_c5c264bebbfe89c4,2010-06-23T11:33:00Z,United Kingdom,active
cus_3b813cf82e275a44,2010-06-23T11:38:00Z,United Kingdom,active
cus_d8dbbc6d4a548e40,2010-06-23T11:48:00Z,United Kingdom,active
cus_df353bbaa916115f,2010-06-23T11:50:00Z,United Kingdom,active
cus_d6eaf6322049c353,2010-06-23T14:00:00Z,United Kingdom,active
cus_2ec6bc36db33ff4b,2010-06-24T16:23:00Z,United Kingdom,active
cus_5baf9f2b8b90cd9c,2010-06-27T13:12:00Z,United Kingdom,active
cus_d294e68e26aeac60,2010-06-28T12:08:00Z,United Kingdom,active
cus_cf04d0a7977d3d44,2010-06-28T13:12:00Z,United Kingdom,active
cus_8fccb378473176ae,2010-06-29T12:27:00Z,United Kingdom,active
cus_d3360df40e2eb6cf,2010-06-29T15:55:00Z,United Kingdom,active
cus_0d81d5b3e66390bf,2010-06-30T13:02:00Z,United Kingdom,active
cus_64d566d6edc992bb,2010-06-30T14:43:00Z,United Kingdom,active
cus_bb26acc69a6eee97,2010-06-30T16:55:00Z,United Kingdom,active
cus_75381c8fb27d3ac0,2010-07-01T10:41:00Z,United Kingdom,active
cus_f7b3d7fbf488b272,2010-07-04T10:07:00Z,United Kingdom,active
cus_31d896531fa224d2,2010-07-04T11:49:00Z,United Kingdom,active
cus_482842245bb9a590,2010-07-04T13:01:00Z,United Kingdom,active
cus_df1c49f3ca393297,2010-07-05T14:44:00Z,United Kingdom,active
cus_c05c6628849df4e7,2010-07-05T16:08:00Z,United Kingdom,active
cus_1c0ccfda989ca4dd,2010-07-06T11:15:00Z,United Kingdom,active
cus_9714f728b5ea62f8,2010-07-06T11:17:00Z,United Kingdom,active
cus_9db721c5c3696e64,2010-07-06T11:17:00Z,United Kingdom,active
cus_43d2bcd6c561cee0,2010-07-06T11:18:00Z,United Kingdom,active
cus_88c95de440529e90,2010-07-06T11:20:00Z,United Kingdom,active
cus_2f5e5065c5176849,2010-07-06T11:21:00Z,United Kingdom,active
cus_e123a475b845a513,2010-07-06T11:57:00Z,United Kingdom,active
cus_a86d38f5223e5367,2010-07-06T14:06:00Z,United Kingdom,active
cus_ae360195278447a1,2010-07-07T12:10:00Z,United Kingdom,active
cus_eafc930a1862bbe9,2010-07-08T11:44:00Z,United Kingdom,active
cus_c0791c8739e676d0,2010-07-08T15:46:00Z,United Kingdom,active
cus_ac0e63e336c09a1e,2010-07-10T17:12:00Z,United Kingdom,active
cus_cb2a76a22799309b,2010-07-11T14:52:00Z,United Kingdom,active
cus_6c406acb4d2e6f5c,2010-07-12T15:32:00Z,United Kingdom,active
cus_5a976d7412fa2077,2010-07-13T12:07:00Z,EIRE,active
cus_73c6a6f5f7f59b41,2010-07-13T15:04:00Z,United Kingdom,active
cus_2ce503b8bb33ce7c,2010-07-13T17:13:00Z,United Kingdom,active
cus_1317bf4810bd6de1,2010-07-15T15:30:00Z,United Kingdom,active
cus_6d7f27405c27dec6,2010-07-18T10:31:00Z,United Kingdom,active
cus_95d517e7dc1ac0d7,2010-07-18T10:33:00Z,United Kingdom,active
cus_23888c62bd6f9539,2010-07-18T12:17:00Z,United Kingdom,active
cus_c45744ce0c404477,2010-07-19T12:05:00Z,United Kingdom,active
cus_53738ac5c900fa89,2010-07-20T17:03:00Z,United Kingdom,active
cus_0eb2e3a4a9729cfd,2010-07-21T12:07:00Z,United Kingdom,active
cus_9f732c3c33a08916,2010-07-21T12:09:00Z,United Kingdom,active
cus_1beec3546c1562cd,2010-07-21T12:09:00Z,United Kingdom,active
cus_3c2b9c37dfd7e262,2010-07-21T12:13:00Z,United Kingdom,active
cus_9ef171f2bedc52c2,2010-07-21T12:18:00Z,United Kingdom,active
cus_00a2278ab760401b,2010-07-21T18:35:00Z,United Kingdom,active
cus_bf39e719f461fca4,2010-07-22T17:26:00Z,United Kingdom,active
cus_458f24ae762977eb,2010-07-22T17:27:00Z,United Kingdom,active
cus_5833a0b5b4ebd08f,2010-07-25T10:55:00Z,United Kingdom,active
cus_76c1c1c1bf00cc6a,2010-07-25T10:59:00Z,United Kingdom,active
cus_663fd365d5cacc39,2010-07-26T10:19:00Z,United Kingdom,active
cus_688e41a40fc351c4,2010-07-26T12:40:00Z,United Kingdom,active
cus_95a336e7728c5729,2010-07-26T14:40:00Z,France,active
cus_dc9b936e818de1e7,2010-07-27T12:44:00Z,United Kingdom,active
cus_0392a75d5ef391b6,2010-07-28T10:43:00Z,United Kingdom,active
cus_f8dbfd396d2c90fd,2010-07-29T10:33:00Z,United Kingdom,active
cus_13ca6eba69ba23a5,2010-07-29T12:44:00Z,United Kingdom,active
cus_dc02b28ec3b98252,2010-07-29T14:29:00Z,United Kingdom,active
cus_7fe9474c46b7a667,2010-08-01T13:49:00Z,United Kingdom,active
cus_df30fb03842ca0e4,2010-08-02T15:19:00Z,United Kingdom,active
cus_3208f195e291f714,2010-08-03T15:48:00Z,United Kingdom,active
cus_26a4288a5725dca6,2010-08-05T14:56:00Z,United Kingdom,active
cus_9e18cae500ea9042,2010-08-05T15:02:00Z,United Kingdom,active
cus_7131070e53bed597,2010-08-08T14:53:00Z,United Kingdom,active
cus_3043f14a08d10b53,2010-08-09T12:08:00Z,United Kingdom,active
cus_a771d00ef3c8e5ae,2010-08-09T16:34:00Z,United Kingdom,active
cus_606e02a1edf47a07,2010-08-09T16:52:00Z,United Kingdom,active
cus_16afb99d715ff702,2010-08-10T14:18:00Z,United Kingdom,active
cus_c0b1cb71c10f0db2,2010-08-10T14:19:00Z,United Kingdom,active
cus_718dd89d54aa7250,2010-08-10T16:08:00Z,United Kingdom,active
cus_92b90859b9c10545,2010-08-11T10:36:00Z,United Kingdom,active
cus_4fea0d4ea36de446,2010-08-11T10:38:00Z,United Kingdom,active
cus_fda9071fa7a59ad4,2010-08-11T15:27:00Z,United Kingdom,active
cus_98d7c5d5d4e5fdf4,2010-08-11T16:41:00Z,United Kingdom,active
cus_2e2bcba6388e0aa2,2010-08-12T14:21:00Z,EIRE,active
cus_8771da4ec52b9eb0,2010-08-12T15:07:00Z,United Kingdom,active
cus_191a2fdff9dd4541,2010-08-12T15:27:00Z,United Kingdom,active
cus_eb96e373df72f55d,2010-08-12T16:31:00Z,United Kingdom,active
cus_8d3e1eb9aca36206,2010-08-12T17:00:00Z,United Kingdom,active
cus_c8fe27e486ac93c5,2010-08-14T15:01:00Z,EIRE,active
cus_57b392d1bc2c17ef,2010-08-15T14:41:00Z,United Kingdom,active
cus_bbbe2d52b5c85990,2010-08-15T14:41:00Z,United Kingdom,active
cus_b8cf93c15721bd0f,2010-08-17T15:26:00Z,United Kingdom,active
cus_0b834815d69bc82c,2010-08-18T09:22:00Z,United Kingdom,active
cus_240abde8fda3c745,2010-08-18T12:12:00Z,United Kingdom,active
cus_1a9a0680bdba664f,2010-08-18T12:14:00Z,United Kingdom,active
cus_6ee22bca32165faa,2010-08-18T12:18:00Z,United Kingdom,active
cus_03f691c2fb5e98a3,2010-08-18T12:18:00Z,United Kingdom,active
cus_130f09df736e4996,2010-08-19T09:28:00Z,United Kingdom,active
cus_306dc4a580425100,2010-08-19T16:21:00Z,United Kingdom,active
cus_d44d4030149ff2f4,2010-08-19T16:48:00Z,United Kingdom,active
cus_ef2a03e0b3e8f090,2010-08-24T14:52:00Z,United Kingdom,active
cus_5df0de10b95ffc31,2010-08-24T16:10:00Z,United Kingdom,active
cus_69f3c21f6a1391a0,2010-08-25T09:32:00Z,United Kingdom,active
cus_fdebc160b3e17ac8,2010-08-30T11:19:00Z,United Kingdom,active
cus_98f763a297113564,2010-08-30T11:42:00Z,United Kingdom,active
cus_fc6308f8178daf77,2010-08-30T15:32:00Z,United Kingdom,active
cus_fcc9b03fad2076ce,2010-08-30T16:26:00Z,United Kingdom,active
cus_6a38556a69b3547f,2010-08-30T17:15:00Z,United Kingdom,active
cus_9605705b0b9f953f,2010-08-30T17:15:00Z,United Kingdom,active
cus_5b408febe6888b5d,2010-09-02T15:31:00Z,United Kingdom,active
cus_b14c75106d39a0e6,2010-09-05T13:36:00Z,United Kingdom,active
cus_8a5115f64df05089,2010-09-05T16:42:00Z,United Kingdom,active
cus_37d21a76b027d714,2010-09-08T11:39:00Z,United Kingdom,active
cus_61ad07d03a8f6fd8,2010-09-09T15:48:00Z,United Kingdom,active
cus_9af28ecbc70bde54,2010-09-09T16:37:00Z,United Kingdom,active
cus_752946d2402fe3eb,2010-09-12T10:28:00Z,United Kingdom,active
cus_f5c19a0b47adc3ab,2010-09-12T10:32:00Z,United Kingdom,active
cus_a1446b01af33e643,2010-09-12T10:33:00Z,United Kingdom,active
cus_49409d96bd60bf19,2010-09-12T11:58:00Z,Lebanon,active
cus_24a7de83bb993bb8,2010-09-12T12:26:00Z,United Kingdom,active
cus_4a74e00e5dff2463,2010-09-12T13:42:00Z,United Kingdom,active
cus_2404b186a7ba0455,2010-09-13T17:50:00Z,United Kingdom,active
cus_fb21c80fbdbdb2c8,2010-09-14T15:14:00Z,United Kingdom,active
cus_6b082122261d24cd,2010-09-15T15:12:00Z,United Kingdom,active
cus_fde0c207b593248f,2010-09-18T14:01:00Z,United Kingdom,active
cus_e7547454d172e786,2010-09-19T14:52:00Z,United Kingdom,active
cus_33f10a949824bc48,2010-09-19T16:23:00Z,United Kingdom,active
cus_13bd750812bbb438,2010-09-20T16:06:00Z,United Kingdom,active
cus_168e3cd2ae6b621c,2010-09-21T15:07:00Z,United Kingdom,active
cus_e7bdf86b491e2103,2010-09-21T15:17:00Z,United Kingdom,active
cus_211e2daa04c4448a,2010-09-23T13:46:00Z,United Kingdom,active
cus_2e421476f22752b1,2010-09-23T14:42:00Z,United Kingdom,active
cus_d6bc7e43a9edd243,2010-09-23T15:30:00Z,United Kingdom,active
cus_12853fe1c96cd6c4,2010-09-23T15:58:00Z,United Kingdom,active
cus_7c4b8e21391ba4b3,2010-09-23T17:22:00Z,United Kingdom,active
cus_568c4e60f38b83e6,2010-09-25T16:07:00Z,United Kingdom,active
cus_9debb12c2d8ee955,2010-09-26T11:32:00Z,United Kingdom,active
cus_55dd501263014dca,2010-09-27T09:33:00Z,United Kingdom,active
cus_f0d83e8945387b43,2010-09-27T14:17:00Z,United Kingdom,active
cus_7bb0c4af2ef0222f,2010-09-27T15:07:00Z,United Kingdom,active
cus_aa0b461322dbdb88,2010-09-27T16:08:00Z,United Kingdom,active
cus_e27aa1509b7028fc,2010-09-27T17:00:00Z,United Kingdom,active
cus_5fd6ef7a134e922e,2010-09-27T17:18:00Z,United Kingdom,active
cus_7366ec3084773406,2010-09-28T16:34:00Z,United Kingdom,active
cus_9232e32b08e83e9e,2010-09-28T16:56:00Z,United Kingdom,active
cus_bc06d1fc679cfbd2,2010-09-29T12:11:00Z,United Kingdom,active
cus_81fbda9f99902e8e,2010-09-29T14:51:00Z,United Kingdom,active
cus_15f992d4675b8b7f,2010-09-30T12:00:00Z,United Kingdom,active
cus_3b095d29ec596b7c,2010-09-30T13:09:00Z,United Kingdom,active
cus_15d209c818bbee40,2010-09-30T13:31:00Z,United Kingdom,active
cus_6ea95e66979c0f29,2010-09-30T13:31:00Z,United Kingdom,active
cus_af08bb2ef78fbd51,2010-10-03T12:54:00Z,United Kingdom,active
cus_80672c85b871bca0,2010-10-03T16:16:00Z,United Kingdom,active
cus_fecc4bb021601174,2010-10-04T12:46:00Z,United Kingdom,active
cus_e3b05897ce8eacf2,2010-10-04T13:04:00Z,United Kingdom,active
cus_68d20d55efda92da,2010-10-04T14:51:00Z,United Kingdom,active
cus_e8ca194448d82a22,2010-10-04T14:52:00Z,United Kingdom,active
cus_86a925cf910ca809,2010-10-04T15:16:00Z,United Kingdom,active
cus_242325df81293b5a,2010-10-04T15:25:00Z,United Kingdom,active
cus_4b5fe7a43e51ca8d,2010-10-05T15:13:00Z,United Kingdom,active
cus_767adf3a6dddf870,2010-10-06T10:07:00Z,United Kingdom,active
cus_ab6aff471b0f838e,2010-10-06T10:23:00Z,United Kingdom,active
cus_3e822289829edb75,2010-10-06T19:57:00Z,United Kingdom,active
cus_1f7fd0e0e0283f99,2010-10-07T10:22:00Z,United Kingdom,active
cus_6cec1d0c9b79ba16,2010-10-07T14:11:00Z,United Kingdom,active
cus_d7b816078b33feaa,2010-10-07T16:04:00Z,United Kingdom,active
cus_45b1819092b0fd7b,2010-10-07T17:32:00Z,United Kingdom,active
cus_3538d3f181368d32,2010-10-10T16:27:00Z,United Kingdom,active
cus_5adb6d20d525efd7,2010-10-11T13:19:00Z,United Kingdom,active
cus_697ef65e3fd41f82,2010-10-14T09:43:00Z,United Kingdom,active
cus_96309379401e1b1b,2010-10-14T11:22:00Z,United Kingdom,active
cus_78600de320c11835,2010-10-14T14:10:00Z,United Kingdom,active
cus_769577bc629e7bf1,2010-10-14T15:36:00Z,United Kingdom,active
cus_3cc1b5061410391b,2010-10-14T16:19:00Z,United Kingdom,active
cus_59f5ba5fda4e3e6b,2010-10-16T13:30:00Z,EIRE,active
cus_138a8de2c828aad6,2010-10-17T12:11:00Z,United Kingdom,active
cus_53afd92c35e44218,2010-10-17T13:18:00Z,United Kingdom,active
cus_b0843ffb1cde2611,2010-10-17T15:42:00Z,United Kingdom,active
cus_d03d9ddfc7cd46d3,2010-10-17T16:42:00Z,United Kingdom,active
cus_a919242d82a8ffa1,2010-10-18T16:03:00Z,United Kingdom,active
cus_1160819500c7414d,2010-10-19T14:55:00Z,United Kingdom,active
cus_f4595d2e106f2824,2010-10-20T12:25:00Z,United Kingdom,active
cus_e868e1856b425d26,2010-10-20T13:39:00Z,EIRE,active
cus_a7669f7470f14423,2010-10-21T14:04:00Z,United Kingdom,active
cus_7787c1ac0353f566,2010-10-21T14:04:00Z,United Kingdom,active
cus_4a8392fad1172058,2010-10-21T14:04:00Z,United Kingdom,active
cus_1e5da557262f4248,2010-10-21T14:23:00Z,United Kingdom,active
cus_a220ad912dcdf557,2010-10-24T12:58:00Z,United Kingdom,active
cus_aeb3b757d8a340dd,2010-10-24T15:23:00Z,United Kingdom,active
cus_b5eac9b34610e8c7,2010-10-24T15:53:00Z,United Kingdom,active
cus_8441709889540063,2010-10-25T14:47:00Z,United Kingdom,active
cus_ccf6c44d70e1b63e,2010-10-26T14:10:00Z,United Kingdom,active
cus_b0809d17eb76919b,2010-10-27T09:57:00Z,United Kingdom,active
cus_83b24302da1750bc,2010-10-27T10:00:00Z,United Kingdom,active
cus_61d5af989173b331,2010-10-28T13:44:00Z,United Kingdom,active
cus_e2cd9c08a6269fa8,2010-10-28T14:16:00Z,United Kingdom,active
cus_52df65f83318c0b6,2010-10-28T14:18:00Z,United Kingdom,active
cus_da3a15e28c0f4587,2010-10-28T14:43:00Z,United Kingdom,active
cus_f317636348f89b85,2010-10-28T15:04:00Z,United Kingdom,active
cus_b4a941edd54e1920,2010-10-31T09:09:00Z,RSA,active
cus_fa236baaadd36e34,2010-10-31T11:35:00Z,United Kingdom,active
cus_51bc015515246f2b,2010-10-31T16:20:00Z,United Kingdom,active
cus_da6c2632790e3e59,2010-11-01T16:35:00Z,United Kingdom,active
cus_0607f7616ac522f4,2010-11-03T09:38:00Z,United Kingdom,active
cus_8ac718c97b73f2fe,2010-11-04T11:58:00Z,United Kingdom,active
cus_afc4d0dfc3576851,2010-11-04T16:03:00Z,Unspecified,active
cus_35894d66e82cfe49,2010-11-04T17:30:00Z,EIRE,active
cus_cdf0ee7e3a6fa8bd,2010-11-06T17:40:00Z,United Kingdom,active
cus_f0d49648a770505e,2010-11-07T09:20:00Z,United Kingdom,active
cus_285cdd25d8833ba3,2010-11-07T15:02:00Z,United Kingdom,active
cus_0b40df46b60e8a53,2010-11-08T11:50:00Z,United Kingdom,active
cus_c8fcf942918b40fc,2010-11-08T13:12:00Z,France,active
cus_1089a4fb36d1857e,2010-11-08T18:09:00Z,United Kingdom,active
cus_8a29f84c271f822a,2010-11-09T09:34:00Z,United Kingdom,active
cus_c484a0fb62db0de2,2010-11-09T09:40:00Z,United Kingdom,active
cus_455bf13d67c58b98,2010-11-09T12:52:00Z,United Kingdom,active
cus_4edd9913f864eb0d,2010-11-10T11:18:00Z,United Kingdom,active
cus_a7c13715da366506,2010-11-10T11:35:00Z,United Kingdom,active
cus_4ffdf91cd764958f,2010-11-10T15:38:00Z,United Kingdom,active
cus_a5b3e6d11cbfe871,2010-11-10T16:09:00Z,United Kingdom,active
cus_32db37aa43171f20,2010-11-10T18:07:00Z,United Kingdom,active
cus_e6529052f9d17242,2010-11-11T09:18:00Z,United Kingdom,active
cus_067c40421db677ae,2010-11-11T14:02:00Z,France,active
cus_1249819d78cca710,2010-11-11T15:07:00Z,United Kingdom,active
cus_84f57a7c42a06a49,2010-11-11T15:21:00Z,United Kingdom,active
cus_e48cf46c4e252fa1,2010-11-11T15:23:00Z,United Kingdom,active
cus_8d3be4f4c637b4e8,2010-11-11T17:32:00Z,United Kingdom,active
cus_2f0002cfffb6a8f7,2010-11-14T12:17:00Z,United Kingdom,active
cus_fe976a7b5e269810,2010-11-14T17:04:00Z,United Kingdom,active
cus_25c562451bd68ad5,2010-11-15T13:35:00Z,United Kingdom,active
cus_a2dda429bdb38e01,2010-11-16T10:11:00Z,United Kingdom,active
cus_820c456d5ebe196b,2010-11-16T10:12:00Z,United Kingdom,active
cus_7b8126dd5f74487e,2010-11-16T14:53:00Z,United Kingdom,active
cus_8554c78cb1d79505,2010-11-17T13:55:00Z,United Kingdom,active
cus_9e19b8d81ebbb7c0,2010-11-18T13:06:00Z,United Kingdom,active
cus_e0a4c2cd46498a07,2010-11-18T14:29:00Z,United Kingdom,active
cus_4cade57f753477bb,2010-11-18T15:23:00Z,United Kingdom,active
cus_6ea0354da426b808,2010-11-18T15:57:00Z,EIRE,active
cus_3272d1de107d75a4,2010-11-22T09:12:00Z,United Kingdom,active
cus_7f948c1bb34660bd,2010-11-23T09:55:00Z,United Kingdom,active
cus_2ee2a18231b05c32,2010-11-23T10:03:00Z,United Kingdom,active
cus_259e0526a46c26f4,2010-11-23T11:50:00Z,United Kingdom,active
cus_1721c5fea121260b,2010-11-23T13:00:00Z,United Kingdom,active
cus_8653f589401ba97a,2010-11-23T14:33:00Z,United Kingdom,active
cus_b504c304e90a3881,2010-11-25T10:10:00Z,United Kingdom,active
cus_dbcd87568c97835b,2010-11-28T10:41:00Z,EIRE,active
cus_d13e6edf4c8afa4c,2010-11-28T12:00:00Z,United Kingdom,active
cus_fc01ab64e7d83cd8,2010-11-28T12:06:00Z,United Kingdom,active
cus_adc8902d65a09a5d,2010-11-28T14:48:00Z,United Kingdom,active
cus_f25c56eb077f2c54,2010-11-28T16:45:00Z,United Kingdom,active
cus_597eebfada32052d,2010-11-28T17:09:00Z,United Kingdom,active
cus_b2de4040489dc01e,2010-11-30T14:37:00Z,United Kingdom,active
cus_7610b33a122f2c00,2010-11-30T17:29:00Z,United Kingdom,active
cus_62bafef09186b577,2010-12-01T11:45:00Z,United Kingdom,active
cus_21f8aa10a615abeb,2010-12-01T14:14:00Z,United Kingdom,active
cus_b91a14e7c5a77b4a,2010-12-02T11:28:00Z,United Kingdom,active
cus_b0ce88f5fe0761de,2010-12-02T11:36:00Z,United Kingdom,active
cus_f8da603f6afdf2a3,2010-12-05T15:06:00Z,United Kingdom,active
cus_0a23e4a64a4d99a3,2010-12-06T15:31:00Z,United Kingdom,active
cus_f7ac5d1efb58e48e,2010-12-06T15:33:00Z,United Kingdom,active
cus_ada4e1c1f750e565,2010-12-06T15:59:00Z,United Kingdom,active
cus_ec2a88dca201f648,2010-12-08T16:31:00Z,United Kingdom,active
cus_cf40f850f150e88a,2010-12-09T14:59:00Z,United Kingdom,active
cus_fcbfcb45a23a4e9f,2010-12-09T15:17:00Z,United Kingdom,active
cus_e8c655f12a2f347a,2010-12-12T16:46:00Z,United Kingdom,active
cus_5db835b5b6bf3494,2010-12-13T11:37:00Z,United Kingdom,active
cus_dd333995f36296ad,2010-12-14T15:48:00Z,United Kingdom,active
cus_ea9b4d37abb46f0d,2010-12-14T17:01:00Z,United Kingdom,active
cus_fe65327dead01a85,2010-12-15T09:07:00Z,United Kingdom,active
cus_ead1ece81124f888,2010-12-15T12:56:00Z,United Kingdom,active
cus_6d07c91a6f4a851e,2010-12-15T13:16:00Z,United Kingdom,active
cus_0f5715dfed83c3e8,2010-12-15T17:31:00Z,United Kingdom,active
cus_0bf2f0f4238bf9fa,2010-12-15T19:24:00Z,United Kingdom,active
cus_0705fb9f570eab02,2010-12-19T10:15:00Z,United Kingdom,active
cus_e77a28cdc2be2b3a,2010-12-19T16:09:00Z,United Kingdom,active
cus_c9cf42f4e8d17f67,2010-12-20T10:35:00Z,United Kingdom,active
cus_af7c1c19c8697d9e,2010-12-20T12:46:00Z,United Kingdom,active
cus_9b6dc1e9dc6484ca,2010-12-20T15:13:00Z,United Kingdom,active
cus_7069f38b00e63484,2010-12-20T15:19:00Z,United Kingdom,active
cus_ebc9cbbb75aef9f4,2010-12-20T15:20:00Z,United Kingdom,active
cus_a9904d104052f83b,2010-12-20T15:22:00Z,United Kingdom,active
cus_fffc5fe1e97178e5,2010-12-20T15:23:00Z,United Kingdom,active
cus_ccaa5528567d5574,2010-12-20T15:40:00Z,United Kingdom,active
cus_5fab1baf78eb0211,2010-12-21T12:22:00Z,United Kingdom,active
cus_e688abf018f485be,2010-12-22T13:26:00Z,United Kingdom,active
cus_a97adfd073efd681,2010-12-22T16:49:00Z,United Kingdom,active
cus_39a2318c758154ab,2010-12-22T17:41:00Z,United Kingdom,active
cus_d0c6007e26b77c3f,2011-01-03T13:25:00Z,United Kingdom,active
cus_ddb11b5f196dc693,2011-01-04T11:04:00Z,United Kingdom,active
cus_95c9a4603ebaa0d3,2011-01-04T16:50:00Z,United Kingdom,active
cus_7896ba59dd33a54d,2011-01-05T14:27:00Z,United Kingdom,active
cus_a50e772ff0ec0307,2011-01-05T17:26:00Z,United Kingdom,active
cus_7084c7a8b26fc5a2,2011-01-06T13:55:00Z,United Kingdom,active
cus_111c6aed4d99f6b1,2011-01-06T14:38:00Z,United Kingdom,active
cus_27b5411e05279062,2011-01-06T14:44:00Z,United Kingdom,active
cus_d1a2c06682b4a4c7,2011-01-06T17:04:00Z,United Kingdom,active
cus_8b117bae34d12c9f,2011-01-09T09:58:00Z,Israel,active
cus_5975258ccc007a6b,2011-01-09T14:32:00Z,United Kingdom,active
cus_dcdda49d01b077b8,2011-01-10T13:16:00Z,United Kingdom,active
cus_7f378001e1e7f0f2,2011-01-10T15:01:00Z,United Kingdom,active
cus_15566902ba91af18,2011-01-11T14:20:00Z,United Kingdom,active
cus_a27120c4832080db,2011-01-12T09:30:00Z,United Kingdom,active
cus_26f8787d15d523bc,2011-01-13T10:12:00Z,United Kingdom,active
cus_70d3e623f77ff16d,2011-01-13T10:14:00Z,United Kingdom,active
cus_ef326a9323160a60,2011-01-13T10:17:00Z,United Kingdom,active
cus_3fa4bfb0f5b0c520,2011-01-16T17:44:00Z,United Kingdom,active
cus_92628ce68032c7f9,2011-01-16T17:57:00Z,United Kingdom,active
cus_1110bf06a2c89318,2011-01-17T14:29:00Z,United Kingdom,active
cus_b326149677993db3,2011-01-17T15:00:00Z,United Kingdom,active
cus_ec462025b128cd00,2011-01-17T16:05:00Z,United Kingdom,active
cus_b3fdfd3b394bf91f,2011-01-17T16:06:00Z,United Kingdom,active
cus_fe0b3d7cfc96f12f,2011-01-19T16:59:00Z,United Kingdom,active
cus_c650766decb49d63,2011-01-19T18:08:00Z,United Kingdom,active
cus_f4d8895c146cbf6f,2011-01-23T09:39:00Z,United Kingdom,active
cus_4de6bb4e20e00754,2011-01-23T09:41:00Z,United Kingdom,active
cus_d38d5988d1b49a84,2011-01-23T13:48:00Z,United Kingdom,active
cus_bbe924e99cd25ffe,2011-01-24T13:44:00Z,United Kingdom,active
cus_eea9a7d6f8225e4f,2011-01-24T14:01:00Z,United Kingdom,active
cus_938c7fcfb171c3cc,2011-01-24T17:06:00Z,United Kingdom,active
cus_cb7e4a252a0743bb,2011-01-25T16:01:00Z,United Kingdom,active
cus_2aaf44e7eb4588ed,2011-01-25T16:43:00Z,United Kingdom,active
cus_a07062bdbe67a6f8,2011-01-27T13:37:00Z,United Kingdom,active
cus_73df3429538a0a3e,2011-01-27T14:25:00Z,United Kingdom,active
cus_98f687f6e901807e,2011-01-30T09:48:00Z,United Kingdom,active
cus_626a604d18805e78,2011-01-30T09:50:00Z,United Kingdom,active
cus_d4a7f4ca071dda7d,2011-01-31T15:12:00Z,United Kingdom,active
cus_f6c6d91f54e25553,2011-02-01T12:16:00Z,United Kingdom,active
cus_043905ca23dfb37b,2011-02-01T12:17:00Z,United Kingdom,active
cus_4b03bacdf88a8ea6,2011-02-01T13:35:00Z,United Kingdom,active
cus_b7805b08da511b2b,2011-02-03T13:03:00Z,United Kingdom,active
cus_3ccc6871889136a8,2011-02-03T13:39:00Z,United Kingdom,active
cus_9a8321f23fb6f8a3,2011-02-06T16:24:00Z,United Kingdom,active
cus_6b88403a773372ad,2011-02-10T12:02:00Z,United Kingdom,active
cus_0a2babc52751b483,2011-02-10T14:00:00Z,United Kingdom,active
cus_91a52c558001506f,2011-02-10T17:31:00Z,United Kingdom,active
cus_49257312e63c21f4,2011-02-13T12:11:00Z,EIRE,active
cus_1acaa0c029ed4d5e,2011-02-13T13:22:00Z,United Kingdom,active
cus_2d0e36bb13b94341,2011-02-14T15:50:00Z,United Kingdom,active
cus_4ff8eada02a45c8d,2011-02-16T10:33:00Z,United Kingdom,active
cus_15a2589707132965,2011-02-16T15:51:00Z,United Kingdom,active
cus_dd3bcdb6c1852428,2011-02-16T16:23:00Z,United Kingdom,active
cus_020e7ceaa01e377e,2011-02-20T18:10:00Z,United Kingdom,active
cus_71cf169247abeabf,2011-02-22T11:11:00Z,United Kingdom,active
cus_e0b83536ebcde4a3,2011-02-22T11:13:00Z,United Kingdom,active
cus_b5c5d74dd9e2b72f,2011-02-22T11:39:00Z,United Kingdom,active
cus_d14d777e305a726e,2011-02-22T15:58:00Z,United Kingdom,active
cus_24c3983c8de6a02e,2011-02-23T18:02:00Z,United Kingdom,active
cus_f42d9f2e7f1af2f7,2011-02-27T13:31:00Z,United Kingdom,active
cus_2975ff244d8c8be9,2011-02-27T14:19:00Z,United Kingdom,active
cus_906eb73f35f2baf9,2011-02-28T12:19:00Z,United Kingdom,active
cus_fddb49b60024f82f,2011-02-28T14:14:00Z,United Kingdom,active
cus_e97d851f35b37aee,2011-03-02T09:10:00Z,United Kingdom,active
cus_2d2537211d7509da,2011-03-03T09:11:00Z,United Kingdom,active
cus_50624d572daf00fb,2011-03-06T10:15:00Z,United Kingdom,active
cus_44062bca6aad495f,2011-03-06T17:22:00Z,United Kingdom,active
cus_f584699e3513b248,2011-03-07T15:06:00Z,United Kingdom,active
cus_19103fa7b646c6d2,2011-03-09T15:13:00Z,United Kingdom,active
cus_877a1279f8971e98,2011-03-09T15:30:00Z,United Kingdom,active
cus_db75083f9ddf7b91,2011-03-09T18:13:00Z,United Kingdom,active
cus_df4065caa9e5b09b,2011-03-14T14:15:00Z,United Kingdom,active
cus_12a9976677649891,2011-03-14T14:17:00Z,United Kingdom,active
cus_072f7645ec7c53d5,2011-03-14T14:19:00Z,United Kingdom,active
cus_110a3590d4af030b,2011-03-14T14:36:00Z,United Kingdom,active
cus_4c6bb5c3526f4005,2011-03-15T14:24:00Z,United Kingdom,active
cus_94fea2415d71aa2b,2011-03-16T18:08:00Z,United Kingdom,active
cus_948874c59890a166,2011-03-16T18:20:00Z,United Kingdom,active
cus_cae5f9686553b2a1,2011-03-16T18:24:00Z,United Kingdom,active
cus_3deb70a09b8aa894,2011-03-17T12:08:00Z,United Kingdom,active
cus_7ecb0ebb27020306,2011-03-17T12:08:00Z,United Kingdom,active
cus_c3d7553c25cc8047,2011-03-17T14:38:00Z,United Kingdom,active
cus_43076bfdf056859b,2011-03-17T14:40:00Z,United Kingdom,active
cus_38c7eb17057b7ca1,2011-03-19T11:00:00Z,United Kingdom,active
cus_f1c07ee64ac21c27,2011-03-20T15:15:00Z,United Kingdom,active
cus_418ba9c5664a7040,2011-03-20T16:31:00Z,United Kingdom,active
cus_c95ead7b4d6e7158,2011-03-21T09:30:00Z,United Kingdom,active
cus_4e4431af2044e556,2011-03-21T12:34:00Z,United Kingdom,active
cus_32de302d46d29108,2011-03-21T15:52:00Z,United Kingdom,active
cus_857f2444fae2c169,2011-03-21T16:55:00Z,United Kingdom,active
cus_f7d1a36278bc27d4,2011-03-21T16:55:00Z,United Kingdom,active
cus_f23a31007088d9d2,2011-03-24T12:00:00Z,United Kingdom,active
cus_99e45abfaf584e20,2011-03-24T15:50:00Z,United Kingdom,active
cus_72da0b82a51cb7ce,2011-03-27T15:45:00Z,United Kingdom,active
cus_e1475bd434bbc84c,2011-03-28T13:42:00Z,United Kingdom,active
cus_98ecd308a25484b5,2011-03-28T13:43:00Z,United Kingdom,active
cus_d126442c12aba715,2011-03-28T13:45:00Z,United Kingdom,active
cus_02ff765eba6e64d1,2011-03-28T13:46:00Z,United Kingdom,active
cus_fdcca59b07ea416c,2011-03-29T12:04:00Z,United Kingdom,active
cus_2ae62c8398e30ab7,2011-03-29T12:55:00Z,United Kingdom,active
cus_f40e83269f42b16c,2011-03-29T16:47:00Z,United Kingdom,active
cus_b6705606770f01e8,2011-03-30T14:33:00Z,United Kingdom,active
cus_a9d52f782ed948f0,2011-03-31T10:58:00Z,United Kingdom,active
cus_d345816373d9554f,2011-03-31T12:12:00Z,United Kingdom,active
cus_bcc28497e1cd9dcb,2011-03-31T17:04:00Z,United Kingdom,active
cus_d86c095f7be5c09c,2011-04-04T17:22:00Z,United Kingdom,active
cus_1f5c52def0305726,2011-04-06T19:49:00Z,United Kingdom,active
cus_c61ba6aeff86b43b,2011-04-07T09:50:00Z,United Kingdom,active
cus_0f1ac58e067b2288,2011-04-10T10:00:00Z,United Kingdom,active
cus_215f4bfb5ef54c1a,2011-04-11T15:43:00Z,United Kingdom,active
cus_0ac9c23d74917c8e,2011-04-13T10:42:00Z,United Kingdom,active
cus_38c06a2bbc0804e8,2011-04-13T13:13:00Z,United Kingdom,active
cus_c2f6777e55341190,2011-04-14T10:38:00Z,United Kingdom,active
cus_67fcfa5114e6049e,2011-04-14T10:41:00Z,United Kingdom,active
cus_f9534c6984c2eba5,2011-04-14T10:42:00Z,United Kingdom,active
cus_404ff55230643023,2011-04-14T13:15:00Z,United Kingdom,active
cus_c9b7bd1a71a5f08f,2011-04-17T13:49:00Z,United Kingdom,active
cus_7aafc6646ee7ff5b,2011-04-17T13:52:00Z,United Kingdom,active
cus_6db8231f595e101c,2011-04-17T13:58:00Z,United Kingdom,active
cus_6cd43e600dd5c0e0,2011-04-17T15:26:00Z,United Kingdom,active
cus_118cd946cd2dc7f9,2011-04-18T11:37:00Z,United Kingdom,active
cus_d3479295836a5366,2011-04-20T14:59:00Z,United Kingdom,active
cus_7ad38a811bcc58a4,2011-04-20T16:17:00Z,United Kingdom,active
cus_156489b24a6f703c,2011-04-20T16:46:00Z,United Kingdom,active
cus_c0bea8f353204d3a,2011-04-20T18:10:00Z,United Kingdom,active
cus_0c3da887d1cdc8e7,2011-04-25T09:48:00Z,United Kingdom,active
cus_19d2017e34fa74da,2011-04-25T09:50:00Z,United Kingdom,active
cus_d6a1debbe37b8bc8,2011-04-25T16:54:00Z,United Kingdom,active
cus_59d2ea21f055a4d3,2011-04-25T17:02:00Z,United Kingdom,active
cus_c68f0deec23f0887,2011-04-26T17:23:00Z,United Kingdom,active
cus_eb00f2640d854c98,2011-05-02T08:37:00Z,United Kingdom,active
cus_d550921a59106c52,2011-05-02T08:37:00Z,United Kingdom,active
cus_c71d2b1baf74d683,2011-05-02T15:39:00Z,United Kingdom,active
cus_c3dce5fbb7cce8e5,2011-05-03T14:26:00Z,United Kingdom,active
cus_54e9ac1d752c358e,2011-05-04T15:42:00Z,United Kingdom,active
cus_e665c595893499a2,2011-05-04T15:47:00Z,United Kingdom,active
cus_9015daa67af0fe02,2011-05-04T16:54:00Z,United Kingdom,active
cus_efaece599f6fe981,2011-05-05T14:24:00Z,United Kingdom,active
cus_e502f5e7a9c9a757,2011-05-05T15:40:00Z,United Kingdom,active
cus_bc6ffc8a005b4f3e,2011-05-05T15:54:00Z,United Kingdom,active
cus_f5451fe3f68b9c38,2011-05-05T16:01:00Z,United Kingdom,active
cus_f37d3c5049b75100,2011-05-08T16:27:00Z,United Kingdom,active
cus_c7574627422b0770,2011-05-08T16:30:00Z,United Kingdom,active
cus_b7d042abb3ebf6b1,2011-05-09T10:17:00Z,EIRE,active
cus_36e11bfcd8951b63,2011-05-09T15:03:00Z,United Kingdom,active
cus_28c3ad434b30a890,2011-05-09T15:03:00Z,United Kingdom,active
cus_a8d01bbd6453aec6,2011-05-09T15:04:00Z,United Kingdom,active
cus_88b4e60417d520b0,2011-05-09T15:05:00Z,United Kingdom,active
cus_499d516c49e042e3,2011-05-09T15:07:00Z,United Kingdom,active
cus_45cbcc40e4ead9bc,2011-05-09T15:07:00Z,United Kingdom,active
cus_9f6758e9c6fa5b52,2011-05-09T16:00:00Z,United Kingdom,active
cus_cc4fdd4b365f0c16,2011-05-10T15:34:00Z,United Kingdom,active
cus_45bf8ba4975c364e,2011-05-12T16:19:00Z,United Kingdom,active
cus_a50e4417f8b00fa0,2011-05-12T17:05:00Z,United Kingdom,active
cus_7cf6849a79b8cabd,2011-05-16T14:35:00Z,United Kingdom,active
cus_20be057dd45586fd,2011-05-16T15:34:00Z,United Kingdom,active
cus_6d089f11a465e78d,2011-05-18T10:44:00Z,United Kingdom,active
cus_10197a91846455e7,2011-05-18T10:46:00Z,United Kingdom,active
cus_e0549ec12b7d2b90,2011-05-18T10:47:00Z,United Kingdom,active
cus_0028bfd97115adad,2011-05-18T13:30:00Z,Unspecified,active
cus_63240e3dbce43614,2011-05-23T17:46:00Z,United Kingdom,active
cus_f758b7d2fe55332d,2011-05-25T13:20:00Z,United Kingdom,active
cus_1cdbb2ca14fa73f0,2011-05-26T14:12:00Z,United Kingdom,active
cus_9f11dd9f3e070252,2011-05-26T15:17:00Z,United Kingdom,active
cus_42bcb880869cbbbf,2011-05-26T15:17:00Z,United Kingdom,active
cus_b3f8e139b32aa6a8,2011-05-31T14:58:00Z,United Kingdom,active
cus_6cbc60500d8fafbf,2011-06-01T11:01:00Z,United Kingdom,active
cus_8767501180b19912,2011-06-01T11:03:00Z,United Kingdom,active
cus_46ec3daa46aba5cb,2011-06-06T14:54:00Z,United Kingdom,active
cus_4423e58cd52a7ee6,2011-06-06T15:30:00Z,United Kingdom,active
cus_79a5da40b6dcffc6,2011-06-06T17:12:00Z,United Kingdom,active
cus_0906ec8f41afc490,2011-06-07T12:35:00Z,United Kingdom,active
cus_3e2c480df626ffa2,2011-06-07T15:24:00Z,United Kingdom,active
cus_65546404344a5736,2011-06-08T15:34:00Z,United Kingdom,active
cus_15c1a461647002d1,2011-06-13T17:28:00Z,United Kingdom,active
cus_0a90203115758bce,2011-06-14T10:22:00Z,United Kingdom,active
cus_cf44c05183627f6e,2011-06-14T10:24:00Z,United Kingdom,active
cus_95066c316b5f8a79,2011-06-16T17:30:00Z,United Kingdom,active
cus_b665c2b61d450a20,2011-06-19T11:00:00Z,EIRE,active
cus_84590931db13de03,2011-06-19T15:19:00Z,United Kingdom,active
cus_12b2b6c8d38c211b,2011-06-20T16:24:00Z,United Kingdom,active
cus_afafc767e0025921,2011-06-20T16:36:00Z,United Kingdom,active
cus_b41c48267273e75b,2011-06-20T17:06:00Z,United Kingdom,active
cus_0fa048e067827423,2011-06-21T10:27:00Z,Hong Kong,active
cus_47ef8daa7ed8ddff,2011-06-21T15:15:00Z,United Kingdom,active
cus_8556d8edd3b25f3e,2011-06-22T15:28:00Z,United Kingdom,active
cus_e6162891c7889bdf,2011-06-23T14:43:00Z,United Kingdom,active
cus_91348b96fe9a37b8,2011-06-26T09:11:00Z,United Kingdom,active
cus_de0715177366845c,2011-06-26T09:12:00Z,United Kingdom,active
cus_647e89a3adb36fa0,2011-06-26T15:27:00Z,United Kingdom,active
cus_547c46afcfbcbaf2,2011-06-27T11:45:00Z,United Kingdom,active
cus_c6d2bbedf34eaf8f,2011-06-27T11:53:00Z,United Kingdom,active
cus_7153e2814cbfdb3c,2011-06-27T14:01:00Z,United Kingdom,active
cus_4b8004dcd1d523df,2011-06-27T15:44:00Z,United Kingdom,active
cus_387e34ce866462a1,2011-06-29T10:11:00Z,United Kingdom,active
cus_1c261a71ab1b36ce,2011-06-29T14:37:00Z,United Kingdom,active
cus_0f778cf6522efc0b,2011-06-29T15:33:00Z,United Kingdom,active
cus_ece206632404c922,2011-06-29T15:56:00Z,United Kingdom,active
cus_9b9dbe49e6dda1dc,2011-06-30T11:20:00Z,United Kingdom,active
cus_32becfaf21b96883,2011-06-30T14:03:00Z,United Kingdom,active
cus_03b0917690200a8c,2011-07-03T10:23:00Z,United Kingdom,active
cus_a5584fc94ec68db7,2011-07-03T11:58:00Z,United Kingdom,active
cus_a24485f4744a28a4,2011-07-03T11:58:00Z,United Kingdom,active
cus_b8dd7f887f5f3692,2011-07-04T15:31:00Z,United Kingdom,active
cus_221424cfd2d68f04,2011-07-04T15:33:00Z,United Kingdom,active
cus_d7ec197208a00494,2011-07-04T16:53:00Z,United Kingdom,active
cus_c672af4695725147,2011-07-05T16:29:00Z,United Kingdom,active
cus_596b6d443a1b7077,2011-07-05T16:33:00Z,United Kingdom,active
cus_5b50c87f7957455e,2011-07-06T16:30:00Z,United Kingdom,active
cus_c5be0514d4628a3d,2011-07-07T13:52:00Z,United Kingdom,active
cus_d1e9ecdc74eaa364,2011-07-07T13:53:00Z,United Kingdom,active
cus_95229e5018796e3c,2011-07-07T15:17:00Z,United Kingdom,active
cus_d01d1a37993ad026,2011-07-07T15:57:00Z,United Kingdom,active
cus_b54a93693e1f2ee4,2011-07-07T15:58:00Z,United Kingdom,active
cus_05151daeaadfc552,2011-07-07T16:26:00Z,United Kingdom,active
cus_fad441271816b906,2011-07-10T16:21:00Z,United Kingdom,active
cus_a799965ddf935817,2011-07-11T14:24:00Z,United Kingdom,active
cus_698e7a130564adf7,2011-07-11T16:11:00Z,United Kingdom,active
cus_53c5bd6943b80124,2011-07-16T12:15:00Z,Switzerland,active
cus_e789781af056e567,2011-07-17T10:17:00Z,United Kingdom,active
cus_cf885631bce7501a,2011-07-17T10:19:00Z,United Kingdom,active
cus_fecea1d7418fe522,2011-07-17T10:22:00Z,United Kingdom,active
cus_8b455f44d95bc1ba,2011-07-17T12:20:00Z,United Kingdom,active
cus_0c1cab9b8cdc383b,2011-07-17T14:29:00Z,United Kingdom,active
cus_561e429fab6a2110,2011-07-17T15:03:00Z,United Kingdom,active
cus_7c9535dc0f26e475,2011-07-17T15:23:00Z,United Kingdom,active
cus_f8d7a81a26063c73,2011-07-17T15:56:00Z,United Kingdom,active
cus_536df51e94e6603c,2011-07-17T16:06:00Z,United Kingdom,active
cus_567c3795a30d8881,2011-07-18T13:57:00Z,United Kingdom,active
cus_2050f147ed619523,2011-07-18T14:47:00Z,United Kingdom,active
cus_8b443b0f2c4459fc,2011-07-18T16:28:00Z,United Kingdom,active
cus_d61740371f129a11,2011-07-19T16:00:00Z,United Kingdom,active
cus_b71781c2a3f52977,2011-07-20T14:00:00Z,United Kingdom,active
cus_ede63c7878dfba5c,2011-07-24T09:55:00Z,United Kingdom,active
cus_caf66b21025e4a41,2011-07-25T14:27:00Z,United Kingdom,active
cus_adf8e2bc77096644,2011-07-25T15:46:00Z,United Kingdom,active
cus_1b52e1282036c0aa,2011-07-25T16:25:00Z,United Kingdom,active
cus_a426842b1641420d,2011-07-27T17:00:00Z,EIRE,active
cus_753881d77e488149,2011-07-30T14:27:00Z,United Kingdom,active
cus_46821dcef8676e9d,2011-07-31T16:07:00Z,United Kingdom,active
cus_e531ec701cf2e926,2011-08-01T14:31:00Z,United Kingdom,active
cus_ada021c2d400a790,2011-08-03T16:38:00Z,United Kingdom,active
cus_bd0d760b25ad03fa,2011-08-06T15:07:00Z,United Kingdom,active
cus_60c0b3838b47b359,2011-08-10T10:14:00Z,United Kingdom,active
cus_0fe169941343dbf8,2011-08-11T12:03:00Z,United Kingdom,active
cus_3eb59926bf373dea,2011-08-15T13:05:00Z,United Kingdom,active
cus_a74276a5c1e065a8,2011-08-22T09:38:00Z,Hong Kong,active
cus_d1227e59d51508f2,2011-08-22T15:11:00Z,EIRE,active
cus_08beda73f77801a1,2011-08-22T15:14:00Z,United Kingdom,active
cus_39e7d15fb0a7cf90,2011-08-23T09:36:00Z,United Kingdom,active
cus_c8e75d2c8e29cc21,2011-08-23T10:22:00Z,United Kingdom,active
cus_0f7efedb157d27b3,2011-08-23T16:46:00Z,United Kingdom,active
cus_62c2732cfecef88f,2011-08-29T10:29:00Z,United Kingdom,active
cus_8b9e0d2cc8eda704,2011-08-29T10:47:00Z,United Kingdom,active
cus_51247cfc99be9ccc,2011-08-29T12:02:00Z,United Kingdom,active
cus_16a9b2fd4c81c5d6,2011-08-29T12:10:00Z,United Kingdom,active
cus_47827d24be26b43d,2011-08-29T12:16:00Z,United Kingdom,active
cus_802ba3d67e55b2c6,2011-08-29T12:31:00Z,United Kingdom,active
cus_b603ed4c40d92858,2011-08-29T12:40:00Z,United Kingdom,active
cus_207748d8c8cce6d0,2011-08-29T15:31:00Z,United Kingdom,active
cus_9449f8bca29b6c6b,2011-08-30T13:35:00Z,United Kingdom,active
cus_720070a1db985d1b,2011-09-01T09:38:00Z,United Kingdom,active
cus_9b6d931f96bf362f,2011-09-01T12:17:00Z,Unspecified,active
cus_2bed4e02c92d48af,2011-09-01T16:39:00Z,United Kingdom,active
cus_8de7300556177911,2011-09-05T13:19:00Z,United Kingdom,active
cus_dc4d599f1e61264c,2011-09-06T16:15:00Z,United Kingdom,active
cus_3337fb3989389c32,2011-09-07T18:33:00Z,United Kingdom,active
cus_729f6d12cf900f81,2011-09-08T11:56:00Z,United Kingdom,active
cus_bf4d2f7cadd663f8,2011-09-11T15:40:00Z,United Kingdom,active
cus_5ac55ab4796801b4,2011-09-12T13:29:00Z,United Kingdom,active
cus_ba7256975b4ea970,2011-09-13T15:54:00Z,United Kingdom,active
cus_c7a1e7fcdcd7b3a9,2011-09-13T16:51:00Z,United Kingdom,active
cus_18ebe2c4eda1543a,2011-09-14T10:31:00Z,United Kingdom,active
cus_a721bb2157d14c1d,2011-09-14T13:32:00Z,United Kingdom,active
cus_5f49ca49e6c73c1c,2011-09-14T16:37:00Z,United Kingdom,active
cus_26fadcb2b52cf37e,2011-09-15T14:23:00Z,United Kingdom,active
cus_89ffe600c22007b9,2011-09-20T09:58:00Z,United Kingdom,active
cus_5c7cfced1951c14a,2011-09-20T15:24:00Z,United Kingdom,active
cus_2689a7e65cdd563d,2011-09-22T11:25:00Z,United Kingdom,active
cus_cb37ee56a607d59f,2011-09-22T12:56:00Z,United Kingdom,active
cus_0a1f0dbf22a8fff0,2011-09-26T10:40:00Z,United Kingdom,active
cus_d63057e6710cf3a0,2011-09-26T12:44:00Z,United Kingdom,active
cus_39a72d6e90944c84,2011-09-27T16:13:00Z,United Kingdom,active
cus_48297ea0bcfc9f9f,2011-09-28T13:53:00Z,United Kingdom,active
cus_ba39d58e303de289,2011-09-28T15:13:00Z,United Kingdom,active
cus_158777226f9801f4,2011-09-29T14:45:00Z,United Kingdom,active
cus_69070d4cd2c35ce3,2011-09-29T17:22:00Z,United Kingdom,active
cus_26619e740272deb8,2011-10-01T15:50:00Z,United Kingdom,active
cus_79ae6a6b7cb8d853,2011-10-02T12:23:00Z,United Kingdom,active
cus_725adebc3a23df14,2011-10-02T16:14:00Z,United Kingdom,active
cus_a86a38bdea33ae55,2011-10-03T10:14:00Z,United Kingdom,active
cus_bc14fb96acf5adc0,2011-10-03T16:33:00Z,United Kingdom,active
cus_3003342b0f19c8a0,2011-10-03T17:40:00Z,United Kingdom,active
cus_2e0fcbc298108b2b,2011-10-04T15:56:00Z,United Kingdom,active
cus_ee481ccb427833c6,2011-10-06T16:21:00Z,United Kingdom,active
cus_6c2c8eadb376cc62,2011-10-08T14:45:00Z,United Kingdom,active
cus_9d1635d2922f0133,2011-10-09T11:32:00Z,United Kingdom,active
cus_f6b3cf5c7507cea0,2011-10-09T13:31:00Z,United Kingdom,active
cus_ca0b880159810472,2011-10-09T16:41:00Z,United Kingdom,active
cus_7a212d078800059d,2011-10-09T16:47:00Z,United Kingdom,active
cus_7d01bf64222963e0,2011-10-10T11:37:00Z,United Kingdom,active
cus_285c9c06e269381c,2011-10-10T16:37:00Z,United Kingdom,active
cus_0a9562fb0ca55e0a,2011-10-11T11:41:00Z,United Kingdom,active
cus_5193d4af1a9947ce,2011-10-13T13:36:00Z,United Kingdom,active
cus_55ea85a2738d2d53,2011-10-13T17:17:00Z,United Kingdom,active
cus_4cfecd0c4c717ee9,2011-10-16T09:55:00Z,United Kingdom,active
cus_c0263e112f39283c,2011-10-16T15:09:00Z,United Kingdom,active
cus_61d112a7f4b6016c,2011-10-17T17:05:00Z,United Kingdom,active
cus_cba7aa194dd44724,2011-10-18T16:47:00Z,United Kingdom,active
cus_79266ada946c47f4,2011-10-18T16:56:00Z,United Kingdom,active
cus_532ff12ca9df5dfc,2011-10-19T13:40:00Z,United Kingdom,active
cus_467c5058b9658c90,2011-10-19T15:30:00Z,United Kingdom,active
cus_b0aa2ac92664610f,2011-10-23T17:06:00Z,United Kingdom,active
cus_aeb0efc590268438,2011-10-24T14:39:00Z,United Kingdom,active
cus_7629b324d0b82adb,2011-10-27T10:25:00Z,United Kingdom,active
cus_704b041325634281,2011-10-27T13:10:00Z,United Kingdom,active
cus_477a2a30d95cca64,2011-10-27T14:38:00Z,Switzerland,active
cus_4b8e1bf077113fb0,2011-10-27T16:44:00Z,United Kingdom,active
cus_dd72f5ec19d8af05,2011-10-30T14:21:00Z,United Kingdom,active
cus_c595b049bc805668,2011-10-30T15:11:00Z,United Kingdom,active
cus_c6f1a5722104a43d,2011-10-30T15:24:00Z,United Kingdom,active
cus_91ce696ad5c5d029,2011-10-30T15:48:00Z,United Kingdom,active
cus_7e9021d435793308,2011-10-30T16:49:00Z,United Kingdom,active
cus_774036753f740d88,2011-11-01T15:37:00Z,United Kingdom,active
cus_0ed7e0c7f3986563,2011-11-02T14:28:00Z,United Kingdom,active
cus_1dfff259aa3ee59c,2011-11-03T10:48:00Z,United Kingdom,active
cus_0578c943eee824f5,2011-11-03T11:26:00Z,United Kingdom,active
cus_3cf8d6f4fe19bdb4,2011-11-03T11:27:00Z,United Kingdom,active
cus_cd809284ee562b01,2011-11-03T15:52:00Z,United Kingdom,active
cus_7db3104d1d0e5f87,2011-11-05T16:13:00Z,United Kingdom,active
cus_dac0a21852a6594e,2011-11-06T12:06:00Z,United Kingdom,active
cus_593afb68ae62e56e,2011-11-06T16:31:00Z,France,active
cus_208eb00302cbf797,2011-11-07T09:29:00Z,United Kingdom,active
cus_cc325d8ec0dc9200,2011-11-07T10:51:00Z,United Kingdom,active
cus_89b26ce5a234ac42,2011-11-07T13:32:00Z,United Kingdom,active
cus_d138077f495b4590,2011-11-07T15:24:00Z,United Kingdom,active
cus_05b455cfb1aca7d0,2011-11-07T18:41:00Z,United Kingdom,active
cus_ab4758f2aef58543,2011-11-10T09:05:00Z,United Kingdom,active
cus_70bd2ba7b6e40ca5,2011-11-10T10:50:00Z,France,active
cus_6a3fa9de2aeda5c6,2011-11-10T13:06:00Z,United Kingdom,active
cus_9610dc99ff6d6089,2011-11-14T16:57:00Z,United Kingdom,active
cus_0064bb6a72f683a6,2011-11-14T17:00:00Z,United Kingdom,active
cus_9e60e4565401db38,2011-11-15T10:18:00Z,Unspecified,active
cus_1a99cd6b4e94f120,2011-11-15T15:16:00Z,United Kingdom,active
cus_fc3106bf42ae4a6c,2011-11-17T12:08:00Z,United Kingdom,active
cus_e5b5702b68c6dd75,2011-11-20T15:18:00Z,United Kingdom,active
cus_d8a23221c8317736,2011-11-20T17:28:00Z,United Kingdom,active
cus_3bfe7f1a15fb539a,2011-11-21T10:41:00Z,United Kingdom,active
cus_5d46d982159f8a39,2011-11-21T14:10:00Z,United Kingdom,active
cus_2ff33f9aae7d422e,2011-11-21T15:43:00Z,United Kingdom,active
cus_89c12420bc6e09cc,2011-11-21T15:43:00Z,United Kingdom,active
cus_c4034b90f252024d,2011-11-23T08:50:00Z,United Kingdom,active
cus_eee87cfbbfe31bbe,2011-11-23T09:26:00Z,United Kingdom,active
cus_0f31fd8e0b2b6c8d,2011-11-23T14:55:00Z,Unspecified,active
cus_935aef441fc0b565,2011-11-24T11:36:00Z,United Kingdom,active
cus_adb9ddde8751e322,2011-11-24T12:17:00Z,United Kingdom,active
cus_4726099af5a1eb03,2011-11-24T14:00:00Z,United Kingdom,active
cus_42096f245bb0e1d4,2011-11-24T14:25:00Z,United Kingdom,active
cus_4954707fd0e2c896,2011-11-24T16:10:00Z,United Kingdom,active
cus_eaa9f0fafa353ebf,2011-11-24T17:31:00Z,United Kingdom,active
cus_b2ebf79ed2b43274,2011-11-26T13:18:00Z,United Kingdom,active
cus_c05ad0109963e8f1,2011-11-27T15:31:00Z,United Kingdom,active
cus_5187b87a8c37ad94,2011-11-28T11:11:00Z,United Kingdom,active
cus_418ff1db043f6b95,2011-11-28T15:08:00Z,United Kingdom,active
cus_a4a9bd3617f31abc,2011-11-28T16:47:00Z,United Kingdom,active
cus_c38943090e614fdc,2011-11-29T09:58:00Z,United Kingdom,active
cus_6194eb059d9fd64d,2011-11-29T14:38:00Z,United Kingdom,active
cus_f91d0f2e712a3aa7,2011-12-04T11:58:00Z,United Kingdom,active
cus_4126808ed94ca08f,2011-12-04T16:45:00Z,United Kingdom,active
cus_ee1154764717c660,2011-12-04T17:28:00Z,United Kingdom,active
cus_17649b61b2da1c4a,2011-12-07T10:53:00Z,United Kingdom,active
cus_c53c6a1411e63093,2011-12-07T11:21:00Z,United Kingdom,active
cus_ec4d6f5ed413f96b,2011-12-07T16:14:00Z,United Kingdom,active
cus_906f983dd8d8bb59,2011-08-11T14:50:00Z,United Kingdom,active
