refund_ledger_entry_id,payment_id,merchant_id,amount_paise,currency,status,created_at,processed_at,idempotency_key
v2_prior_0000000,v2_pay_0000001,v2_benchmark_merchant,131084,INR,succeeded,2009-11-29T19:44:33.688760548Z,2009-11-30T19:44:33.688760548Z,v2_prior_key_0000000
v2_prior_0000001,v2_pay_0000008,v2_benchmark_merchant,340083,INR,succeeded,2009-12-02T13:47:17.732841526Z,2009-12-03T13:47:17.732841526Z,v2_prior_key_0000001
v2_prior_0000002,v2_pay_0000010,v2_benchmark_merchant,389180,INR,succeeded,2009-12-02T17:23:40.808047486Z,2009-12-03T17:23:40.808047486Z,v2_prior_key_0000002
v2_prior_0000003,v2_pay_0000020,v2_benchmark_merchant,1848260,INR,succeeded,2009-12-04T16:42:30.245943678Z,2009-12-05T16:42:30.245943678Z,v2_prior_key_0000003
v2_prior_0000004,v2_pay_0000021,v2_benchmark_merchant,279794,INR,succeeded,2009-12-04T22:32:26.793144903Z,2009-12-05T22:32:26.793144903Z,v2_prior_key_0000004
v2_prior_0000005,v2_pay_0000032,v2_benchmark_merchant,15746,INR,succeeded,2009-12-05T22:59:14.218094590Z,2009-12-06T22:59:14.218094590Z,v2_prior_key_0000005
v2_prior_0000006,v2_pay_0000036,v2_benchmark_merchant,364235,INR,succeeded,2009-12-06T09:38:03.301700539Z,2009-12-07T09:38:03.301700539Z,v2_prior_key_0000006
v2_prior_0000007,v2_pay_0000043,v2_benchmark_merchant,397133,INR,succeeded,2009-12-07T12:41:52.556827Z,2009-12-08T12:41:52.556827Z,v2_prior_key_0000007
v2_prior_0000008,v2_pay_0000063,v2_benchmark_merchant,581127,INR,succeeded,2009-12-09T11:38:16.657588202Z,2009-12-10T11:38:16.657588202Z,v2_prior_key_0000008
v2_prior_0000009,v2_pay_0000067,v2_benchmark_merchant,296419,INR,succeeded,2009-12-09T18:30:00.780233418Z,2009-12-10T18:30:00.780233418Z,v2_prior_key_0000009
v2_prior_0000010,v2_pay_0000076,v2_benchmark_merchant,1706110,INR,succeeded,2009-12-10T06:21:40.413794598Z,2009-12-11T06:21:40.413794598Z,v2_prior_key_0000010
v2_prior_0000011,v2_pay_0000077,v2_benchmark_merchant,615,INR,succeeded,2009-12-10T06:48:01.137315530Z,2009-12-11T06:48:01.137315530Z,v2_prior_key_0000011
v2_prior_0000012,v2_pay_0000080,v2_benchmark_merchant,877162,INR,succeeded,2009-12-10T14:03:17.032456822Z,2009-12-11T14:03:17.032456822Z,v2_prior_key_0000012
v2_prior_0000013,v2_pay_0000094,v2_benchmark_merchant,408329,INR,succeeded,2009-12-12T00:04:47.650264836Z,2009-12-13T00:04:47.650264836Z,v2_prior_key_0000013
v2_prior_0000014,v2_pay_0000101,v2_benchmark_merchant,1074904,INR,succeeded,2009-12-12T05:17:04.866243555Z,2009-12-13T05:17:04.866243555Z,v2_prior_key_0000014
v2_prior_0000015,v2_pay_0000103,v2_benchmark_merchant,1376318,INR,succeeded,2009-12-12T05:54:38.225632884Z,2009-12-13T05:54:38.225632884Z,v2_prior_key_0000015
v2_prior_0000016,v2_pay_0000111,v2_benchmark_merchant,708684,INR,succeeded,2009-12-12T20:46:01.223137880Z,2009-12-13T20:46:01.223137880Z,v2_prior_key_0000016
v2_prior_0000017,v2_pay_0000116,v2_benchmark_merchant,197679,INR,succeeded,2009-12-13T02:55:25.185367866Z,2009-12-14T02:55:25.185367866Z,v2_prior_key_0000017
v2_prior_0000018,v2_pay_0000118,v2_benchmark_merchant,275253,INR,succeeded,2009-12-13T05:54:56.902645345Z,2009-12-14T05:54:56.902645345Z,v2_prior_key_0000018
v2_prior_0000019,v2_pay_0000124,v2_benchmark_merchant,464035,INR,succeeded,2009-12-13T12:34:18.527798182Z,2009-12-14T12:34:18.527798182Z,v2_prior_key_0000019
v2_prior_0000020,v2_pay_0000126,v2_benchmark_merchant,334093,INR,succeeded,2009-12-13T20:50:08.824503020Z,2009-12-14T20:50:08.824503020Z,v2_prior_key_0000020
v2_prior_0000021,v2_pay_0000127,v2_benchmark_merchant,3962293,INR,succeeded,2009-12-13T20:53:53.620812655Z,2009-12-14T20:53:53.620812655Z,v2_prior_key_0000021
v2_prior_0000022,v2_pay_0000139,v2_benchmark_merchant,315551,INR,succeeded,2009-12-14T18:58:16.559975846Z,2009-12-15T18:58:16.559975846Z,v2_prior_key_0000022
v2_prior_0000023,v2_pay_0000141,v2_benchmark_merchant,664912,INR,succeeded,2009-12-14T23:26:08.302347015Z,2009-12-15T23:26:08.302347015Z,v2_prior_key_0000023
v2_prior_0000024,v2_pay_0000145,v2_benchmark_merchant,11196840,INR,succeeded,2009-12-15T02:22:14.841728325Z,2009-12-16T02:22:14.841728325Z,v2_prior_key_0000024
v2_prior_0000025,v2_pay_0000147,v2_benchmark_merchant,732614,INR,succeeded,2009-12-15T03:07:50.862732811Z,2009-12-16T03:07:50.862732811Z,v2_prior_key_0000025
v2_prior_0000026,v2_pay_0000149,v2_benchmark_merchant,655789,INR,succeeded,2009-12-15T04:42:42.805647670Z,2009-12-16T04:42:42.805647670Z,v2_prior_key_0000026
v2_prior_0000027,v2_pay_0000155,v2_benchmark_merchant,1544587,INR,succeeded,2009-12-15T07:16:48.919982082Z,2009-12-16T07:16:48.919982082Z,v2_prior_key_0000027
v2_prior_0000028,v2_pay_0000157,v2_benchmark_merchant,6065065,INR,succeeded,2009-12-15T08:19:39.982521637Z,2009-12-16T08:19:39.982521637Z,v2_prior_key_0000028
v2_prior_0000029,v2_pay_0000170,v2_benchmark_merchant,397488,INR,succeeded,2009-12-16T00:37:31.855990053Z,2009-12-17T00:37:31.855990053Z,v2_prior_key_0000029
v2_prior_0000030,v2_pay_0000172,v2_benchmark_merchant,97821,INR,succeeded,2009-12-16T02:15:48.352495038Z,2009-12-17T02:15:48.352495038Z,v2_prior_key_0000030
v2_prior_0000031,v2_pay_0000174,v2_benchmark_merchant,750919,INR,succeeded,2009-12-16T03:27:01.101757641Z,2009-12-17T03:27:01.101757641Z,v2_prior_key_0000031
v2_prior_0000032,v2_pay_0000179,v2_benchmark_merchant,44145,INR,succeeded,2009-12-16T07:17:07.892535559Z,2009-12-17T07:17:07.892535559Z,v2_prior_key_0000032
v2_prior_0000033,v2_pay_0000187,v2_benchmark_merchant,45166,INR,succeeded,2009-12-16T21:46:27.196571726Z,2009-12-17T21:46:27.196571726Z,v2_prior_key_0000033
v2_prior_0000034,v2_pay_0000220,v2_benchmark_merchant,1160801,INR,succeeded,2009-12-18T08:48:32.659925058Z,2009-12-19T08:48:32.659925058Z,v2_prior_key_0000034
v2_prior_0000035,v2_pay_0000224,v2_benchmark_merchant,872175,INR,succeeded,2009-12-18T13:16:50.629637661Z,2009-12-19T13:16:50.629637661Z,v2_prior_key_0000035
v2_prior_0000036,v2_pay_0000226,v2_benchmark_merchant,892892,INR,succeeded,2009-12-18T22:12:33.777835069Z,2009-12-19T22:12:33.777835069Z,v2_prior_key_0000036
v2_prior_0000037,v2_pay_0000229,v2_benchmark_merchant,160880,INR,succeeded,2009-12-19T04:39:03.365817102Z,2009-12-20T04:39:03.365817102Z,v2_prior_key_0000037
v2_prior_0000038,v2_pay_0000232,v2_benchmark_merchant,35067463,INR,succeeded,2009-12-19T07:28:40.942144816Z,2009-12-20T07:28:40.942144816Z,v2_prior_key_0000038
v2_prior_0000039,v2_pay_0000240,v2_benchmark_merchant,348938,INR,succeeded,2009-12-19T14:33:14.394229480Z,2009-12-20T14:33:14.394229480Z,v2_prior_key_0000039
v2_prior_0000040,v2_pay_0000247,v2_benchmark_merchant,3172451,INR,succeeded,2009-12-20T01:03:12.087329632Z,2009-12-21T01:03:12.087329632Z,v2_prior_key_0000040
v2_prior_0000041,v2_pay_0000254,v2_benchmark_merchant,610276,INR,succeeded,2009-12-20T05:05:06.700815181Z,2009-12-21T05:05:06.700815181Z,v2_prior_key_0000041
v2_prior_0000042,v2_pay_0000258,v2_benchmark_merchant,152154,INR,succeeded,2009-12-20T12:02:58.742157514Z,2009-12-21T12:02:58.742157514Z,v2_prior_key_0000042
v2_prior_0000043,v2_pay_0000263,v2_benchmark_merchant,1012502,INR,succeeded,2009-12-20T18:45:45.240072313Z,2009-12-21T18:45:45.240072313Z,v2_prior_key_0000043
v2_prior_0000044,v2_pay_0000267,v2_benchmark_merchant,668289,INR,succeeded,2009-12-20T21:42:37.991641996Z,2009-12-21T21:42:37.991641996Z,v2_prior_key_0000044
v2_prior_0000045,v2_pay_0000268,v2_benchmark_merchant,773493,INR,succeeded,2009-12-20T22:35:10.931230797Z,2009-12-21T22:35:10.931230797Z,v2_prior_key_0000045
v2_prior_0000046,v2_pay_0000273,v2_benchmark_merchant,383027,INR,succeeded,2009-12-21T03:27:10.705323884Z,2009-12-22T03:27:10.705323884Z,v2_prior_key_0000046
v2_prior_0000047,v2_pay_0000277,v2_benchmark_merchant,353699,INR,succeeded,2009-12-21T08:24:57.128693845Z,2009-12-22T08:24:57.128693845Z,v2_prior_key_0000047
v2_prior_0000048,v2_pay_0000280,v2_benchmark_merchant,1494754,INR,succeeded,2009-12-21T11:15:06.327134996Z,2009-12-22T11:15:06.327134996Z,v2_prior_key_0000048
v2_prior_0000049,v2_pay_0000281,v2_benchmark_merchant,35737,INR,succeeded,2009-12-21T12:44:23.232910453Z,2009-12-22T12:44:23.232910453Z,v2_prior_key_0000049
v2_prior_0000050,v2_pay_0000282,v2_benchmark_merchant,643763,INR,succeeded,2009-12-21T13:19:40.919997289Z,2009-12-22T13:19:40.919997289Z,v2_prior_key_0000050
v2_prior_0000051,v2_pay_0000285,v2_benchmark_merchant,1148861,INR,succeeded,2009-12-21T16:55:55.084223695Z,2009-12-22T16:55:55.084223695Z,v2_prior_key_0000051
v2_prior_0000052,v2_pay_0000288,v2_benchmark_merchant,287031,INR,succeeded,2009-12-21T17:48:11.916503469Z,2009-12-22T17:48:11.916503469Z,v2_prior_key_0000052
v2_prior_0000053,v2_pay_0000296,v2_benchmark_merchant,225354,INR,succeeded,2009-12-22T03:15:42.644352837Z,2009-12-23T03:15:42.644352837Z,v2_prior_key_0000053
v2_prior_0000054,v2_pay_0000298,v2_benchmark_merchant,1632345,INR,succeeded,2009-12-22T07:41:45.015068206Z,2009-12-23T07:41:45.015068206Z,v2_prior_key_0000054
v2_prior_0000055,v2_pay_0000301,v2_benchmark_merchant,952285,INR,succeeded,2009-12-22T11:55:08.236575169Z,2009-12-23T11:55:08.236575169Z,v2_prior_key_0000055
v2_prior_0000056,v2_pay_0000314,v2_benchmark_merchant,539674,INR,succeeded,2009-12-23T04:44:19.691622380Z,2009-12-24T04:44:19.691622380Z,v2_prior_key_0000056
v2_prior_0000057,v2_pay_0000321,v2_benchmark_merchant,659193,INR,succeeded,2009-12-23T11:03:00.464272059Z,2009-12-24T11:03:00.464272059Z,v2_prior_key_0000057
v2_prior_0000058,v2_pay_0000326,v2_benchmark_merchant,10266731,INR,succeeded,2009-12-23T15:14:48.476553225Z,2009-12-24T15:14:48.476553225Z,v2_prior_key_0000058
v2_prior_0000059,v2_pay_0000332,v2_benchmark_merchant,1180450,INR,succeeded,2009-12-23T22:41:17.012964837Z,2009-12-24T22:41:17.012964837Z,v2_prior_key_0000059
v2_prior_0000060,v2_pay_0000338,v2_benchmark_merchant,296199,INR,succeeded,2009-12-24T05:02:49.360531008Z,2009-12-25T05:02:49.360531008Z,v2_prior_key_0000060
v2_prior_0000061,v2_pay_0000342,v2_benchmark_merchant,162611,INR,succeeded,2009-12-24T07:36:05.249383124Z,2009-12-25T07:36:05.249383124Z,v2_prior_key_0000061
v2_prior_0000062,v2_pay_0000347,v2_benchmark_merchant,387694,INR,succeeded,2009-12-24T13:27:51.464154919Z,2009-12-25T13:27:51.464154919Z,v2_prior_key_0000062
v2_prior_0000063,v2_pay_0000351,v2_benchmark_merchant,26378,INR,succeeded,2009-12-24T14:56:34.249910480Z,2009-12-25T14:56:34.249910480Z,v2_prior_key_0000063
v2_prior_0000064,v2_pay_0000357,v2_benchmark_merchant,63779,INR,succeeded,2009-12-24T23:34:24.956653556Z,2009-12-25T23:34:24.956653556Z,v2_prior_key_0000064
v2_prior_0000065,v2_pay_0000361,v2_benchmark_merchant,881070,INR,succeeded,2009-12-25T03:17:14.297378680Z,2009-12-26T03:17:14.297378680Z,v2_prior_key_0000065
v2_prior_0000066,v2_pay_0000371,v2_benchmark_merchant,138773,INR,succeeded,2009-12-25T15:49:40.598130247Z,2009-12-26T15:49:40.598130247Z,v2_prior_key_0000066
v2_prior_0000067,v2_pay_0000372,v2_benchmark_merchant,927043,INR,succeeded,2009-12-25T17:19:11.486699563Z,2009-12-26T17:19:11.486699563Z,v2_prior_key_0000067
v2_prior_0000068,v2_pay_0000375,v2_benchmark_merchant,1259131,INR,succeeded,2009-12-25T22:11:38.458151432Z,2009-12-26T22:11:38.458151432Z,v2_prior_key_0000068
v2_prior_0000069,v2_pay_0000376,v2_benchmark_merchant,925354,INR,succeeded,2009-12-25T23:20:01.693198328Z,2009-12-26T23:20:01.693198328Z,v2_prior_key_0000069
v2_prior_0000070,v2_pay_0000379,v2_benchmark_merchant,38577,INR,succeeded,2009-12-26T01:20:56.666165636Z,2009-12-27T01:20:56.666165636Z,v2_prior_key_0000070
v2_prior_0000071,v2_pay_0000380,v2_benchmark_merchant,34626,INR,succeeded,2009-12-26T03:05:49.472561Z,2009-12-27T03:05:49.472561Z,v2_prior_key_0000071
v2_prior_0000072,v2_pay_0000384,v2_benchmark_merchant,1106109,INR,succeeded,2009-12-26T08:35:53.691497917Z,2009-12-27T08:35:53.691497917Z,v2_prior_key_0000072
v2_prior_0000073,v2_pay_0000385,v2_benchmark_merchant,443272,INR,succeeded,2009-12-26T09:46:27.424352924Z,2009-12-27T09:46:27.424352924Z,v2_prior_key_0000073
v2_prior_0000074,v2_pay_0000393,v2_benchmark_merchant,132552,INR,succeeded,2009-12-26T18:33:14.224618621Z,2009-12-27T18:33:14.224618621Z,v2_prior_key_0000074
v2_prior_0000075,v2_pay_0000398,v2_benchmark_merchant,982556,INR,succeeded,2009-12-27T02:25:17.570621362Z,2009-12-28T02:25:17.570621362Z,v2_prior_key_0000075
v2_prior_0000076,v2_pay_0000402,v2_benchmark_merchant,1587816,INR,succeeded,2009-12-27T04:58:54.952694074Z,2009-12-28T04:58:54.952694074Z,v2_prior_key_0000076
v2_prior_0000077,v2_pay_0000417,v2_benchmark_merchant,19361,INR,succeeded,2009-12-28T06:00:41.805421052Z,2009-12-29T06:00:41.805421052Z,v2_prior_key_0000077
v2_prior_0000078,v2_pay_0000420,v2_benchmark_merchant,292033,INR,succeeded,2009-12-28T14:15:44.166739705Z,2009-12-29T14:15:44.166739705Z,v2_prior_key_0000078
v2_prior_0000079,v2_pay_0000430,v2_benchmark_merchant,902577,INR,succeeded,2009-12-29T06:04:43.093011428Z,2009-12-30T06:04:43.093011428Z,v2_prior_key_0000079
v2_prior_0000080,v2_pay_0000435,v2_benchmark_merchant,2330,INR,succeeded,2009-12-29T11:46:40.748489209Z,2009-12-30T11:46:40.748489209Z,v2_prior_key_0000080
v2_prior_0000081,v2_pay_0000441,v2_benchmark_merchant,19883,INR,succeeded,2009-12-29T17:54:45.581713156Z,2009-12-30T17:54:45.581713156Z,v2_prior_key_0000081
v2_prior_0000082,v2_pay_0000444,v2_benchmark_merchant,467757,INR,succeeded,2009-12-30T04:49:10.391460940Z,2009-12-31T04:49:10.391460940Z,v2_prior_key_0000082
v2_prior_0000083,v2_pay_0000450,v2_benchmark_merchant,711326,INR,succeeded,2009-12-31T08:18:17.163901132Z,2010-01-01T08:18:17.163901132Z,v2_prior_key_0000083
v2_prior_0000084,v2_pay_0000455,v2_benchmark_merchant,365706,INR,succeeded,2009-12-31T15:34:07.506276478Z,2010-01-01T15:34:07.506276478Z,v2_prior_key_0000084
v2_prior_0000085,v2_pay_0000456,v2_benchmark_merchant,161840,INR,succeeded,2009-12-31T23:01:56.058242863Z,2010-01-01T23:01:56.058242863Z,v2_prior_key_0000085
v2_prior_0000086,v2_pay_0000458,v2_benchmark_merchant,162437,INR,succeeded,2010-01-01T03:22:36.154898738Z,2010-01-02T03:22:36.154898738Z,v2_prior_key_0000086
v2_prior_0000087,v2_pay_0000459,v2_benchmark_merchant,428840,INR,succeeded,2010-01-01T03:42:45.769970587Z,2010-01-02T03:42:45.769970587Z,v2_prior_key_0000087
v2_prior_0000088,v2_pay_0000468,v2_benchmark_merchant,27678,INR,succeeded,2010-01-01T17:43:39.624119996Z,2010-01-02T17:43:39.624119996Z,v2_prior_key_0000088
v2_prior_0000089,v2_pay_0000481,v2_benchmark_merchant,717866,INR,succeeded,2010-01-03T12:14:31.168384789Z,2010-01-04T12:14:31.168384789Z,v2_prior_key_0000089
v2_prior_0000090,v2_pay_0000482,v2_benchmark_merchant,949592,INR,succeeded,2010-01-03T13:12:24.607979216Z,2010-01-04T13:12:24.607979216Z,v2_prior_key_0000090
v2_prior_0000091,v2_pay_0000486,v2_benchmark_merchant,10803,INR,succeeded,2010-01-03T18:50:29.307566050Z,2010-01-04T18:50:29.307566050Z,v2_prior_key_0000091
v2_prior_0000092,v2_pay_0000488,v2_benchmark_merchant,226985,INR,succeeded,2010-01-03T23:15:02.715411264Z,2010-01-04T23:15:02.715411264Z,v2_prior_key_0000092
v2_prior_0000093,v2_pay_0000493,v2_benchmark_merchant,120300,INR,succeeded,2010-01-04T12:53:10.080619024Z,2010-01-05T12:53:10.080619024Z,v2_prior_key_0000093
v2_prior_0000094,v2_pay_0000501,v2_benchmark_merchant,1482321,INR,succeeded,2010-01-05T05:21:48.857919141Z,2010-01-06T05:21:48.857919141Z,v2_prior_key_0000094
v2_prior_0000095,v2_pay_0000508,v2_benchmark_merchant,265300,INR,succeeded,2010-01-06T10:33:41.833322595Z,2010-01-07T10:33:41.833322595Z,v2_prior_key_0000095
v2_prior_0000096,v2_pay_0000532,v2_benchmark_merchant,1069662,INR,succeeded,2010-01-11T10:23:50.625054711Z,2010-01-12T10:23:50.625054711Z,v2_prior_key_0000096
v2_prior_0000097,v2_pay_0000538,v2_benchmark_merchant,171900,INR,succeeded,2010-01-12T00:22:10.042398697Z,2010-01-13T00:22:10.042398697Z,v2_prior_key_0000097
v2_prior_0000098,v2_pay_0000545,v2_benchmark_merchant,668608,INR,succeeded,2010-01-13T07:25:28.902136042Z,2010-01-14T07:25:28.902136042Z,v2_prior_key_0000098
v2_prior_0000099,v2_pay_0000547,v2_benchmark_merchant,11933002,INR,succeeded,2010-01-13T19:07:36.778146049Z,2010-01-14T19:07:36.778146049Z,v2_prior_key_0000099
v2_prior_0000100,v2_pay_0000555,v2_benchmark_merchant,438010,INR,succeeded,2010-01-15T06:55:30.518591660Z,2010-01-16T06:55:30.518591660Z,v2_prior_key_0000100
v2_prior_0000101,v2_pay_0000565,v2_benchmark_merchant,568023,INR,succeeded,2010-01-17T06:15:18.244328379Z,2010-01-18T06:15:18.244328379Z,v2_prior_key_0000101
v2_prior_0000102,v2_pay_0000569,v2_benchmark_merchant,1034304,INR,succeeded,2010-01-17T13:59:01.908751028Z,2010-01-18T13:59:01.908751028Z,v2_prior_key_0000102
v2_prior_0000103,v2_pay_0000574,v2_benchmark_merchant,199713,INR,succeeded,2010-01-18T01:45:38.676527409Z,2010-01-19T01:45:38.676527409Z,v2_prior_key_0000103
v2_prior_0000104,v2_pay_0000576,v2_benchmark_merchant,440247,INR,succeeded,2010-01-18T03:53:30.796912764Z,2010-01-19T03:53:30.796912764Z,v2_prior_key_0000104
v2_prior_0000105,v2_pay_0000578,v2_benchmark_merchant,3046445,INR,succeeded,2010-01-19T00:51:40.847933076Z,2010-01-20T00:51:40.847933076Z,v2_prior_key_0000105
v2_prior_0000106,v2_pay_0000579,v2_benchmark_merchant,341039,INR,succeeded,2010-01-19T02:49:43.591084444Z,2010-01-20T02:49:43.591084444Z,v2_prior_key_0000106
v2_prior_0000107,v2_pay_0000583,v2_benchmark_merchant,22919,INR,succeeded,2010-01-19T04:09:19.524464571Z,2010-01-20T04:09:19.524464571Z,v2_prior_key_0000107
v2_prior_0000108,v2_pay_0000584,v2_benchmark_merchant,577009,INR,succeeded,2010-01-19T05:10:44.115898482Z,2010-01-20T05:10:44.115898482Z,v2_prior_key_0000108
v2_prior_0000109,v2_pay_0000593,v2_benchmark_merchant,1218200,INR,succeeded,2010-01-20T14:57:28.638184851Z,2010-01-21T14:57:28.638184851Z,v2_prior_key_0000109
v2_prior_0000110,v2_pay_0000599,v2_benchmark_merchant,890509,INR,succeeded,2010-01-21T02:06:09.266832439Z,2010-01-22T02:06:09.266832439Z,v2_prior_key_0000110
v2_prior_0000111,v2_pay_0000602,v2_benchmark_merchant,604609,INR,succeeded,2010-01-21T04:32:52.649193192Z,2010-01-22T04:32:52.649193192Z,v2_prior_key_0000111
v2_prior_0000112,v2_pay_0000612,v2_benchmark_merchant,150113,INR,succeeded,2010-01-23T02:14:59.955601266Z,2010-01-24T02:14:59.955601266Z,v2_prior_key_0000112
v2_prior_0000113,v2_pay_0000617,v2_benchmark_merchant,286015,INR,succeeded,2010-01-23T07:55:47.491288763Z,2010-01-24T07:55:47.491288763Z,v2_prior_key_0000113
v2_prior_0000114,v2_pay_0000619,v2_benchmark_merchant,189456,INR,succeeded,2010-01-23T10:54:04.991452500Z,2010-01-24T10:54:04.991452500Z,v2_prior_key_0000114
v2_prior_0000115,v2_pay_0000628,v2_benchmark_merchant,1622989,INR,succeeded,2010-01-24T00:59:38.480142730Z,2010-01-25T00:59:38.480142730Z,v2_prior_key_0000115
v2_prior_0000116,v2_pay_0000629,v2_benchmark_merchant,615590,INR,succeeded,2010-01-24T01:44:38.658798046Z,2010-01-25T01:44:38.658798046Z,v2_prior_key_0000116
v2_prior_0000117,v2_pay_0000643,v2_benchmark_merchant,202063,INR,succeeded,2010-01-25T11:06:01.873716205Z,2010-01-26T11:06:01.873716205Z,v2_prior_key_0000117
v2_prior_0000118,v2_pay_0000647,v2_benchmark_merchant,611936,INR,succeeded,2010-01-25T14:18:46.357514302Z,2010-01-26T14:18:46.357514302Z,v2_prior_key_0000118
v2_prior_0000119,v2_pay_0000649,v2_benchmark_merchant,281084,INR,succeeded,2010-01-25T15:18:30.906318980Z,2010-01-26T15:18:30.906318980Z,v2_prior_key_0000119
v2_prior_0000120,v2_pay_0000654,v2_benchmark_merchant,136462,INR,succeeded,2010-01-26T05:55:53.228590431Z,2010-01-27T05:55:53.228590431Z,v2_prior_key_0000120
v2_prior_0000121,v2_pay_0000656,v2_benchmark_merchant,1336304,INR,succeeded,2010-01-26T12:32:35.870393319Z,2010-01-27T12:32:35.870393319Z,v2_prior_key_0000121
v2_prior_0000122,v2_pay_0000663,v2_benchmark_merchant,46110,INR,succeeded,2010-01-27T03:45:45.641979772Z,2010-01-28T03:45:45.641979772Z,v2_prior_key_0000122
v2_prior_0000123,v2_pay_0000668,v2_benchmark_merchant,658018,INR,succeeded,2010-01-27T06:00:13.068157687Z,2010-01-28T06:00:13.068157687Z,v2_prior_key_0000123
v2_prior_0000124,v2_pay_0000671,v2_benchmark_merchant,1047950,INR,succeeded,2010-01-27T08:00:09.697066891Z,2010-01-28T08:00:09.697066891Z,v2_prior_key_0000124
v2_prior_0000125,v2_pay_0000674,v2_benchmark_merchant,54294,INR,succeeded,2010-01-27T14:46:28.024729676Z,2010-01-28T14:46:28.024729676Z,v2_prior_key_0000125
v2_prior_0000126,v2_pay_0000675,v2_benchmark_merchant,552533,INR,succeeded,2010-01-27T15:06:22.607941767Z,2010-01-28T15:06:22.607941767Z,v2_prior_key_0000126
v2_prior_0000127,v2_pay_0000678,v2_benchmark_merchant,152514,INR,succeeded,2010-01-28T00:07:36.396006688Z,2010-01-29T00:07:36.396006688Z,v2_prior_key_0000127
v2_prior_0000128,v2_pay_0000681,v2_benchmark_merchant,1126273,INR,succeeded,2010-01-28T03:40:12.588609718Z,2010-01-29T03:40:12.588609718Z,v2_prior_key_0000128
v2_prior_0000129,v2_pay_0000691,v2_benchmark_merchant,365646,INR,succeeded,2010-01-28T19:05:31.532317917Z,2010-01-29T19:05:31.532317917Z,v2_prior_key_0000129
v2_prior_0000130,v2_pay_0000692,v2_benchmark_merchant,183169,INR,succeeded,2010-01-28T19:35:56.995259031Z,2010-01-29T19:35:56.995259031Z,v2_prior_key_0000130
v2_prior_0000131,v2_pay_0000704,v2_benchmark_merchant,616890,INR,succeeded,2010-01-29T22:40:45.324976275Z,2010-01-30T22:40:45.324976275Z,v2_prior_key_0000131
v2_prior_0000132,v2_pay_0000710,v2_benchmark_merchant,415369,INR,succeeded,2010-01-30T09:23:49.589282266Z,2010-01-31T09:23:49.589282266Z,v2_prior_key_0000132
v2_prior_0000133,v2_pay_0000721,v2_benchmark_merchant,161812,INR,succeeded,2010-01-31T12:37:47.314152603Z,2010-02-01T12:37:47.314152603Z,v2_prior_key_0000133
v2_prior_0000134,v2_pay_0000722,v2_benchmark_merchant,453309,INR,succeeded,2010-01-31T14:10:36.760198438Z,2010-02-01T14:10:36.760198438Z,v2_prior_key_0000134
v2_prior_0000135,v2_pay_0000725,v2_benchmark_merchant,1096788,INR,succeeded,2010-01-31T17:43:43.940741911Z,2010-02-01T17:43:43.940741911Z,v2_prior_key_0000135
v2_prior_0000136,v2_pay_0000726,v2_benchmark_merchant,963825,INR,succeeded,2010-01-31T19:09:31.648707493Z,2010-02-01T19:09:31.648707493Z,v2_prior_key_0000136
v2_prior_0000137,v2_pay_0000729,v2_benchmark_merchant,75907,INR,succeeded,2010-02-01T00:05:17.748841986Z,2010-02-02T00:05:17.748841986Z,v2_prior_key_0000137
v2_prior_0000138,v2_pay_0000730,v2_benchmark_merchant,858770,INR,succeeded,2010-02-01T02:09:59.366833096Z,2010-02-02T02:09:59.366833096Z,v2_prior_key_0000138
v2_prior_0000139,v2_pay_0000735,v2_benchmark_merchant,432881,INR,succeeded,2010-02-01T15:42:04.784554015Z,2010-02-02T15:42:04.784554015Z,v2_prior_key_0000139
v2_prior_0000140,v2_pay_0000743,v2_benchmark_merchant,319386,INR,succeeded,2010-02-02T05:41:23.138186180Z,2010-02-03T05:41:23.138186180Z,v2_prior_key_0000140
v2_prior_0000141,v2_pay_0000750,v2_benchmark_merchant,441187,INR,succeeded,2010-02-02T12:48:55.635819986Z,2010-02-03T12:48:55.635819986Z,v2_prior_key_0000141
v2_prior_0000142,v2_pay_0000754,v2_benchmark_merchant,1701340,INR,succeeded,2010-02-02T21:54:47.103309630Z,2010-02-03T21:54:47.103309630Z,v2_prior_key_0000142
v2_prior_0000143,v2_pay_0000764,v2_benchmark_merchant,479829,INR,succeeded,2010-02-03T20:15:43.440166900Z,2010-02-04T20:15:43.440166900Z,v2_prior_key_0000143
v2_prior_0000144,v2_pay_0000766,v2_benchmark_merchant,183231,INR,succeeded,2010-02-03T22:13:03.018398236Z,2010-02-04T22:13:03.018398236Z,v2_prior_key_0000144
v2_prior_0000145,v2_pay_0000767,v2_benchmark_merchant,1661359,INR,succeeded,2010-02-03T23:10:50.736893464Z,2010-02-04T23:10:50.736893464Z,v2_prior_key_0000145
v2_prior_0000146,v2_pay_0000768,v2_benchmark_merchant,386446,INR,succeeded,2010-02-03T23:46:49.679624546Z,2010-02-04T23:46:49.679624546Z,v2_prior_key_0000146
v2_prior_0000147,v2_pay_0000772,v2_benchmark_merchant,14719340,INR,succeeded,2010-02-04T12:32:12.725825026Z,2010-02-05T12:32:12.725825026Z,v2_prior_key_0000147
v2_prior_0000148,v2_pay_0000783,v2_benchmark_merchant,539388,INR,succeeded,2010-02-05T00:13:30.902012834Z,2010-02-06T00:13:30.902012834Z,v2_prior_key_0000148
v2_prior_0000149,v2_pay_0000801,v2_benchmark_merchant,4812124,INR,succeeded,2010-02-06T14:12:13.631331712Z,2010-02-07T14:12:13.631331712Z,v2_prior_key_0000149
v2_prior_0000150,v2_pay_0000803,v2_benchmark_merchant,620085,INR,succeeded,2010-02-06T15:03:56.304389419Z,2010-02-07T15:03:56.304389419Z,v2_prior_key_0000150
v2_prior_0000151,v2_pay_0000804,v2_benchmark_merchant,139551,INR,succeeded,2010-02-06T17:18:16.662160581Z,2010-02-07T17:18:16.662160581Z,v2_prior_key_0000151
v2_prior_0000152,v2_pay_0000820,v2_benchmark_merchant,185399,INR,succeeded,2010-02-08T02:22:34.108039045Z,2010-02-09T02:22:34.108039045Z,v2_prior_key_0000152
v2_prior_0000153,v2_pay_0000822,v2_benchmark_merchant,493997,INR,succeeded,2010-02-08T05:45:26.767238421Z,2010-02-09T05:45:26.767238421Z,v2_prior_key_0000153
v2_prior_0000154,v2_pay_0000824,v2_benchmark_merchant,217704,INR,succeeded,2010-02-08T15:48:57.537455936Z,2010-02-09T15:48:57.537455936Z,v2_prior_key_0000154
v2_prior_0000155,v2_pay_0000836,v2_benchmark_merchant,1029791,INR,succeeded,2010-02-09T19:42:00.457552124Z,2010-02-10T19:42:00.457552124Z,v2_prior_key_0000155
v2_prior_0000156,v2_pay_0000837,v2_benchmark_merchant,933521,INR,succeeded,2010-02-09T20:53:09.114692980Z,2010-02-10T20:53:09.114692980Z,v2_prior_key_0000156
v2_prior_0000157,v2_pay_0000840,v2_benchmark_merchant,74749,INR,succeeded,2010-02-10T05:23:06.088241810Z,2010-02-11T05:23:06.088241810Z,v2_prior_key_0000157
v2_prior_0000158,v2_pay_0000843,v2_benchmark_merchant,734254,INR,succeeded,2010-02-10T07:25:44.849533455Z,2010-02-11T07:25:44.849533455Z,v2_prior_key_0000158
v2_prior_0000159,v2_pay_0000850,v2_benchmark_merchant,514610,INR,succeeded,2010-02-10T19:55:40.019625591Z,2010-02-11T19:55:40.019625591Z,v2_prior_key_0000159
v2_prior_0000160,v2_pay_0000855,v2_benchmark_merchant,2234063,INR,succeeded,2010-02-11T06:48:48.912560702Z,2010-02-12T06:48:48.912560702Z,v2_prior_key_0000160
v2_prior_0000161,v2_pay_0000856,v2_benchmark_merchant,1289290,INR,succeeded,2010-02-11T07:06:16.127020242Z,2010-02-12T07:06:16.127020242Z,v2_prior_key_0000161
v2_prior_0000162,v2_pay_0000861,v2_benchmark_merchant,4253886,INR,succeeded,2010-02-11T16:14:59.258783380Z,2010-02-12T16:14:59.258783380Z,v2_prior_key_0000162
v2_prior_0000163,v2_pay_0000865,v2_benchmark_merchant,932237,INR,succeeded,2010-02-11T21:17:22.246707650Z,2010-02-12T21:17:22.246707650Z,v2_prior_key_0000163
v2_prior_0000164,v2_pay_0000871,v2_benchmark_merchant,173019,INR,succeeded,2010-02-12T07:47:26.841320100Z,2010-02-13T07:47:26.841320100Z,v2_prior_key_0000164
v2_prior_0000165,v2_pay_0000872,v2_benchmark_merchant,481142,INR,succeeded,2010-02-12T09:01:10.489615068Z,2010-02-13T09:01:10.489615068Z,v2_prior_key_0000165
v2_prior_0000166,v2_pay_0000877,v2_benchmark_merchant,1884148,INR,succeeded,2010-02-12T19:59:17.660468262Z,2010-02-13T19:59:17.660468262Z,v2_prior_key_0000166
v2_prior_0000167,v2_pay_0000884,v2_benchmark_merchant,523117,INR,succeeded,2010-02-13T04:18:27.545801736Z,2010-02-14T04:18:27.545801736Z,v2_prior_key_0000167
v2_prior_0000168,v2_pay_0000887,v2_benchmark_merchant,261926,INR,succeeded,2010-02-13T10:23:11.370816181Z,2010-02-14T10:23:11.370816181Z,v2_prior_key_0000168
v2_prior_0000169,v2_pay_0000895,v2_benchmark_merchant,18562,INR,succeeded,2010-02-14T08:26:48.421219300Z,2010-02-15T08:26:48.421219300Z,v2_prior_key_0000169
v2_prior_0000170,v2_pay_0000897,v2_benchmark_merchant,346536,INR,succeeded,2010-02-14T11:47:58.965435256Z,2010-02-15T11:47:58.965435256Z,v2_prior_key_0000170
v2_prior_0000171,v2_pay_0000901,v2_benchmark_merchant,676431,INR,succeeded,2010-02-14T18:10:20.393890920Z,2010-02-15T18:10:20.393890920Z,v2_prior_key_0000171
v2_prior_0000172,v2_pay_0000904,v2_benchmark_merchant,161346,INR,succeeded,2010-02-14T22:45:03.785752266Z,2010-02-15T22:45:03.785752266Z,v2_prior_key_0000172
v2_prior_0000173,v2_pay_0000906,v2_benchmark_merchant,367807,INR,succeeded,2010-02-15T01:29:27.895060356Z,2010-02-16T01:29:27.895060356Z,v2_prior_key_0000173
v2_prior_0000174,v2_pay_0000909,v2_benchmark_merchant,1599109,INR,succeeded,2010-02-15T05:39:31.067679254Z,2010-02-16T05:39:31.067679254Z,v2_prior_key_0000174
v2_prior_0000175,v2_pay_0000910,v2_benchmark_merchant,666457,INR,succeeded,2010-02-15T05:47:26.709171528Z,2010-02-16T05:47:26.709171528Z,v2_prior_key_0000175
v2_prior_0000176,v2_pay_0000917,v2_benchmark_merchant,192421,INR,succeeded,2010-02-15T19:20:46.677505959Z,2010-02-16T19:20:46.677505959Z,v2_prior_key_0000176
v2_prior_0000177,v2_pay_0000919,v2_benchmark_merchant,910733,INR,succeeded,2010-02-15T21:58:51.712214252Z,2010-02-16T21:58:51.712214252Z,v2_prior_key_0000177
v2_prior_0000178,v2_pay_0000920,v2_benchmark_merchant,310813,INR,succeeded,2010-02-15T22:21:01.834798552Z,2010-02-16T22:21:01.834798552Z,v2_prior_key_0000178
v2_prior_0000179,v2_pay_0000925,v2_benchmark_merchant,701813,INR,succeeded,2010-02-16T03:36:32.774453342Z,2010-02-17T03:36:32.774453342Z,v2_prior_key_0000179
v2_prior_0000180,v2_pay_0000929,v2_benchmark_merchant,160615,INR,succeeded,2010-02-16T09:40:14.077783834Z,2010-02-17T09:40:14.077783834Z,v2_prior_key_0000180
v2_prior_0000181,v2_pay_0000934,v2_benchmark_merchant,1289974,INR,succeeded,2010-02-16T21:59:30.023408878Z,2010-02-17T21:59:30.023408878Z,v2_prior_key_0000181
v2_prior_0000182,v2_pay_0000939,v2_benchmark_merchant,989240,INR,succeeded,2010-02-17T03:43:35.656654942Z,2010-02-18T03:43:35.656654942Z,v2_prior_key_0000182
v2_prior_0000183,v2_pay_0000959,v2_benchmark_merchant,377961,INR,succeeded,2010-02-18T08:01:12.843278223Z,2010-02-19T08:01:12.843278223Z,v2_prior_key_0000183
v2_prior_0000184,v2_pay_0000960,v2_benchmark_merchant,336182,INR,succeeded,2010-02-18T09:51:49.871629995Z,2010-02-19T09:51:49.871629995Z,v2_prior_key_0000184
v2_prior_0000185,v2_pay_0000964,v2_benchmark_merchant,415994,INR,succeeded,2010-02-18T19:02:41.265972212Z,2010-02-19T19:02:41.265972212Z,v2_prior_key_0000185
v2_prior_0000186,v2_pay_0000966,v2_benchmark_merchant,685968,INR,succeeded,2010-02-18T23:24:31.034333074Z,2010-02-19T23:24:31.034333074Z,v2_prior_key_0000186
v2_prior_0000187,v2_pay_0000971,v2_benchmark_merchant,682783,INR,succeeded,2010-02-19T02:47:42.118978558Z,2010-02-20T02:47:42.118978558Z,v2_prior_key_0000187
v2_prior_0000188,v2_pay_0000974,v2_benchmark_merchant,329879,INR,succeeded,2010-02-19T08:20:50.442441211Z,2010-02-20T08:20:50.442441211Z,v2_prior_key_0000188
v2_prior_0000189,v2_pay_0000975,v2_benchmark_merchant,508445,INR,succeeded,2010-02-19T11:42:55.608999377Z,2010-02-20T11:42:55.608999377Z,v2_prior_key_0000189
v2_prior_0000190,v2_pay_0000983,v2_benchmark_merchant,1854838,INR,succeeded,2010-02-20T04:53:22.211335065Z,2010-02-21T04:53:22.211335065Z,v2_prior_key_0000190
v2_prior_0000191,v2_pay_0000985,v2_benchmark_merchant,416548,INR,succeeded,2010-02-20T13:04:22.835602539Z,2010-02-21T13:04:22.835602539Z,v2_prior_key_0000191
v2_prior_0000192,v2_pay_0000987,v2_benchmark_merchant,280922,INR,succeeded,2010-02-20T16:07:50.220782814Z,2010-02-21T16:07:50.220782814Z,v2_prior_key_0000192
v2_prior_0000193,v2_pay_0000991,v2_benchmark_merchant,486721,INR,succeeded,2010-02-20T19:26:28.505337670Z,2010-02-21T19:26:28.505337670Z,v2_prior_key_0000193
v2_prior_0000194,v2_pay_0000993,v2_benchmark_merchant,10432,INR,succeeded,2010-02-20T20:41:53.093964576Z,2010-02-21T20:41:53.093964576Z,v2_prior_key_0000194
v2_prior_0000195,v2_pay_0000997,v2_benchmark_merchant,1286251,INR,succeeded,2010-02-20T23:37:04.439402157Z,2010-02-21T23:37:04.439402157Z,v2_prior_key_0000195
v2_prior_0000196,v2_pay_0000998,v2_benchmark_merchant,2247734,INR,succeeded,2010-02-21T00:32:43.147350663Z,2010-02-22T00:32:43.147350663Z,v2_prior_key_0000196
v2_prior_0000197,v2_pay_0000999,v2_benchmark_merchant,72412,INR,succeeded,2010-02-21T00:45:20.321247368Z,2010-02-22T00:45:20.321247368Z,v2_prior_key_0000197
v2_prior_0000198,v2_pay_0001002,v2_benchmark_merchant,514001,INR,succeeded,2010-02-21T03:00:04.661205736Z,2010-02-22T03:00:04.661205736Z,v2_prior_key_0000198
v2_prior_0000199,v2_pay_0001003,v2_benchmark_merchant,881747,INR,succeeded,2010-02-21T05:58:22.071826412Z,2010-02-22T05:58:22.071826412Z,v2_prior_key_0000199
v2_prior_0000200,v2_pay_0001022,v2_benchmark_merchant,449101,INR,succeeded,2010-02-22T14:48:40.577733358Z,2010-02-23T14:48:40.577733358Z,v2_prior_key_0000200
v2_prior_0000201,v2_pay_0001029,v2_benchmark_merchant,535205,INR,succeeded,2010-02-23T01:40:04.985512084Z,2010-02-24T01:40:04.985512084Z,v2_prior_key_0000201
v2_prior_0000202,v2_pay_0001038,v2_benchmark_merchant,455575,INR,succeeded,2010-02-23T15:43:57.674532762Z,2010-02-24T15:43:57.674532762Z,v2_prior_key_0000202
v2_prior_0000203,v2_pay_0001043,v2_benchmark_merchant,290235,INR,succeeded,2010-02-23T23:52:12.201216411Z,2010-02-24T23:52:12.201216411Z,v2_prior_key_0000203
v2_prior_0000204,v2_pay_0001046,v2_benchmark_merchant,598378,INR,succeeded,2010-02-24T03:55:13.398157449Z,2010-02-25T03:55:13.398157449Z,v2_prior_key_0000204
v2_prior_0000205,v2_pay_0001048,v2_benchmark_merchant,1372059,INR,succeeded,2010-02-24T10:21:49.546943066Z,2010-02-25T10:21:49.546943066Z,v2_prior_key_0000205
v2_prior_0000206,v2_pay_0001052,v2_benchmark_merchant,2540248,INR,succeeded,2010-02-24T23:35:56.402554250Z,2010-02-25T23:35:56.402554250Z,v2_prior_key_0000206
v2_prior_0000207,v2_pay_0001054,v2_benchmark_merchant,526644,INR,succeeded,2010-02-25T04:14:03.450675704Z,2010-02-26T04:14:03.450675704Z,v2_prior_key_0000207
v2_prior_0000208,v2_pay_0001058,v2_benchmark_merchant,1106309,INR,succeeded,2010-02-25T08:07:47.574010357Z,2010-02-26T08:07:47.574010357Z,v2_prior_key_0000208
v2_prior_0000209,v2_pay_0001068,v2_benchmark_merchant,1702642,INR,succeeded,2010-02-26T06:10:25.259054475Z,2010-02-27T06:10:25.259054475Z,v2_prior_key_0000209
v2_prior_0000210,v2_pay_0001070,v2_benchmark_merchant,336639,INR,succeeded,2010-02-26T11:45:11.926389229Z,2010-02-27T11:45:11.926389229Z,v2_prior_key_0000210
v2_prior_0000211,v2_pay_0001082,v2_benchmark_merchant,3817135,INR,succeeded,2010-02-27T01:07:13.294247074Z,2010-02-28T01:07:13.294247074Z,v2_prior_key_0000211
v2_prior_0000212,v2_pay_0001087,v2_benchmark_merchant,352540,INR,succeeded,2010-02-27T15:23:33.038861203Z,2010-02-28T15:23:33.038861203Z,v2_prior_key_0000212
v2_prior_0000213,v2_pay_0001092,v2_benchmark_merchant,7496920,INR,succeeded,2010-02-28T06:01:10.112473383Z,2010-03-01T06:01:10.112473383Z,v2_prior_key_0000213
v2_prior_0000214,v2_pay_0001095,v2_benchmark_merchant,993547,INR,succeeded,2010-02-28T11:47:41.801683120Z,2010-03-01T11:47:41.801683120Z,v2_prior_key_0000214
v2_prior_0000215,v2_pay_0001098,v2_benchmark_merchant,607257,INR,succeeded,2010-02-28T16:30:38.762250322Z,2010-03-01T16:30:38.762250322Z,v2_prior_key_0000215
v2_prior_0000216,v2_pay_0001102,v2_benchmark_merchant,5588,INR,succeeded,2010-02-28T23:16:37.877493992Z,2010-03-01T23:16:37.877493992Z,v2_prior_key_0000216
v2_prior_0000217,v2_pay_0001103,v2_benchmark_merchant,101022,INR,succeeded,2010-03-01T01:43:07.334777091Z,2010-03-02T01:43:07.334777091Z,v2_prior_key_0000217
v2_prior_0000218,v2_pay_0001109,v2_benchmark_merchant,182198,INR,succeeded,2010-03-01T09:31:23.840740814Z,2010-03-02T09:31:23.840740814Z,v2_prior_key_0000218
v2_prior_0000219,v2_pay_0001112,v2_benchmark_merchant,438730,INR,succeeded,2010-03-01T12:06:52.832674623Z,2010-03-02T12:06:52.832674623Z,v2_prior_key_0000219
v2_prior_0000220,v2_pay_0001115,v2_benchmark_merchant,364641,INR,succeeded,2010-03-01T22:49:57.320989861Z,2010-03-02T22:49:57.320989861Z,v2_prior_key_0000220
v2_prior_0000221,v2_pay_0001116,v2_benchmark_merchant,82724,INR,succeeded,2010-03-02T02:42:05.324988418Z,2010-03-03T02:42:05.324988418Z,v2_prior_key_0000221
v2_prior_0000222,v2_pay_0001125,v2_benchmark_merchant,51337,INR,succeeded,2010-03-02T12:10:38.477348450Z,2010-03-03T12:10:38.477348450Z,v2_prior_key_0000222
v2_prior_0000223,v2_pay_0001134,v2_benchmark_merchant,337749,INR,succeeded,2010-03-03T05:15:40.018693476Z,2010-03-04T05:15:40.018693476Z,v2_prior_key_0000223
v2_prior_0000224,v2_pay_0001137,v2_benchmark_merchant,95333,INR,succeeded,2010-03-03T10:42:23.542722974Z,2010-03-04T10:42:23.542722974Z,v2_prior_key_0000224
v2_prior_0000225,v2_pay_0001144,v2_benchmark_merchant,414967,INR,succeeded,2010-03-03T20:23:14.209868305Z,2010-03-04T20:23:14.209868305Z,v2_prior_key_0000225
v2_prior_0000226,v2_pay_0001149,v2_benchmark_merchant,167054,INR,succeeded,2010-03-04T19:26:29.033212960Z,2010-03-05T19:26:29.033212960Z,v2_prior_key_0000226
v2_prior_0000227,v2_pay_0001151,v2_benchmark_merchant,6017217,INR,succeeded,2010-03-05T01:56:33.950121816Z,2010-03-06T01:56:33.950121816Z,v2_prior_key_0000227
v2_prior_0000228,v2_pay_0001161,v2_benchmark_merchant,120381,INR,succeeded,2010-03-05T18:35:04.865787740Z,2010-03-06T18:35:04.865787740Z,v2_prior_key_0000228
v2_prior_0000229,v2_pay_0001162,v2_benchmark_merchant,379152,INR,succeeded,2010-03-05T19:08:01.461574765Z,2010-03-06T19:08:01.461574765Z,v2_prior_key_0000229
v2_prior_0000230,v2_pay_0001163,v2_benchmark_merchant,141239,INR,succeeded,2010-03-05T19:56:45.078572674Z,2010-03-06T19:56:45.078572674Z,v2_prior_key_0000230
v2_prior_0000231,v2_pay_0001166,v2_benchmark_merchant,179528,INR,succeeded,2010-03-05T23:33:30.565525773Z,2010-03-06T23:33:30.565525773Z,v2_prior_key_0000231
v2_prior_0000232,v2_pay_0001177,v2_benchmark_merchant,157598,INR,succeeded,2010-03-07T05:34:43.267006916Z,2010-03-08T05:34:43.267006916Z,v2_prior_key_0000232
v2_prior_0000233,v2_pay_0001178,v2_benchmark_merchant,2792112,INR,succeeded,2010-03-07T09:42:09.438081770Z,2010-03-08T09:42:09.438081770Z,v2_prior_key_0000233
v2_prior_0000234,v2_pay_0001179,v2_benchmark_merchant,592948,INR,succeeded,2010-03-07T09:56:44.433808994Z,2010-03-08T09:56:44.433808994Z,v2_prior_key_0000234
v2_prior_0000235,v2_pay_0001188,v2_benchmark_merchant,717032,INR,succeeded,2010-03-07T21:50:52.121129961Z,2010-03-08T21:50:52.121129961Z,v2_prior_key_0000235
v2_prior_0000236,v2_pay_0001196,v2_benchmark_merchant,39534,INR,succeeded,2010-03-08T15:03:22.309359527Z,2010-03-09T15:03:22.309359527Z,v2_prior_key_0000236
v2_prior_0000237,v2_pay_0001198,v2_benchmark_merchant,1542274,INR,succeeded,2010-03-08T15:31:33.937570981Z,2010-03-09T15:31:33.937570981Z,v2_prior_key_0000237
v2_prior_0000238,v2_pay_0001201,v2_benchmark_merchant,353069,INR,succeeded,2010-03-08T20:34:35.165461938Z,2010-03-09T20:34:35.165461938Z,v2_prior_key_0000238
v2_prior_0000239,v2_pay_0001205,v2_benchmark_merchant,170394,INR,succeeded,2010-03-09T06:37:04.913760295Z,2010-03-10T06:37:04.913760295Z,v2_prior_key_0000239
v2_prior_0000240,v2_pay_0001217,v2_benchmark_merchant,610318,INR,succeeded,2010-03-10T10:19:15.152368788Z,2010-03-11T10:19:15.152368788Z,v2_prior_key_0000240
v2_prior_0000241,v2_pay_0001230,v2_benchmark_merchant,987122,INR,succeeded,2010-03-11T21:24:49.628363536Z,2010-03-12T21:24:49.628363536Z,v2_prior_key_0000241
v2_prior_0000242,v2_pay_0001263,v2_benchmark_merchant,1618738,INR,succeeded,2010-03-14T00:23:08.462392746Z,2010-03-15T00:23:08.462392746Z,v2_prior_key_0000242
v2_prior_0000243,v2_pay_0001270,v2_benchmark_merchant,389856,INR,succeeded,2010-03-14T08:42:36.779799219Z,2010-03-15T08:42:36.779799219Z,v2_prior_key_0000243
v2_prior_0000244,v2_pay_0001286,v2_benchmark_merchant,16350,INR,succeeded,2010-03-15T01:36:23.060029490Z,2010-03-16T01:36:23.060029490Z,v2_prior_key_0000244
v2_prior_0000245,v2_pay_0001287,v2_benchmark_merchant,1093798,INR,succeeded,2010-03-15T02:24:07.312806464Z,2010-03-16T02:24:07.312806464Z,v2_prior_key_0000245
v2_prior_0000246,v2_pay_0001291,v2_benchmark_merchant,1320463,INR,succeeded,2010-03-15T06:02:33.717130602Z,2010-03-16T06:02:33.717130602Z,v2_prior_key_0000246
v2_prior_0000247,v2_pay_0001312,v2_benchmark_merchant,1277433,INR,succeeded,2010-03-16T22:58:17.365895744Z,2010-03-17T22:58:17.365895744Z,v2_prior_key_0000247
v2_prior_0000248,v2_pay_0001325,v2_benchmark_merchant,25507,INR,succeeded,2010-03-17T23:27:17.325810642Z,2010-03-18T23:27:17.325810642Z,v2_prior_key_0000248
v2_prior_0000249,v2_pay_0001341,v2_benchmark_merchant,767170,INR,succeeded,2010-03-18T19:15:23.570388682Z,2010-03-19T19:15:23.570388682Z,v2_prior_key_0000249
v2_prior_0000250,v2_pay_0001344,v2_benchmark_merchant,1415107,INR,succeeded,2010-03-19T02:49:15.492468802Z,2010-03-20T02:49:15.492468802Z,v2_prior_key_0000250
v2_prior_0000251,v2_pay_0001368,v2_benchmark_merchant,172931,INR,succeeded,2010-03-20T16:37:44.386884184Z,2010-03-21T16:37:44.386884184Z,v2_prior_key_0000251
v2_prior_0000252,v2_pay_0001374,v2_benchmark_merchant,1078495,INR,succeeded,2010-03-21T01:13:18.491744078Z,2010-03-22T01:13:18.491744078Z,v2_prior_key_0000252
v2_prior_0000253,v2_pay_0001376,v2_benchmark_merchant,3839045,INR,succeeded,2010-03-21T02:29:56.485933663Z,2010-03-22T02:29:56.485933663Z,v2_prior_key_0000253
v2_prior_0000254,v2_pay_0001379,v2_benchmark_merchant,272871,INR,succeeded,2010-03-21T05:58:05.277351885Z,2010-03-22T05:58:05.277351885Z,v2_prior_key_0000254
v2_prior_0000255,v2_pay_0001380,v2_benchmark_merchant,5833802,INR,succeeded,2010-03-21T08:13:13.743986005Z,2010-03-22T08:13:13.743986005Z,v2_prior_key_0000255
v2_prior_0000256,v2_pay_0001387,v2_benchmark_merchant,56347,INR,succeeded,2010-03-21T22:07:51.444080754Z,2010-03-22T22:07:51.444080754Z,v2_prior_key_0000256
v2_prior_0000257,v2_pay_0001394,v2_benchmark_merchant,254306,INR,succeeded,2010-03-22T03:45:53.351080201Z,2010-03-23T03:45:53.351080201Z,v2_prior_key_0000257
v2_prior_0000258,v2_pay_0001404,v2_benchmark_merchant,223767,INR,succeeded,2010-03-22T19:46:29.053560632Z,2010-03-23T19:46:29.053560632Z,v2_prior_key_0000258
v2_prior_0000259,v2_pay_0001405,v2_benchmark_merchant,1987624,INR,succeeded,2010-03-22T22:48:18.289234918Z,2010-03-23T22:48:18.289234918Z,v2_prior_key_0000259
v2_prior_0000260,v2_pay_0001417,v2_benchmark_merchant,1133137,INR,succeeded,2010-03-23T23:56:10.532792835Z,2010-03-24T23:56:10.532792835Z,v2_prior_key_0000260
v2_prior_0000261,v2_pay_0001422,v2_benchmark_merchant,698467,INR,succeeded,2010-03-24T04:27:49.820601319Z,2010-03-25T04:27:49.820601319Z,v2_prior_key_0000261
v2_prior_0000262,v2_pay_0001424,v2_benchmark_merchant,514863,INR,succeeded,2010-03-24T08:11:47.596351147Z,2010-03-25T08:11:47.596351147Z,v2_prior_key_0000262
v2_prior_0000263,v2_pay_0001447,v2_benchmark_merchant,80017,INR,succeeded,2010-03-25T20:26:06.862821070Z,2010-03-26T20:26:06.862821070Z,v2_prior_key_0000263
v2_prior_0000264,v2_pay_0001455,v2_benchmark_merchant,4783417,INR,succeeded,2010-03-26T09:26:24.909175122Z,2010-03-27T09:26:24.909175122Z,v2_prior_key_0000264
v2_prior_0000265,v2_pay_0001477,v2_benchmark_merchant,534439,INR,succeeded,2010-03-27T14:01:21.490951364Z,2010-03-28T14:01:21.490951364Z,v2_prior_key_0000265
v2_prior_0000266,v2_pay_0001481,v2_benchmark_merchant,45147,INR,succeeded,2010-03-27T21:42:16.807381021Z,2010-03-28T21:42:16.807381021Z,v2_prior_key_0000266
v2_prior_0000267,v2_pay_0001489,v2_benchmark_merchant,458860,INR,succeeded,2010-03-28T09:38:11.715532554Z,2010-03-29T09:38:11.715532554Z,v2_prior_key_0000267
v2_prior_0000268,v2_pay_0001495,v2_benchmark_merchant,7409206,INR,succeeded,2010-03-28T14:54:27.858490327Z,2010-03-29T14:54:27.858490327Z,v2_prior_key_0000268
v2_prior_0000269,v2_pay_0001496,v2_benchmark_merchant,403191,INR,succeeded,2010-03-28T16:05:38.913683968Z,2010-03-29T16:05:38.913683968Z,v2_prior_key_0000269
v2_prior_0000270,v2_pay_0001501,v2_benchmark_merchant,72504,INR,succeeded,2010-03-28T22:27:36.350467879Z,2010-03-29T22:27:36.350467879Z,v2_prior_key_0000270
v2_prior_0000271,v2_pay_0001503,v2_benchmark_merchant,957453,INR,succeeded,2010-03-29T06:12:35.420799999Z,2010-03-30T06:12:35.420799999Z,v2_prior_key_0000271
v2_prior_0000272,v2_pay_0001524,v2_benchmark_merchant,518257,INR,succeeded,2010-03-30T13:42:28.888084390Z,2010-03-31T13:42:28.888084390Z,v2_prior_key_0000272
v2_prior_0000273,v2_pay_0001529,v2_benchmark_merchant,3107363,INR,succeeded,2010-03-30T21:20:56.583253213Z,2010-03-31T21:20:56.583253213Z,v2_prior_key_0000273
v2_prior_0000274,v2_pay_0001533,v2_benchmark_merchant,346800,INR,succeeded,2010-03-31T00:58:32.666897821Z,2010-04-01T00:58:32.666897821Z,v2_prior_key_0000274
v2_prior_0000275,v2_pay_0001535,v2_benchmark_merchant,328352,INR,succeeded,2010-03-31T01:25:54.628358976Z,2010-04-01T01:25:54.628358976Z,v2_prior_key_0000275
v2_prior_0000276,v2_pay_0001538,v2_benchmark_merchant,2571033,INR,succeeded,2010-03-31T03:11:09.391221404Z,2010-04-01T03:11:09.391221404Z,v2_prior_key_0000276
v2_prior_0000277,v2_pay_0001540,v2_benchmark_merchant,204874,INR,succeeded,2010-03-31T03:41:50.029863817Z,2010-04-01T03:41:50.029863817Z,v2_prior_key_0000277
v2_prior_0000278,v2_pay_0001546,v2_benchmark_merchant,468139,INR,succeeded,2010-03-31T07:50:51.533834404Z,2010-04-01T07:50:51.533834404Z,v2_prior_key_0000278
v2_prior_0000279,v2_pay_0001554,v2_benchmark_merchant,58015,INR,succeeded,2010-03-31T18:22:42.883735843Z,2010-04-01T18:22:42.883735843Z,v2_prior_key_0000279
v2_prior_0000280,v2_pay_0001555,v2_benchmark_merchant,381605,INR,succeeded,2010-03-31T19:15:26.066399840Z,2010-04-01T19:15:26.066399840Z,v2_prior_key_0000280
v2_prior_0000281,v2_pay_0001560,v2_benchmark_merchant,64921,INR,succeeded,2010-04-01T04:41:03.192763110Z,2010-04-02T04:41:03.192763110Z,v2_prior_key_0000281
v2_prior_0000282,v2_pay_0001567,v2_benchmark_merchant,248372,INR,succeeded,2010-04-01T20:15:05.724508926Z,2010-04-02T20:15:05.724508926Z,v2_prior_key_0000282
v2_prior_0000283,v2_pay_0001571,v2_benchmark_merchant,935142,INR,succeeded,2010-04-02T00:18:35.700683520Z,2010-04-03T00:18:35.700683520Z,v2_prior_key_0000283
v2_prior_0000284,v2_pay_0001574,v2_benchmark_merchant,1076572,INR,succeeded,2010-04-02T08:13:21.058605788Z,2010-04-03T08:13:21.058605788Z,v2_prior_key_0000284
v2_prior_0000285,v2_pay_0001579,v2_benchmark_merchant,407,INR,succeeded,2010-04-02T13:53:10.065466611Z,2010-04-03T13:53:10.065466611Z,v2_prior_key_0000285
v2_prior_0000286,v2_pay_0001593,v2_benchmark_merchant,3441207,INR,succeeded,2010-04-03T12:08:30.442903100Z,2010-04-04T12:08:30.442903100Z,v2_prior_key_0000286
v2_prior_0000287,v2_pay_0001611,v2_benchmark_merchant,498291,INR,succeeded,2010-04-04T10:53:44.615331482Z,2010-04-05T10:53:44.615331482Z,v2_prior_key_0000287
v2_prior_0000288,v2_pay_0001613,v2_benchmark_merchant,714482,INR,succeeded,2010-04-04T12:44:43.835719321Z,2010-04-05T12:44:43.835719321Z,v2_prior_key_0000288
v2_prior_0000289,v2_pay_0001616,v2_benchmark_merchant,661168,INR,succeeded,2010-04-04T16:49:23.283465994Z,2010-04-05T16:49:23.283465994Z,v2_prior_key_0000289
v2_prior_0000290,v2_pay_0001624,v2_benchmark_merchant,2738252,INR,succeeded,2010-04-05T08:59:12.995306388Z,2010-04-06T08:59:12.995306388Z,v2_prior_key_0000290
v2_prior_0000291,v2_pay_0001633,v2_benchmark_merchant,79298,INR,succeeded,2010-04-05T23:32:28.566569066Z,2010-04-06T23:32:28.566569066Z,v2_prior_key_0000291
v2_prior_0000292,v2_pay_0001637,v2_benchmark_merchant,522622,INR,succeeded,2010-04-06T05:43:45.125701832Z,2010-04-07T05:43:45.125701832Z,v2_prior_key_0000292
v2_prior_0000293,v2_pay_0001639,v2_benchmark_merchant,461188,INR,succeeded,2010-04-06T08:27:38.455455763Z,2010-04-07T08:27:38.455455763Z,v2_prior_key_0000293
v2_prior_0000294,v2_pay_0001643,v2_benchmark_merchant,243010,INR,succeeded,2010-04-06T16:59:49.899376082Z,2010-04-07T16:59:49.899376082Z,v2_prior_key_0000294
v2_prior_0000295,v2_pay_0001652,v2_benchmark_merchant,204669,INR,succeeded,2010-04-07T09:36:11.943069201Z,2010-04-08T09:36:11.943069201Z,v2_prior_key_0000295
v2_prior_0000296,v2_pay_0001659,v2_benchmark_merchant,266944,INR,succeeded,2010-04-07T13:48:27.432161144Z,2010-04-08T13:48:27.432161144Z,v2_prior_key_0000296
v2_prior_0000297,v2_pay_0001663,v2_benchmark_merchant,31628,INR,succeeded,2010-04-07T17:21:38.435125208Z,2010-04-08T17:21:38.435125208Z,v2_prior_key_0000297
v2_prior_0000298,v2_pay_0001671,v2_benchmark_merchant,444192,INR,succeeded,2010-04-08T14:51:20.580598842Z,2010-04-09T14:51:20.580598842Z,v2_prior_key_0000298
v2_prior_0000299,v2_pay_0001679,v2_benchmark_merchant,418042,INR,succeeded,2010-04-09T00:31:50.117468778Z,2010-04-10T00:31:50.117468778Z,v2_prior_key_0000299
v2_prior_0000300,v2_pay_0001682,v2_benchmark_merchant,1397267,INR,succeeded,2010-04-09T03:17:45.081364107Z,2010-04-10T03:17:45.081364107Z,v2_prior_key_0000300
v2_prior_0000301,v2_pay_0001694,v2_benchmark_merchant,100583,INR,succeeded,2010-04-09T21:30:50.200074038Z,2010-04-10T21:30:50.200074038Z,v2_prior_key_0000301
v2_prior_0000302,v2_pay_0001704,v2_benchmark_merchant,125387,INR,succeeded,2010-04-10T19:39:51.284394649Z,2010-04-11T19:39:51.284394649Z,v2_prior_key_0000302
v2_prior_0000303,v2_pay_0001713,v2_benchmark_merchant,501102,INR,succeeded,2010-04-11T10:11:30.890275891Z,2010-04-12T10:11:30.890275891Z,v2_prior_key_0000303
v2_prior_0000304,v2_pay_0001714,v2_benchmark_merchant,96655,INR,succeeded,2010-04-11T11:40:03.595989966Z,2010-04-12T11:40:03.595989966Z,v2_prior_key_0000304
v2_prior_0000305,v2_pay_0001725,v2_benchmark_merchant,1001138,INR,succeeded,2010-04-12T01:43:26.915667568Z,2010-04-13T01:43:26.915667568Z,v2_prior_key_0000305
v2_prior_0000306,v2_pay_0001727,v2_benchmark_merchant,1372701,INR,succeeded,2010-04-12T06:56:48.696971896Z,2010-04-13T06:56:48.696971896Z,v2_prior_key_0000306
v2_prior_0000307,v2_pay_0001731,v2_benchmark_merchant,582009,INR,succeeded,2010-04-12T20:22:03.467345040Z,2010-04-13T20:22:03.467345040Z,v2_prior_key_0000307
v2_prior_0000308,v2_pay_0001732,v2_benchmark_merchant,976249,INR,succeeded,2010-04-12T22:40:46.162923939Z,2010-04-13T22:40:46.162923939Z,v2_prior_key_0000308
v2_prior_0000309,v2_pay_0001743,v2_benchmark_merchant,1219907,INR,succeeded,2010-04-13T21:39:45.125614802Z,2010-04-14T21:39:45.125614802Z,v2_prior_key_0000309
v2_prior_0000310,v2_pay_0001744,v2_benchmark_merchant,378465,INR,succeeded,2010-04-13T22:42:15.938791142Z,2010-04-14T22:42:15.938791142Z,v2_prior_key_0000310
v2_prior_0000311,v2_pay_0001749,v2_benchmark_merchant,176970,INR,succeeded,2010-04-14T04:53:29.627989870Z,2010-04-15T04:53:29.627989870Z,v2_prior_key_0000311
v2_prior_0000312,v2_pay_0001753,v2_benchmark_merchant,381065,INR,succeeded,2010-04-14T17:39:35.512364344Z,2010-04-15T17:39:35.512364344Z,v2_prior_key_0000312
v2_prior_0000313,v2_pay_0001757,v2_benchmark_merchant,413372,INR,succeeded,2010-04-15T10:22:21.601527692Z,2010-04-16T10:22:21.601527692Z,v2_prior_key_0000313
v2_prior_0000314,v2_pay_0001760,v2_benchmark_merchant,23634,INR,succeeded,2010-04-15T14:47:37.448091584Z,2010-04-16T14:47:37.448091584Z,v2_prior_key_0000314
v2_prior_0000315,v2_pay_0001762,v2_benchmark_merchant,711441,INR,succeeded,2010-04-15T19:36:50.231881195Z,2010-04-16T19:36:50.231881195Z,v2_prior_key_0000315
v2_prior_0000316,v2_pay_0001763,v2_benchmark_merchant,131861,INR,succeeded,2010-04-15T21:47:57.671546193Z,2010-04-16T21:47:57.671546193Z,v2_prior_key_0000316
v2_prior_0000317,v2_pay_0001766,v2_benchmark_merchant,88473,INR,succeeded,2010-04-16T04:25:23.346266098Z,2010-04-17T04:25:23.346266098Z,v2_prior_key_0000317
v2_prior_0000318,v2_pay_0001768,v2_benchmark_merchant,1537518,INR,succeeded,2010-04-16T06:39:15.864703776Z,2010-04-17T06:39:15.864703776Z,v2_prior_key_0000318
v2_prior_0000319,v2_pay_0001769,v2_benchmark_merchant,244277,INR,succeeded,2010-04-16T08:18:51.428184554Z,2010-04-17T08:18:51.428184554Z,v2_prior_key_0000319
v2_prior_0000320,v2_pay_0001770,v2_benchmark_merchant,201263,INR,succeeded,2010-04-16T09:02:37.526942884Z,2010-04-17T09:02:37.526942884Z,v2_prior_key_0000320
v2_prior_0000321,v2_pay_0001782,v2_benchmark_merchant,39879,INR,succeeded,2010-04-17T00:45:34.986912769Z,2010-04-18T00:45:34.986912769Z,v2_prior_key_0000321
v2_prior_0000322,v2_pay_0001793,v2_benchmark_merchant,1018813,INR,succeeded,2010-04-18T02:07:37.362374270Z,2010-04-19T02:07:37.362374270Z,v2_prior_key_0000322
v2_prior_0000323,v2_pay_0001796,v2_benchmark_merchant,753578,INR,succeeded,2010-04-18T10:06:23.115596875Z,2010-04-19T10:06:23.115596875Z,v2_prior_key_0000323
v2_prior_0000324,v2_pay_0001800,v2_benchmark_merchant,78217,INR,succeeded,2010-04-18T18:41:02.779181889Z,2010-04-19T18:41:02.779181889Z,v2_prior_key_0000324
v2_prior_0000325,v2_pay_0001803,v2_benchmark_merchant,326177,INR,succeeded,2010-04-18T23:50:36.053514734Z,2010-04-19T23:50:36.053514734Z,v2_prior_key_0000325
v2_prior_0000326,v2_pay_0001827,v2_benchmark_merchant,288756,INR,succeeded,2010-04-20T12:24:03.235907732Z,2010-04-21T12:24:03.235907732Z,v2_prior_key_0000326
v2_prior_0000327,v2_pay_0001836,v2_benchmark_merchant,459635,INR,succeeded,2010-04-21T08:09:54.305073824Z,2010-04-22T08:09:54.305073824Z,v2_prior_key_0000327
v2_prior_0000328,v2_pay_0001852,v2_benchmark_merchant,1051545,INR,succeeded,2010-04-22T05:59:04.964074135Z,2010-04-23T05:59:04.964074135Z,v2_prior_key_0000328
v2_prior_0000329,v2_pay_0001856,v2_benchmark_merchant,563814,INR,succeeded,2010-04-22T10:22:58.797376534Z,2010-04-23T10:22:58.797376534Z,v2_prior_key_0000329
v2_prior_0000330,v2_pay_0001857,v2_benchmark_merchant,388091,INR,succeeded,2010-04-22T12:01:56.267161963Z,2010-04-23T12:01:56.267161963Z,v2_prior_key_0000330
v2_prior_0000331,v2_pay_0001865,v2_benchmark_merchant,213461,INR,succeeded,2010-04-23T01:06:44.093516041Z,2010-04-24T01:06:44.093516041Z,v2_prior_key_0000331
v2_prior_0000332,v2_pay_0001867,v2_benchmark_merchant,2766160,INR,succeeded,2010-04-23T08:01:58.801972844Z,2010-04-24T08:01:58.801972844Z,v2_prior_key_0000332
v2_prior_0000333,v2_pay_0001872,v2_benchmark_merchant,164245,INR,succeeded,2010-04-23T17:17:13.192851350Z,2010-04-24T17:17:13.192851350Z,v2_prior_key_0000333
v2_prior_0000334,v2_pay_0001898,v2_benchmark_merchant,39513,INR,succeeded,2010-04-25T16:07:02.098568137Z,2010-04-26T16:07:02.098568137Z,v2_prior_key_0000334
v2_prior_0000335,v2_pay_0001900,v2_benchmark_merchant,624085,INR,succeeded,2010-04-25T18:42:13.606605435Z,2010-04-26T18:42:13.606605435Z,v2_prior_key_0000335
v2_prior_0000336,v2_pay_0001904,v2_benchmark_merchant,580975,INR,succeeded,2010-04-26T00:03:29.225067021Z,2010-04-27T00:03:29.225067021Z,v2_prior_key_0000336
v2_prior_0000337,v2_pay_0001909,v2_benchmark_merchant,1696472,INR,succeeded,2010-04-26T14:04:51.101434341Z,2010-04-27T14:04:51.101434341Z,v2_prior_key_0000337
v2_prior_0000338,v2_pay_0001912,v2_benchmark_merchant,239029,INR,succeeded,2010-04-26T17:17:45.118966246Z,2010-04-27T17:17:45.118966246Z,v2_prior_key_0000338
v2_prior_0000339,v2_pay_0001920,v2_benchmark_merchant,8741,INR,succeeded,2010-04-27T03:22:48.261012726Z,2010-04-28T03:22:48.261012726Z,v2_prior_key_0000339
v2_prior_0000340,v2_pay_0001924,v2_benchmark_merchant,1893003,INR,succeeded,2010-04-27T07:23:53.372474610Z,2010-04-28T07:23:53.372474610Z,v2_prior_key_0000340
v2_prior_0000341,v2_pay_0001927,v2_benchmark_merchant,21864,INR,succeeded,2010-04-27T11:38:11.910896394Z,2010-04-28T11:38:11.910896394Z,v2_prior_key_0000341
v2_prior_0000342,v2_pay_0001929,v2_benchmark_merchant,7842830,INR,succeeded,2010-04-27T12:23:33.691966041Z,2010-04-28T12:23:33.691966041Z,v2_prior_key_0000342
v2_prior_0000343,v2_pay_0001936,v2_benchmark_merchant,538592,INR,succeeded,2010-04-27T20:41:30.799231224Z,2010-04-28T20:41:30.799231224Z,v2_prior_key_0000343
v2_prior_0000344,v2_pay_0001937,v2_benchmark_merchant,227868,INR,succeeded,2010-04-27T21:07:46.131104175Z,2010-04-28T21:07:46.131104175Z,v2_prior_key_0000344
v2_prior_0000345,v2_pay_0001939,v2_benchmark_merchant,2198238,INR,succeeded,2010-04-28T00:16:09.161617920Z,2010-04-29T00:16:09.161617920Z,v2_prior_key_0000345
v2_prior_0000346,v2_pay_0001945,v2_benchmark_merchant,159676,INR,succeeded,2010-04-28T10:44:21.822863192Z,2010-04-29T10:44:21.822863192Z,v2_prior_key_0000346
v2_prior_0000347,v2_pay_0001951,v2_benchmark_merchant,717192,INR,succeeded,2010-04-28T15:06:02.457446194Z,2010-04-29T15:06:02.457446194Z,v2_prior_key_0000347
v2_prior_0000348,v2_pay_0001966,v2_benchmark_merchant,942851,INR,succeeded,2010-04-29T16:35:06.406558964Z,2010-04-30T16:35:06.406558964Z,v2_prior_key_0000348
v2_prior_0000349,v2_pay_0001973,v2_benchmark_merchant,2496140,INR,succeeded,2010-04-29T20:45:38.187207388Z,2010-04-30T20:45:38.187207388Z,v2_prior_key_0000349
v2_prior_0000350,v2_pay_0001989,v2_benchmark_merchant,1642207,INR,succeeded,2010-05-01T09:34:11.056579685Z,2010-05-02T09:34:11.056579685Z,v2_prior_key_0000350
v2_prior_0000351,v2_pay_0001993,v2_benchmark_merchant,2227892,INR,succeeded,2010-05-01T14:06:13.548318176Z,2010-05-02T14:06:13.548318176Z,v2_prior_key_0000351
v2_prior_0000352,v2_pay_0001994,v2_benchmark_merchant,1948438,INR,succeeded,2010-05-01T14:55:10.369066670Z,2010-05-02T14:55:10.369066670Z,v2_prior_key_0000352
v2_prior_0000353,v2_pay_0001996,v2_benchmark_merchant,2018712,INR,succeeded,2010-05-01T15:39:23.305766500Z,2010-05-02T15:39:23.305766500Z,v2_prior_key_0000353
v2_prior_0000354,v2_pay_0002001,v2_benchmark_merchant,569195,INR,succeeded,2010-05-01T21:46:02.609233041Z,2010-05-02T21:46:02.609233041Z,v2_prior_key_0000354
v2_prior_0000355,v2_pay_0002003,v2_benchmark_merchant,2317862,INR,succeeded,2010-05-01T22:10:38.883832620Z,2010-05-02T22:10:38.883832620Z,v2_prior_key_0000355
v2_prior_0000356,v2_pay_0002004,v2_benchmark_merchant,632621,INR,succeeded,2010-05-01T23:06:10.516384815Z,2010-05-02T23:06:10.516384815Z,v2_prior_key_0000356
v2_prior_0000357,v2_pay_0002005,v2_benchmark_merchant,475237,INR,succeeded,2010-05-01T23:33:33.819878551Z,2010-05-02T23:33:33.819878551Z,v2_prior_key_0000357
v2_prior_0000358,v2_pay_0002010,v2_benchmark_merchant,1604695,INR,succeeded,2010-05-02T07:02:33.883931497Z,2010-05-03T07:02:33.883931497Z,v2_prior_key_0000358
v2_prior_0000359,v2_pay_0002011,v2_benchmark_merchant,360637,INR,succeeded,2010-05-02T09:17:57.768370350Z,2010-05-03T09:17:57.768370350Z,v2_prior_key_0000359
v2_prior_0000360,v2_pay_0002014,v2_benchmark_merchant,152376,INR,succeeded,2010-05-02T13:18:48.926301406Z,2010-05-03T13:18:48.926301406Z,v2_prior_key_0000360
v2_prior_0000361,v2_pay_0002018,v2_benchmark_merchant,3704835,INR,succeeded,2010-05-02T16:01:06.265157222Z,2010-05-03T16:01:06.265157222Z,v2_prior_key_0000361
v2_prior_0000362,v2_pay_0002019,v2_benchmark_merchant,372852,INR,succeeded,2010-05-02T21:36:27.008859716Z,2010-05-03T21:36:27.008859716Z,v2_prior_key_0000362
v2_prior_0000363,v2_pay_0002024,v2_benchmark_merchant,545669,INR,succeeded,2010-05-03T12:25:51.937312435Z,2010-05-04T12:25:51.937312435Z,v2_prior_key_0000363
v2_prior_0000364,v2_pay_0002031,v2_benchmark_merchant,235590,INR,succeeded,2010-05-04T05:15:17.313964500Z,2010-05-05T05:15:17.313964500Z,v2_prior_key_0000364
v2_prior_0000365,v2_pay_0002033,v2_benchmark_merchant,1144296,INR,succeeded,2010-05-04T05:27:50.534200628Z,2010-05-05T05:27:50.534200628Z,v2_prior_key_0000365
v2_prior_0000366,v2_pay_0002046,v2_benchmark_merchant,2322984,INR,succeeded,2010-05-05T01:36:51.492862549Z,2010-05-06T01:36:51.492862549Z,v2_prior_key_0000366
v2_prior_0000367,v2_pay_0002047,v2_benchmark_merchant,42324,INR,succeeded,2010-05-05T04:55:19.842865042Z,2010-05-06T04:55:19.842865042Z,v2_prior_key_0000367
v2_prior_0000368,v2_pay_0002055,v2_benchmark_merchant,359289,INR,succeeded,2010-05-05T09:01:22.534367595Z,2010-05-06T09:01:22.534367595Z,v2_prior_key_0000368
v2_prior_0000369,v2_pay_0002060,v2_benchmark_merchant,361436,INR,succeeded,2010-05-05T13:57:59.830654513Z,2010-05-06T13:57:59.830654513Z,v2_prior_key_0000369
v2_prior_0000370,v2_pay_0002073,v2_benchmark_merchant,1860160,INR,succeeded,2010-05-06T14:02:20.234105338Z,2010-05-07T14:02:20.234105338Z,v2_prior_key_0000370
v2_prior_0000371,v2_pay_0002075,v2_benchmark_merchant,416220,INR,succeeded,2010-05-06T16:05:39.936877539Z,2010-05-07T16:05:39.936877539Z,v2_prior_key_0000371
v2_prior_0000372,v2_pay_0002081,v2_benchmark_merchant,1525382,INR,succeeded,2010-05-07T07:38:19.899939122Z,2010-05-08T07:38:19.899939122Z,v2_prior_key_0000372
v2_prior_0000373,v2_pay_0002082,v2_benchmark_merchant,173058,INR,succeeded,2010-05-07T07:42:56.320342280Z,2010-05-08T07:42:56.320342280Z,v2_prior_key_0000373
v2_prior_0000374,v2_pay_0002087,v2_benchmark_merchant,968614,INR,succeeded,2010-05-07T16:18:02.516969359Z,2010-05-08T16:18:02.516969359Z,v2_prior_key_0000374
v2_prior_0000375,v2_pay_0002096,v2_benchmark_merchant,463269,INR,succeeded,2010-05-07T23:44:22.745351593Z,2010-05-08T23:44:22.745351593Z,v2_prior_key_0000375
v2_prior_0000376,v2_pay_0002098,v2_benchmark_merchant,246876,INR,succeeded,2010-05-08T05:10:38.861628578Z,2010-05-09T05:10:38.861628578Z,v2_prior_key_0000376
v2_prior_0000377,v2_pay_0002099,v2_benchmark_merchant,1901964,INR,succeeded,2010-05-08T09:46:57.332864064Z,2010-05-09T09:46:57.332864064Z,v2_prior_key_0000377
v2_prior_0000378,v2_pay_0002113,v2_benchmark_merchant,133596,INR,succeeded,2010-05-09T01:01:39.168214833Z,2010-05-10T01:01:39.168214833Z,v2_prior_key_0000378
v2_prior_0000379,v2_pay_0002128,v2_benchmark_merchant,3020549,INR,succeeded,2010-05-09T21:39:01.268552378Z,2010-05-10T21:39:01.268552378Z,v2_prior_key_0000379
v2_prior_0000380,v2_pay_0002129,v2_benchmark_merchant,2692625,INR,succeeded,2010-05-09T23:17:28.763905887Z,2010-05-10T23:17:28.763905887Z,v2_prior_key_0000380
v2_prior_0000381,v2_pay_0002133,v2_benchmark_merchant,585401,INR,succeeded,2010-05-10T05:11:13.724035070Z,2010-05-11T05:11:13.724035070Z,v2_prior_key_0000381
v2_prior_0000382,v2_pay_0002139,v2_benchmark_merchant,1458839,INR,succeeded,2010-05-10T15:38:15.401365160Z,2010-05-11T15:38:15.401365160Z,v2_prior_key_0000382
v2_prior_0000383,v2_pay_0002143,v2_benchmark_merchant,83207,INR,succeeded,2010-05-10T23:51:29.325464382Z,2010-05-11T23:51:29.325464382Z,v2_prior_key_0000383
v2_prior_0000384,v2_pay_0002149,v2_benchmark_merchant,438674,INR,succeeded,2010-05-11T05:27:31.895707645Z,2010-05-12T05:27:31.895707645Z,v2_prior_key_0000384
v2_prior_0000385,v2_pay_0002158,v2_benchmark_merchant,9598,INR,succeeded,2010-05-11T17:20:14.251003729Z,2010-05-12T17:20:14.251003729Z,v2_prior_key_0000385
v2_prior_0000386,v2_pay_0002159,v2_benchmark_merchant,661278,INR,succeeded,2010-05-11T19:31:57.823060494Z,2010-05-12T19:31:57.823060494Z,v2_prior_key_0000386
v2_prior_0000387,v2_pay_0002171,v2_benchmark_merchant,397321,INR,succeeded,2010-05-12T13:01:14.123420919Z,2010-05-13T13:01:14.123420919Z,v2_prior_key_0000387
v2_prior_0000388,v2_pay_0002181,v2_benchmark_merchant,759293,INR,succeeded,2010-05-13T02:31:24.931418404Z,2010-05-14T02:31:24.931418404Z,v2_prior_key_0000388
v2_prior_0000389,v2_pay_0002193,v2_benchmark_merchant,404142,INR,succeeded,2010-05-13T23:04:50.181061963Z,2010-05-14T23:04:50.181061963Z,v2_prior_key_0000389
v2_prior_0000390,v2_pay_0002197,v2_benchmark_merchant,687237,INR,succeeded,2010-05-14T00:47:40.364250100Z,2010-05-15T00:47:40.364250100Z,v2_prior_key_0000390
v2_prior_0000391,v2_pay_0002201,v2_benchmark_merchant,184700,INR,succeeded,2010-05-14T10:05:57.550125775Z,2010-05-15T10:05:57.550125775Z,v2_prior_key_0000391
v2_prior_0000392,v2_pay_0002202,v2_benchmark_merchant,169871,INR,succeeded,2010-05-14T10:16:53.992401646Z,2010-05-15T10:16:53.992401646Z,v2_prior_key_0000392
v2_prior_0000393,v2_pay_0002214,v2_benchmark_merchant,482359,INR,succeeded,2010-05-15T05:29:19.434186314Z,2010-05-16T05:29:19.434186314Z,v2_prior_key_0000393
v2_prior_0000394,v2_pay_0002217,v2_benchmark_merchant,3058386,INR,succeeded,2010-05-15T14:25:41.535860320Z,2010-05-16T14:25:41.535860320Z,v2_prior_key_0000394
v2_prior_0000395,v2_pay_0002219,v2_benchmark_merchant,1024568,INR,succeeded,2010-05-15T17:00:45.763615051Z,2010-05-16T17:00:45.763615051Z,v2_prior_key_0000395
v2_prior_0000396,v2_pay_0002222,v2_benchmark_merchant,44526,INR,succeeded,2010-05-15T23:05:08.996219119Z,2010-05-16T23:05:08.996219119Z,v2_prior_key_0000396
v2_prior_0000397,v2_pay_0002225,v2_benchmark_merchant,772237,INR,succeeded,2010-05-16T06:56:27.971743759Z,2010-05-17T06:56:27.971743759Z,v2_prior_key_0000397
v2_prior_0000398,v2_pay_0002235,v2_benchmark_merchant,186600,INR,succeeded,2010-05-16T14:15:59.861331504Z,2010-05-17T14:15:59.861331504Z,v2_prior_key_0000398
v2_prior_0000399,v2_pay_0002243,v2_benchmark_merchant,824192,INR,succeeded,2010-05-17T00:59:48.234800569Z,2010-05-18T00:59:48.234800569Z,v2_prior_key_0000399
v2_prior_0000400,v2_pay_0002258,v2_benchmark_merchant,1248924,INR,succeeded,2010-05-18T06:04:39.443577733Z,2010-05-19T06:04:39.443577733Z,v2_prior_key_0000400
v2_prior_0000401,v2_pay_0002267,v2_benchmark_merchant,504543,INR,succeeded,2010-05-18T16:09:43.945585737Z,2010-05-19T16:09:43.945585737Z,v2_prior_key_0000401
v2_prior_0000402,v2_pay_0002269,v2_benchmark_merchant,3268927,INR,succeeded,2010-05-18T19:39:58.322446446Z,2010-05-19T19:39:58.322446446Z,v2_prior_key_0000402
v2_prior_0000403,v2_pay_0002276,v2_benchmark_merchant,256308,INR,succeeded,2010-05-19T01:56:59.570226984Z,2010-05-20T01:56:59.570226984Z,v2_prior_key_0000403
v2_prior_0000404,v2_pay_0002284,v2_benchmark_merchant,935418,INR,succeeded,2010-05-19T15:10:13.698393717Z,2010-05-20T15:10:13.698393717Z,v2_prior_key_0000404
v2_prior_0000405,v2_pay_0002293,v2_benchmark_merchant,140089,INR,succeeded,2010-05-20T09:39:14.472686397Z,2010-05-21T09:39:14.472686397Z,v2_prior_key_0000405
v2_prior_0000406,v2_pay_0002295,v2_benchmark_merchant,112486,INR,succeeded,2010-05-20T14:43:09.817826067Z,2010-05-21T14:43:09.817826067Z,v2_prior_key_0000406
v2_prior_0000407,v2_pay_0002300,v2_benchmark_merchant,1580848,INR,succeeded,2010-05-20T23:49:12.097988276Z,2010-05-21T23:49:12.097988276Z,v2_prior_key_0000407
v2_prior_0000408,v2_pay_0002307,v2_benchmark_merchant,173162,INR,succeeded,2010-05-21T14:33:53.385137096Z,2010-05-22T14:33:53.385137096Z,v2_prior_key_0000408
v2_prior_0000409,v2_pay_0002309,v2_benchmark_merchant,198439,INR,succeeded,2010-05-21T15:45:05.922782224Z,2010-05-22T15:45:05.922782224Z,v2_prior_key_0000409
v2_prior_0000410,v2_pay_0002321,v2_benchmark_merchant,510532,INR,succeeded,2010-05-22T05:07:51.814297190Z,2010-05-23T05:07:51.814297190Z,v2_prior_key_0000410
v2_prior_0000411,v2_pay_0002325,v2_benchmark_merchant,1006363,INR,succeeded,2010-05-22T06:50:01.276473001Z,2010-05-23T06:50:01.276473001Z,v2_prior_key_0000411
v2_prior_0000412,v2_pay_0002326,v2_benchmark_merchant,878222,INR,succeeded,2010-05-22T08:06:13.841266052Z,2010-05-23T08:06:13.841266052Z,v2_prior_key_0000412
v2_prior_0000413,v2_pay_0002329,v2_benchmark_merchant,473940,INR,succeeded,2010-05-22T12:14:16.990322918Z,2010-05-23T12:14:16.990322918Z,v2_prior_key_0000413
v2_prior_0000414,v2_pay_0002330,v2_benchmark_merchant,4871714,INR,succeeded,2010-05-22T12:32:13.722823660Z,2010-05-23T12:32:13.722823660Z,v2_prior_key_0000414
v2_prior_0000415,v2_pay_0002332,v2_benchmark_merchant,105816,INR,succeeded,2010-05-22T15:49:11.480631892Z,2010-05-23T15:49:11.480631892Z,v2_prior_key_0000415
v2_prior_0000416,v2_pay_0002333,v2_benchmark_merchant,3898936,INR,succeeded,2010-05-22T16:00:13.862050581Z,2010-05-23T16:00:13.862050581Z,v2_prior_key_0000416
v2_prior_0000417,v2_pay_0002334,v2_benchmark_merchant,343044,INR,succeeded,2010-05-22T20:03:40.309398836Z,2010-05-23T20:03:40.309398836Z,v2_prior_key_0000417
v2_prior_0000418,v2_pay_0002345,v2_benchmark_merchant,391230,INR,succeeded,2010-05-23T11:45:00.970897449Z,2010-05-24T11:45:00.970897449Z,v2_prior_key_0000418
v2_prior_0000419,v2_pay_0002346,v2_benchmark_merchant,1002252,INR,succeeded,2010-05-23T15:18:37.840701962Z,2010-05-24T15:18:37.840701962Z,v2_prior_key_0000419
v2_prior_0000420,v2_pay_0002350,v2_benchmark_merchant,325503,INR,succeeded,2010-05-23T22:11:17.113670244Z,2010-05-24T22:11:17.113670244Z,v2_prior_key_0000420
v2_prior_0000421,v2_pay_0002354,v2_benchmark_merchant,32192,INR,succeeded,2010-05-25T01:09:22.532992035Z,2010-05-26T01:09:22.532992035Z,v2_prior_key_0000421
v2_prior_0000422,v2_pay_0002361,v2_benchmark_merchant,413109,INR,succeeded,2010-05-25T12:11:21.764884338Z,2010-05-26T12:11:21.764884338Z,v2_prior_key_0000422
v2_prior_0000423,v2_pay_0002363,v2_benchmark_merchant,290302,INR,succeeded,2010-05-25T15:46:10.968494355Z,2010-05-26T15:46:10.968494355Z,v2_prior_key_0000423
v2_prior_0000424,v2_pay_0002374,v2_benchmark_merchant,458958,INR,succeeded,2010-05-26T18:51:16.109715999Z,2010-05-27T18:51:16.109715999Z,v2_prior_key_0000424
v2_prior_0000425,v2_pay_0002378,v2_benchmark_merchant,854932,INR,succeeded,2010-05-26T20:03:26.622327067Z,2010-05-27T20:03:26.622327067Z,v2_prior_key_0000425
v2_prior_0000426,v2_pay_0002380,v2_benchmark_merchant,600667,INR,succeeded,2010-05-26T21:05:38.195510893Z,2010-05-27T21:05:38.195510893Z,v2_prior_key_0000426
v2_prior_0000427,v2_pay_0002382,v2_benchmark_merchant,291572,INR,succeeded,2010-05-26T23:12:17.426267782Z,2010-05-27T23:12:17.426267782Z,v2_prior_key_0000427
v2_prior_0000428,v2_pay_0002387,v2_benchmark_merchant,539609,INR,succeeded,2010-05-27T07:42:04.751118206Z,2010-05-28T07:42:04.751118206Z,v2_prior_key_0000428
v2_prior_0000429,v2_pay_0002388,v2_benchmark_merchant,278108,INR,succeeded,2010-05-27T08:00:36.001790702Z,2010-05-28T08:00:36.001790702Z,v2_prior_key_0000429
v2_prior_0000430,v2_pay_0002403,v2_benchmark_merchant,545957,INR,succeeded,2010-05-28T09:24:21.005143213Z,2010-05-29T09:24:21.005143213Z,v2_prior_key_0000430
v2_prior_0000431,v2_pay_0002408,v2_benchmark_merchant,3750501,INR,succeeded,2010-05-28T23:06:57.650233627Z,2010-05-29T23:06:57.650233627Z,v2_prior_key_0000431
v2_prior_0000432,v2_pay_0002409,v2_benchmark_merchant,320694,INR,succeeded,2010-05-29T00:05:21.514224434Z,2010-05-30T00:05:21.514224434Z,v2_prior_key_0000432
v2_prior_0000433,v2_pay_0002410,v2_benchmark_merchant,168223,INR,succeeded,2010-05-29T00:14:19.530350790Z,2010-05-30T00:14:19.530350790Z,v2_prior_key_0000433
v2_prior_0000434,v2_pay_0002417,v2_benchmark_merchant,313368,INR,succeeded,2010-05-29T09:17:31.307868004Z,2010-05-30T09:17:31.307868004Z,v2_prior_key_0000434
v2_prior_0000435,v2_pay_0002421,v2_benchmark_merchant,1320397,INR,succeeded,2010-05-29T16:17:39.000220964Z,2010-05-30T16:17:39.000220964Z,v2_prior_key_0000435
v2_prior_0000436,v2_pay_0002423,v2_benchmark_merchant,2951626,INR,succeeded,2010-05-29T16:55:55.589769352Z,2010-05-30T16:55:55.589769352Z,v2_prior_key_0000436
v2_prior_0000437,v2_pay_0002427,v2_benchmark_merchant,6227332,INR,succeeded,2010-05-29T21:58:25.969351642Z,2010-05-30T21:58:25.969351642Z,v2_prior_key_0000437
v2_prior_0000438,v2_pay_0002433,v2_benchmark_merchant,399078,INR,succeeded,2010-05-30T12:07:20.949173215Z,2010-05-31T12:07:20.949173215Z,v2_prior_key_0000438
v2_prior_0000439,v2_pay_0002437,v2_benchmark_merchant,993861,INR,succeeded,2010-05-30T23:53:30.095052607Z,2010-05-31T23:53:30.095052607Z,v2_prior_key_0000439
v2_prior_0000440,v2_pay_0002438,v2_benchmark_merchant,77145,INR,succeeded,2010-05-31T00:27:14.951458933Z,2010-06-01T00:27:14.951458933Z,v2_prior_key_0000440
v2_prior_0000441,v2_pay_0002452,v2_benchmark_merchant,867773,INR,succeeded,2010-05-31T23:43:40.346793072Z,2010-06-01T23:43:40.346793072Z,v2_prior_key_0000441
v2_prior_0000442,v2_pay_0002465,v2_benchmark_merchant,939177,INR,succeeded,2010-06-01T15:35:46.547083130Z,2010-06-02T15:35:46.547083130Z,v2_prior_key_0000442
v2_prior_0000443,v2_pay_0002467,v2_benchmark_merchant,15660,INR,succeeded,2010-06-01T16:31:12.495596259Z,2010-06-02T16:31:12.495596259Z,v2_prior_key_0000443
v2_prior_0000444,v2_pay_0002472,v2_benchmark_merchant,1406501,INR,succeeded,2010-06-01T23:15:14.190738386Z,2010-06-02T23:15:14.190738386Z,v2_prior_key_0000444
v2_prior_0000445,v2_pay_0002476,v2_benchmark_merchant,265615,INR,succeeded,2010-06-02T18:04:49.868046507Z,2010-06-03T18:04:49.868046507Z,v2_prior_key_0000445
v2_prior_0000446,v2_pay_0002481,v2_benchmark_merchant,601802,INR,succeeded,2010-06-03T06:50:05.715147650Z,2010-06-04T06:50:05.715147650Z,v2_prior_key_0000446
v2_prior_0000447,v2_pay_0002483,v2_benchmark_merchant,832834,INR,succeeded,2010-06-03T09:01:39.873249092Z,2010-06-04T09:01:39.873249092Z,v2_prior_key_0000447
v2_prior_0000448,v2_pay_0002486,v2_benchmark_merchant,822304,INR,succeeded,2010-06-03T14:32:41.683629589Z,2010-06-04T14:32:41.683629589Z,v2_prior_key_0000448
v2_prior_0000449,v2_pay_0002488,v2_benchmark_merchant,1092081,INR,succeeded,2010-06-03T15:30:40.296820778Z,2010-06-04T15:30:40.296820778Z,v2_prior_key_0000449
v2_prior_0000450,v2_pay_0002501,v2_benchmark_merchant,483057,INR,succeeded,2010-06-04T16:28:20.738071236Z,2010-06-05T16:28:20.738071236Z,v2_prior_key_0000450
v2_prior_0000451,v2_pay_0002504,v2_benchmark_merchant,1779107,INR,succeeded,2010-06-04T22:24:01.594358754Z,2010-06-05T22:24:01.594358754Z,v2_prior_key_0000451
v2_prior_0000452,v2_pay_0002513,v2_benchmark_merchant,466985,INR,succeeded,2010-06-05T12:31:13.593733054Z,2010-06-06T12:31:13.593733054Z,v2_prior_key_0000452
v2_prior_0000453,v2_pay_0002521,v2_benchmark_merchant,212143,INR,succeeded,2010-06-05T21:42:37.651494679Z,2010-06-06T21:42:37.651494679Z,v2_prior_key_0000453
v2_prior_0000454,v2_pay_0002525,v2_benchmark_merchant,933946,INR,succeeded,2010-06-06T12:47:33.238779534Z,2010-06-07T12:47:33.238779534Z,v2_prior_key_0000454
v2_prior_0000455,v2_pay_0002528,v2_benchmark_merchant,107163,INR,succeeded,2010-06-06T16:55:19.435410842Z,2010-06-07T16:55:19.435410842Z,v2_prior_key_0000455
v2_prior_0000456,v2_pay_0002530,v2_benchmark_merchant,155620,INR,succeeded,2010-06-06T19:09:09.773107084Z,2010-06-07T19:09:09.773107084Z,v2_prior_key_0000456
v2_prior_0000457,v2_pay_0002533,v2_benchmark_merchant,1443030,INR,succeeded,2010-06-07T03:23:46.337853220Z,2010-06-08T03:23:46.337853220Z,v2_prior_key_0000457
v2_prior_0000458,v2_pay_0002537,v2_benchmark_merchant,1026211,INR,succeeded,2010-06-07T08:56:22.556899053Z,2010-06-08T08:56:22.556899053Z,v2_prior_key_0000458
v2_prior_0000459,v2_pay_0002538,v2_benchmark_merchant,262571,INR,succeeded,2010-06-07T09:28:13.250007993Z,2010-06-08T09:28:13.250007993Z,v2_prior_key_0000459
v2_prior_0000460,v2_pay_0002542,v2_benchmark_merchant,8372,INR,succeeded,2010-06-07T15:53:43.931154706Z,2010-06-08T15:53:43.931154706Z,v2_prior_key_0000460
v2_prior_0000461,v2_pay_0002544,v2_benchmark_merchant,210935,INR,succeeded,2010-06-07T19:54:55.020018402Z,2010-06-08T19:54:55.020018402Z,v2_prior_key_0000461
v2_prior_0000462,v2_pay_0002546,v2_benchmark_merchant,91206,INR,succeeded,2010-06-08T04:22:07.769759222Z,2010-06-09T04:22:07.769759222Z,v2_prior_key_0000462
v2_prior_0000463,v2_pay_0002548,v2_benchmark_merchant,303790,INR,succeeded,2010-06-08T06:16:40.448534146Z,2010-06-09T06:16:40.448534146Z,v2_prior_key_0000463
v2_prior_0000464,v2_pay_0002554,v2_benchmark_merchant,225080,INR,succeeded,2010-06-08T15:29:32.824609740Z,2010-06-09T15:29:32.824609740Z,v2_prior_key_0000464
v2_prior_0000465,v2_pay_0002560,v2_benchmark_merchant,374193,INR,succeeded,2010-06-08T21:44:31.557817783Z,2010-06-09T21:44:31.557817783Z,v2_prior_key_0000465
v2_prior_0000466,v2_pay_0002563,v2_benchmark_merchant,1308590,INR,succeeded,2010-06-09T04:54:40.154066650Z,2010-06-10T04:54:40.154066650Z,v2_prior_key_0000466
v2_prior_0000467,v2_pay_0002564,v2_benchmark_merchant,351091,INR,succeeded,2010-06-09T05:45:10.417572294Z,2010-06-10T05:45:10.417572294Z,v2_prior_key_0000467
v2_prior_0000468,v2_pay_0002572,v2_benchmark_merchant,390190,INR,succeeded,2010-06-09T19:04:42.189048932Z,2010-06-10T19:04:42.189048932Z,v2_prior_key_0000468
v2_prior_0000469,v2_pay_0002573,v2_benchmark_merchant,1232051,INR,succeeded,2010-06-09T19:26:59.028122121Z,2010-06-10T19:26:59.028122121Z,v2_prior_key_0000469
v2_prior_0000470,v2_pay_0002574,v2_benchmark_merchant,13114,INR,succeeded,2010-06-09T20:14:35.070392792Z,2010-06-10T20:14:35.070392792Z,v2_prior_key_0000470
v2_prior_0000471,v2_pay_0002587,v2_benchmark_merchant,733856,INR,succeeded,2010-06-10T10:04:39.323251261Z,2010-06-11T10:04:39.323251261Z,v2_prior_key_0000471
v2_prior_0000472,v2_pay_0002626,v2_benchmark_merchant,231995,INR,succeeded,2010-06-12T15:05:31.258468670Z,2010-06-13T15:05:31.258468670Z,v2_prior_key_0000472
v2_prior_0000473,v2_pay_0002630,v2_benchmark_merchant,817241,INR,succeeded,2010-06-12T22:35:45.937147406Z,2010-06-13T22:35:45.937147406Z,v2_prior_key_0000473
v2_prior_0000474,v2_pay_0002638,v2_benchmark_merchant,275514,INR,succeeded,2010-06-13T10:15:29.343610399Z,2010-06-14T10:15:29.343610399Z,v2_prior_key_0000474
v2_prior_0000475,v2_pay_0002643,v2_benchmark_merchant,248777,INR,succeeded,2010-06-13T16:16:42.526283962Z,2010-06-14T16:16:42.526283962Z,v2_prior_key_0000475
v2_prior_0000476,v2_pay_0002644,v2_benchmark_merchant,327301,INR,succeeded,2010-06-13T20:05:31.609164325Z,2010-06-14T20:05:31.609164325Z,v2_prior_key_0000476
v2_prior_0000477,v2_pay_0002645,v2_benchmark_merchant,336211,INR,succeeded,2010-06-13T23:31:24.382930875Z,2010-06-14T23:31:24.382930875Z,v2_prior_key_0000477
v2_prior_0000478,v2_pay_0002652,v2_benchmark_merchant,1166073,INR,succeeded,2010-06-14T11:47:09.492222534Z,2010-06-15T11:47:09.492222534Z,v2_prior_key_0000478
v2_prior_0000479,v2_pay_0002661,v2_benchmark_merchant,387399,INR,succeeded,2010-06-15T02:12:40.600866699Z,2010-06-16T02:12:40.600866699Z,v2_prior_key_0000479
v2_prior_0000480,v2_pay_0002668,v2_benchmark_merchant,341037,INR,succeeded,2010-06-15T09:37:06.857893550Z,2010-06-16T09:37:06.857893550Z,v2_prior_key_0000480
v2_prior_0000481,v2_pay_0002671,v2_benchmark_merchant,1164923,INR,succeeded,2010-06-15T12:10:18.944822270Z,2010-06-16T12:10:18.944822270Z,v2_prior_key_0000481
v2_prior_0000482,v2_pay_0002673,v2_benchmark_merchant,18018,INR,succeeded,2010-06-15T13:28:05.385553888Z,2010-06-16T13:28:05.385553888Z,v2_prior_key_0000482
v2_prior_0000483,v2_pay_0002681,v2_benchmark_merchant,416315,INR,succeeded,2010-06-16T03:58:46.501869777Z,2010-06-17T03:58:46.501869777Z,v2_prior_key_0000483
v2_prior_0000484,v2_pay_0002682,v2_benchmark_merchant,762561,INR,succeeded,2010-06-16T04:24:28.736285756Z,2010-06-17T04:24:28.736285756Z,v2_prior_key_0000484
v2_prior_0000485,v2_pay_0002689,v2_benchmark_merchant,961549,INR,succeeded,2010-06-16T16:40:36.423338730Z,2010-06-17T16:40:36.423338730Z,v2_prior_key_0000485
v2_prior_0000486,v2_pay_0002695,v2_benchmark_merchant,351255,INR,succeeded,2010-06-17T03:11:14.898994968Z,2010-06-18T03:11:14.898994968Z,v2_prior_key_0000486
v2_prior_0000487,v2_pay_0002700,v2_benchmark_merchant,750301,INR,succeeded,2010-06-17T09:54:20.967171649Z,2010-06-18T09:54:20.967171649Z,v2_prior_key_0000487
v2_prior_0000488,v2_pay_0002702,v2_benchmark_merchant,566349,INR,succeeded,2010-06-17T10:13:11.637750951Z,2010-06-18T10:13:11.637750951Z,v2_prior_key_0000488
v2_prior_0000489,v2_pay_0002705,v2_benchmark_merchant,638558,INR,succeeded,2010-06-17T16:27:47.463151437Z,2010-06-18T16:27:47.463151437Z,v2_prior_key_0000489
v2_prior_0000490,v2_pay_0002707,v2_benchmark_merchant,126605,INR,succeeded,2010-06-17T20:10:57.739541588Z,2010-06-18T20:10:57.739541588Z,v2_prior_key_0000490
v2_prior_0000491,v2_pay_0002718,v2_benchmark_merchant,1306671,INR,succeeded,2010-06-19T03:04:32.804850616Z,2010-06-20T03:04:32.804850616Z,v2_prior_key_0000491
v2_prior_0000492,v2_pay_0002721,v2_benchmark_merchant,23356,INR,succeeded,2010-06-19T07:18:45.456492016Z,2010-06-20T07:18:45.456492016Z,v2_prior_key_0000492
v2_prior_0000493,v2_pay_0002730,v2_benchmark_merchant,287166,INR,succeeded,2010-06-19T13:26:42.383209735Z,2010-06-20T13:26:42.383209735Z,v2_prior_key_0000493
v2_prior_0000494,v2_pay_0002735,v2_benchmark_merchant,1992065,INR,succeeded,2010-06-19T18:55:32.338171789Z,2010-06-20T18:55:32.338171789Z,v2_prior_key_0000494
v2_prior_0000495,v2_pay_0002736,v2_benchmark_merchant,418939,INR,succeeded,2010-06-19T19:00:22.794643461Z,2010-06-20T19:00:22.794643461Z,v2_prior_key_0000495
v2_prior_0000496,v2_pay_0002737,v2_benchmark_merchant,795151,INR,succeeded,2010-06-20T01:13:40.415614286Z,2010-06-21T01:13:40.415614286Z,v2_prior_key_0000496
v2_prior_0000497,v2_pay_0002739,v2_benchmark_merchant,316244,INR,succeeded,2010-06-20T09:03:33.531134702Z,2010-06-21T09:03:33.531134702Z,v2_prior_key_0000497
v2_prior_0000498,v2_pay_0002740,v2_benchmark_merchant,65099,INR,succeeded,2010-06-20T11:13:12.979302325Z,2010-06-21T11:13:12.979302325Z,v2_prior_key_0000498
v2_prior_0000499,v2_pay_0002745,v2_benchmark_merchant,280233,INR,succeeded,2010-06-20T20:35:29.913709422Z,2010-06-21T20:35:29.913709422Z,v2_prior_key_0000499
v2_prior_0000500,v2_pay_0002749,v2_benchmark_merchant,724966,INR,succeeded,2010-06-21T12:50:05.994882120Z,2010-06-22T12:50:05.994882120Z,v2_prior_key_0000500
v2_prior_0000501,v2_pay_0002753,v2_benchmark_merchant,405857,INR,succeeded,2010-06-21T15:30:46.158540666Z,2010-06-22T15:30:46.158540666Z,v2_prior_key_0000501
v2_prior_0000502,v2_pay_0002754,v2_benchmark_merchant,5426,INR,succeeded,2010-06-21T17:32:44.182737217Z,2010-06-22T17:32:44.182737217Z,v2_prior_key_0000502
v2_prior_0000503,v2_pay_0002756,v2_benchmark_merchant,4007349,INR,succeeded,2010-06-21T19:11:53.984913297Z,2010-06-22T19:11:53.984913297Z,v2_prior_key_0000503
v2_prior_0000504,v2_pay_0002758,v2_benchmark_merchant,61411,INR,succeeded,2010-06-21T21:46:57.101861654Z,2010-06-22T21:46:57.101861654Z,v2_prior_key_0000504
v2_prior_0000505,v2_pay_0002772,v2_benchmark_merchant,660017,INR,succeeded,2010-06-22T15:32:13.977823081Z,2010-06-23T15:32:13.977823081Z,v2_prior_key_0000505
v2_prior_0000506,v2_pay_0002774,v2_benchmark_merchant,1057590,INR,succeeded,2010-06-22T19:19:33.713292079Z,2010-06-23T19:19:33.713292079Z,v2_prior_key_0000506
v2_prior_0000507,v2_pay_0002777,v2_benchmark_merchant,173886,INR,succeeded,2010-06-22T20:21:50.218024699Z,2010-06-23T20:21:50.218024699Z,v2_prior_key_0000507
v2_prior_0000508,v2_pay_0002787,v2_benchmark_merchant,164367,INR,succeeded,2010-06-23T12:44:44.824258042Z,2010-06-24T12:44:44.824258042Z,v2_prior_key_0000508
v2_prior_0000509,v2_pay_0002788,v2_benchmark_merchant,377548,INR,succeeded,2010-06-23T14:24:12.147803001Z,2010-06-24T14:24:12.147803001Z,v2_prior_key_0000509
v2_prior_0000510,v2_pay_0002791,v2_benchmark_merchant,234533,INR,succeeded,2010-06-23T17:28:18.370608306Z,2010-06-24T17:28:18.370608306Z,v2_prior_key_0000510
v2_prior_0000511,v2_pay_0002805,v2_benchmark_merchant,855931,INR,succeeded,2010-06-24T09:01:25.403371662Z,2010-06-25T09:01:25.403371662Z,v2_prior_key_0000511
v2_prior_0000512,v2_pay_0002807,v2_benchmark_merchant,477533,INR,succeeded,2010-06-24T11:55:44.378437398Z,2010-06-25T11:55:44.378437398Z,v2_prior_key_0000512
v2_prior_0000513,v2_pay_0002810,v2_benchmark_merchant,7629,INR,succeeded,2010-06-24T16:49:30.497193879Z,2010-06-25T16:49:30.497193879Z,v2_prior_key_0000513
v2_prior_0000514,v2_pay_0002813,v2_benchmark_merchant,1771556,INR,succeeded,2010-06-24T18:17:49.356075510Z,2010-06-25T18:17:49.356075510Z,v2_prior_key_0000514
v2_prior_0000515,v2_pay_0002817,v2_benchmark_merchant,659766,INR,succeeded,2010-06-25T04:06:48.526835104Z,2010-06-26T04:06:48.526835104Z,v2_prior_key_0000515
v2_prior_0000516,v2_pay_0002818,v2_benchmark_merchant,303451,INR,succeeded,2010-06-25T05:43:43.696479168Z,2010-06-26T05:43:43.696479168Z,v2_prior_key_0000516
v2_prior_0000517,v2_pay_0002820,v2_benchmark_merchant,28900,INR,succeeded,2010-06-25T07:50:55.515398598Z,2010-06-26T07:50:55.515398598Z,v2_prior_key_0000517
v2_prior_0000518,v2_pay_0002825,v2_benchmark_merchant,171335,INR,succeeded,2010-06-25T14:00:26.193897782Z,2010-06-26T14:00:26.193897782Z,v2_prior_key_0000518
v2_prior_0000519,v2_pay_0002826,v2_benchmark_merchant,664803,INR,succeeded,2010-06-25T15:43:12.344326477Z,2010-06-26T15:43:12.344326477Z,v2_prior_key_0000519
v2_prior_0000520,v2_pay_0002829,v2_benchmark_merchant,408268,INR,succeeded,2010-06-25T18:01:19.525985751Z,2010-06-26T18:01:19.525985751Z,v2_prior_key_0000520
v2_prior_0000521,v2_pay_0002831,v2_benchmark_merchant,172064,INR,succeeded,2010-06-25T22:31:53.158353205Z,2010-06-26T22:31:53.158353205Z,v2_prior_key_0000521
v2_prior_0000522,v2_pay_0002832,v2_benchmark_merchant,195645,INR,succeeded,2010-06-25T23:20:48.105701989Z,2010-06-26T23:20:48.105701989Z,v2_prior_key_0000522
v2_prior_0000523,v2_pay_0002841,v2_benchmark_merchant,50846,INR,succeeded,2010-06-26T10:00:27.311888631Z,2010-06-27T10:00:27.311888631Z,v2_prior_key_0000523
v2_prior_0000524,v2_pay_0002842,v2_benchmark_merchant,97039,INR,succeeded,2010-06-26T10:55:10.862352956Z,2010-06-27T10:55:10.862352956Z,v2_prior_key_0000524
v2_prior_0000525,v2_pay_0002843,v2_benchmark_merchant,646466,INR,succeeded,2010-06-26T11:21:57.910669946Z,2010-06-27T11:21:57.910669946Z,v2_prior_key_0000525
v2_prior_0000526,v2_pay_0002844,v2_benchmark_merchant,193566,INR,succeeded,2010-06-26T13:17:42.747296246Z,2010-06-27T13:17:42.747296246Z,v2_prior_key_0000526
v2_prior_0000527,v2_pay_0002847,v2_benchmark_merchant,242690,INR,succeeded,2010-06-26T18:06:34.627036641Z,2010-06-27T18:06:34.627036641Z,v2_prior_key_0000527
v2_prior_0000528,v2_pay_0002855,v2_benchmark_merchant,873897,INR,succeeded,2010-06-26T21:52:52.639178746Z,2010-06-27T21:52:52.639178746Z,v2_prior_key_0000528
v2_prior_0000529,v2_pay_0002862,v2_benchmark_merchant,881715,INR,succeeded,2010-06-27T04:57:49.008822734Z,2010-06-28T04:57:49.008822734Z,v2_prior_key_0000529
v2_prior_0000530,v2_pay_0002863,v2_benchmark_merchant,401914,INR,succeeded,2010-06-27T07:26:09.175920332Z,2010-06-28T07:26:09.175920332Z,v2_prior_key_0000530
v2_prior_0000531,v2_pay_0002865,v2_benchmark_merchant,701954,INR,succeeded,2010-06-27T10:21:10.502497748Z,2010-06-28T10:21:10.502497748Z,v2_prior_key_0000531
v2_prior_0000532,v2_pay_0002867,v2_benchmark_merchant,501223,INR,succeeded,2010-06-27T13:45:26.292847750Z,2010-06-28T13:45:26.292847750Z,v2_prior_key_0000532
v2_prior_0000533,v2_pay_0002870,v2_benchmark_merchant,427403,INR,succeeded,2010-06-27T19:59:09.484430587Z,2010-06-28T19:59:09.484430587Z,v2_prior_key_0000533
v2_prior_0000534,v2_pay_0002895,v2_benchmark_merchant,2408,INR,succeeded,2010-06-30T02:28:44.001934765Z,2010-07-01T02:28:44.001934765Z,v2_prior_key_0000534
v2_prior_0000535,v2_pay_0002896,v2_benchmark_merchant,423855,INR,succeeded,2010-06-30T02:43:16.032019131Z,2010-07-01T02:43:16.032019131Z,v2_prior_key_0000535
v2_prior_0000536,v2_pay_0002904,v2_benchmark_merchant,345396,INR,succeeded,2010-06-30T19:19:00.334108479Z,2010-07-01T19:19:00.334108479Z,v2_prior_key_0000536
v2_prior_0000537,v2_pay_0002906,v2_benchmark_merchant,1229681,INR,succeeded,2010-06-30T21:15:03.095171496Z,2010-07-01T21:15:03.095171496Z,v2_prior_key_0000537
v2_prior_0000538,v2_pay_0002908,v2_benchmark_merchant,144950,INR,succeeded,2010-07-01T05:10:26.252597322Z,2010-07-02T05:10:26.252597322Z,v2_prior_key_0000538
v2_prior_0000539,v2_pay_0002911,v2_benchmark_merchant,380192,INR,succeeded,2010-07-01T13:01:52.070812040Z,2010-07-02T13:01:52.070812040Z,v2_prior_key_0000539
v2_prior_0000540,v2_pay_0002922,v2_benchmark_merchant,240031,INR,succeeded,2010-07-02T18:29:04.035546132Z,2010-07-03T18:29:04.035546132Z,v2_prior_key_0000540
v2_prior_0000541,v2_pay_0002935,v2_benchmark_merchant,553730,INR,succeeded,2010-07-03T09:42:02.445709534Z,2010-07-04T09:42:02.445709534Z,v2_prior_key_0000541
v2_prior_0000542,v2_pay_0002939,v2_benchmark_merchant,169298,INR,succeeded,2010-07-03T12:17:05.032747078Z,2010-07-04T12:17:05.032747078Z,v2_prior_key_0000542
v2_prior_0000543,v2_pay_0002949,v2_benchmark_merchant,200457,INR,succeeded,2010-07-04T01:51:45.239935161Z,2010-07-05T01:51:45.239935161Z,v2_prior_key_0000543
v2_prior_0000544,v2_pay_0002954,v2_benchmark_merchant,175900,INR,succeeded,2010-07-04T07:21:14.431153717Z,2010-07-05T07:21:14.431153717Z,v2_prior_key_0000544
v2_prior_0000545,v2_pay_0002955,v2_benchmark_merchant,1700567,INR,succeeded,2010-07-04T07:25:21.829403776Z,2010-07-05T07:25:21.829403776Z,v2_prior_key_0000545
v2_prior_0000546,v2_pay_0002959,v2_benchmark_merchant,43963,INR,succeeded,2010-07-04T12:50:15.344526658Z,2010-07-05T12:50:15.344526658Z,v2_prior_key_0000546
v2_prior_0000547,v2_pay_0002960,v2_benchmark_merchant,505893,INR,succeeded,2010-07-04T12:53:49.042152817Z,2010-07-05T12:53:49.042152817Z,v2_prior_key_0000547
v2_prior_0000548,v2_pay_0002968,v2_benchmark_merchant,677934,INR,succeeded,2010-07-05T00:41:50.201835066Z,2010-07-06T00:41:50.201835066Z,v2_prior_key_0000548
v2_prior_0000549,v2_pay_0002969,v2_benchmark_merchant,449611,INR,succeeded,2010-07-05T01:31:24.479635900Z,2010-07-06T01:31:24.479635900Z,v2_prior_key_0000549
v2_prior_0000550,v2_pay_0002973,v2_benchmark_merchant,433514,INR,succeeded,2010-07-05T06:16:18.359944086Z,2010-07-06T06:16:18.359944086Z,v2_prior_key_0000550
v2_prior_0000551,v2_pay_0002974,v2_benchmark_merchant,175200,INR,succeeded,2010-07-05T07:15:52.836107749Z,2010-07-06T07:15:52.836107749Z,v2_prior_key_0000551
v2_prior_0000552,v2_pay_0002979,v2_benchmark_merchant,290773,INR,succeeded,2010-07-05T19:50:05.258768557Z,2010-07-06T19:50:05.258768557Z,v2_prior_key_0000552
v2_prior_0000553,v2_pay_0002981,v2_benchmark_merchant,354270,INR,succeeded,2010-07-06T00:39:50.251918942Z,2010-07-07T00:39:50.251918942Z,v2_prior_key_0000553
v2_prior_0000554,v2_pay_0002988,v2_benchmark_merchant,531975,INR,succeeded,2010-07-06T15:58:47.841526573Z,2010-07-07T15:58:47.841526573Z,v2_prior_key_0000554
v2_prior_0000555,v2_pay_0002992,v2_benchmark_merchant,273265,INR,succeeded,2010-07-06T18:21:49.864167463Z,2010-07-07T18:21:49.864167463Z,v2_prior_key_0000555
v2_prior_0000556,v2_pay_0002993,v2_benchmark_merchant,1202316,INR,succeeded,2010-07-06T18:31:05.555013446Z,2010-07-07T18:31:05.555013446Z,v2_prior_key_0000556
v2_prior_0000557,v2_pay_0002998,v2_benchmark_merchant,3832811,INR,succeeded,2010-07-07T00:54:19.257828687Z,2010-07-08T00:54:19.257828687Z,v2_prior_key_0000557
v2_prior_0000558,v2_pay_0003002,v2_benchmark_merchant,948863,INR,succeeded,2010-07-07T05:30:56.715449628Z,2010-07-08T05:30:56.715449628Z,v2_prior_key_0000558
v2_prior_0000559,v2_pay_0003003,v2_benchmark_merchant,394318,INR,succeeded,2010-07-07T06:01:04.044196810Z,2010-07-08T06:01:04.044196810Z,v2_prior_key_0000559
v2_prior_0000560,v2_pay_0003008,v2_benchmark_merchant,224667,INR,succeeded,2010-07-07T17:35:30.599430985Z,2010-07-08T17:35:30.599430985Z,v2_prior_key_0000560
v2_prior_0000561,v2_pay_0003017,v2_benchmark_merchant,715434,INR,succeeded,2010-07-08T09:59:58.657648023Z,2010-07-09T09:59:58.657648023Z,v2_prior_key_0000561
v2_prior_0000562,v2_pay_0003021,v2_benchmark_merchant,1408532,INR,succeeded,2010-07-08T14:02:57.000560412Z,2010-07-09T14:02:57.000560412Z,v2_prior_key_0000562
v2_prior_0000563,v2_pay_0003041,v2_benchmark_merchant,49963,INR,succeeded,2010-07-09T08:40:25.216715217Z,2010-07-10T08:40:25.216715217Z,v2_prior_key_0000563
v2_prior_0000564,v2_pay_0003044,v2_benchmark_merchant,726616,INR,succeeded,2010-07-09T12:53:57.341470236Z,2010-07-10T12:53:57.341470236Z,v2_prior_key_0000564
v2_prior_0000565,v2_pay_0003045,v2_benchmark_merchant,343516,INR,succeeded,2010-07-09T13:07:50.486315076Z,2010-07-10T13:07:50.486315076Z,v2_prior_key_0000565
v2_prior_0000566,v2_pay_0003046,v2_benchmark_merchant,938245,INR,succeeded,2010-07-09T15:01:06.198198456Z,2010-07-10T15:01:06.198198456Z,v2_prior_key_0000566
v2_prior_0000567,v2_pay_0003051,v2_benchmark_merchant,826775,INR,succeeded,2010-07-09T18:17:44.029739472Z,2010-07-10T18:17:44.029739472Z,v2_prior_key_0000567
v2_prior_0000568,v2_pay_0003062,v2_benchmark_merchant,1650609,INR,succeeded,2010-07-10T12:09:57.383225658Z,2010-07-11T12:09:57.383225658Z,v2_prior_key_0000568
v2_prior_0000569,v2_pay_0003070,v2_benchmark_merchant,507006,INR,succeeded,2010-07-11T03:01:14.165394552Z,2010-07-12T03:01:14.165394552Z,v2_prior_key_0000569
v2_prior_0000570,v2_pay_0003076,v2_benchmark_merchant,202680,INR,succeeded,2010-07-11T15:49:03.862112487Z,2010-07-12T15:49:03.862112487Z,v2_prior_key_0000570
v2_prior_0000571,v2_pay_0003077,v2_benchmark_merchant,10447,INR,succeeded,2010-07-11T16:41:36.469810573Z,2010-07-12T16:41:36.469810573Z,v2_prior_key_0000571
v2_prior_0000572,v2_pay_0003084,v2_benchmark_merchant,111313,INR,succeeded,2010-07-12T02:40:12.927587919Z,2010-07-13T02:40:12.927587919Z,v2_prior_key_0000572
v2_prior_0000573,v2_pay_0003092,v2_benchmark_merchant,754899,INR,succeeded,2010-07-12T17:01:46.546863069Z,2010-07-13T17:01:46.546863069Z,v2_prior_key_0000573
v2_prior_0000574,v2_pay_0003094,v2_benchmark_merchant,112352,INR,succeeded,2010-07-12T20:46:27.133723573Z,2010-07-13T20:46:27.133723573Z,v2_prior_key_0000574
v2_prior_0000575,v2_pay_0003102,v2_benchmark_merchant,330265,INR,succeeded,2010-07-13T09:08:18.826675108Z,2010-07-14T09:08:18.826675108Z,v2_prior_key_0000575
v2_prior_0000576,v2_pay_0003106,v2_benchmark_merchant,376629,INR,succeeded,2010-07-13T15:09:04.755182534Z,2010-07-14T15:09:04.755182534Z,v2_prior_key_0000576
v2_prior_0000577,v2_pay_0003128,v2_benchmark_merchant,1645692,INR,succeeded,2010-07-15T11:21:11.435015259Z,2010-07-16T11:21:11.435015259Z,v2_prior_key_0000577
v2_prior_0000578,v2_pay_0003131,v2_benchmark_merchant,306236,INR,succeeded,2010-07-15T14:53:08.138238219Z,2010-07-16T14:53:08.138238219Z,v2_prior_key_0000578
v2_prior_0000579,v2_pay_0003133,v2_benchmark_merchant,469396,INR,succeeded,2010-07-15T17:31:46.273365945Z,2010-07-16T17:31:46.273365945Z,v2_prior_key_0000579
v2_prior_0000580,v2_pay_0003138,v2_benchmark_merchant,165058,INR,succeeded,2010-07-16T00:27:11.228933010Z,2010-07-17T00:27:11.228933010Z,v2_prior_key_0000580
v2_prior_0000581,v2_pay_0003139,v2_benchmark_merchant,221332,INR,succeeded,2010-07-16T00:55:08.890656001Z,2010-07-17T00:55:08.890656001Z,v2_prior_key_0000581
v2_prior_0000582,v2_pay_0003142,v2_benchmark_merchant,470672,INR,succeeded,2010-07-16T04:24:24.064657869Z,2010-07-17T04:24:24.064657869Z,v2_prior_key_0000582
v2_prior_0000583,v2_pay_0003144,v2_benchmark_merchant,467857,INR,succeeded,2010-07-16T06:56:10.368692916Z,2010-07-17T06:56:10.368692916Z,v2_prior_key_0000583
v2_prior_0000584,v2_pay_0003145,v2_benchmark_merchant,1618715,INR,succeeded,2010-07-16T09:39:57.232616788Z,2010-07-17T09:39:57.232616788Z,v2_prior_key_0000584
v2_prior_0000585,v2_pay_0003149,v2_benchmark_merchant,1802555,INR,succeeded,2010-07-16T14:04:01.436616477Z,2010-07-17T14:04:01.436616477Z,v2_prior_key_0000585
v2_prior_0000586,v2_pay_0003152,v2_benchmark_merchant,42965,INR,succeeded,2010-07-16T17:10:11.244490410Z,2010-07-17T17:10:11.244490410Z,v2_prior_key_0000586
v2_prior_0000587,v2_pay_0003153,v2_benchmark_merchant,57410,INR,succeeded,2010-07-16T18:34:23.997753636Z,2010-07-17T18:34:23.997753636Z,v2_prior_key_0000587
v2_prior_0000588,v2_pay_0003160,v2_benchmark_merchant,511734,INR,succeeded,2010-07-16T23:34:53.310743655Z,2010-07-17T23:34:53.310743655Z,v2_prior_key_0000588
v2_prior_0000589,v2_pay_0003166,v2_benchmark_merchant,848896,INR,succeeded,2010-07-17T08:42:27.173361600Z,2010-07-18T08:42:27.173361600Z,v2_prior_key_0000589
v2_prior_0000590,v2_pay_0003175,v2_benchmark_merchant,799947,INR,succeeded,2010-07-17T17:06:29.880638347Z,2010-07-18T17:06:29.880638347Z,v2_prior_key_0000590
v2_prior_0000591,v2_pay_0003180,v2_benchmark_merchant,421208,INR,succeeded,2010-07-18T04:43:11.573723064Z,2010-07-19T04:43:11.573723064Z,v2_prior_key_0000591
v2_prior_0000592,v2_pay_0003181,v2_benchmark_merchant,193452,INR,succeeded,2010-07-18T05:03:34.347570016Z,2010-07-19T05:03:34.347570016Z,v2_prior_key_0000592
v2_prior_0000593,v2_pay_0003183,v2_benchmark_merchant,639995,INR,succeeded,2010-07-18T07:57:09.990765422Z,2010-07-19T07:57:09.990765422Z,v2_prior_key_0000593
v2_prior_0000594,v2_pay_0003193,v2_benchmark_merchant,1499900,INR,succeeded,2010-07-18T19:03:03.207534811Z,2010-07-19T19:03:03.207534811Z,v2_prior_key_0000594
v2_prior_0000595,v2_pay_0003194,v2_benchmark_merchant,38611,INR,succeeded,2010-07-18T19:18:12.409507794Z,2010-07-19T19:18:12.409507794Z,v2_prior_key_0000595
v2_prior_0000596,v2_pay_0003195,v2_benchmark_merchant,36962,INR,succeeded,2010-07-18T20:08:50.111889234Z,2010-07-19T20:08:50.111889234Z,v2_prior_key_0000596
v2_prior_0000597,v2_pay_0003197,v2_benchmark_merchant,369682,INR,succeeded,2010-07-18T23:52:41.668879897Z,2010-07-19T23:52:41.668879897Z,v2_prior_key_0000597
v2_prior_0000598,v2_pay_0003201,v2_benchmark_merchant,376546,INR,succeeded,2010-07-19T05:03:00.683070290Z,2010-07-20T05:03:00.683070290Z,v2_prior_key_0000598
v2_prior_0000599,v2_pay_0003202,v2_benchmark_merchant,79987,INR,succeeded,2010-07-19T06:09:27.739512234Z,2010-07-20T06:09:27.739512234Z,v2_prior_key_0000599
v2_prior_0000600,v2_pay_0003205,v2_benchmark_merchant,115178,INR,succeeded,2010-07-19T11:47:59.920725862Z,2010-07-20T11:47:59.920725862Z,v2_prior_key_0000600
v2_prior_0000601,v2_pay_0003217,v2_benchmark_merchant,426076,INR,succeeded,2010-07-20T05:07:12.614918806Z,2010-07-21T05:07:12.614918806Z,v2_prior_key_0000601
v2_prior_0000602,v2_pay_0003227,v2_benchmark_merchant,1012160,INR,succeeded,2010-07-20T17:47:51.314389016Z,2010-07-21T17:47:51.314389016Z,v2_prior_key_0000602
v2_prior_0000603,v2_pay_0003232,v2_benchmark_merchant,148821,INR,succeeded,2010-07-21T07:06:34.909182279Z,2010-07-22T07:06:34.909182279Z,v2_prior_key_0000603
v2_prior_0000604,v2_pay_0003233,v2_benchmark_merchant,1171883,INR,succeeded,2010-07-21T07:08:52.904861136Z,2010-07-22T07:08:52.904861136Z,v2_prior_key_0000604
v2_prior_0000605,v2_pay_0003235,v2_benchmark_merchant,38554,INR,succeeded,2010-07-21T11:29:08.043807450Z,2010-07-22T11:29:08.043807450Z,v2_prior_key_0000605
v2_prior_0000606,v2_pay_0003237,v2_benchmark_merchant,145267,INR,succeeded,2010-07-21T16:09:47.670143186Z,2010-07-22T16:09:47.670143186Z,v2_prior_key_0000606
v2_prior_0000607,v2_pay_0003255,v2_benchmark_merchant,483971,INR,succeeded,2010-07-23T06:27:15.004623822Z,2010-07-24T06:27:15.004623822Z,v2_prior_key_0000607
v2_prior_0000608,v2_pay_0003260,v2_benchmark_merchant,663410,INR,succeeded,2010-07-23T11:49:00.451719478Z,2010-07-24T11:49:00.451719478Z,v2_prior_key_0000608
v2_prior_0000609,v2_pay_0003266,v2_benchmark_merchant,53239,INR,succeeded,2010-07-24T00:31:35.248318495Z,2010-07-25T00:31:35.248318495Z,v2_prior_key_0000609
v2_prior_0000610,v2_pay_0003271,v2_benchmark_merchant,174151,INR,succeeded,2010-07-24T14:15:59.786160092Z,2010-07-25T14:15:59.786160092Z,v2_prior_key_0000610
v2_prior_0000611,v2_pay_0003274,v2_benchmark_merchant,1432408,INR,succeeded,2010-07-24T15:40:10.378567012Z,2010-07-25T15:40:10.378567012Z,v2_prior_key_0000611
v2_prior_0000612,v2_pay_0003289,v2_benchmark_merchant,1624828,INR,succeeded,2010-07-25T10:06:53.984296509Z,2010-07-26T10:06:53.984296509Z,v2_prior_key_0000612
v2_prior_0000613,v2_pay_0003292,v2_benchmark_merchant,3901,INR,succeeded,2010-07-25T13:23:23.557189741Z,2010-07-26T13:23:23.557189741Z,v2_prior_key_0000613
v2_prior_0000614,v2_pay_0003295,v2_benchmark_merchant,803294,INR,succeeded,2010-07-25T15:09:05.669271808Z,2010-07-26T15:09:05.669271808Z,v2_prior_key_0000614
v2_prior_0000615,v2_pay_0003296,v2_benchmark_merchant,466113,INR,succeeded,2010-07-25T16:17:31.201366544Z,2010-07-26T16:17:31.201366544Z,v2_prior_key_0000615
v2_prior_0000616,v2_pay_0003301,v2_benchmark_merchant,638248,INR,succeeded,2010-07-26T02:26:43.844107476Z,2010-07-27T02:26:43.844107476Z,v2_prior_key_0000616
v2_prior_0000617,v2_pay_0003306,v2_benchmark_merchant,2034157,INR,succeeded,2010-07-26T05:41:02.956311498Z,2010-07-27T05:41:02.956311498Z,v2_prior_key_0000617
v2_prior_0000618,v2_pay_0003308,v2_benchmark_merchant,748116,INR,succeeded,2010-07-26T08:31:36.474381534Z,2010-07-27T08:31:36.474381534Z,v2_prior_key_0000618
v2_prior_0000619,v2_pay_0003309,v2_benchmark_merchant,217749,INR,succeeded,2010-07-26T08:38:28.451370206Z,2010-07-27T08:38:28.451370206Z,v2_prior_key_0000619
v2_prior_0000620,v2_pay_0003316,v2_benchmark_merchant,658746,INR,succeeded,2010-07-26T18:00:13.448859168Z,2010-07-27T18:00:13.448859168Z,v2_prior_key_0000620
v2_prior_0000621,v2_pay_0003332,v2_benchmark_merchant,278890,INR,succeeded,2010-07-28T03:17:40.625314606Z,2010-07-29T03:17:40.625314606Z,v2_prior_key_0000621
v2_prior_0000622,v2_pay_0003341,v2_benchmark_merchant,1020222,INR,succeeded,2010-07-28T22:38:36.091620224Z,2010-07-29T22:38:36.091620224Z,v2_prior_key_0000622
v2_prior_0000623,v2_pay_0003350,v2_benchmark_merchant,1046187,INR,succeeded,2010-07-29T09:29:33.770622622Z,2010-07-30T09:29:33.770622622Z,v2_prior_key_0000623
v2_prior_0000624,v2_pay_0003362,v2_benchmark_merchant,389359,INR,succeeded,2010-07-30T02:48:03.203857880Z,2010-07-31T02:48:03.203857880Z,v2_prior_key_0000624
v2_prior_0000625,v2_pay_0003370,v2_benchmark_merchant,108141,INR,succeeded,2010-07-30T15:44:46.162520563Z,2010-07-31T15:44:46.162520563Z,v2_prior_key_0000625
v2_prior_0000626,v2_pay_0003372,v2_benchmark_merchant,610235,INR,succeeded,2010-07-30T18:25:47.162427662Z,2010-07-31T18:25:47.162427662Z,v2_prior_key_0000626
v2_prior_0000627,v2_pay_0003375,v2_benchmark_merchant,384910,INR,succeeded,2010-07-30T23:05:00.520873964Z,2010-07-31T23:05:00.520873964Z,v2_prior_key_0000627
v2_prior_0000628,v2_pay_0003379,v2_benchmark_merchant,1128861,INR,succeeded,2010-07-31T01:40:44.959204177Z,2010-08-01T01:40:44.959204177Z,v2_prior_key_0000628
v2_prior_0000629,v2_pay_0003382,v2_benchmark_merchant,1681224,INR,succeeded,2010-07-31T08:51:42.398104497Z,2010-08-01T08:51:42.398104497Z,v2_prior_key_0000629
v2_prior_0000630,v2_pay_0003384,v2_benchmark_merchant,21414,INR,succeeded,2010-07-31T14:07:18.738857377Z,2010-08-01T14:07:18.738857377Z,v2_prior_key_0000630
v2_prior_0000631,v2_pay_0003396,v2_benchmark_merchant,209974,INR,succeeded,2010-08-01T09:33:46.662157400Z,2010-08-02T09:33:46.662157400Z,v2_prior_key_0000631
v2_prior_0000632,v2_pay_0003401,v2_benchmark_merchant,175641,INR,succeeded,2010-08-01T12:56:54.575308890Z,2010-08-02T12:56:54.575308890Z,v2_prior_key_0000632
v2_prior_0000633,v2_pay_0003403,v2_benchmark_merchant,1079813,INR,succeeded,2010-08-01T14:16:35.668510038Z,2010-08-02T14:16:35.668510038Z,v2_prior_key_0000633
v2_prior_0000634,v2_pay_0003407,v2_benchmark_merchant,500642,INR,succeeded,2010-08-01T18:34:04.068878344Z,2010-08-02T18:34:04.068878344Z,v2_prior_key_0000634
v2_prior_0000635,v2_pay_0003414,v2_benchmark_merchant,1001513,INR,succeeded,2010-08-02T11:57:58.370160460Z,2010-08-03T11:57:58.370160460Z,v2_prior_key_0000635
v2_prior_0000636,v2_pay_0003416,v2_benchmark_merchant,511704,INR,succeeded,2010-08-02T16:29:23.997748130Z,2010-08-03T16:29:23.997748130Z,v2_prior_key_0000636
v2_prior_0000637,v2_pay_0003421,v2_benchmark_merchant,427320,INR,succeeded,2010-08-02T23:09:03.481873771Z,2010-08-03T23:09:03.481873771Z,v2_prior_key_0000637
v2_prior_0000638,v2_pay_0003424,v2_benchmark_merchant,360865,INR,succeeded,2010-08-03T05:38:01.189036842Z,2010-08-04T05:38:01.189036842Z,v2_prior_key_0000638
v2_prior_0000639,v2_pay_0003425,v2_benchmark_merchant,822353,INR,succeeded,2010-08-03T07:47:41.965001708Z,2010-08-04T07:47:41.965001708Z,v2_prior_key_0000639
v2_prior_0000640,v2_pay_0003429,v2_benchmark_merchant,412970,INR,succeeded,2010-08-03T08:41:29.402515521Z,2010-08-04T08:41:29.402515521Z,v2_prior_key_0000640
v2_prior_0000641,v2_pay_0003431,v2_benchmark_merchant,71545,INR,succeeded,2010-08-03T09:32:34.123900269Z,2010-08-04T09:32:34.123900269Z,v2_prior_key_0000641
v2_prior_0000642,v2_pay_0003449,v2_benchmark_merchant,844651,INR,succeeded,2010-08-04T20:43:45.846911988Z,2010-08-05T20:43:45.846911988Z,v2_prior_key_0000642
v2_prior_0000643,v2_pay_0003454,v2_benchmark_merchant,1235059,INR,succeeded,2010-08-05T09:35:31.536127029Z,2010-08-06T09:35:31.536127029Z,v2_prior_key_0000643
v2_prior_0000644,v2_pay_0003463,v2_benchmark_merchant,210604,INR,succeeded,2010-08-06T10:44:17.579864636Z,2010-08-07T10:44:17.579864636Z,v2_prior_key_0000644
v2_prior_0000645,v2_pay_0003469,v2_benchmark_merchant,247938,INR,succeeded,2010-08-06T19:08:30.055323160Z,2010-08-07T19:08:30.055323160Z,v2_prior_key_0000645
v2_prior_0000646,v2_pay_0003473,v2_benchmark_merchant,497849,INR,succeeded,2010-08-07T07:23:59.890930303Z,2010-08-08T07:23:59.890930303Z,v2_prior_key_0000646
v2_prior_0000647,v2_pay_0003483,v2_benchmark_merchant,376920,INR,succeeded,2010-08-07T22:38:20.496209978Z,2010-08-08T22:38:20.496209978Z,v2_prior_key_0000647
v2_prior_0000648,v2_pay_0003485,v2_benchmark_merchant,1859930,INR,succeeded,2010-08-08T11:37:06.203792148Z,2010-08-09T11:37:06.203792148Z,v2_prior_key_0000648
v2_prior_0000649,v2_pay_0003489,v2_benchmark_merchant,161234,INR,succeeded,2010-08-08T16:02:42.389900826Z,2010-08-09T16:02:42.389900826Z,v2_prior_key_0000649
v2_prior_0000650,v2_pay_0003493,v2_benchmark_merchant,215151,INR,succeeded,2010-08-09T00:50:12.823395656Z,2010-08-10T00:50:12.823395656Z,v2_prior_key_0000650
v2_prior_0000651,v2_pay_0003498,v2_benchmark_merchant,2995646,INR,succeeded,2010-08-09T06:06:30.325496776Z,2010-08-10T06:06:30.325496776Z,v2_prior_key_0000651
v2_prior_0000652,v2_pay_0003516,v2_benchmark_merchant,377374,INR,succeeded,2010-08-10T16:37:57.267408958Z,2010-08-11T16:37:57.267408958Z,v2_prior_key_0000652
v2_prior_0000653,v2_pay_0003517,v2_benchmark_merchant,301755,INR,succeeded,2010-08-10T17:39:43.257935979Z,2010-08-11T17:39:43.257935979Z,v2_prior_key_0000653
v2_prior_0000654,v2_pay_0003520,v2_benchmark_merchant,485487,INR,succeeded,2010-08-10T18:52:43.490150055Z,2010-08-11T18:52:43.490150055Z,v2_prior_key_0000654
v2_prior_0000655,v2_pay_0003521,v2_benchmark_merchant,1226721,INR,succeeded,2010-08-10T19:32:26.270652435Z,2010-08-11T19:32:26.270652435Z,v2_prior_key_0000655
v2_prior_0000656,v2_pay_0003529,v2_benchmark_merchant,1162200,INR,succeeded,2010-08-11T19:32:29.530755781Z,2010-08-12T19:32:29.530755781Z,v2_prior_key_0000656
v2_prior_0000657,v2_pay_0003536,v2_benchmark_merchant,1930628,INR,succeeded,2010-08-11T22:17:44.565712226Z,2010-08-12T22:17:44.565712226Z,v2_prior_key_0000657
v2_prior_0000658,v2_pay_0003545,v2_benchmark_merchant,104692,INR,succeeded,2010-08-12T14:42:32.070199657Z,2010-08-13T14:42:32.070199657Z,v2_prior_key_0000658
v2_prior_0000659,v2_pay_0003547,v2_benchmark_merchant,241126,INR,succeeded,2010-08-12T16:01:07.695500509Z,2010-08-13T16:01:07.695500509Z,v2_prior_key_0000659
v2_prior_0000660,v2_pay_0003550,v2_benchmark_merchant,365102,INR,succeeded,2010-08-12T20:55:51.340900128Z,2010-08-13T20:55:51.340900128Z,v2_prior_key_0000660
v2_prior_0000661,v2_pay_0003554,v2_benchmark_merchant,1103224,INR,succeeded,2010-08-13T03:04:07.264192179Z,2010-08-14T03:04:07.264192179Z,v2_prior_key_0000661
v2_prior_0000662,v2_pay_0003566,v2_benchmark_merchant,281752,INR,succeeded,2010-08-14T04:15:43.748732950Z,2010-08-15T04:15:43.748732950Z,v2_prior_key_0000662
v2_prior_0000663,v2_pay_0003567,v2_benchmark_merchant,14234,INR,succeeded,2010-08-14T04:57:57.481882646Z,2010-08-15T04:57:57.481882646Z,v2_prior_key_0000663
v2_prior_0000664,v2_pay_0003570,v2_benchmark_merchant,201156,INR,succeeded,2010-08-14T13:32:32.821456293Z,2010-08-15T13:32:32.821456293Z,v2_prior_key_0000664
v2_prior_0000665,v2_pay_0003575,v2_benchmark_merchant,624897,INR,succeeded,2010-08-14T17:56:58.908993794Z,2010-08-15T17:56:58.908993794Z,v2_prior_key_0000665
v2_prior_0000666,v2_pay_0003578,v2_benchmark_merchant,955081,INR,succeeded,2010-08-14T22:12:47.167467636Z,2010-08-15T22:12:47.167467636Z,v2_prior_key_0000666
v2_prior_0000667,v2_pay_0003588,v2_benchmark_merchant,7976033,INR,succeeded,2010-08-15T15:01:15.311500930Z,2010-08-16T15:01:15.311500930Z,v2_prior_key_0000667
v2_prior_0000668,v2_pay_0003598,v2_benchmark_merchant,280157,INR,succeeded,2010-08-16T05:37:31.793543203Z,2010-08-17T05:37:31.793543203Z,v2_prior_key_0000668
v2_prior_0000669,v2_pay_0003605,v2_benchmark_merchant,313808,INR,succeeded,2010-08-16T08:07:49.897854790Z,2010-08-17T08:07:49.897854790Z,v2_prior_key_0000669
v2_prior_0000670,v2_pay_0003608,v2_benchmark_merchant,601223,INR,succeeded,2010-08-16T16:20:49.248194148Z,2010-08-17T16:20:49.248194148Z,v2_prior_key_0000670
v2_prior_0000671,v2_pay_0003615,v2_benchmark_merchant,327843,INR,succeeded,2010-08-16T22:27:03.692913902Z,2010-08-17T22:27:03.692913902Z,v2_prior_key_0000671
v2_prior_0000672,v2_pay_0003618,v2_benchmark_merchant,597227,INR,succeeded,2010-08-17T06:15:17.868848206Z,2010-08-18T06:15:17.868848206Z,v2_prior_key_0000672
v2_prior_0000673,v2_pay_0003623,v2_benchmark_merchant,1514900,INR,succeeded,2010-08-17T13:24:21.296285712Z,2010-08-18T13:24:21.296285712Z,v2_prior_key_0000673
v2_prior_0000674,v2_pay_0003624,v2_benchmark_merchant,137138,INR,succeeded,2010-08-17T14:52:06.601040280Z,2010-08-18T14:52:06.601040280Z,v2_prior_key_0000674
v2_prior_0000675,v2_pay_0003628,v2_benchmark_merchant,155951,INR,succeeded,2010-08-17T22:27:39.550168964Z,2010-08-18T22:27:39.550168964Z,v2_prior_key_0000675
v2_prior_0000676,v2_pay_0003631,v2_benchmark_merchant,100108,INR,succeeded,2010-08-18T02:52:04.074184075Z,2010-08-19T02:52:04.074184075Z,v2_prior_key_0000676
v2_prior_0000677,v2_pay_0003633,v2_benchmark_merchant,970613,INR,succeeded,2010-08-18T06:40:15.052785679Z,2010-08-19T06:40:15.052785679Z,v2_prior_key_0000677
v2_prior_0000678,v2_pay_0003640,v2_benchmark_merchant,2723565,INR,succeeded,2010-08-18T14:18:15.580199838Z,2010-08-19T14:18:15.580199838Z,v2_prior_key_0000678
v2_prior_0000679,v2_pay_0003642,v2_benchmark_merchant,91165,INR,succeeded,2010-08-18T20:25:55.947385516Z,2010-08-19T20:25:55.947385516Z,v2_prior_key_0000679
v2_prior_0000680,v2_pay_0003652,v2_benchmark_merchant,1828311,INR,succeeded,2010-08-19T20:30:49.986973893Z,2010-08-20T20:30:49.986973893Z,v2_prior_key_0000680
v2_prior_0000681,v2_pay_0003654,v2_benchmark_merchant,257719,INR,succeeded,2010-08-19T23:52:05.706307364Z,2010-08-20T23:52:05.706307364Z,v2_prior_key_0000681
v2_prior_0000682,v2_pay_0003662,v2_benchmark_merchant,11946,INR,succeeded,2010-08-20T14:23:07.423937929Z,2010-08-21T14:23:07.423937929Z,v2_prior_key_0000682
v2_prior_0000683,v2_pay_0003668,v2_benchmark_merchant,1253778,INR,succeeded,2010-08-20T21:58:40.000804346Z,2010-08-21T21:58:40.000804346Z,v2_prior_key_0000683
v2_prior_0000684,v2_pay_0003670,v2_benchmark_merchant,808745,INR,succeeded,2010-08-21T01:26:00.501549955Z,2010-08-22T01:26:00.501549955Z,v2_prior_key_0000684
v2_prior_0000685,v2_pay_0003674,v2_benchmark_merchant,223949,INR,succeeded,2010-08-21T08:45:46.510776730Z,2010-08-22T08:45:46.510776730Z,v2_prior_key_0000685
v2_prior_0000686,v2_pay_0003676,v2_benchmark_merchant,399108,INR,succeeded,2010-08-21T10:49:04.815782666Z,2010-08-22T10:49:04.815782666Z,v2_prior_key_0000686
v2_prior_0000687,v2_pay_0003679,v2_benchmark_merchant,1808355,INR,succeeded,2010-08-21T15:07:23.772183196Z,2010-08-22T15:07:23.772183196Z,v2_prior_key_0000687
v2_prior_0000688,v2_pay_0003683,v2_benchmark_merchant,447047,INR,succeeded,2010-08-21T22:45:45.151946793Z,2010-08-22T22:45:45.151946793Z,v2_prior_key_0000688
v2_prior_0000689,v2_pay_0003691,v2_benchmark_merchant,348532,INR,succeeded,2010-08-22T10:26:30.615381963Z,2010-08-23T10:26:30.615381963Z,v2_prior_key_0000689
v2_prior_0000690,v2_pay_0003692,v2_benchmark_merchant,253887,INR,succeeded,2010-08-22T11:05:47.614951267Z,2010-08-23T11:05:47.614951267Z,v2_prior_key_0000690
v2_prior_0000691,v2_pay_0003697,v2_benchmark_merchant,367000,INR,succeeded,2010-08-22T19:00:27.185122646Z,2010-08-23T19:00:27.185122646Z,v2_prior_key_0000691
v2_prior_0000692,v2_pay_0003707,v2_benchmark_merchant,1679002,INR,succeeded,2010-08-23T09:38:55.849078533Z,2010-08-24T09:38:55.849078533Z,v2_prior_key_0000692
v2_prior_0000693,v2_pay_0003712,v2_benchmark_merchant,41257,INR,succeeded,2010-08-23T17:30:08.634299739Z,2010-08-24T17:30:08.634299739Z,v2_prior_key_0000693
v2_prior_0000694,v2_pay_0003726,v2_benchmark_merchant,15968,INR,succeeded,2010-08-25T05:07:53.661118818Z,2010-08-26T05:07:53.661118818Z,v2_prior_key_0000694
v2_prior_0000695,v2_pay_0003730,v2_benchmark_merchant,659617,INR,succeeded,2010-08-25T08:31:30.521894625Z,2010-08-26T08:31:30.521894625Z,v2_prior_key_0000695
v2_prior_0000696,v2_pay_0003743,v2_benchmark_merchant,346663,INR,succeeded,2010-08-25T18:55:38.377126788Z,2010-08-26T18:55:38.377126788Z,v2_prior_key_0000696
v2_prior_0000697,v2_pay_0003750,v2_benchmark_merchant,646278,INR,succeeded,2010-08-26T11:28:24.289407660Z,2010-08-27T11:28:24.289407660Z,v2_prior_key_0000697
v2_prior_0000698,v2_pay_0003766,v2_benchmark_merchant,872506,INR,succeeded,2010-08-27T10:56:26.048422863Z,2010-08-28T10:56:26.048422863Z,v2_prior_key_0000698
v2_prior_0000699,v2_pay_0003768,v2_benchmark_merchant,674026,INR,succeeded,2010-08-27T12:57:12.491853829Z,2010-08-28T12:57:12.491853829Z,v2_prior_key_0000699
v2_prior_0000700,v2_pay_0003770,v2_benchmark_merchant,56608,INR,succeeded,2010-08-27T13:23:48.127760749Z,2010-08-28T13:23:48.127760749Z,v2_prior_key_0000700
v2_prior_0000701,v2_pay_0003771,v2_benchmark_merchant,87636,INR,succeeded,2010-08-27T13:32:02.203236733Z,2010-08-28T13:32:02.203236733Z,v2_prior_key_0000701
v2_prior_0000702,v2_pay_0003778,v2_benchmark_merchant,480419,INR,succeeded,2010-08-28T09:51:59.053560820Z,2010-08-29T09:51:59.053560820Z,v2_prior_key_0000702
v2_prior_0000703,v2_pay_0003800,v2_benchmark_merchant,326098,INR,succeeded,2010-08-29T18:38:46.049738758Z,2010-08-30T18:38:46.049738758Z,v2_prior_key_0000703
v2_prior_0000704,v2_pay_0003801,v2_benchmark_merchant,1243449,INR,succeeded,2010-08-29T18:42:58.400414875Z,2010-08-30T18:42:58.400414875Z,v2_prior_key_0000704
v2_prior_0000705,v2_pay_0003802,v2_benchmark_merchant,25526,INR,succeeded,2010-08-29T19:39:59.498986365Z,2010-08-30T19:39:59.498986365Z,v2_prior_key_0000705
v2_prior_0000706,v2_pay_0003803,v2_benchmark_merchant,321528,INR,succeeded,2010-08-29T21:24:25.739198689Z,2010-08-30T21:24:25.739198689Z,v2_prior_key_0000706
v2_prior_0000707,v2_pay_0003810,v2_benchmark_merchant,375723,INR,succeeded,2010-08-30T16:11:13.083927216Z,2010-08-31T16:11:13.083927216Z,v2_prior_key_0000707
v2_prior_0000708,v2_pay_0003816,v2_benchmark_merchant,11401,INR,succeeded,2010-08-31T06:02:45.177648158Z,2010-09-01T06:02:45.177648158Z,v2_prior_key_0000708
v2_prior_0000709,v2_pay_0003817,v2_benchmark_merchant,325643,INR,succeeded,2010-08-31T06:24:16.294712130Z,2010-09-01T06:24:16.294712130Z,v2_prior_key_0000709
v2_prior_0000710,v2_pay_0003825,v2_benchmark_merchant,1477591,INR,succeeded,2010-08-31T18:22:45.977776075Z,2010-09-01T18:22:45.977776075Z,v2_prior_key_0000710
v2_prior_0000711,v2_pay_0003826,v2_benchmark_merchant,9630380,INR,succeeded,2010-08-31T19:07:09.993890066Z,2010-09-01T19:07:09.993890066Z,v2_prior_key_0000711
v2_prior_0000712,v2_pay_0003829,v2_benchmark_merchant,181424,INR,succeeded,2010-09-01T04:26:46.402123018Z,2010-09-02T04:26:46.402123018Z,v2_prior_key_0000712
v2_prior_0000713,v2_pay_0003835,v2_benchmark_merchant,2347318,INR,succeeded,2010-09-01T14:36:37.238106582Z,2010-09-02T14:36:37.238106582Z,v2_prior_key_0000713
v2_prior_0000714,v2_pay_0003836,v2_benchmark_merchant,372175,INR,succeeded,2010-09-01T16:02:57.675564036Z,2010-09-02T16:02:57.675564036Z,v2_prior_key_0000714
v2_prior_0000715,v2_pay_0003837,v2_benchmark_merchant,90753,INR,succeeded,2010-09-01T21:29:40.916551114Z,2010-09-02T21:29:40.916551114Z,v2_prior_key_0000715
v2_prior_0000716,v2_pay_0003840,v2_benchmark_merchant,17224,INR,succeeded,2010-09-01T23:09:33.729490255Z,2010-09-02T23:09:33.729490255Z,v2_prior_key_0000716
v2_prior_0000717,v2_pay_0003846,v2_benchmark_merchant,572964,INR,succeeded,2010-09-02T11:10:14.145212350Z,2010-09-03T11:10:14.145212350Z,v2_prior_key_0000717
v2_prior_0000718,v2_pay_0003850,v2_benchmark_merchant,15993,INR,succeeded,2010-09-02T14:15:51.224368219Z,2010-09-03T14:15:51.224368219Z,v2_prior_key_0000718
v2_prior_0000719,v2_pay_0003856,v2_benchmark_merchant,192096,INR,succeeded,2010-09-02T20:56:05.844828391Z,2010-09-03T20:56:05.844828391Z,v2_prior_key_0000719
v2_prior_0000720,v2_pay_0003863,v2_benchmark_merchant,3264970,INR,succeeded,2010-09-03T05:46:56.691069806Z,2010-09-04T05:46:56.691069806Z,v2_prior_key_0000720
v2_prior_0000721,v2_pay_0003866,v2_benchmark_merchant,65003,INR,succeeded,2010-09-03T09:56:10.137083062Z,2010-09-04T09:56:10.137083062Z,v2_prior_key_0000721
v2_prior_0000722,v2_pay_0003870,v2_benchmark_merchant,186698,INR,succeeded,2010-09-03T14:11:27.866077342Z,2010-09-04T14:11:27.866077342Z,v2_prior_key_0000722
v2_prior_0000723,v2_pay_0003877,v2_benchmark_merchant,1299218,INR,succeeded,2010-09-04T02:56:35.705665242Z,2010-09-05T02:56:35.705665242Z,v2_prior_key_0000723
v2_prior_0000724,v2_pay_0003878,v2_benchmark_merchant,593071,INR,succeeded,2010-09-04T03:27:47.533818636Z,2010-09-05T03:27:47.533818636Z,v2_prior_key_0000724
v2_prior_0000725,v2_pay_0003881,v2_benchmark_merchant,510585,INR,succeeded,2010-09-04T08:33:06.953467360Z,2010-09-05T08:33:06.953467360Z,v2_prior_key_0000725
v2_prior_0000726,v2_pay_0003892,v2_benchmark_merchant,514995,INR,succeeded,2010-09-04T22:09:22.425186812Z,2010-09-05T22:09:22.425186812Z,v2_prior_key_0000726
v2_prior_0000727,v2_pay_0003896,v2_benchmark_merchant,98662,INR,succeeded,2010-09-05T11:08:40.445765198Z,2010-09-06T11:08:40.445765198Z,v2_prior_key_0000727
v2_prior_0000728,v2_pay_0003898,v2_benchmark_merchant,153041,INR,succeeded,2010-09-05T15:17:04.453470916Z,2010-09-06T15:17:04.453470916Z,v2_prior_key_0000728
v2_prior_0000729,v2_pay_0003900,v2_benchmark_merchant,824622,INR,succeeded,2010-09-05T17:55:05.597556837Z,2010-09-06T17:55:05.597556837Z,v2_prior_key_0000729
v2_prior_0000730,v2_pay_0003903,v2_benchmark_merchant,71128,INR,succeeded,2010-09-06T00:09:03.484107906Z,2010-09-07T00:09:03.484107906Z,v2_prior_key_0000730
v2_prior_0000731,v2_pay_0003905,v2_benchmark_merchant,1823255,INR,succeeded,2010-09-06T02:48:34.930604666Z,2010-09-07T02:48:34.930604666Z,v2_prior_key_0000731
v2_prior_0000732,v2_pay_0003908,v2_benchmark_merchant,819574,INR,succeeded,2010-09-06T04:43:22.055606288Z,2010-09-07T04:43:22.055606288Z,v2_prior_key_0000732
v2_prior_0000733,v2_pay_0003919,v2_benchmark_merchant,129169,INR,succeeded,2010-09-06T22:57:27.454530432Z,2010-09-07T22:57:27.454530432Z,v2_prior_key_0000733
v2_prior_0000734,v2_pay_0003920,v2_benchmark_merchant,746294,INR,succeeded,2010-09-07T00:55:32.052593172Z,2010-09-08T00:55:32.052593172Z,v2_prior_key_0000734
v2_prior_0000735,v2_pay_0003929,v2_benchmark_merchant,9775,INR,succeeded,2010-09-07T09:50:04.586767255Z,2010-09-08T09:50:04.586767255Z,v2_prior_key_0000735
v2_prior_0000736,v2_pay_0003931,v2_benchmark_merchant,2187528,INR,succeeded,2010-09-07T10:39:46.693215001Z,2010-09-08T10:39:46.693215001Z,v2_prior_key_0000736
v2_prior_0000737,v2_pay_0003937,v2_benchmark_merchant,135159,INR,succeeded,2010-09-07T19:30:33.928249060Z,2010-09-08T19:30:33.928249060Z,v2_prior_key_0000737
v2_prior_0000738,v2_pay_0003947,v2_benchmark_merchant,1777390,INR,succeeded,2010-09-08T11:23:53.615479755Z,2010-09-09T11:23:53.615479755Z,v2_prior_key_0000738
v2_prior_0000739,v2_pay_0003948,v2_benchmark_merchant,395369,INR,succeeded,2010-09-08T12:27:10.792050464Z,2010-09-09T12:27:10.792050464Z,v2_prior_key_0000739
v2_prior_0000740,v2_pay_0003960,v2_benchmark_merchant,933525,INR,succeeded,2010-09-09T13:51:52.228423718Z,2010-09-10T13:51:52.228423718Z,v2_prior_key_0000740
v2_prior_0000741,v2_pay_0003965,v2_benchmark_merchant,583635,INR,succeeded,2010-09-10T06:11:19.358266203Z,2010-09-11T06:11:19.358266203Z,v2_prior_key_0000741
v2_prior_0000742,v2_pay_0003969,v2_benchmark_merchant,1941469,INR,succeeded,2010-09-10T12:13:31.926919456Z,2010-09-11T12:13:31.926919456Z,v2_prior_key_0000742
v2_prior_0000743,v2_pay_0003980,v2_benchmark_merchant,422865,INR,succeeded,2010-09-11T10:33:46.599115834Z,2010-09-12T10:33:46.599115834Z,v2_prior_key_0000743
v2_prior_0000744,v2_pay_0003981,v2_benchmark_merchant,794846,INR,succeeded,2010-09-11T13:25:01.438764483Z,2010-09-12T13:25:01.438764483Z,v2_prior_key_0000744
v2_prior_0000745,v2_pay_0003987,v2_benchmark_merchant,795102,INR,succeeded,2010-09-11T19:01:35.781080757Z,2010-09-12T19:01:35.781080757Z,v2_prior_key_0000745
v2_prior_0000746,v2_pay_0003990,v2_benchmark_merchant,325059,INR,succeeded,2010-09-12T02:53:16.491879688Z,2010-09-13T02:53:16.491879688Z,v2_prior_key_0000746
v2_prior_0000747,v2_pay_0004000,v2_benchmark_merchant,354599,INR,succeeded,2010-09-12T18:08:35.524626795Z,2010-09-13T18:08:35.524626795Z,v2_prior_key_0000747
v2_prior_0000748,v2_pay_0004003,v2_benchmark_merchant,443488,INR,succeeded,2010-09-12T22:25:39.250413469Z,2010-09-13T22:25:39.250413469Z,v2_prior_key_0000748
v2_prior_0000749,v2_pay_0004007,v2_benchmark_merchant,2298513,INR,succeeded,2010-09-13T01:32:45.835526835Z,2010-09-14T01:32:45.835526835Z,v2_prior_key_0000749
v2_prior_0000750,v2_pay_0004010,v2_benchmark_merchant,116331,INR,succeeded,2010-09-13T11:59:40.694544652Z,2010-09-14T11:59:40.694544652Z,v2_prior_key_0000750
v2_prior_0000751,v2_pay_0004013,v2_benchmark_merchant,119188,INR,succeeded,2010-09-13T19:02:16.379489936Z,2010-09-14T19:02:16.379489936Z,v2_prior_key_0000751
v2_prior_0000752,v2_pay_0004014,v2_benchmark_merchant,3369133,INR,succeeded,2010-09-13T21:26:46.265600346Z,2010-09-14T21:26:46.265600346Z,v2_prior_key_0000752
v2_prior_0000753,v2_pay_0004016,v2_benchmark_merchant,260352,INR,succeeded,2010-09-13T23:19:50.911254247Z,2010-09-14T23:19:50.911254247Z,v2_prior_key_0000753
v2_prior_0000754,v2_pay_0004017,v2_benchmark_merchant,33627,INR,succeeded,2010-09-14T01:30:21.706497494Z,2010-09-15T01:30:21.706497494Z,v2_prior_key_0000754
v2_prior_0000755,v2_pay_0004030,v2_benchmark_merchant,185990,INR,succeeded,2010-09-14T21:16:57.036485701Z,2010-09-15T21:16:57.036485701Z,v2_prior_key_0000755
v2_prior_0000756,v2_pay_0004031,v2_benchmark_merchant,1922994,INR,succeeded,2010-09-14T21:31:23.915274301Z,2010-09-15T21:31:23.915274301Z,v2_prior_key_0000756
v2_prior_0000757,v2_pay_0004032,v2_benchmark_merchant,257635,INR,succeeded,2010-09-14T21:44:56.706265996Z,2010-09-15T21:44:56.706265996Z,v2_prior_key_0000757
v2_prior_0000758,v2_pay_0004033,v2_benchmark_merchant,692297,INR,succeeded,2010-09-14T22:01:31.699286268Z,2010-09-15T22:01:31.699286268Z,v2_prior_key_0000758
v2_prior_0000759,v2_pay_0004036,v2_benchmark_merchant,45620,INR,succeeded,2010-09-15T00:51:53.735389065Z,2010-09-16T00:51:53.735389065Z,v2_prior_key_0000759
v2_prior_0000760,v2_pay_0004043,v2_benchmark_merchant,209806,INR,succeeded,2010-09-15T15:37:06.958044265Z,2010-09-16T15:37:06.958044265Z,v2_prior_key_0000760
v2_prior_0000761,v2_pay_0004048,v2_benchmark_merchant,591289,INR,succeeded,2010-09-15T20:10:51.071543899Z,2010-09-16T20:10:51.071543899Z,v2_prior_key_0000761
v2_prior_0000762,v2_pay_0004049,v2_benchmark_merchant,482111,INR,succeeded,2010-09-15T20:32:47.871043188Z,2010-09-16T20:32:47.871043188Z,v2_prior_key_0000762
v2_prior_0000763,v2_pay_0004051,v2_benchmark_merchant,4172878,INR,succeeded,2010-09-16T00:08:38.720008980Z,2010-09-17T00:08:38.720008980Z,v2_prior_key_0000763
v2_prior_0000764,v2_pay_0004061,v2_benchmark_merchant,1187013,INR,succeeded,2010-09-17T03:16:08.939064537Z,2010-09-18T03:16:08.939064537Z,v2_prior_key_0000764
v2_prior_0000765,v2_pay_0004070,v2_benchmark_merchant,367220,INR,succeeded,2010-09-17T15:46:25.519161595Z,2010-09-18T15:46:25.519161595Z,v2_prior_key_0000765
v2_prior_0000766,v2_pay_0004071,v2_benchmark_merchant,456580,INR,succeeded,2010-09-17T20:21:53.810810504Z,2010-09-18T20:21:53.810810504Z,v2_prior_key_0000766
v2_prior_0000767,v2_pay_0004072,v2_benchmark_merchant,12008,INR,succeeded,2010-09-17T20:28:22.765945644Z,2010-09-18T20:28:22.765945644Z,v2_prior_key_0000767
v2_prior_0000768,v2_pay_0004074,v2_benchmark_merchant,146676,INR,succeeded,2010-09-17T21:46:42.209218104Z,2010-09-18T21:46:42.209218104Z,v2_prior_key_0000768
v2_prior_0000769,v2_pay_0004079,v2_benchmark_merchant,194088,INR,succeeded,2010-09-18T00:36:51.880215777Z,2010-09-19T00:36:51.880215777Z,v2_prior_key_0000769
v2_prior_0000770,v2_pay_0004080,v2_benchmark_merchant,732482,INR,succeeded,2010-09-18T00:52:22.594488846Z,2010-09-19T00:52:22.594488846Z,v2_prior_key_0000770
v2_prior_0000771,v2_pay_0004083,v2_benchmark_merchant,451659,INR,succeeded,2010-09-18T04:51:01.172341788Z,2010-09-19T04:51:01.172341788Z,v2_prior_key_0000771
v2_prior_0000772,v2_pay_0004086,v2_benchmark_merchant,1046266,INR,succeeded,2010-09-18T09:55:06.344205820Z,2010-09-19T09:55:06.344205820Z,v2_prior_key_0000772
v2_prior_0000773,v2_pay_0004096,v2_benchmark_merchant,52435,INR,succeeded,2010-09-19T02:46:44.204685202Z,2010-09-20T02:46:44.204685202Z,v2_prior_key_0000773
v2_prior_0000774,v2_pay_0004100,v2_benchmark_merchant,975318,INR,succeeded,2010-09-19T07:23:29.583550182Z,2010-09-20T07:23:29.583550182Z,v2_prior_key_0000774
v2_prior_0000775,v2_pay_0004105,v2_benchmark_merchant,485403,INR,succeeded,2010-09-19T15:21:22.872367185Z,2010-09-20T15:21:22.872367185Z,v2_prior_key_0000775
v2_prior_0000776,v2_pay_0004106,v2_benchmark_merchant,326566,INR,succeeded,2010-09-19T16:48:31.507186518Z,2010-09-20T16:48:31.507186518Z,v2_prior_key_0000776
v2_prior_0000777,v2_pay_0004111,v2_benchmark_merchant,2021439,INR,succeeded,2010-09-20T04:42:35.140142054Z,2010-09-21T04:42:35.140142054Z,v2_prior_key_0000777
v2_prior_0000778,v2_pay_0004130,v2_benchmark_merchant,299080,INR,succeeded,2010-09-21T04:10:07.808900460Z,2010-09-22T04:10:07.808900460Z,v2_prior_key_0000778
v2_prior_0000779,v2_pay_0004132,v2_benchmark_merchant,41074,INR,succeeded,2010-09-21T08:41:14.347499641Z,2010-09-22T08:41:14.347499641Z,v2_prior_key_0000779
v2_prior_0000780,v2_pay_0004139,v2_benchmark_merchant,4814249,INR,succeeded,2010-09-21T14:37:43.660737237Z,2010-09-22T14:37:43.660737237Z,v2_prior_key_0000780
v2_prior_0000781,v2_pay_0004142,v2_benchmark_merchant,385309,INR,succeeded,2010-09-21T16:58:37.251836384Z,2010-09-22T16:58:37.251836384Z,v2_prior_key_0000781
v2_prior_0000782,v2_pay_0004149,v2_benchmark_merchant,1057790,INR,succeeded,2010-09-22T02:49:23.907581397Z,2010-09-23T02:49:23.907581397Z,v2_prior_key_0000782
v2_prior_0000783,v2_pay_0004156,v2_benchmark_merchant,452570,INR,succeeded,2010-09-22T22:11:14.988866031Z,2010-09-23T22:11:14.988866031Z,v2_prior_key_0000783
v2_prior_0000784,v2_pay_0004158,v2_benchmark_merchant,15782,INR,succeeded,2010-09-22T22:52:13.479564888Z,2010-09-23T22:52:13.479564888Z,v2_prior_key_0000784
v2_prior_0000785,v2_pay_0004159,v2_benchmark_merchant,187853,INR,succeeded,2010-09-22T23:38:01.172580230Z,2010-09-23T23:38:01.172580230Z,v2_prior_key_0000785
v2_prior_0000786,v2_pay_0004160,v2_benchmark_merchant,501931,INR,succeeded,2010-09-23T00:13:25.257420520Z,2010-09-24T00:13:25.257420520Z,v2_prior_key_0000786
v2_prior_0000787,v2_pay_0004175,v2_benchmark_merchant,522347,INR,succeeded,2010-09-23T18:05:11.460237746Z,2010-09-24T18:05:11.460237746Z,v2_prior_key_0000787
v2_prior_0000788,v2_pay_0004184,v2_benchmark_merchant,50504,INR,succeeded,2010-09-24T05:31:00.815328478Z,2010-09-25T05:31:00.815328478Z,v2_prior_key_0000788
v2_prior_0000789,v2_pay_0004194,v2_benchmark_merchant,7605,INR,succeeded,2010-09-24T15:09:23.669483817Z,2010-09-25T15:09:23.669483817Z,v2_prior_key_0000789
v2_prior_0000790,v2_pay_0004197,v2_benchmark_merchant,1855885,INR,succeeded,2010-09-25T02:37:27.940547814Z,2010-09-26T02:37:27.940547814Z,v2_prior_key_0000790
v2_prior_0000791,v2_pay_0004200,v2_benchmark_merchant,468981,INR,succeeded,2010-09-25T05:40:18.527370534Z,2010-09-26T05:40:18.527370534Z,v2_prior_key_0000791
v2_prior_0000792,v2_pay_0004204,v2_benchmark_merchant,174726,INR,succeeded,2010-09-25T10:49:16.516407602Z,2010-09-26T10:49:16.516407602Z,v2_prior_key_0000792
v2_prior_0000793,v2_pay_0004212,v2_benchmark_merchant,1367475,INR,succeeded,2010-09-25T19:20:05.946436040Z,2010-09-26T19:20:05.946436040Z,v2_prior_key_0000793
v2_prior_0000794,v2_pay_0004215,v2_benchmark_merchant,836776,INR,succeeded,2010-09-25T22:39:31.635766002Z,2010-09-26T22:39:31.635766002Z,v2_prior_key_0000794
v2_prior_0000795,v2_pay_0004219,v2_benchmark_merchant,238631,INR,succeeded,2010-09-26T02:23:35.876293509Z,2010-09-27T02:23:35.876293509Z,v2_prior_key_0000795
v2_prior_0000796,v2_pay_0004221,v2_benchmark_merchant,312712,INR,succeeded,2010-09-26T05:05:50.410442808Z,2010-09-27T05:05:50.410442808Z,v2_prior_key_0000796
v2_prior_0000797,v2_pay_0004226,v2_benchmark_merchant,215209,INR,succeeded,2010-09-26T16:15:43.327621561Z,2010-09-27T16:15:43.327621561Z,v2_prior_key_0000797
v2_prior_0000798,v2_pay_0004235,v2_benchmark_merchant,1289466,INR,succeeded,2010-09-27T00:19:59.744890298Z,2010-09-28T00:19:59.744890298Z,v2_prior_key_0000798
v2_prior_0000799,v2_pay_0004239,v2_benchmark_merchant,862071,INR,succeeded,2010-09-27T10:54:34.469318908Z,2010-09-28T10:54:34.469318908Z,v2_prior_key_0000799
v2_prior_0000800,v2_pay_0004245,v2_benchmark_merchant,912365,INR,succeeded,2010-09-27T15:22:52.176538272Z,2010-09-28T15:22:52.176538272Z,v2_prior_key_0000800
v2_prior_0000801,v2_pay_0004251,v2_benchmark_merchant,39407,INR,succeeded,2010-09-27T20:57:41.501680528Z,2010-09-28T20:57:41.501680528Z,v2_prior_key_0000801
v2_prior_0000802,v2_pay_0004257,v2_benchmark_merchant,199970,INR,succeeded,2010-09-28T10:08:36.377282180Z,2010-09-29T10:08:36.377282180Z,v2_prior_key_0000802
v2_prior_0000803,v2_pay_0004273,v2_benchmark_merchant,473864,INR,succeeded,2010-09-29T09:24:31.322212908Z,2010-09-30T09:24:31.322212908Z,v2_prior_key_0000803
v2_prior_0000804,v2_pay_0004279,v2_benchmark_merchant,273491,INR,succeeded,2010-09-29T20:22:02.004046377Z,2010-09-30T20:22:02.004046377Z,v2_prior_key_0000804
v2_prior_0000805,v2_pay_0004284,v2_benchmark_merchant,992138,INR,succeeded,2010-09-30T00:14:25.162311514Z,2010-10-01T00:14:25.162311514Z,v2_prior_key_0000805
v2_prior_0000806,v2_pay_0004287,v2_benchmark_merchant,338411,INR,succeeded,2010-09-30T06:32:10.847438517Z,2010-10-01T06:32:10.847438517Z,v2_prior_key_0000806
v2_prior_0000807,v2_pay_0004299,v2_benchmark_merchant,1889587,INR,succeeded,2010-09-30T16:43:06.191166024Z,2010-10-01T16:43:06.191166024Z,v2_prior_key_0000807
v2_prior_0000808,v2_pay_0004300,v2_benchmark_merchant,154757,INR,succeeded,2010-09-30T18:26:47.553600549Z,2010-10-01T18:26:47.553600549Z,v2_prior_key_0000808
v2_prior_0000809,v2_pay_0004319,v2_benchmark_merchant,2209521,INR,succeeded,2010-10-01T15:23:37.443228280Z,2010-10-02T15:23:37.443228280Z,v2_prior_key_0000809
v2_prior_0000810,v2_pay_0004320,v2_benchmark_merchant,917850,INR,succeeded,2010-10-01T16:39:49.578410815Z,2010-10-02T16:39:49.578410815Z,v2_prior_key_0000810
v2_prior_0000811,v2_pay_0004323,v2_benchmark_merchant,331786,INR,succeeded,2010-10-01T19:37:14.137911559Z,2010-10-02T19:37:14.137911559Z,v2_prior_key_0000811
v2_prior_0000812,v2_pay_0004329,v2_benchmark_merchant,4499949,INR,succeeded,2010-10-02T03:19:47.766573493Z,2010-10-03T03:19:47.766573493Z,v2_prior_key_0000812
v2_prior_0000813,v2_pay_0004330,v2_benchmark_merchant,208440,INR,succeeded,2010-10-02T03:35:14.899420467Z,2010-10-03T03:35:14.899420467Z,v2_prior_key_0000813
v2_prior_0000814,v2_pay_0004331,v2_benchmark_merchant,646980,INR,succeeded,2010-10-02T03:55:28.495007681Z,2010-10-03T03:55:28.495007681Z,v2_prior_key_0000814
v2_prior_0000815,v2_pay_0004335,v2_benchmark_merchant,159226,INR,succeeded,2010-10-02T07:05:22.157106153Z,2010-10-03T07:05:22.157106153Z,v2_prior_key_0000815
v2_prior_0000816,v2_pay_0004347,v2_benchmark_merchant,1144062,INR,succeeded,2010-10-02T22:31:53.663571261Z,2010-10-03T22:31:53.663571261Z,v2_prior_key_0000816
v2_prior_0000817,v2_pay_0004352,v2_benchmark_merchant,1320892,INR,succeeded,2010-10-03T08:27:37.319275455Z,2010-10-04T08:27:37.319275455Z,v2_prior_key_0000817
v2_prior_0000818,v2_pay_0004354,v2_benchmark_merchant,1075204,INR,succeeded,2010-10-03T08:52:16.633220578Z,2010-10-04T08:52:16.633220578Z,v2_prior_key_0000818
v2_prior_0000819,v2_pay_0004355,v2_benchmark_merchant,29579,INR,succeeded,2010-10-03T10:45:17.899658277Z,2010-10-04T10:45:17.899658277Z,v2_prior_key_0000819
v2_prior_0000820,v2_pay_0004356,v2_benchmark_merchant,154115,INR,succeeded,2010-10-03T10:50:37.838985126Z,2010-10-04T10:50:37.838985126Z,v2_prior_key_0000820
v2_prior_0000821,v2_pay_0004360,v2_benchmark_merchant,1867189,INR,succeeded,2010-10-03T15:40:10.583831365Z,2010-10-04T15:40:10.583831365Z,v2_prior_key_0000821
v2_prior_0000822,v2_pay_0004361,v2_benchmark_merchant,121266,INR,succeeded,2010-10-03T18:11:09.090724329Z,2010-10-04T18:11:09.090724329Z,v2_prior_key_0000822
v2_prior_0000823,v2_pay_0004362,v2_benchmark_merchant,1219394,INR,succeeded,2010-10-03T21:00:19.994332260Z,2010-10-04T21:00:19.994332260Z,v2_prior_key_0000823
v2_prior_0000824,v2_pay_0004378,v2_benchmark_merchant,540856,INR,succeeded,2010-10-04T17:40:45.127773962Z,2010-10-05T17:40:45.127773962Z,v2_prior_key_0000824
v2_prior_0000825,v2_pay_0004381,v2_benchmark_merchant,288618,INR,succeeded,2010-10-04T18:37:59.811369949Z,2010-10-05T18:37:59.811369949Z,v2_prior_key_0000825
v2_prior_0000826,v2_pay_0004383,v2_benchmark_merchant,481644,INR,succeeded,2010-10-04T23:39:34.305427315Z,2010-10-05T23:39:34.305427315Z,v2_prior_key_0000826
v2_prior_0000827,v2_pay_0004386,v2_benchmark_merchant,811715,INR,succeeded,2010-10-05T01:32:53.081976716Z,2010-10-06T01:32:53.081976716Z,v2_prior_key_0000827
v2_prior_0000828,v2_pay_0004396,v2_benchmark_merchant,50099,INR,succeeded,2010-10-05T14:02:13.047950758Z,2010-10-06T14:02:13.047950758Z,v2_prior_key_0000828
v2_prior_0000829,v2_pay_0004398,v2_benchmark_merchant,618253,INR,succeeded,2010-10-05T20:07:26.813449005Z,2010-10-06T20:07:26.813449005Z,v2_prior_key_0000829
v2_prior_0000830,v2_pay_0004406,v2_benchmark_merchant,531514,INR,succeeded,2010-10-06T02:36:00.626108214Z,2010-10-07T02:36:00.626108214Z,v2_prior_key_0000830
v2_prior_0000831,v2_pay_0004407,v2_benchmark_merchant,1214956,INR,succeeded,2010-10-06T03:16:59.382329820Z,2010-10-07T03:16:59.382329820Z,v2_prior_key_0000831
v2_prior_0000832,v2_pay_0004408,v2_benchmark_merchant,2554188,INR,succeeded,2010-10-06T08:02:00.838164588Z,2010-10-07T08:02:00.838164588Z,v2_prior_key_0000832
v2_prior_0000833,v2_pay_0004411,v2_benchmark_merchant,362957,INR,succeeded,2010-10-06T11:07:27.631121730Z,2010-10-07T11:07:27.631121730Z,v2_prior_key_0000833
v2_prior_0000834,v2_pay_0004415,v2_benchmark_merchant,1836634,INR,succeeded,2010-10-06T17:43:31.407584914Z,2010-10-07T17:43:31.407584914Z,v2_prior_key_0000834
v2_prior_0000835,v2_pay_0004417,v2_benchmark_merchant,6896,INR,succeeded,2010-10-06T19:06:59.947816132Z,2010-10-07T19:06:59.947816132Z,v2_prior_key_0000835
v2_prior_0000836,v2_pay_0004418,v2_benchmark_merchant,563010,INR,succeeded,2010-10-06T20:27:01.261430901Z,2010-10-07T20:27:01.261430901Z,v2_prior_key_0000836
v2_prior_0000837,v2_pay_0004422,v2_benchmark_merchant,21277,INR,succeeded,2010-10-06T23:58:43.904203396Z,2010-10-07T23:58:43.904203396Z,v2_prior_key_0000837
v2_prior_0000838,v2_pay_0004423,v2_benchmark_merchant,383225,INR,succeeded,2010-10-07T03:13:20.394199310Z,2010-10-08T03:13:20.394199310Z,v2_prior_key_0000838
v2_prior_0000839,v2_pay_0004424,v2_benchmark_merchant,3586832,INR,succeeded,2010-10-07T03:34:44.844842096Z,2010-10-08T03:34:44.844842096Z,v2_prior_key_0000839
v2_prior_0000840,v2_pay_0004429,v2_benchmark_merchant,1085486,INR,succeeded,2010-10-07T09:46:51.667331558Z,2010-10-08T09:46:51.667331558Z,v2_prior_key_0000840
v2_prior_0000841,v2_pay_0004430,v2_benchmark_merchant,1315409,INR,succeeded,2010-10-07T10:19:31.011399472Z,2010-10-08T10:19:31.011399472Z,v2_prior_key_0000841
v2_prior_0000842,v2_pay_0004431,v2_benchmark_merchant,607950,INR,succeeded,2010-10-07T10:30:46.222137338Z,2010-10-08T10:30:46.222137338Z,v2_prior_key_0000842
v2_prior_0000843,v2_pay_0004448,v2_benchmark_merchant,275149,INR,succeeded,2010-10-08T11:26:38.078537484Z,2010-10-09T11:26:38.078537484Z,v2_prior_key_0000843
v2_prior_0000844,v2_pay_0004453,v2_benchmark_merchant,360932,INR,succeeded,2010-10-08T16:33:25.877025211Z,2010-10-09T16:33:25.877025211Z,v2_prior_key_0000844
v2_prior_0000845,v2_pay_0004469,v2_benchmark_merchant,18247898,INR,succeeded,2010-10-09T08:05:40.704957472Z,2010-10-10T08:05:40.704957472Z,v2_prior_key_0000845
v2_prior_0000846,v2_pay_0004470,v2_benchmark_merchant,1200691,INR,succeeded,2010-10-09T10:51:01.100349057Z,2010-10-10T10:51:01.100349057Z,v2_prior_key_0000846
v2_prior_0000847,v2_pay_0004471,v2_benchmark_merchant,166284,INR,succeeded,2010-10-09T10:56:16.874650284Z,2010-10-10T10:56:16.874650284Z,v2_prior_key_0000847
v2_prior_0000848,v2_pay_0004475,v2_benchmark_merchant,242101,INR,succeeded,2010-10-09T16:40:20.151488767Z,2010-10-10T16:40:20.151488767Z,v2_prior_key_0000848
v2_prior_0000849,v2_pay_0004476,v2_benchmark_merchant,286027,INR,succeeded,2010-10-09T16:57:22.316800746Z,2010-10-10T16:57:22.316800746Z,v2_prior_key_0000849
v2_prior_0000850,v2_pay_0004495,v2_benchmark_merchant,1698581,INR,succeeded,2010-10-10T07:09:08.146524451Z,2010-10-11T07:09:08.146524451Z,v2_prior_key_0000850
v2_prior_0000851,v2_pay_0004499,v2_benchmark_merchant,1234752,INR,succeeded,2010-10-10T13:43:39.431530762Z,2010-10-11T13:43:39.431530762Z,v2_prior_key_0000851
v2_prior_0000852,v2_pay_0004500,v2_benchmark_merchant,508513,INR,succeeded,2010-10-10T16:02:22.938551029Z,2010-10-11T16:02:22.938551029Z,v2_prior_key_0000852
v2_prior_0000853,v2_pay_0004506,v2_benchmark_merchant,1708574,INR,succeeded,2010-10-10T22:16:02.368585203Z,2010-10-11T22:16:02.368585203Z,v2_prior_key_0000853
v2_prior_0000854,v2_pay_0004507,v2_benchmark_merchant,105984,INR,succeeded,2010-10-11T00:05:41.934302624Z,2010-10-12T00:05:41.934302624Z,v2_prior_key_0000854
v2_prior_0000855,v2_pay_0004519,v2_benchmark_merchant,1255865,INR,succeeded,2010-10-11T07:44:54.104779933Z,2010-10-12T07:44:54.104779933Z,v2_prior_key_0000855
v2_prior_0000856,v2_pay_0004522,v2_benchmark_merchant,1503414,INR,succeeded,2010-10-11T12:32:57.063343411Z,2010-10-12T12:32:57.063343411Z,v2_prior_key_0000856
v2_prior_0000857,v2_pay_0004526,v2_benchmark_merchant,1290441,INR,succeeded,2010-10-11T17:54:47.352869505Z,2010-10-12T17:54:47.352869505Z,v2_prior_key_0000857
v2_prior_0000858,v2_pay_0004539,v2_benchmark_merchant,55865,INR,succeeded,2010-10-12T04:03:47.309479764Z,2010-10-13T04:03:47.309479764Z,v2_prior_key_0000858
v2_prior_0000859,v2_pay_0004546,v2_benchmark_merchant,41062,INR,succeeded,2010-10-12T11:22:44.064913045Z,2010-10-13T11:22:44.064913045Z,v2_prior_key_0000859
v2_prior_0000860,v2_pay_0004550,v2_benchmark_merchant,1289834,INR,succeeded,2010-10-12T14:35:01.372978234Z,2010-10-13T14:35:01.372978234Z,v2_prior_key_0000860
v2_prior_0000861,v2_pay_0004557,v2_benchmark_merchant,788815,INR,succeeded,2010-10-12T20:12:19.246178263Z,2010-10-13T20:12:19.246178263Z,v2_prior_key_0000861
v2_prior_0000862,v2_pay_0004558,v2_benchmark_merchant,278533,INR,succeeded,2010-10-12T22:30:49.133700276Z,2010-10-13T22:30:49.133700276Z,v2_prior_key_0000862
v2_prior_0000863,v2_pay_0004561,v2_benchmark_merchant,1395022,INR,succeeded,2010-10-13T00:53:01.526275404Z,2010-10-14T00:53:01.526275404Z,v2_prior_key_0000863
v2_prior_0000864,v2_pay_0004568,v2_benchmark_merchant,146142,INR,succeeded,2010-10-13T06:19:11.387209890Z,2010-10-14T06:19:11.387209890Z,v2_prior_key_0000864
v2_prior_0000865,v2_pay_0004569,v2_benchmark_merchant,57612,INR,succeeded,2010-10-13T06:23:24.476028559Z,2010-10-14T06:23:24.476028559Z,v2_prior_key_0000865
v2_prior_0000866,v2_pay_0004572,v2_benchmark_merchant,408263,INR,succeeded,2010-10-13T08:06:12.913132981Z,2010-10-14T08:06:12.913132981Z,v2_prior_key_0000866
v2_prior_0000867,v2_pay_0004578,v2_benchmark_merchant,142001,INR,succeeded,2010-10-13T13:39:07.246964839Z,2010-10-14T13:39:07.246964839Z,v2_prior_key_0000867
v2_prior_0000868,v2_pay_0004582,v2_benchmark_merchant,714219,INR,succeeded,2010-10-13T19:23:38.607298359Z,2010-10-14T19:23:38.607298359Z,v2_prior_key_0000868
v2_prior_0000869,v2_pay_0004584,v2_benchmark_merchant,863503,INR,succeeded,2010-10-13T19:48:06.996611353Z,2010-10-14T19:48:06.996611353Z,v2_prior_key_0000869
v2_prior_0000870,v2_pay_0004586,v2_benchmark_merchant,909642,INR,succeeded,2010-10-13T22:09:11.942542599Z,2010-10-14T22:09:11.942542599Z,v2_prior_key_0000870
v2_prior_0000871,v2_pay_0004587,v2_benchmark_merchant,7277,INR,succeeded,2010-10-13T22:10:34.601105692Z,2010-10-14T22:10:34.601105692Z,v2_prior_key_0000871
v2_prior_0000872,v2_pay_0004592,v2_benchmark_merchant,5192398,INR,succeeded,2010-10-14T10:54:37.593365182Z,2010-10-15T10:54:37.593365182Z,v2_prior_key_0000872
v2_prior_0000873,v2_pay_0004595,v2_benchmark_merchant,257026,INR,succeeded,2010-10-14T12:20:46.214807899Z,2010-10-15T12:20:46.214807899Z,v2_prior_key_0000873
v2_prior_0000874,v2_pay_0004599,v2_benchmark_merchant,672856,INR,succeeded,2010-10-14T13:46:45.685981374Z,2010-10-15T13:46:45.685981374Z,v2_prior_key_0000874
v2_prior_0000875,v2_pay_0004601,v2_benchmark_merchant,600363,INR,succeeded,2010-10-14T14:01:58.826837052Z,2010-10-15T14:01:58.826837052Z,v2_prior_key_0000875
v2_prior_0000876,v2_pay_0004602,v2_benchmark_merchant,599377,INR,succeeded,2010-10-14T14:20:20.055580512Z,2010-10-15T14:20:20.055580512Z,v2_prior_key_0000876
v2_prior_0000877,v2_pay_0004612,v2_benchmark_merchant,597234,INR,succeeded,2010-10-15T02:20:33.059545630Z,2010-10-16T02:20:33.059545630Z,v2_prior_key_0000877
v2_prior_0000878,v2_pay_0004622,v2_benchmark_merchant,543827,INR,succeeded,2010-10-15T12:39:44.217662622Z,2010-10-16T12:39:44.217662622Z,v2_prior_key_0000878
v2_prior_0000879,v2_pay_0004626,v2_benchmark_merchant,1495325,INR,succeeded,2010-10-15T12:54:57.778186365Z,2010-10-16T12:54:57.778186365Z,v2_prior_key_0000879
v2_prior_0000880,v2_pay_0004627,v2_benchmark_merchant,1416214,INR,succeeded,2010-10-15T14:48:05.424800121Z,2010-10-16T14:48:05.424800121Z,v2_prior_key_0000880
v2_prior_0000881,v2_pay_0004631,v2_benchmark_merchant,1572332,INR,succeeded,2010-10-15T18:00:25.533055045Z,2010-10-16T18:00:25.533055045Z,v2_prior_key_0000881
v2_prior_0000882,v2_pay_0004634,v2_benchmark_merchant,13624152,INR,succeeded,2010-10-15T18:50:01.291133961Z,2010-10-16T18:50:01.291133961Z,v2_prior_key_0000882
v2_prior_0000883,v2_pay_0004638,v2_benchmark_merchant,535401,INR,succeeded,2010-10-15T22:08:07.955041905Z,2010-10-16T22:08:07.955041905Z,v2_prior_key_0000883
v2_prior_0000884,v2_pay_0004640,v2_benchmark_merchant,213932,INR,succeeded,2010-10-15T22:43:44.698425314Z,2010-10-16T22:43:44.698425314Z,v2_prior_key_0000884
v2_prior_0000885,v2_pay_0004647,v2_benchmark_merchant,10131116,INR,succeeded,2010-10-16T04:49:21.095394542Z,2010-10-17T04:49:21.095394542Z,v2_prior_key_0000885
v2_prior_0000886,v2_pay_0004648,v2_benchmark_merchant,582878,INR,succeeded,2010-10-16T05:12:04.041714393Z,2010-10-17T05:12:04.041714393Z,v2_prior_key_0000886
v2_prior_0000887,v2_pay_0004650,v2_benchmark_merchant,355339,INR,succeeded,2010-10-16T05:59:03.600415414Z,2010-10-17T05:59:03.600415414Z,v2_prior_key_0000887
v2_prior_0000888,v2_pay_0004662,v2_benchmark_merchant,186595,INR,succeeded,2010-10-16T17:37:38.483965159Z,2010-10-17T17:37:38.483965159Z,v2_prior_key_0000888
v2_prior_0000889,v2_pay_0004663,v2_benchmark_merchant,264128,INR,succeeded,2010-10-16T17:39:48.320509396Z,2010-10-17T17:39:48.320509396Z,v2_prior_key_0000889
v2_prior_0000890,v2_pay_0004669,v2_benchmark_merchant,299399,INR,succeeded,2010-10-17T01:24:20.209696180Z,2010-10-18T01:24:20.209696180Z,v2_prior_key_0000890
v2_prior_0000891,v2_pay_0004676,v2_benchmark_merchant,57521,INR,succeeded,2010-10-17T09:00:08.960729432Z,2010-10-18T09:00:08.960729432Z,v2_prior_key_0000891
v2_prior_0000892,v2_pay_0004680,v2_benchmark_merchant,491885,INR,succeeded,2010-10-17T12:11:57.769448382Z,2010-10-18T12:11:57.769448382Z,v2_prior_key_0000892
v2_prior_0000893,v2_pay_0004681,v2_benchmark_merchant,8681,INR,succeeded,2010-10-17T12:20:06.209997206Z,2010-10-18T12:20:06.209997206Z,v2_prior_key_0000893
v2_prior_0000894,v2_pay_0004688,v2_benchmark_merchant,1474665,INR,succeeded,2010-10-17T15:22:02.363701621Z,2010-10-18T15:22:02.363701621Z,v2_prior_key_0000894
v2_prior_0000895,v2_pay_0004691,v2_benchmark_merchant,240940,INR,succeeded,2010-10-17T23:54:15.606570722Z,2010-10-18T23:54:15.606570722Z,v2_prior_key_0000895
v2_prior_0000896,v2_pay_0004695,v2_benchmark_merchant,359417,INR,succeeded,2010-10-18T04:44:55.843956740Z,2010-10-19T04:44:55.843956740Z,v2_prior_key_0000896
v2_prior_0000897,v2_pay_0004697,v2_benchmark_merchant,279877,INR,succeeded,2010-10-18T05:32:28.342158368Z,2010-10-19T05:32:28.342158368Z,v2_prior_key_0000897
v2_prior_0000898,v2_pay_0004699,v2_benchmark_merchant,234296,INR,succeeded,2010-10-18T06:52:32.530654737Z,2010-10-19T06:52:32.530654737Z,v2_prior_key_0000898
v2_prior_0000899,v2_pay_0004700,v2_benchmark_merchant,218499,INR,succeeded,2010-10-18T07:07:00.134640625Z,2010-10-19T07:07:00.134640625Z,v2_prior_key_0000899
v2_prior_0000900,v2_pay_0004702,v2_benchmark_merchant,339469,INR,succeeded,2010-10-18T09:05:57.589533472Z,2010-10-19T09:05:57.589533472Z,v2_prior_key_0000900
v2_prior_0000901,v2_pay_0004703,v2_benchmark_merchant,240074,INR,succeeded,2010-10-18T09:24:05.408660276Z,2010-10-19T09:24:05.408660276Z,v2_prior_key_0000901
v2_prior_0000902,v2_pay_0004705,v2_benchmark_merchant,537001,INR,succeeded,2010-10-18T10:56:32.255269244Z,2010-10-19T10:56:32.255269244Z,v2_prior_key_0000902
v2_prior_0000903,v2_pay_0004725,v2_benchmark_merchant,561876,INR,succeeded,2010-10-19T05:56:25.173745381Z,2010-10-20T05:56:25.173745381Z,v2_prior_key_0000903
v2_prior_0000904,v2_pay_0004731,v2_benchmark_merchant,715152,INR,succeeded,2010-10-19T08:10:25.741572037Z,2010-10-20T08:10:25.741572037Z,v2_prior_key_0000904
v2_prior_0000905,v2_pay_0004738,v2_benchmark_merchant,1347294,INR,succeeded,2010-10-19T16:44:57.023778624Z,2010-10-20T16:44:57.023778624Z,v2_prior_key_0000905
v2_prior_0000906,v2_pay_0004740,v2_benchmark_merchant,760583,INR,succeeded,2010-10-19T18:12:38.166811680Z,2010-10-20T18:12:38.166811680Z,v2_prior_key_0000906
v2_prior_0000907,v2_pay_0004745,v2_benchmark_merchant,1029550,INR,succeeded,2010-10-19T19:49:00.820597700Z,2010-10-20T19:49:00.820597700Z,v2_prior_key_0000907
v2_prior_0000908,v2_pay_0004749,v2_benchmark_merchant,699585,INR,succeeded,2010-10-19T21:17:08.073358387Z,2010-10-20T21:17:08.073358387Z,v2_prior_key_0000908
v2_prior_0000909,v2_pay_0004750,v2_benchmark_merchant,905011,INR,succeeded,2010-10-19T21:23:17.057555292Z,2010-10-20T21:23:17.057555292Z,v2_prior_key_0000909
v2_prior_0000910,v2_pay_0004755,v2_benchmark_merchant,44904779,INR,succeeded,2010-10-20T01:29:09.959585874Z,2010-10-21T01:29:09.959585874Z,v2_prior_key_0000910
v2_prior_0000911,v2_pay_0004759,v2_benchmark_merchant,3148602,INR,succeeded,2010-10-20T05:00:34.629670192Z,2010-10-21T05:00:34.629670192Z,v2_prior_key_0000911
v2_prior_0000912,v2_pay_0004761,v2_benchmark_merchant,3461275,INR,succeeded,2010-10-20T06:56:38.938490992Z,2010-10-21T06:56:38.938490992Z,v2_prior_key_0000912
v2_prior_0000913,v2_pay_0004765,v2_benchmark_merchant,246298,INR,succeeded,2010-10-20T11:27:42.532969897Z,2010-10-21T11:27:42.532969897Z,v2_prior_key_0000913
v2_prior_0000914,v2_pay_0004766,v2_benchmark_merchant,142251,INR,succeeded,2010-10-20T12:23:56.837777130Z,2010-10-21T12:23:56.837777130Z,v2_prior_key_0000914
v2_prior_0000915,v2_pay_0004779,v2_benchmark_merchant,5253,INR,succeeded,2010-10-21T06:32:35.701999525Z,2010-10-22T06:32:35.701999525Z,v2_prior_key_0000915
v2_prior_0000916,v2_pay_0004780,v2_benchmark_merchant,274438,INR,succeeded,2010-10-21T07:24:47.720731432Z,2010-10-22T07:24:47.720731432Z,v2_prior_key_0000916
v2_prior_0000917,v2_pay_0004781,v2_benchmark_merchant,1004329,INR,succeeded,2010-10-21T07:41:43.037158801Z,2010-10-22T07:41:43.037158801Z,v2_prior_key_0000917
v2_prior_0000918,v2_pay_0004784,v2_benchmark_merchant,285282,INR,succeeded,2010-10-21T10:52:39.040839513Z,2010-10-22T10:52:39.040839513Z,v2_prior_key_0000918
v2_prior_0000919,v2_pay_0004793,v2_benchmark_merchant,66914,INR,succeeded,2010-10-21T16:59:45.380109241Z,2010-10-22T16:59:45.380109241Z,v2_prior_key_0000919
v2_prior_0000920,v2_pay_0004796,v2_benchmark_merchant,118063,INR,succeeded,2010-10-21T18:35:26.357488542Z,2010-10-22T18:35:26.357488542Z,v2_prior_key_0000920
v2_prior_0000921,v2_pay_0004825,v2_benchmark_merchant,1929347,INR,succeeded,2010-10-23T12:45:53.139980131Z,2010-10-24T12:45:53.139980131Z,v2_prior_key_0000921
v2_prior_0000922,v2_pay_0004826,v2_benchmark_merchant,841697,INR,succeeded,2010-10-23T13:05:15.351181492Z,2010-10-24T13:05:15.351181492Z,v2_prior_key_0000922
v2_prior_0000923,v2_pay_0004838,v2_benchmark_merchant,962260,INR,succeeded,2010-10-24T00:51:13.751767944Z,2010-10-25T00:51:13.751767944Z,v2_prior_key_0000923
v2_prior_0000924,v2_pay_0004840,v2_benchmark_merchant,574007,INR,succeeded,2010-10-24T09:40:03.387253377Z,2010-10-25T09:40:03.387253377Z,v2_prior_key_0000924
v2_prior_0000925,v2_pay_0004841,v2_benchmark_merchant,913328,INR,succeeded,2010-10-24T12:41:42.146542945Z,2010-10-25T12:41:42.146542945Z,v2_prior_key_0000925
v2_prior_0000926,v2_pay_0004844,v2_benchmark_merchant,567285,INR,succeeded,2010-10-24T14:47:01.936754026Z,2010-10-25T14:47:01.936754026Z,v2_prior_key_0000926
v2_prior_0000927,v2_pay_0004845,v2_benchmark_merchant,676930,INR,succeeded,2010-10-24T15:25:05.476531938Z,2010-10-25T15:25:05.476531938Z,v2_prior_key_0000927
v2_prior_0000928,v2_pay_0004855,v2_benchmark_merchant,1458292,INR,succeeded,2010-10-25T00:59:35.952559730Z,2010-10-26T00:59:35.952559730Z,v2_prior_key_0000928
v2_prior_0000929,v2_pay_0004858,v2_benchmark_merchant,966622,INR,succeeded,2010-10-25T08:07:45.951093406Z,2010-10-26T08:07:45.951093406Z,v2_prior_key_0000929
v2_prior_0000930,v2_pay_0004863,v2_benchmark_merchant,1694349,INR,succeeded,2010-10-25T10:43:34.969297911Z,2010-10-26T10:43:34.969297911Z,v2_prior_key_0000930
v2_prior_0000931,v2_pay_0004873,v2_benchmark_merchant,454698,INR,succeeded,2010-10-26T04:18:17.063430441Z,2010-10-27T04:18:17.063430441Z,v2_prior_key_0000931
v2_prior_0000932,v2_pay_0004876,v2_benchmark_merchant,544548,INR,succeeded,2010-10-26T06:16:26.113718407Z,2010-10-27T06:16:26.113718407Z,v2_prior_key_0000932
v2_prior_0000933,v2_pay_0004887,v2_benchmark_merchant,792475,INR,succeeded,2010-10-26T21:58:09.116495504Z,2010-10-27T21:58:09.116495504Z,v2_prior_key_0000933
v2_prior_0000934,v2_pay_0004909,v2_benchmark_merchant,227666,INR,succeeded,2010-10-27T16:39:58.537920531Z,2010-10-28T16:39:58.537920531Z,v2_prior_key_0000934
v2_prior_0000935,v2_pay_0004921,v2_benchmark_merchant,596937,INR,succeeded,2010-10-27T23:34:51.127909333Z,2010-10-28T23:34:51.127909333Z,v2_prior_key_0000935
v2_prior_0000936,v2_pay_0004928,v2_benchmark_merchant,2264212,INR,succeeded,2010-10-28T04:10:59.531110414Z,2010-10-29T04:10:59.531110414Z,v2_prior_key_0000936
v2_prior_0000937,v2_pay_0004929,v2_benchmark_merchant,808572,INR,succeeded,2010-10-28T04:53:01.928535775Z,2010-10-29T04:53:01.928535775Z,v2_prior_key_0000937
v2_prior_0000938,v2_pay_0004931,v2_benchmark_merchant,26669,INR,succeeded,2010-10-28T08:23:48.403623570Z,2010-10-29T08:23:48.403623570Z,v2_prior_key_0000938
v2_prior_0000939,v2_pay_0004937,v2_benchmark_merchant,30354,INR,succeeded,2010-10-28T17:04:23.994119647Z,2010-10-29T17:04:23.994119647Z,v2_prior_key_0000939
v2_prior_0000940,v2_pay_0004946,v2_benchmark_merchant,5044203,INR,succeeded,2010-10-28T22:10:53.149529216Z,2010-10-29T22:10:53.149529216Z,v2_prior_key_0000940
v2_prior_0000941,v2_pay_0004955,v2_benchmark_merchant,117037,INR,succeeded,2010-10-29T02:38:08.655572673Z,2010-10-30T02:38:08.655572673Z,v2_prior_key_0000941
v2_prior_0000942,v2_pay_0004957,v2_benchmark_merchant,2933844,INR,succeeded,2010-10-29T04:07:36.210401055Z,2010-10-30T04:07:36.210401055Z,v2_prior_key_0000942
v2_prior_0000943,v2_pay_0004978,v2_benchmark_merchant,1005643,INR,succeeded,2010-10-30T06:29:19.709767555Z,2010-10-31T06:29:19.709767555Z,v2_prior_key_0000943
v2_prior_0000944,v2_pay_0004981,v2_benchmark_merchant,1545211,INR,succeeded,2010-10-30T13:55:58.835662766Z,2010-10-31T13:55:58.835662766Z,v2_prior_key_0000944
v2_prior_0000945,v2_pay_0004990,v2_benchmark_merchant,61205,INR,succeeded,2010-10-30T19:35:15.504931290Z,2010-10-31T19:35:15.504931290Z,v2_prior_key_0000945
v2_prior_0000946,v2_pay_0004993,v2_benchmark_merchant,380066,INR,succeeded,2010-10-30T21:54:49.946325661Z,2010-10-31T21:54:49.946325661Z,v2_prior_key_0000946
v2_prior_0000947,v2_pay_0004995,v2_benchmark_merchant,735718,INR,succeeded,2010-10-31T01:29:17.567175278Z,2010-11-01T01:29:17.567175278Z,v2_prior_key_0000947
v2_prior_0000948,v2_pay_0005002,v2_benchmark_merchant,544715,INR,succeeded,2010-10-31T12:02:48.263886859Z,2010-11-01T12:02:48.263886859Z,v2_prior_key_0000948
v2_prior_0000949,v2_pay_0005013,v2_benchmark_merchant,2767939,INR,succeeded,2010-11-01T03:39:35.215987923Z,2010-11-02T03:39:35.215987923Z,v2_prior_key_0000949
v2_prior_0000950,v2_pay_0005017,v2_benchmark_merchant,85147,INR,succeeded,2010-11-01T06:40:23.132000016Z,2010-11-02T06:40:23.132000016Z,v2_prior_key_0000950
v2_prior_0000951,v2_pay_0005029,v2_benchmark_merchant,254820,INR,succeeded,2010-11-01T17:42:22.015443535Z,2010-11-02T17:42:22.015443535Z,v2_prior_key_0000951
v2_prior_0000952,v2_pay_0005045,v2_benchmark_merchant,1888320,INR,succeeded,2010-11-02T17:21:58.630381075Z,2010-11-03T17:21:58.630381075Z,v2_prior_key_0000952
v2_prior_0000953,v2_pay_0005048,v2_benchmark_merchant,158509,INR,succeeded,2010-11-02T18:49:01.159585285Z,2010-11-03T18:49:01.159585285Z,v2_prior_key_0000953
v2_prior_0000954,v2_pay_0005051,v2_benchmark_merchant,1478846,INR,succeeded,2010-11-03T01:52:59.673123367Z,2010-11-04T01:52:59.673123367Z,v2_prior_key_0000954
v2_prior_0000955,v2_pay_0005053,v2_benchmark_merchant,459875,INR,succeeded,2010-11-03T02:01:38.106722923Z,2010-11-04T02:01:38.106722923Z,v2_prior_key_0000955
v2_prior_0000956,v2_pay_0005058,v2_benchmark_merchant,1823990,INR,succeeded,2010-11-03T04:38:03.829704115Z,2010-11-04T04:38:03.829704115Z,v2_prior_key_0000956
v2_prior_0000957,v2_pay_0005063,v2_benchmark_merchant,53221,INR,succeeded,2010-11-03T09:00:34.139296014Z,2010-11-04T09:00:34.139296014Z,v2_prior_key_0000957
v2_prior_0000958,v2_pay_0005064,v2_benchmark_merchant,28555,INR,succeeded,2010-11-03T09:11:00.907828237Z,2010-11-04T09:11:00.907828237Z,v2_prior_key_0000958
v2_prior_0000959,v2_pay_0005066,v2_benchmark_merchant,2031273,INR,succeeded,2010-11-03T10:18:52.420495220Z,2010-11-04T10:18:52.420495220Z,v2_prior_key_0000959
v2_prior_0000960,v2_pay_0005081,v2_benchmark_merchant,2967938,INR,succeeded,2010-11-04T03:35:43.909376960Z,2010-11-05T03:35:43.909376960Z,v2_prior_key_0000960
v2_prior_0000961,v2_pay_0005085,v2_benchmark_merchant,1586293,INR,succeeded,2010-11-04T07:34:11.499515773Z,2010-11-05T07:34:11.499515773Z,v2_prior_key_0000961
v2_prior_0000962,v2_pay_0005100,v2_benchmark_merchant,177109,INR,succeeded,2010-11-04T20:27:20.187451929Z,2010-11-05T20:27:20.187451929Z,v2_prior_key_0000962
v2_prior_0000963,v2_pay_0005101,v2_benchmark_merchant,1951102,INR,succeeded,2010-11-04T22:20:01.451013447Z,2010-11-05T22:20:01.451013447Z,v2_prior_key_0000963
v2_prior_0000964,v2_pay_0005106,v2_benchmark_merchant,907094,INR,succeeded,2010-11-05T03:13:47.917198207Z,2010-11-06T03:13:47.917198207Z,v2_prior_key_0000964
v2_prior_0000965,v2_pay_0005107,v2_benchmark_merchant,1276339,INR,succeeded,2010-11-05T04:33:54.981108823Z,2010-11-06T04:33:54.981108823Z,v2_prior_key_0000965
v2_prior_0000966,v2_pay_0005117,v2_benchmark_merchant,431697,INR,succeeded,2010-11-05T17:28:50.617461517Z,2010-11-06T17:28:50.617461517Z,v2_prior_key_0000966
v2_prior_0000967,v2_pay_0005126,v2_benchmark_merchant,903529,INR,succeeded,2010-11-05T23:17:23.955098848Z,2010-11-06T23:17:23.955098848Z,v2_prior_key_0000967
v2_prior_0000968,v2_pay_0005127,v2_benchmark_merchant,554366,INR,succeeded,2010-11-05T23:39:48.340610620Z,2010-11-06T23:39:48.340610620Z,v2_prior_key_0000968
v2_prior_0000969,v2_pay_0005133,v2_benchmark_merchant,173984,INR,succeeded,2010-11-06T05:08:45.046293802Z,2010-11-07T05:08:45.046293802Z,v2_prior_key_0000969
v2_prior_0000970,v2_pay_0005140,v2_benchmark_merchant,150517,INR,succeeded,2010-11-06T11:31:13.080709530Z,2010-11-07T11:31:13.080709530Z,v2_prior_key_0000970
v2_prior_0000971,v2_pay_0005144,v2_benchmark_merchant,1590312,INR,succeeded,2010-11-06T13:34:19.710731133Z,2010-11-07T13:34:19.710731133Z,v2_prior_key_0000971
v2_prior_0000972,v2_pay_0005155,v2_benchmark_merchant,213700,INR,succeeded,2010-11-07T00:21:30.259501273Z,2010-11-08T00:21:30.259501273Z,v2_prior_key_0000972
v2_prior_0000973,v2_pay_0005166,v2_benchmark_merchant,871274,INR,succeeded,2010-11-07T11:15:21.970573431Z,2010-11-08T11:15:21.970573431Z,v2_prior_key_0000973
v2_prior_0000974,v2_pay_0005168,v2_benchmark_merchant,417448,INR,succeeded,2010-11-07T13:41:52.862650962Z,2010-11-08T13:41:52.862650962Z,v2_prior_key_0000974
v2_prior_0000975,v2_pay_0005173,v2_benchmark_merchant,2952291,INR,succeeded,2010-11-07T18:49:12.589049001Z,2010-11-08T18:49:12.589049001Z,v2_prior_key_0000975
v2_prior_0000976,v2_pay_0005174,v2_benchmark_merchant,199194,INR,succeeded,2010-11-07T18:51:01.059064057Z,2010-11-08T18:51:01.059064057Z,v2_prior_key_0000976
v2_prior_0000977,v2_pay_0005175,v2_benchmark_merchant,788198,INR,succeeded,2010-11-07T19:40:45.760983177Z,2010-11-08T19:40:45.760983177Z,v2_prior_key_0000977
v2_prior_0000978,v2_pay_0005177,v2_benchmark_merchant,1510583,INR,succeeded,2010-11-07T19:51:50.956434621Z,2010-11-08T19:51:50.956434621Z,v2_prior_key_0000978
v2_prior_0000979,v2_pay_0005185,v2_benchmark_merchant,992900,INR,succeeded,2010-11-08T00:47:31.444391802Z,2010-11-09T00:47:31.444391802Z,v2_prior_key_0000979
v2_prior_0000980,v2_pay_0005194,v2_benchmark_merchant,749942,INR,succeeded,2010-11-08T11:31:07.299507058Z,2010-11-09T11:31:07.299507058Z,v2_prior_key_0000980
v2_prior_0000981,v2_pay_0005199,v2_benchmark_merchant,3736088,INR,succeeded,2010-11-08T15:12:20.743019253Z,2010-11-09T15:12:20.743019253Z,v2_prior_key_0000981
v2_prior_0000982,v2_pay_0005209,v2_benchmark_merchant,615591,INR,succeeded,2010-11-09T05:18:30.825895395Z,2010-11-10T05:18:30.825895395Z,v2_prior_key_0000982
v2_prior_0000983,v2_pay_0005217,v2_benchmark_merchant,2150673,INR,succeeded,2010-11-09T15:07:50.158193127Z,2010-11-10T15:07:50.158193127Z,v2_prior_key_0000983
v2_prior_0000984,v2_pay_0005241,v2_benchmark_merchant,1447962,INR,succeeded,2010-11-11T06:54:03.782031916Z,2010-11-12T06:54:03.782031916Z,v2_prior_key_0000984
v2_prior_0000985,v2_pay_0005242,v2_benchmark_merchant,69709,INR,succeeded,2010-11-11T08:46:22.992716446Z,2010-11-12T08:46:22.992716446Z,v2_prior_key_0000985
v2_prior_0000986,v2_pay_0005243,v2_benchmark_merchant,529688,INR,succeeded,2010-11-11T08:54:30.065689116Z,2010-11-12T08:54:30.065689116Z,v2_prior_key_0000986
v2_prior_0000987,v2_pay_0005249,v2_benchmark_merchant,1324465,INR,succeeded,2010-11-11T18:11:36.245408848Z,2010-11-12T18:11:36.245408848Z,v2_prior_key_0000987
v2_prior_0000988,v2_pay_0005250,v2_benchmark_merchant,325751,INR,succeeded,2010-11-11T18:50:58.780549550Z,2010-11-12T18:50:58.780549550Z,v2_prior_key_0000988
v2_prior_0000989,v2_pay_0005253,v2_benchmark_merchant,3786136,INR,succeeded,2010-11-11T21:45:23.763725266Z,2010-11-12T21:45:23.763725266Z,v2_prior_key_0000989
v2_prior_0000990,v2_pay_0005264,v2_benchmark_merchant,156577,INR,succeeded,2010-11-12T05:05:57.195469915Z,2010-11-13T05:05:57.195469915Z,v2_prior_key_0000990
v2_prior_0000991,v2_pay_0005267,v2_benchmark_merchant,948454,INR,succeeded,2010-11-12T10:26:02.804098288Z,2010-11-13T10:26:02.804098288Z,v2_prior_key_0000991
v2_prior_0000992,v2_pay_0005287,v2_benchmark_merchant,11727,INR,succeeded,2010-11-13T05:59:24.891618474Z,2010-11-14T05:59:24.891618474Z,v2_prior_key_0000992
v2_prior_0000993,v2_pay_0005302,v2_benchmark_merchant,1712510,INR,succeeded,2010-11-13T21:23:45.471934491Z,2010-11-14T21:23:45.471934491Z,v2_prior_key_0000993
v2_prior_0000994,v2_pay_0005309,v2_benchmark_merchant,164331,INR,succeeded,2010-11-14T02:12:41.392855533Z,2010-11-15T02:12:41.392855533Z,v2_prior_key_0000994
v2_prior_0000995,v2_pay_0005314,v2_benchmark_merchant,279096,INR,succeeded,2010-11-14T05:42:13.139316517Z,2010-11-15T05:42:13.139316517Z,v2_prior_key_0000995
v2_prior_0000996,v2_pay_0005315,v2_benchmark_merchant,1006834,INR,succeeded,2010-11-14T07:28:18.575431755Z,2010-11-15T07:28:18.575431755Z,v2_prior_key_0000996
v2_prior_0000997,v2_pay_0005317,v2_benchmark_merchant,263571,INR,succeeded,2010-11-14T10:30:02.488164795Z,2010-11-15T10:30:02.488164795Z,v2_prior_key_0000997
v2_prior_0000998,v2_pay_0005327,v2_benchmark_merchant,839684,INR,succeeded,2010-11-14T22:12:35.088735529Z,2010-11-15T22:12:35.088735529Z,v2_prior_key_0000998
v2_prior_0000999,v2_pay_0005331,v2_benchmark_merchant,371712,INR,succeeded,2010-11-14T23:01:41.370298909Z,2010-11-15T23:01:41.370298909Z,v2_prior_key_0000999
v2_prior_0001000,v2_pay_0005332,v2_benchmark_merchant,687762,INR,succeeded,2010-11-15T04:09:49.407144679Z,2010-11-16T04:09:49.407144679Z,v2_prior_key_0001000
v2_prior_0001001,v2_pay_0005333,v2_benchmark_merchant,2222026,INR,succeeded,2010-11-15T06:17:01.808553382Z,2010-11-16T06:17:01.808553382Z,v2_prior_key_0001001
v2_prior_0001002,v2_pay_0005336,v2_benchmark_merchant,594454,INR,succeeded,2010-11-15T08:37:43.643307279Z,2010-11-16T08:37:43.643307279Z,v2_prior_key_0001002
v2_prior_0001003,v2_pay_0005345,v2_benchmark_merchant,896333,INR,succeeded,2010-11-15T18:23:30.331956270Z,2010-11-16T18:23:30.331956270Z,v2_prior_key_0001003
v2_prior_0001004,v2_pay_0005355,v2_benchmark_merchant,13400,INR,succeeded,2010-11-16T05:23:18.625251507Z,2010-11-17T05:23:18.625251507Z,v2_prior_key_0001004
v2_prior_0001005,v2_pay_0005360,v2_benchmark_merchant,196244,INR,succeeded,2010-11-16T08:52:46.516147429Z,2010-11-17T08:52:46.516147429Z,v2_prior_key_0001005
v2_prior_0001006,v2_pay_0005361,v2_benchmark_merchant,1418897,INR,succeeded,2010-11-16T10:29:25.196005105Z,2010-11-17T10:29:25.196005105Z,v2_prior_key_0001006
v2_prior_0001007,v2_pay_0005362,v2_benchmark_merchant,657881,INR,succeeded,2010-11-16T11:27:01.071967336Z,2010-11-17T11:27:01.071967336Z,v2_prior_key_0001007
v2_prior_0001008,v2_pay_0005367,v2_benchmark_merchant,6783552,INR,succeeded,2010-11-16T17:50:07.580813547Z,2010-11-17T17:50:07.580813547Z,v2_prior_key_0001008
v2_prior_0001009,v2_pay_0005372,v2_benchmark_merchant,271988,INR,succeeded,2010-11-16T22:09:28.292436223Z,2010-11-17T22:09:28.292436223Z,v2_prior_key_0001009
v2_prior_0001010,v2_pay_0005385,v2_benchmark_merchant,72300,INR,succeeded,2010-11-17T07:06:15.321647182Z,2010-11-18T07:06:15.321647182Z,v2_prior_key_0001010
v2_prior_0001011,v2_pay_0005390,v2_benchmark_merchant,1415256,INR,succeeded,2010-11-17T12:04:42.352141090Z,2010-11-18T12:04:42.352141090Z,v2_prior_key_0001011
v2_prior_0001012,v2_pay_0005394,v2_benchmark_merchant,118096,INR,succeeded,2010-11-17T14:49:13.751543320Z,2010-11-18T14:49:13.751543320Z,v2_prior_key_0001012
v2_prior_0001013,v2_pay_0005396,v2_benchmark_merchant,1471862,INR,succeeded,2010-11-17T17:56:45.126595522Z,2010-11-18T17:56:45.126595522Z,v2_prior_key_0001013
v2_prior_0001014,v2_pay_0005405,v2_benchmark_merchant,292139,INR,succeeded,2010-11-18T03:17:50.684261872Z,2010-11-19T03:17:50.684261872Z,v2_prior_key_0001014
v2_prior_0001015,v2_pay_0005406,v2_benchmark_merchant,213554,INR,succeeded,2010-11-18T03:27:26.216034676Z,2010-11-19T03:27:26.216034676Z,v2_prior_key_0001015
v2_prior_0001016,v2_pay_0005415,v2_benchmark_merchant,266210,INR,succeeded,2010-11-18T10:51:04.245398338Z,2010-11-19T10:51:04.245398338Z,v2_prior_key_0001016
v2_prior_0001017,v2_pay_0005419,v2_benchmark_merchant,253998,INR,succeeded,2010-11-18T16:27:28.929192806Z,2010-11-19T16:27:28.929192806Z,v2_prior_key_0001017
v2_prior_0001018,v2_pay_0005422,v2_benchmark_merchant,1037607,INR,succeeded,2010-11-18T19:31:17.247685472Z,2010-11-19T19:31:17.247685472Z,v2_prior_key_0001018
v2_prior_0001019,v2_pay_0005432,v2_benchmark_merchant,3914991,INR,succeeded,2010-11-19T03:49:17.808006648Z,2010-11-20T03:49:17.808006648Z,v2_prior_key_0001019
v2_prior_0001020,v2_pay_0005433,v2_benchmark_merchant,1272402,INR,succeeded,2010-11-19T04:09:48.608677778Z,2010-11-20T04:09:48.608677778Z,v2_prior_key_0001020
v2_prior_0001021,v2_pay_0005442,v2_benchmark_merchant,589797,INR,succeeded,2010-11-19T11:40:37.474688072Z,2010-11-20T11:40:37.474688072Z,v2_prior_key_0001021
v2_prior_0001022,v2_pay_0005444,v2_benchmark_merchant,394947,INR,succeeded,2010-11-19T13:00:31.210441375Z,2010-11-20T13:00:31.210441375Z,v2_prior_key_0001022
v2_prior_0001023,v2_pay_0005448,v2_benchmark_merchant,557952,INR,succeeded,2010-11-19T15:02:44.651129673Z,2010-11-20T15:02:44.651129673Z,v2_prior_key_0001023
v2_prior_0001024,v2_pay_0005451,v2_benchmark_merchant,909842,INR,succeeded,2010-11-19T17:02:29.775784940Z,2010-11-20T17:02:29.775784940Z,v2_prior_key_0001024
v2_prior_0001025,v2_pay_0005452,v2_benchmark_merchant,209792,INR,succeeded,2010-11-19T18:11:55.845910011Z,2010-11-20T18:11:55.845910011Z,v2_prior_key_0001025
v2_prior_0001026,v2_pay_0005457,v2_benchmark_merchant,1226639,INR,succeeded,2010-11-19T20:30:27.882871868Z,2010-11-20T20:30:27.882871868Z,v2_prior_key_0001026
v2_prior_0001027,v2_pay_0005459,v2_benchmark_merchant,302908,INR,succeeded,2010-11-19T21:44:03.180971120Z,2010-11-20T21:44:03.180971120Z,v2_prior_key_0001027
v2_prior_0001028,v2_pay_0005469,v2_benchmark_merchant,1744858,INR,succeeded,2010-11-20T12:42:53.693733133Z,2010-11-21T12:42:53.693733133Z,v2_prior_key_0001028
v2_prior_0001029,v2_pay_0005474,v2_benchmark_merchant,1198272,INR,succeeded,2010-11-20T19:46:29.749735054Z,2010-11-21T19:46:29.749735054Z,v2_prior_key_0001029
v2_prior_0001030,v2_pay_0005476,v2_benchmark_merchant,1271546,INR,succeeded,2010-11-20T21:07:49.038928596Z,2010-11-21T21:07:49.038928596Z,v2_prior_key_0001030
v2_prior_0001031,v2_pay_0005481,v2_benchmark_merchant,663777,INR,succeeded,2010-11-21T02:03:09.971254224Z,2010-11-22T02:03:09.971254224Z,v2_prior_key_0001031
v2_prior_0001032,v2_pay_0005482,v2_benchmark_merchant,488386,INR,succeeded,2010-11-21T05:24:46.451822290Z,2010-11-22T05:24:46.451822290Z,v2_prior_key_0001032
v2_prior_0001033,v2_pay_0005487,v2_benchmark_merchant,348129,INR,succeeded,2010-11-21T10:24:08.386562316Z,2010-11-22T10:24:08.386562316Z,v2_prior_key_0001033
v2_prior_0001034,v2_pay_0005491,v2_benchmark_merchant,179816,INR,succeeded,2010-11-21T11:11:04.955612378Z,2010-11-22T11:11:04.955612378Z,v2_prior_key_0001034
v2_prior_0001035,v2_pay_0005493,v2_benchmark_merchant,3062531,INR,succeeded,2010-11-21T12:21:44.174168546Z,2010-11-22T12:21:44.174168546Z,v2_prior_key_0001035
v2_prior_0001036,v2_pay_0005495,v2_benchmark_merchant,1051137,INR,succeeded,2010-11-21T15:44:47.908084878Z,2010-11-22T15:44:47.908084878Z,v2_prior_key_0001036
v2_prior_0001037,v2_pay_0005499,v2_benchmark_merchant,209275,INR,succeeded,2010-11-21T17:03:31.344001329Z,2010-11-22T17:03:31.344001329Z,v2_prior_key_0001037
v2_prior_0001038,v2_pay_0005500,v2_benchmark_merchant,1214933,INR,succeeded,2010-11-21T18:39:27.574087695Z,2010-11-22T18:39:27.574087695Z,v2_prior_key_0001038
v2_prior_0001039,v2_pay_0005502,v2_benchmark_merchant,146930,INR,succeeded,2010-11-21T21:19:47.253231672Z,2010-11-22T21:19:47.253231672Z,v2_prior_key_0001039
v2_prior_0001040,v2_pay_0005507,v2_benchmark_merchant,1349580,INR,succeeded,2010-11-22T03:46:59.431752852Z,2010-11-23T03:46:59.431752852Z,v2_prior_key_0001040
v2_prior_0001041,v2_pay_0005511,v2_benchmark_merchant,3309870,INR,succeeded,2010-11-22T06:06:17.594155432Z,2010-11-23T06:06:17.594155432Z,v2_prior_key_0001041
v2_prior_0001042,v2_pay_0005517,v2_benchmark_merchant,1137306,INR,succeeded,2010-11-22T11:12:20.285618931Z,2010-11-23T11:12:20.285618931Z,v2_prior_key_0001042
v2_prior_0001043,v2_pay_0005523,v2_benchmark_merchant,516945,INR,succeeded,2010-11-22T15:23:37.241565561Z,2010-11-23T15:23:37.241565561Z,v2_prior_key_0001043
v2_prior_0001044,v2_pay_0005533,v2_benchmark_merchant,134146,INR,succeeded,2010-11-23T03:06:03.759002072Z,2010-11-24T03:06:03.759002072Z,v2_prior_key_0001044
v2_prior_0001045,v2_pay_0005534,v2_benchmark_merchant,78607,INR,succeeded,2010-11-23T05:05:21.904618335Z,2010-11-24T05:05:21.904618335Z,v2_prior_key_0001045
v2_prior_0001046,v2_pay_0005540,v2_benchmark_merchant,502318,INR,succeeded,2010-11-23T14:48:56.615582064Z,2010-11-24T14:48:56.615582064Z,v2_prior_key_0001046
v2_prior_0001047,v2_pay_0005552,v2_benchmark_merchant,1068674,INR,succeeded,2010-11-24T05:59:28.843148023Z,2010-11-25T05:59:28.843148023Z,v2_prior_key_0001047
v2_prior_0001048,v2_pay_0005556,v2_benchmark_merchant,239355,INR,succeeded,2010-11-24T10:11:21.735110587Z,2010-11-25T10:11:21.735110587Z,v2_prior_key_0001048
v2_prior_0001049,v2_pay_0005571,v2_benchmark_merchant,1876652,INR,succeeded,2010-11-24T23:01:47.624130499Z,2010-11-25T23:01:47.624130499Z,v2_prior_key_0001049
v2_prior_0001050,v2_pay_0005578,v2_benchmark_merchant,299284,INR,succeeded,2010-11-25T02:04:45.457932228Z,2010-11-26T02:04:45.457932228Z,v2_prior_key_0001050
v2_prior_0001051,v2_pay_0005580,v2_benchmark_merchant,798452,INR,succeeded,2010-11-25T04:27:04.234706335Z,2010-11-26T04:27:04.234706335Z,v2_prior_key_0001051
v2_prior_0001052,v2_pay_0005582,v2_benchmark_merchant,433184,INR,succeeded,2010-11-25T07:02:20.440141636Z,2010-11-26T07:02:20.440141636Z,v2_prior_key_0001052
v2_prior_0001053,v2_pay_0005583,v2_benchmark_merchant,259362,INR,succeeded,2010-11-25T07:31:53.191721563Z,2010-11-26T07:31:53.191721563Z,v2_prior_key_0001053
v2_prior_0001054,v2_pay_0005587,v2_benchmark_merchant,675495,INR,succeeded,2010-11-25T11:11:35.477637883Z,2010-11-26T11:11:35.477637883Z,v2_prior_key_0001054
v2_prior_0001055,v2_pay_0005589,v2_benchmark_merchant,453912,INR,succeeded,2010-11-25T14:30:15.900769818Z,2010-11-26T14:30:15.900769818Z,v2_prior_key_0001055
v2_prior_0001056,v2_pay_0005600,v2_benchmark_merchant,76067,INR,succeeded,2010-11-26T00:17:26.308593700Z,2010-11-27T00:17:26.308593700Z,v2_prior_key_0001056
v2_prior_0001057,v2_pay_0005612,v2_benchmark_merchant,269692,INR,succeeded,2010-11-26T06:35:11.304697748Z,2010-11-27T06:35:11.304697748Z,v2_prior_key_0001057
v2_prior_0001058,v2_pay_0005632,v2_benchmark_merchant,678250,INR,succeeded,2010-11-26T22:26:31.905026067Z,2010-11-27T22:26:31.905026067Z,v2_prior_key_0001058
v2_prior_0001059,v2_pay_0005644,v2_benchmark_merchant,673535,INR,succeeded,2010-11-27T06:36:05.877830077Z,2010-11-28T06:36:05.877830077Z,v2_prior_key_0001059
v2_prior_0001060,v2_pay_0005648,v2_benchmark_merchant,8471254,INR,succeeded,2010-11-27T08:09:20.251534504Z,2010-11-28T08:09:20.251534504Z,v2_prior_key_0001060
v2_prior_0001061,v2_pay_0005651,v2_benchmark_merchant,525319,INR,succeeded,2010-11-27T13:20:40.491828062Z,2010-11-28T13:20:40.491828062Z,v2_prior_key_0001061
v2_prior_0001062,v2_pay_0005653,v2_benchmark_merchant,6515,INR,succeeded,2010-11-27T15:02:44.876347038Z,2010-11-28T15:02:44.876347038Z,v2_prior_key_0001062
v2_prior_0001063,v2_pay_0005657,v2_benchmark_merchant,923286,INR,succeeded,2010-11-27T19:20:37.409541924Z,2010-11-28T19:20:37.409541924Z,v2_prior_key_0001063
v2_prior_0001064,v2_pay_0005666,v2_benchmark_merchant,314496,INR,succeeded,2010-11-28T03:24:38.058215002Z,2010-11-29T03:24:38.058215002Z,v2_prior_key_0001064
v2_prior_0001065,v2_pay_0005681,v2_benchmark_merchant,973355,INR,succeeded,2010-11-28T22:16:37.724493490Z,2010-11-29T22:16:37.724493490Z,v2_prior_key_0001065
v2_prior_0001066,v2_pay_0005684,v2_benchmark_merchant,262004,INR,succeeded,2010-11-28T23:13:48.034563073Z,2010-11-29T23:13:48.034563073Z,v2_prior_key_0001066
v2_prior_0001067,v2_pay_0005686,v2_benchmark_merchant,186561,INR,succeeded,2010-11-29T01:12:30.604735113Z,2010-11-30T01:12:30.604735113Z,v2_prior_key_0001067
v2_prior_0001068,v2_pay_0005690,v2_benchmark_merchant,251283,INR,succeeded,2010-11-29T04:10:02.614794546Z,2010-11-30T04:10:02.614794546Z,v2_prior_key_0001068
v2_prior_0001069,v2_pay_0005695,v2_benchmark_merchant,257656,INR,succeeded,2010-11-29T12:20:05.217770714Z,2010-11-30T12:20:05.217770714Z,v2_prior_key_0001069
v2_prior_0001070,v2_pay_0005696,v2_benchmark_merchant,118296,INR,succeeded,2010-11-29T13:17:23.256298696Z,2010-11-30T13:17:23.256298696Z,v2_prior_key_0001070
v2_prior_0001071,v2_pay_0005697,v2_benchmark_merchant,6210421,INR,succeeded,2010-11-29T13:36:35.245653331Z,2010-11-30T13:36:35.245653331Z,v2_prior_key_0001071
v2_prior_0001072,v2_pay_0005703,v2_benchmark_merchant,48918,INR,succeeded,2010-11-29T18:42:45.892436355Z,2010-11-30T18:42:45.892436355Z,v2_prior_key_0001072
v2_prior_0001073,v2_pay_0005706,v2_benchmark_merchant,969391,INR,succeeded,2010-11-29T20:20:35.558185783Z,2010-11-30T20:20:35.558185783Z,v2_prior_key_0001073
v2_prior_0001074,v2_pay_0005707,v2_benchmark_merchant,193551,INR,succeeded,2010-11-29T21:38:37.697256604Z,2010-11-30T21:38:37.697256604Z,v2_prior_key_0001074
v2_prior_0001075,v2_pay_0005709,v2_benchmark_merchant,279093,INR,succeeded,2010-11-30T01:22:20.763701367Z,2010-12-01T01:22:20.763701367Z,v2_prior_key_0001075
v2_prior_0001076,v2_pay_0005712,v2_benchmark_merchant,1483456,INR,succeeded,2010-11-30T04:04:19.474204165Z,2010-12-01T04:04:19.474204165Z,v2_prior_key_0001076
v2_prior_0001077,v2_pay_0005715,v2_benchmark_merchant,1275640,INR,succeeded,2010-11-30T06:06:22.729577254Z,2010-12-01T06:06:22.729577254Z,v2_prior_key_0001077
v2_prior_0001078,v2_pay_0005716,v2_benchmark_merchant,336845,INR,succeeded,2010-11-30T06:22:22.895597503Z,2010-12-01T06:22:22.895597503Z,v2_prior_key_0001078
v2_prior_0001079,v2_pay_0005724,v2_benchmark_merchant,484936,INR,succeeded,2010-11-30T13:58:52.041302064Z,2010-12-01T13:58:52.041302064Z,v2_prior_key_0001079
v2_prior_0001080,v2_pay_0005735,v2_benchmark_merchant,1031340,INR,succeeded,2010-12-01T00:29:08.230205041Z,2010-12-02T00:29:08.230205041Z,v2_prior_key_0001080
v2_prior_0001081,v2_pay_0005738,v2_benchmark_merchant,2680888,INR,succeeded,2010-12-01T05:17:40.185113869Z,2010-12-02T05:17:40.185113869Z,v2_prior_key_0001081
v2_prior_0001082,v2_pay_0005740,v2_benchmark_merchant,765006,INR,succeeded,2010-12-01T05:30:56.551149003Z,2010-12-02T05:30:56.551149003Z,v2_prior_key_0001082
v2_prior_0001083,v2_pay_0005750,v2_benchmark_merchant,493404,INR,succeeded,2010-12-01T11:41:05.884939492Z,2010-12-02T11:41:05.884939492Z,v2_prior_key_0001083
v2_prior_0001084,v2_pay_0005752,v2_benchmark_merchant,91417,INR,succeeded,2010-12-01T12:20:49.222593256Z,2010-12-02T12:20:49.222593256Z,v2_prior_key_0001084
v2_prior_0001085,v2_pay_0005754,v2_benchmark_merchant,241539,INR,succeeded,2010-12-01T13:53:08.141995760Z,2010-12-02T13:53:08.141995760Z,v2_prior_key_0001085
v2_prior_0001086,v2_pay_0005774,v2_benchmark_merchant,109120,INR,succeeded,2010-12-02T07:44:23.187685970Z,2010-12-03T07:44:23.187685970Z,v2_prior_key_0001086
v2_prior_0001087,v2_pay_0005776,v2_benchmark_merchant,13230908,INR,succeeded,2010-12-02T11:18:45.216456732Z,2010-12-03T11:18:45.216456732Z,v2_prior_key_0001087
v2_prior_0001088,v2_pay_0005783,v2_benchmark_merchant,2572926,INR,succeeded,2010-12-02T15:16:47.594855709Z,2010-12-03T15:16:47.594855709Z,v2_prior_key_0001088
v2_prior_0001089,v2_pay_0005790,v2_benchmark_merchant,291525,INR,succeeded,2010-12-02T20:29:32.273134864Z,2010-12-03T20:29:32.273134864Z,v2_prior_key_0001089
v2_prior_0001090,v2_pay_0005803,v2_benchmark_merchant,1436891,INR,succeeded,2010-12-03T10:46:26.819690613Z,2010-12-04T10:46:26.819690613Z,v2_prior_key_0001090
v2_prior_0001091,v2_pay_0005805,v2_benchmark_merchant,504617,INR,succeeded,2010-12-03T12:00:33.508412390Z,2010-12-04T12:00:33.508412390Z,v2_prior_key_0001091
v2_prior_0001092,v2_pay_0005806,v2_benchmark_merchant,402807,INR,succeeded,2010-12-03T13:00:24.136072357Z,2010-12-04T13:00:24.136072357Z,v2_prior_key_0001092
v2_prior_0001093,v2_pay_0005809,v2_benchmark_merchant,1108333,INR,succeeded,2010-12-03T14:16:29.425889077Z,2010-12-04T14:16:29.425889077Z,v2_prior_key_0001093
v2_prior_0001094,v2_pay_0005813,v2_benchmark_merchant,1015299,INR,succeeded,2010-12-03T19:00:58.930685415Z,2010-12-04T19:00:58.930685415Z,v2_prior_key_0001094
v2_prior_0001095,v2_pay_0005825,v2_benchmark_merchant,61446,INR,succeeded,2010-12-04T07:03:01.328018276Z,2010-12-05T07:03:01.328018276Z,v2_prior_key_0001095
v2_prior_0001096,v2_pay_0005841,v2_benchmark_merchant,950984,INR,succeeded,2010-12-04T18:40:28.880279677Z,2010-12-05T18:40:28.880279677Z,v2_prior_key_0001096
v2_prior_0001097,v2_pay_0005861,v2_benchmark_merchant,153504,INR,succeeded,2010-12-05T08:45:59.109155896Z,2010-12-06T08:45:59.109155896Z,v2_prior_key_0001097
v2_prior_0001098,v2_pay_0005868,v2_benchmark_merchant,457575,INR,succeeded,2010-12-05T17:46:20.985583555Z,2010-12-06T17:46:20.985583555Z,v2_prior_key_0001098
v2_prior_0001099,v2_pay_0005874,v2_benchmark_merchant,315804,INR,succeeded,2010-12-05T22:19:50.931116458Z,2010-12-06T22:19:50.931116458Z,v2_prior_key_0001099
v2_prior_0001100,v2_pay_0005876,v2_benchmark_merchant,510359,INR,succeeded,2010-12-05T23:33:13.411745256Z,2010-12-06T23:33:13.411745256Z,v2_prior_key_0001100
v2_prior_0001101,v2_pay_0005885,v2_benchmark_merchant,415840,INR,succeeded,2010-12-06T06:03:07.423786387Z,2010-12-07T06:03:07.423786387Z,v2_prior_key_0001101
v2_prior_0001102,v2_pay_0005892,v2_benchmark_merchant,1244582,INR,succeeded,2010-12-06T09:23:14.928391089Z,2010-12-07T09:23:14.928391089Z,v2_prior_key_0001102
v2_prior_0001103,v2_pay_0005895,v2_benchmark_merchant,880620,INR,succeeded,2010-12-06T12:03:35.259933243Z,2010-12-07T12:03:35.259933243Z,v2_prior_key_0001103
v2_prior_0001104,v2_pay_0005900,v2_benchmark_merchant,69562,INR,succeeded,2010-12-06T16:26:06.539146558Z,2010-12-07T16:26:06.539146558Z,v2_prior_key_0001104
v2_prior_0001105,v2_pay_0005909,v2_benchmark_merchant,351805,INR,succeeded,2010-12-06T21:24:32.954528949Z,2010-12-07T21:24:32.954528949Z,v2_prior_key_0001105
v2_prior_0001106,v2_pay_0005921,v2_benchmark_merchant,1080687,INR,succeeded,2010-12-07T01:30:40.428064417Z,2010-12-08T01:30:40.428064417Z,v2_prior_key_0001106
v2_prior_0001107,v2_pay_0005927,v2_benchmark_merchant,396025,INR,succeeded,2010-12-07T08:25:34.906885173Z,2010-12-08T08:25:34.906885173Z,v2_prior_key_0001107
v2_prior_0001108,v2_pay_0005928,v2_benchmark_merchant,1281019,INR,succeeded,2010-12-07T08:44:18.834573439Z,2010-12-08T08:44:18.834573439Z,v2_prior_key_0001108
v2_prior_0001109,v2_pay_0005934,v2_benchmark_merchant,565474,INR,succeeded,2010-12-07T11:41:50.447239977Z,2010-12-08T11:41:50.447239977Z,v2_prior_key_0001109
v2_prior_0001110,v2_pay_0005935,v2_benchmark_merchant,395581,INR,succeeded,2010-12-07T11:49:14.434587018Z,2010-12-08T11:49:14.434587018Z,v2_prior_key_0001110
v2_prior_0001111,v2_pay_0005936,v2_benchmark_merchant,1165211,INR,succeeded,2010-12-07T12:39:42.275798221Z,2010-12-08T12:39:42.275798221Z,v2_prior_key_0001111
v2_prior_0001112,v2_pay_0005948,v2_benchmark_merchant,270594,INR,succeeded,2010-12-07T22:01:23.561605018Z,2010-12-08T22:01:23.561605018Z,v2_prior_key_0001112
v2_prior_0001113,v2_pay_0005952,v2_benchmark_merchant,673553,INR,succeeded,2010-12-08T00:24:34.022383620Z,2010-12-09T00:24:34.022383620Z,v2_prior_key_0001113
v2_prior_0001114,v2_pay_0005953,v2_benchmark_merchant,514309,INR,succeeded,2010-12-08T00:37:58.335262671Z,2010-12-09T00:37:58.335262671Z,v2_prior_key_0001114
v2_prior_0001115,v2_pay_0005966,v2_benchmark_merchant,106048,INR,succeeded,2010-12-08T09:45:08.333901666Z,2010-12-09T09:45:08.333901666Z,v2_prior_key_0001115
v2_prior_0001116,v2_pay_0005969,v2_benchmark_merchant,13861,INR,succeeded,2010-12-08T13:27:37.512192921Z,2010-12-09T13:27:37.512192921Z,v2_prior_key_0001116
v2_prior_0001117,v2_pay_0005979,v2_benchmark_merchant,782170,INR,succeeded,2010-12-09T02:40:17.363313536Z,2010-12-10T02:40:17.363313536Z,v2_prior_key_0001117
v2_prior_0001118,v2_pay_0006000,v2_benchmark_merchant,230607,INR,succeeded,2010-12-09T18:03:14.768237842Z,2010-12-10T18:03:14.768237842Z,v2_prior_key_0001118
v2_prior_0001119,v2_pay_0006001,v2_benchmark_merchant,1585574,INR,succeeded,2010-12-09T18:19:18.500079986Z,2010-12-10T18:19:18.500079986Z,v2_prior_key_0001119
v2_prior_0001120,v2_pay_0006003,v2_benchmark_merchant,1370308,INR,succeeded,2010-12-09T18:37:26.044687020Z,2010-12-10T18:37:26.044687020Z,v2_prior_key_0001120
v2_prior_0001121,v2_pay_0006005,v2_benchmark_merchant,339157,INR,succeeded,2010-12-09T21:38:54.405667702Z,2010-12-10T21:38:54.405667702Z,v2_prior_key_0001121
v2_prior_0001122,v2_pay_0006011,v2_benchmark_merchant,359432,INR,succeeded,2010-12-10T00:44:33.067476066Z,2010-12-11T00:44:33.067476066Z,v2_prior_key_0001122
v2_prior_0001123,v2_pay_0006013,v2_benchmark_merchant,287225,INR,succeeded,2010-12-10T00:47:39.363037280Z,2010-12-11T00:47:39.363037280Z,v2_prior_key_0001123
v2_prior_0001124,v2_pay_0006015,v2_benchmark_merchant,925515,INR,succeeded,2010-12-10T03:05:19.729261506Z,2010-12-11T03:05:19.729261506Z,v2_prior_key_0001124
v2_prior_0001125,v2_pay_0006016,v2_benchmark_merchant,512546,INR,succeeded,2010-12-10T03:43:05.159547423Z,2010-12-11T03:43:05.159547423Z,v2_prior_key_0001125
v2_prior_0001126,v2_pay_0006021,v2_benchmark_merchant,192500,INR,succeeded,2010-12-10T09:28:01.576162700Z,2010-12-11T09:28:01.576162700Z,v2_prior_key_0001126
v2_prior_0001127,v2_pay_0006026,v2_benchmark_merchant,374666,INR,succeeded,2010-12-10T12:35:27.130094203Z,2010-12-11T12:35:27.130094203Z,v2_prior_key_0001127
v2_prior_0001128,v2_pay_0006032,v2_benchmark_merchant,410089,INR,succeeded,2010-12-10T16:35:37.870959066Z,2010-12-11T16:35:37.870959066Z,v2_prior_key_0001128
v2_prior_0001129,v2_pay_0006035,v2_benchmark_merchant,241387,INR,succeeded,2010-12-10T17:48:06.669729344Z,2010-12-11T17:48:06.669729344Z,v2_prior_key_0001129
v2_prior_0001130,v2_pay_0006052,v2_benchmark_merchant,230189,INR,succeeded,2010-12-11T12:41:47.530353666Z,2010-12-12T12:41:47.530353666Z,v2_prior_key_0001130
v2_prior_0001131,v2_pay_0006059,v2_benchmark_merchant,20846,INR,succeeded,2010-12-11T17:20:23.798033718Z,2010-12-12T17:20:23.798033718Z,v2_prior_key_0001131
v2_prior_0001132,v2_pay_0006077,v2_benchmark_merchant,19186511,INR,succeeded,2010-12-12T06:36:39.880487554Z,2010-12-13T06:36:39.880487554Z,v2_prior_key_0001132
v2_prior_0001133,v2_pay_0006078,v2_benchmark_merchant,558965,INR,succeeded,2010-12-12T07:36:34.932263094Z,2010-12-13T07:36:34.932263094Z,v2_prior_key_0001133
v2_prior_0001134,v2_pay_0006079,v2_benchmark_merchant,302662,INR,succeeded,2010-12-12T08:18:35.466123621Z,2010-12-13T08:18:35.466123621Z,v2_prior_key_0001134
v2_prior_0001135,v2_pay_0006081,v2_benchmark_merchant,426369,INR,succeeded,2010-12-12T09:02:22.658323648Z,2010-12-13T09:02:22.658323648Z,v2_prior_key_0001135
v2_prior_0001136,v2_pay_0006082,v2_benchmark_merchant,9576931,INR,succeeded,2010-12-12T09:35:00.206193800Z,2010-12-13T09:35:00.206193800Z,v2_prior_key_0001136
v2_prior_0001137,v2_pay_0006092,v2_benchmark_merchant,45372,INR,succeeded,2010-12-12T18:18:26.778563867Z,2010-12-13T18:18:26.778563867Z,v2_prior_key_0001137
v2_prior_0001138,v2_pay_0006100,v2_benchmark_merchant,25359,INR,succeeded,2010-12-13T00:35:04.610169384Z,2010-12-14T00:35:04.610169384Z,v2_prior_key_0001138
v2_prior_0001139,v2_pay_0006115,v2_benchmark_merchant,337431,INR,succeeded,2010-12-13T13:28:01.404952927Z,2010-12-14T13:28:01.404952927Z,v2_prior_key_0001139
v2_prior_0001140,v2_pay_0006119,v2_benchmark_merchant,423813,INR,succeeded,2010-12-13T15:16:26.496346558Z,2010-12-14T15:16:26.496346558Z,v2_prior_key_0001140
v2_prior_0001141,v2_pay_0006121,v2_benchmark_merchant,757766,INR,succeeded,2010-12-13T17:35:39.178304893Z,2010-12-14T17:35:39.178304893Z,v2_prior_key_0001141
v2_prior_0001142,v2_pay_0006125,v2_benchmark_merchant,211658,INR,succeeded,2010-12-13T22:49:26.591159456Z,2010-12-14T22:49:26.591159456Z,v2_prior_key_0001142
v2_prior_0001143,v2_pay_0006128,v2_benchmark_merchant,1416914,INR,succeeded,2010-12-14T01:46:21.145763611Z,2010-12-15T01:46:21.145763611Z,v2_prior_key_0001143
v2_prior_0001144,v2_pay_0006144,v2_benchmark_merchant,514279,INR,succeeded,2010-12-14T15:12:13.050029791Z,2010-12-15T15:12:13.050029791Z,v2_prior_key_0001144
v2_prior_0001145,v2_pay_0006150,v2_benchmark_merchant,2269505,INR,succeeded,2010-12-15T00:33:43.839017089Z,2010-12-16T00:33:43.839017089Z,v2_prior_key_0001145
v2_prior_0001146,v2_pay_0006152,v2_benchmark_merchant,368355,INR,succeeded,2010-12-15T02:12:53.811733310Z,2010-12-16T02:12:53.811733310Z,v2_prior_key_0001146
v2_prior_0001147,v2_pay_0006159,v2_benchmark_merchant,213957,INR,succeeded,2010-12-15T07:27:19.175208970Z,2010-12-16T07:27:19.175208970Z,v2_prior_key_0001147
v2_prior_0001148,v2_pay_0006163,v2_benchmark_merchant,37198,INR,succeeded,2010-12-15T11:01:14.188432258Z,2010-12-16T11:01:14.188432258Z,v2_prior_key_0001148
v2_prior_0001149,v2_pay_0006165,v2_benchmark_merchant,917662,INR,succeeded,2010-12-15T15:05:27.585014617Z,2010-12-16T15:05:27.585014617Z,v2_prior_key_0001149
v2_prior_0001150,v2_pay_0006173,v2_benchmark_merchant,542438,INR,succeeded,2010-12-15T20:04:09.235216636Z,2010-12-16T20:04:09.235216636Z,v2_prior_key_0001150
v2_prior_0001151,v2_pay_0006186,v2_benchmark_merchant,475195,INR,succeeded,2010-12-16T05:40:04.520905635Z,2010-12-17T05:40:04.520905635Z,v2_prior_key_0001151
v2_prior_0001152,v2_pay_0006189,v2_benchmark_merchant,192092,INR,succeeded,2010-12-16T11:03:45.191356906Z,2010-12-17T11:03:45.191356906Z,v2_prior_key_0001152
v2_prior_0001153,v2_pay_0006191,v2_benchmark_merchant,2531836,INR,succeeded,2010-12-16T13:05:35.933697374Z,2010-12-17T13:05:35.933697374Z,v2_prior_key_0001153
v2_prior_0001154,v2_pay_0006193,v2_benchmark_merchant,694443,INR,succeeded,2010-12-16T16:33:21.049812685Z,2010-12-17T16:33:21.049812685Z,v2_prior_key_0001154
v2_prior_0001155,v2_pay_0006200,v2_benchmark_merchant,580631,INR,succeeded,2010-12-16T19:53:48.604908178Z,2010-12-17T19:53:48.604908178Z,v2_prior_key_0001155
v2_prior_0001156,v2_pay_0006211,v2_benchmark_merchant,1804802,INR,succeeded,2010-12-17T12:23:29.543308491Z,2010-12-18T12:23:29.543308491Z,v2_prior_key_0001156
v2_prior_0001157,v2_pay_0006213,v2_benchmark_merchant,1823479,INR,succeeded,2010-12-17T13:39:24.351738562Z,2010-12-18T13:39:24.351738562Z,v2_prior_key_0001157
v2_prior_0001158,v2_pay_0006220,v2_benchmark_merchant,949135,INR,succeeded,2010-12-17T18:48:07.892134309Z,2010-12-18T18:48:07.892134309Z,v2_prior_key_0001158
v2_prior_0001159,v2_pay_0006226,v2_benchmark_merchant,1582012,INR,succeeded,2010-12-18T01:34:30.049342540Z,2010-12-19T01:34:30.049342540Z,v2_prior_key_0001159
v2_prior_0001160,v2_pay_0006245,v2_benchmark_merchant,253138,INR,succeeded,2010-12-18T22:01:47.027022124Z,2010-12-19T22:01:47.027022124Z,v2_prior_key_0001160
v2_prior_0001161,v2_pay_0006246,v2_benchmark_merchant,531690,INR,succeeded,2010-12-18T22:46:58.196258676Z,2010-12-19T22:46:58.196258676Z,v2_prior_key_0001161
v2_prior_0001162,v2_pay_0006250,v2_benchmark_merchant,112653,INR,succeeded,2010-12-19T03:55:27.119410290Z,2010-12-20T03:55:27.119410290Z,v2_prior_key_0001162
v2_prior_0001163,v2_pay_0006258,v2_benchmark_merchant,1001053,INR,succeeded,2010-12-19T12:19:19.776474090Z,2010-12-20T12:19:19.776474090Z,v2_prior_key_0001163
v2_prior_0001164,v2_pay_0006259,v2_benchmark_merchant,210273,INR,succeeded,2010-12-19T12:39:52.211530345Z,2010-12-20T12:39:52.211530345Z,v2_prior_key_0001164
v2_prior_0001165,v2_pay_0006269,v2_benchmark_merchant,1288388,INR,succeeded,2010-12-20T03:29:31.969858226Z,2010-12-21T03:29:31.969858226Z,v2_prior_key_0001165
v2_prior_0001166,v2_pay_0006271,v2_benchmark_merchant,452038,INR,succeeded,2010-12-20T05:21:27.010202053Z,2010-12-21T05:21:27.010202053Z,v2_prior_key_0001166
v2_prior_0001167,v2_pay_0006272,v2_benchmark_merchant,808269,INR,succeeded,2010-12-20T08:02:33.228147375Z,2010-12-21T08:02:33.228147375Z,v2_prior_key_0001167
v2_prior_0001168,v2_pay_0006283,v2_benchmark_merchant,877154,INR,succeeded,2010-12-20T17:57:29.109947984Z,2010-12-21T17:57:29.109947984Z,v2_prior_key_0001168
v2_prior_0001169,v2_pay_0006312,v2_benchmark_merchant,410892,INR,succeeded,2010-12-21T19:09:05.526528692Z,2010-12-22T19:09:05.526528692Z,v2_prior_key_0001169
v2_prior_0001170,v2_pay_0006316,v2_benchmark_merchant,691485,INR,succeeded,2010-12-22T01:19:45.338906127Z,2010-12-23T01:19:45.338906127Z,v2_prior_key_0001170
v2_prior_0001171,v2_pay_0006319,v2_benchmark_merchant,222537,INR,succeeded,2010-12-22T06:32:09.135447870Z,2010-12-23T06:32:09.135447870Z,v2_prior_key_0001171
v2_prior_0001172,v2_pay_0006320,v2_benchmark_merchant,112819,INR,succeeded,2010-12-22T06:34:56.896715505Z,2010-12-23T06:34:56.896715505Z,v2_prior_key_0001172
v2_prior_0001173,v2_pay_0006324,v2_benchmark_merchant,463061,INR,succeeded,2010-12-22T08:34:27.594143174Z,2010-12-23T08:34:27.594143174Z,v2_prior_key_0001173
v2_prior_0001174,v2_pay_0006325,v2_benchmark_merchant,985843,INR,succeeded,2010-12-22T09:26:33.298234755Z,2010-12-23T09:26:33.298234755Z,v2_prior_key_0001174
v2_prior_0001175,v2_pay_0006335,v2_benchmark_merchant,113242,INR,succeeded,2010-12-23T04:13:04.300758955Z,2010-12-24T04:13:04.300758955Z,v2_prior_key_0001175
v2_prior_0001176,v2_pay_0006340,v2_benchmark_merchant,354404,INR,succeeded,2010-12-23T12:02:14.356633862Z,2010-12-24T12:02:14.356633862Z,v2_prior_key_0001176
v2_prior_0001177,v2_pay_0006348,v2_benchmark_merchant,8221129,INR,succeeded,2010-12-23T19:35:54.059515588Z,2010-12-24T19:35:54.059515588Z,v2_prior_key_0001177
v2_prior_0001178,v2_pay_0006351,v2_benchmark_merchant,6931,INR,succeeded,2010-12-23T21:57:30.147991945Z,2010-12-24T21:57:30.147991945Z,v2_prior_key_0001178
v2_prior_0001179,v2_pay_0006355,v2_benchmark_merchant,120681,INR,succeeded,2010-12-23T22:45:19.926954858Z,2010-12-24T22:45:19.926954858Z,v2_prior_key_0001179
v2_prior_0001180,v2_pay_0006364,v2_benchmark_merchant,261593,INR,succeeded,2010-12-24T15:53:42.071016079Z,2010-12-25T15:53:42.071016079Z,v2_prior_key_0001180
v2_prior_0001181,v2_pay_0006375,v2_benchmark_merchant,320924,INR,succeeded,2010-12-25T13:57:26.354374980Z,2010-12-26T13:57:26.354374980Z,v2_prior_key_0001181
v2_prior_0001182,v2_pay_0006380,v2_benchmark_merchant,74288,INR,succeeded,2010-12-25T17:34:23.970815643Z,2010-12-26T17:34:23.970815643Z,v2_prior_key_0001182
v2_prior_0001183,v2_pay_0006381,v2_benchmark_merchant,2357745,INR,succeeded,2010-12-25T18:09:51.700193029Z,2010-12-26T18:09:51.700193029Z,v2_prior_key_0001183
v2_prior_0001184,v2_pay_0006384,v2_benchmark_merchant,833608,INR,succeeded,2010-12-26T02:18:30.874853360Z,2010-12-27T02:18:30.874853360Z,v2_prior_key_0001184
v2_prior_0001185,v2_pay_0006387,v2_benchmark_merchant,513889,INR,succeeded,2010-12-26T06:02:50.210258546Z,2010-12-27T06:02:50.210258546Z,v2_prior_key_0001185
v2_prior_0001186,v2_pay_0006392,v2_benchmark_merchant,27152988,INR,succeeded,2010-12-26T12:23:45.720329770Z,2010-12-27T12:23:45.720329770Z,v2_prior_key_0001186
v2_prior_0001187,v2_pay_0006398,v2_benchmark_merchant,389223,INR,succeeded,2010-12-26T20:55:09.502776356Z,2010-12-27T20:55:09.502776356Z,v2_prior_key_0001187
v2_prior_0001188,v2_pay_0006409,v2_benchmark_merchant,55725,INR,succeeded,2010-12-28T05:02:27.327076819Z,2010-12-29T05:02:27.327076819Z,v2_prior_key_0001188
v2_prior_0001189,v2_pay_0006414,v2_benchmark_merchant,1052481,INR,succeeded,2010-12-28T08:36:36.124096254Z,2010-12-29T08:36:36.124096254Z,v2_prior_key_0001189
v2_prior_0001190,v2_pay_0006417,v2_benchmark_merchant,468776,INR,succeeded,2010-12-28T10:52:27.879043923Z,2010-12-29T10:52:27.879043923Z,v2_prior_key_0001190
v2_prior_0001191,v2_pay_0006430,v2_benchmark_merchant,1332317,INR,succeeded,2010-12-29T06:12:41.786602272Z,2010-12-30T06:12:41.786602272Z,v2_prior_key_0001191
v2_prior_0001192,v2_pay_0006438,v2_benchmark_merchant,157079,INR,succeeded,2010-12-30T02:12:01.549810683Z,2010-12-31T02:12:01.549810683Z,v2_prior_key_0001192
v2_prior_0001193,v2_pay_0006439,v2_benchmark_merchant,104735,INR,succeeded,2010-12-30T04:46:14.594299066Z,2010-12-31T04:46:14.594299066Z,v2_prior_key_0001193
v2_prior_0001194,v2_pay_0006449,v2_benchmark_merchant,135879,INR,succeeded,2011-01-01T12:02:43.723011957Z,2011-01-02T12:02:43.723011957Z,v2_prior_key_0001194
v2_prior_0001195,v2_pay_0006459,v2_benchmark_merchant,576555,INR,succeeded,2011-01-02T11:18:21.434471828Z,2011-01-03T11:18:21.434471828Z,v2_prior_key_0001195
v2_prior_0001196,v2_pay_0006461,v2_benchmark_merchant,76725,INR,succeeded,2011-01-02T16:49:42.828485637Z,2011-01-03T16:49:42.828485637Z,v2_prior_key_0001196
v2_prior_0001197,v2_pay_0006467,v2_benchmark_merchant,267243,INR,succeeded,2011-01-03T12:57:31.899193225Z,2011-01-04T12:57:31.899193225Z,v2_prior_key_0001197
v2_prior_0001198,v2_pay_0006469,v2_benchmark_merchant,112936,INR,succeeded,2011-01-04T01:54:16.959442383Z,2011-01-05T01:54:16.959442383Z,v2_prior_key_0001198
v2_prior_0001199,v2_pay_0006485,v2_benchmark_merchant,211449,INR,succeeded,2011-01-05T21:07:50.064885972Z,2011-01-06T21:07:50.064885972Z,v2_prior_key_0001199
v2_prior_0001200,v2_pay_0006491,v2_benchmark_merchant,4650069,INR,succeeded,2011-01-06T13:39:39.189541015Z,2011-01-07T13:39:39.189541015Z,v2_prior_key_0001200
v2_prior_0001201,v2_pay_0006495,v2_benchmark_merchant,734328,INR,succeeded,2011-01-07T06:43:08.223680563Z,2011-01-08T06:43:08.223680563Z,v2_prior_key_0001201
v2_prior_0001202,v2_pay_0006507,v2_benchmark_merchant,125512,INR,succeeded,2011-01-10T14:37:32.503813779Z,2011-01-11T14:37:32.503813779Z,v2_prior_key_0001202
v2_prior_0001203,v2_pay_0006512,v2_benchmark_merchant,112262,INR,succeeded,2011-01-11T19:47:34.803460707Z,2011-01-12T19:47:34.803460707Z,v2_prior_key_0001203
v2_prior_0001204,v2_pay_0006518,v2_benchmark_merchant,8125210,INR,succeeded,2011-01-12T17:24:54.044333812Z,2011-01-13T17:24:54.044333812Z,v2_prior_key_0001204
v2_prior_0001205,v2_pay_0006519,v2_benchmark_merchant,688943,INR,succeeded,2011-01-12T19:17:52.778478799Z,2011-01-13T19:17:52.778478799Z,v2_prior_key_0001205
v2_prior_0001206,v2_pay_0006522,v2_benchmark_merchant,11531925,INR,succeeded,2011-01-12T22:35:46.847922079Z,2011-01-13T22:35:46.847922079Z,v2_prior_key_0001206
v2_prior_0001207,v2_pay_0006524,v2_benchmark_merchant,1828946,INR,succeeded,2011-01-13T08:35:40.065949822Z,2011-01-14T08:35:40.065949822Z,v2_prior_key_0001207
v2_prior_0001208,v2_pay_0006528,v2_benchmark_merchant,476871,INR,succeeded,2011-01-13T18:00:00.458765737Z,2011-01-14T18:00:00.458765737Z,v2_prior_key_0001208
v2_prior_0001209,v2_pay_0006535,v2_benchmark_merchant,213814,INR,succeeded,2011-01-14T10:50:41.977791164Z,2011-01-15T10:50:41.977791164Z,v2_prior_key_0001209
v2_prior_0001210,v2_pay_0006542,v2_benchmark_merchant,256356,INR,succeeded,2011-01-15T05:11:37.021947818Z,2011-01-16T05:11:37.021947818Z,v2_prior_key_0001210
v2_prior_0001211,v2_pay_0006543,v2_benchmark_merchant,490661,INR,succeeded,2011-01-15T06:43:39.999491325Z,2011-01-16T06:43:39.999491325Z,v2_prior_key_0001211
v2_prior_0001212,v2_pay_0006549,v2_benchmark_merchant,3104820,INR,succeeded,2011-01-15T23:12:04.537414186Z,2011-01-16T23:12:04.537414186Z,v2_prior_key_0001212
v2_prior_0001213,v2_pay_0006553,v2_benchmark_merchant,153514,INR,succeeded,2011-01-16T10:23:37.388066659Z,2011-01-17T10:23:37.388066659Z,v2_prior_key_0001213
v2_prior_0001214,v2_pay_0006555,v2_benchmark_merchant,245441,INR,succeeded,2011-01-16T15:40:06.467267761Z,2011-01-17T15:40:06.467267761Z,v2_prior_key_0001214
v2_prior_0001215,v2_pay_0006556,v2_benchmark_merchant,935822,INR,succeeded,2011-01-16T15:52:49.192514924Z,2011-01-17T15:52:49.192514924Z,v2_prior_key_0001215
v2_prior_0001216,v2_pay_0006558,v2_benchmark_merchant,492079,INR,succeeded,2011-01-16T17:50:29.859217286Z,2011-01-17T17:50:29.859217286Z,v2_prior_key_0001216
v2_prior_0001217,v2_pay_0006560,v2_benchmark_merchant,283137,INR,succeeded,2011-01-17T06:42:21.078759723Z,2011-01-18T06:42:21.078759723Z,v2_prior_key_0001217
v2_prior_0001218,v2_pay_0006578,v2_benchmark_merchant,454221,INR,succeeded,2011-01-19T06:56:58.551940285Z,2011-01-20T06:56:58.551940285Z,v2_prior_key_0001218
v2_prior_0001219,v2_pay_0006581,v2_benchmark_merchant,943166,INR,succeeded,2011-01-19T09:45:06.101135776Z,2011-01-20T09:45:06.101135776Z,v2_prior_key_0001219
v2_prior_0001220,v2_pay_0006611,v2_benchmark_merchant,996565,INR,succeeded,2011-01-22T10:01:07.724393392Z,2011-01-23T10:01:07.724393392Z,v2_prior_key_0001220
v2_prior_0001221,v2_pay_0006618,v2_benchmark_merchant,664136,INR,succeeded,2011-01-22T18:43:08.595143868Z,2011-01-23T18:43:08.595143868Z,v2_prior_key_0001221
v2_prior_0001222,v2_pay_0006619,v2_benchmark_merchant,285056,INR,succeeded,2011-01-22T18:59:03.494950758Z,2011-01-23T18:59:03.494950758Z,v2_prior_key_0001222
v2_prior_0001223,v2_pay_0006620,v2_benchmark_merchant,293361,INR,succeeded,2011-01-22T19:17:03.667479732Z,2011-01-23T19:17:03.667479732Z,v2_prior_key_0001223
v2_prior_0001224,v2_pay_0006629,v2_benchmark_merchant,2873889,INR,succeeded,2011-01-23T12:06:45.752065275Z,2011-01-24T12:06:45.752065275Z,v2_prior_key_0001224
v2_prior_0001225,v2_pay_0006658,v2_benchmark_merchant,280575,INR,succeeded,2011-01-25T21:50:55.769084320Z,2011-01-26T21:50:55.769084320Z,v2_prior_key_0001225
v2_prior_0001226,v2_pay_0006660,v2_benchmark_merchant,1033933,INR,succeeded,2011-01-26T04:30:16.232815430Z,2011-01-27T04:30:16.232815430Z,v2_prior_key_0001226
v2_prior_0001227,v2_pay_0006668,v2_benchmark_merchant,719609,INR,succeeded,2011-01-26T18:02:55.484433844Z,2011-01-27T18:02:55.484433844Z,v2_prior_key_0001227
v2_prior_0001228,v2_pay_0006675,v2_benchmark_merchant,15108,INR,succeeded,2011-01-27T14:50:00.541737108Z,2011-01-28T14:50:00.541737108Z,v2_prior_key_0001228
v2_prior_0001229,v2_pay_0006679,v2_benchmark_merchant,1541238,INR,succeeded,2011-01-27T23:35:32.801407464Z,2011-01-28T23:35:32.801407464Z,v2_prior_key_0001229
v2_prior_0001230,v2_pay_0006694,v2_benchmark_merchant,220793,INR,succeeded,2011-01-29T18:16:10.971158785Z,2011-01-30T18:16:10.971158785Z,v2_prior_key_0001230
v2_prior_0001231,v2_pay_0006697,v2_benchmark_merchant,577968,INR,succeeded,2011-01-30T02:42:13.499973798Z,2011-01-31T02:42:13.499973798Z,v2_prior_key_0001231
v2_prior_0001232,v2_pay_0006698,v2_benchmark_merchant,7638,INR,succeeded,2011-01-30T05:40:22.907259019Z,2011-01-31T05:40:22.907259019Z,v2_prior_key_0001232
v2_prior_0001233,v2_pay_0006700,v2_benchmark_merchant,259124,INR,succeeded,2011-01-30T08:37:55.352937524Z,2011-01-31T08:37:55.352937524Z,v2_prior_key_0001233
v2_prior_0001234,v2_pay_0006715,v2_benchmark_merchant,72237,INR,succeeded,2011-01-31T10:46:57.008154739Z,2011-02-01T10:46:57.008154739Z,v2_prior_key_0001234
v2_prior_0001235,v2_pay_0006717,v2_benchmark_merchant,915525,INR,succeeded,2011-01-31T13:54:37.236829554Z,2011-02-01T13:54:37.236829554Z,v2_prior_key_0001235
v2_prior_0001236,v2_pay_0006735,v2_benchmark_merchant,21660,INR,succeeded,2011-02-01T17:09:40.974067378Z,2011-02-02T17:09:40.974067378Z,v2_prior_key_0001236
v2_prior_0001237,v2_pay_0006740,v2_benchmark_merchant,1385548,INR,succeeded,2011-02-02T03:15:58.585609044Z,2011-02-03T03:15:58.585609044Z,v2_prior_key_0001237
v2_prior_0001238,v2_pay_0006742,v2_benchmark_merchant,1286205,INR,succeeded,2011-02-02T05:07:28.919415930Z,2011-02-03T05:07:28.919415930Z,v2_prior_key_0001238
v2_prior_0001239,v2_pay_0006748,v2_benchmark_merchant,10503,INR,succeeded,2011-02-02T14:21:52.726837051Z,2011-02-03T14:21:52.726837051Z,v2_prior_key_0001239
v2_prior_0001240,v2_pay_0006754,v2_benchmark_merchant,5332669,INR,succeeded,2011-02-03T08:10:23.729944945Z,2011-02-04T08:10:23.729944945Z,v2_prior_key_0001240
v2_prior_0001241,v2_pay_0006755,v2_benchmark_merchant,32376,INR,succeeded,2011-02-03T08:32:15.202951237Z,2011-02-04T08:32:15.202951237Z,v2_prior_key_0001241
v2_prior_0001242,v2_pay_0006756,v2_benchmark_merchant,4145874,INR,succeeded,2011-02-03T08:55:04.350671276Z,2011-02-04T08:55:04.350671276Z,v2_prior_key_0001242
v2_prior_0001243,v2_pay_0006765,v2_benchmark_merchant,485304,INR,succeeded,2011-02-04T02:42:53.574030136Z,2011-02-05T02:42:53.574030136Z,v2_prior_key_0001243
v2_prior_0001244,v2_pay_0006767,v2_benchmark_merchant,1169482,INR,succeeded,2011-02-04T16:44:09.032560306Z,2011-02-05T16:44:09.032560306Z,v2_prior_key_0001244
v2_prior_0001245,v2_pay_0006783,v2_benchmark_merchant,110308,INR,succeeded,2011-02-06T06:17:30.629767392Z,2011-02-07T06:17:30.629767392Z,v2_prior_key_0001245
v2_prior_0001246,v2_pay_0006800,v2_benchmark_merchant,468278,INR,succeeded,2011-02-07T14:13:48.353377995Z,2011-02-08T14:13:48.353377995Z,v2_prior_key_0001246
v2_prior_0001247,v2_pay_0006801,v2_benchmark_merchant,1121316,INR,succeeded,2011-02-07T14:48:34.325887852Z,2011-02-08T14:48:34.325887852Z,v2_prior_key_0001247
v2_prior_0001248,v2_pay_0006803,v2_benchmark_merchant,803134,INR,succeeded,2011-02-07T21:28:30.556137652Z,2011-02-08T21:28:30.556137652Z,v2_prior_key_0001248
v2_prior_0001249,v2_pay_0006805,v2_benchmark_merchant,133519,INR,succeeded,2011-02-08T06:52:55.177118376Z,2011-02-09T06:52:55.177118376Z,v2_prior_key_0001249
v2_prior_0001250,v2_pay_0006819,v2_benchmark_merchant,85576,INR,succeeded,2011-02-09T14:26:35.203617657Z,2011-02-10T14:26:35.203617657Z,v2_prior_key_0001250
v2_prior_0001251,v2_pay_0006838,v2_benchmark_merchant,277112,INR,succeeded,2011-02-10T11:04:38.238753662Z,2011-02-11T11:04:38.238753662Z,v2_prior_key_0001251
v2_prior_0001252,v2_pay_0006850,v2_benchmark_merchant,3303920,INR,succeeded,2011-02-12T04:31:09.919573676Z,2011-02-13T04:31:09.919573676Z,v2_prior_key_0001252
v2_prior_0001253,v2_pay_0006852,v2_benchmark_merchant,1346712,INR,succeeded,2011-02-12T08:05:15.170592570Z,2011-02-13T08:05:15.170592570Z,v2_prior_key_0001253
v2_prior_0001254,v2_pay_0006854,v2_benchmark_merchant,182624,INR,succeeded,2011-02-12T12:05:18.699859230Z,2011-02-13T12:05:18.699859230Z,v2_prior_key_0001254
v2_prior_0001255,v2_pay_0006856,v2_benchmark_merchant,94446,INR,succeeded,2011-02-12T18:13:00.109309960Z,2011-02-13T18:13:00.109309960Z,v2_prior_key_0001255
v2_prior_0001256,v2_pay_0006864,v2_benchmark_merchant,2998177,INR,succeeded,2011-02-13T07:28:04.450469240Z,2011-02-14T07:28:04.450469240Z,v2_prior_key_0001256
v2_prior_0001257,v2_pay_0006868,v2_benchmark_merchant,201755,INR,succeeded,2011-02-13T14:30:25.984002406Z,2011-02-14T14:30:25.984002406Z,v2_prior_key_0001257
v2_prior_0001258,v2_pay_0006879,v2_benchmark_merchant,263874,INR,succeeded,2011-02-14T10:28:36.548394320Z,2011-02-15T10:28:36.548394320Z,v2_prior_key_0001258
v2_prior_0001259,v2_pay_0006887,v2_benchmark_merchant,302405,INR,succeeded,2011-02-15T12:27:48.858903126Z,2011-02-16T12:27:48.858903126Z,v2_prior_key_0001259
v2_prior_0001260,v2_pay_0006894,v2_benchmark_merchant,43809,INR,succeeded,2011-02-16T02:01:45.382645394Z,2011-02-17T02:01:45.382645394Z,v2_prior_key_0001260
v2_prior_0001261,v2_pay_0006895,v2_benchmark_merchant,15763,INR,succeeded,2011-02-16T05:50:43.673833993Z,2011-02-17T05:50:43.673833993Z,v2_prior_key_0001261
v2_prior_0001262,v2_pay_0006901,v2_benchmark_merchant,419616,INR,succeeded,2011-02-17T01:34:42.151246628Z,2011-02-18T01:34:42.151246628Z,v2_prior_key_0001262
v2_prior_0001263,v2_pay_0006903,v2_benchmark_merchant,300125,INR,succeeded,2011-02-17T05:10:06.986551881Z,2011-02-18T05:10:06.986551881Z,v2_prior_key_0001263
v2_prior_0001264,v2_pay_0006908,v2_benchmark_merchant,114652,INR,succeeded,2011-02-17T20:33:53.733762841Z,2011-02-18T20:33:53.733762841Z,v2_prior_key_0001264
v2_prior_0001265,v2_pay_0006913,v2_benchmark_merchant,733850,INR,succeeded,2011-02-18T04:22:28.492708436Z,2011-02-19T04:22:28.492708436Z,v2_prior_key_0001265
v2_prior_0001266,v2_pay_0006922,v2_benchmark_merchant,120746,INR,succeeded,2011-02-18T23:35:05.076941816Z,2011-02-19T23:35:05.076941816Z,v2_prior_key_0001266
v2_prior_0001267,v2_pay_0006929,v2_benchmark_merchant,2765903,INR,succeeded,2011-02-20T03:32:21.660663854Z,2011-02-21T03:32:21.660663854Z,v2_prior_key_0001267
v2_prior_0001268,v2_pay_0006931,v2_benchmark_merchant,1256689,INR,succeeded,2011-02-20T08:41:06.188768773Z,2011-02-21T08:41:06.188768773Z,v2_prior_key_0001268
v2_prior_0001269,v2_pay_0006932,v2_benchmark_merchant,109283,INR,succeeded,2011-02-20T13:17:22.405868035Z,2011-02-21T13:17:22.405868035Z,v2_prior_key_0001269
v2_prior_0001270,v2_pay_0006934,v2_benchmark_merchant,499564,INR,succeeded,2011-02-20T16:19:30.281916435Z,2011-02-21T16:19:30.281916435Z,v2_prior_key_0001270
v2_prior_0001271,v2_pay_0006937,v2_benchmark_merchant,808922,INR,succeeded,2011-02-21T06:37:59.675031741Z,2011-02-22T06:37:59.675031741Z,v2_prior_key_0001271
v2_prior_0001272,v2_pay_0006938,v2_benchmark_merchant,401588,INR,succeeded,2011-02-21T09:40:16.319205075Z,2011-02-22T09:40:16.319205075Z,v2_prior_key_0001272
v2_prior_0001273,v2_pay_0006946,v2_benchmark_merchant,10091,INR,succeeded,2011-02-22T17:16:27.764008069Z,2011-02-23T17:16:27.764008069Z,v2_prior_key_0001273
v2_prior_0001274,v2_pay_0006953,v2_benchmark_merchant,711614,INR,succeeded,2011-02-23T12:08:58.117638760Z,2011-02-24T12:08:58.117638760Z,v2_prior_key_0001274
v2_prior_0001275,v2_pay_0006958,v2_benchmark_merchant,2938556,INR,succeeded,2011-02-23T20:53:27.424663429Z,2011-02-24T20:53:27.424663429Z,v2_prior_key_0001275
v2_prior_0001276,v2_pay_0006959,v2_benchmark_merchant,87225,INR,succeeded,2011-02-23T20:54:11.114802276Z,2011-02-24T20:54:11.114802276Z,v2_prior_key_0001276
v2_prior_0001277,v2_pay_0006963,v2_benchmark_merchant,2279450,INR,succeeded,2011-02-24T10:02:04.800612255Z,2011-02-25T10:02:04.800612255Z,v2_prior_key_0001277
v2_prior_0001278,v2_pay_0006968,v2_benchmark_merchant,763609,INR,succeeded,2011-02-24T14:12:11.100814634Z,2011-02-25T14:12:11.100814634Z,v2_prior_key_0001278
v2_prior_0001279,v2_pay_0006976,v2_benchmark_merchant,14672,INR,succeeded,2011-02-25T01:01:32.497160428Z,2011-02-26T01:01:32.497160428Z,v2_prior_key_0001279
v2_prior_0001280,v2_pay_0006980,v2_benchmark_merchant,191108,INR,succeeded,2011-02-25T05:15:37.115292956Z,2011-02-26T05:15:37.115292956Z,v2_prior_key_0001280
v2_prior_0001281,v2_pay_0006981,v2_benchmark_merchant,254073,INR,succeeded,2011-02-25T05:20:43.259071576Z,2011-02-26T05:20:43.259071576Z,v2_prior_key_0001281
v2_prior_0001282,v2_pay_0006987,v2_benchmark_merchant,541082,INR,succeeded,2011-02-25T16:51:42.679749793Z,2011-02-26T16:51:42.679749793Z,v2_prior_key_0001282
v2_prior_0001283,v2_pay_0006994,v2_benchmark_merchant,837804,INR,succeeded,2011-02-26T05:22:50.597243697Z,2011-02-27T05:22:50.597243697Z,v2_prior_key_0001283
v2_prior_0001284,v2_pay_0006995,v2_benchmark_merchant,1681965,INR,succeeded,2011-02-26T05:58:11.779039520Z,2011-02-27T05:58:11.779039520Z,v2_prior_key_0001284
v2_prior_0001285,v2_pay_0007000,v2_benchmark_merchant,645899,INR,succeeded,2011-02-26T16:29:30.978287142Z,2011-02-27T16:29:30.978287142Z,v2_prior_key_0001285
v2_prior_0001286,v2_pay_0007002,v2_benchmark_merchant,57463,INR,succeeded,2011-02-26T21:31:25.423209536Z,2011-02-27T21:31:25.423209536Z,v2_prior_key_0001286
v2_prior_0001287,v2_pay_0007005,v2_benchmark_merchant,314485,INR,succeeded,2011-02-27T00:01:46.602854004Z,2011-02-28T00:01:46.602854004Z,v2_prior_key_0001287
v2_prior_0001288,v2_pay_0007013,v2_benchmark_merchant,92274,INR,succeeded,2011-02-27T16:08:11.767431939Z,2011-02-28T16:08:11.767431939Z,v2_prior_key_0001288
v2_prior_0001289,v2_pay_0007017,v2_benchmark_merchant,423028,INR,succeeded,2011-02-28T05:22:53.206083462Z,2011-03-01T05:22:53.206083462Z,v2_prior_key_0001289
v2_prior_0001290,v2_pay_0007024,v2_benchmark_merchant,987471,INR,succeeded,2011-03-01T03:48:13.329244810Z,2011-03-02T03:48:13.329244810Z,v2_prior_key_0001290
v2_prior_0001291,v2_pay_0007029,v2_benchmark_merchant,2247075,INR,succeeded,2011-03-01T21:56:40.299327066Z,2011-03-02T21:56:40.299327066Z,v2_prior_key_0001291
v2_prior_0001292,v2_pay_0007051,v2_benchmark_merchant,1505895,INR,succeeded,2011-03-03T22:08:05.017099386Z,2011-03-04T22:08:05.017099386Z,v2_prior_key_0001292
v2_prior_0001293,v2_pay_0007055,v2_benchmark_merchant,2443854,INR,succeeded,2011-03-04T06:48:29.016111116Z,2011-03-05T06:48:29.016111116Z,v2_prior_key_0001293
v2_prior_0001294,v2_pay_0007062,v2_benchmark_merchant,464396,INR,succeeded,2011-03-04T23:17:10.700685711Z,2011-03-05T23:17:10.700685711Z,v2_prior_key_0001294
v2_prior_0001295,v2_pay_0007071,v2_benchmark_merchant,316231,INR,succeeded,2011-03-05T10:47:39.367291057Z,2011-03-06T10:47:39.367291057Z,v2_prior_key_0001295
v2_prior_0001296,v2_pay_0007080,v2_benchmark_merchant,300130,INR,succeeded,2011-03-06T01:21:36.301075113Z,2011-03-07T01:21:36.301075113Z,v2_prior_key_0001296
v2_prior_0001297,v2_pay_0007087,v2_benchmark_merchant,916361,INR,succeeded,2011-03-06T12:03:56.108326828Z,2011-03-07T12:03:56.108326828Z,v2_prior_key_0001297
v2_prior_0001298,v2_pay_0007088,v2_benchmark_merchant,380213,INR,succeeded,2011-03-06T13:39:30.237555230Z,2011-03-07T13:39:30.237555230Z,v2_prior_key_0001298
v2_prior_0001299,v2_pay_0007092,v2_benchmark_merchant,358193,INR,succeeded,2011-03-06T20:14:25.255473602Z,2011-03-07T20:14:25.255473602Z,v2_prior_key_0001299
v2_prior_0001300,v2_pay_0007097,v2_benchmark_merchant,379513,INR,succeeded,2011-03-07T09:00:42.197618406Z,2011-03-08T09:00:42.197618406Z,v2_prior_key_0001300
v2_prior_0001301,v2_pay_0007101,v2_benchmark_merchant,382954,INR,succeeded,2011-03-07T21:44:38.408610306Z,2011-03-08T21:44:38.408610306Z,v2_prior_key_0001301
v2_prior_0001302,v2_pay_0007103,v2_benchmark_merchant,1515127,INR,succeeded,2011-03-07T22:21:41.746942107Z,2011-03-08T22:21:41.746942107Z,v2_prior_key_0001302
v2_prior_0001303,v2_pay_0007105,v2_benchmark_merchant,870318,INR,succeeded,2011-03-08T01:10:52.516299476Z,2011-03-09T01:10:52.516299476Z,v2_prior_key_0001303
v2_prior_0001304,v2_pay_0007107,v2_benchmark_merchant,16839,INR,succeeded,2011-03-08T03:30:22.072027378Z,2011-03-09T03:30:22.072027378Z,v2_prior_key_0001304
v2_prior_0001305,v2_pay_0007118,v2_benchmark_merchant,135162,INR,succeeded,2011-03-08T23:27:17.503470921Z,2011-03-09T23:27:17.503470921Z,v2_prior_key_0001305
v2_prior_0001306,v2_pay_0007120,v2_benchmark_merchant,142559,INR,succeeded,2011-03-09T00:35:53.907094530Z,2011-03-10T00:35:53.907094530Z,v2_prior_key_0001306
v2_prior_0001307,v2_pay_0007127,v2_benchmark_merchant,720971,INR,succeeded,2011-03-09T11:51:43.145255754Z,2011-03-10T11:51:43.145255754Z,v2_prior_key_0001307
v2_prior_0001308,v2_pay_0007128,v2_benchmark_merchant,936884,INR,succeeded,2011-03-09T11:54:02.168157159Z,2011-03-10T11:54:02.168157159Z,v2_prior_key_0001308
v2_prior_0001309,v2_pay_0007129,v2_benchmark_merchant,365791,INR,succeeded,2011-03-09T13:15:27.604188340Z,2011-03-10T13:15:27.604188340Z,v2_prior_key_0001309
v2_prior_0001310,v2_pay_0007131,v2_benchmark_merchant,484319,INR,succeeded,2011-03-09T16:40:38.175725593Z,2011-03-10T16:40:38.175725593Z,v2_prior_key_0001310
v2_prior_0001311,v2_pay_0007134,v2_benchmark_merchant,246054,INR,succeeded,2011-03-09T23:58:13.927217637Z,2011-03-10T23:58:13.927217637Z,v2_prior_key_0001311
v2_prior_0001312,v2_pay_0007154,v2_benchmark_merchant,109245,INR,succeeded,2011-03-12T02:31:45.450838044Z,2011-03-13T02:31:45.450838044Z,v2_prior_key_0001312
v2_prior_0001313,v2_pay_0007155,v2_benchmark_merchant,313968,INR,succeeded,2011-03-12T02:59:55.649347782Z,2011-03-13T02:59:55.649347782Z,v2_prior_key_0001313
v2_prior_0001314,v2_pay_0007157,v2_benchmark_merchant,761579,INR,succeeded,2011-03-12T03:43:53.734908664Z,2011-03-13T03:43:53.734908664Z,v2_prior_key_0001314
v2_prior_0001315,v2_pay_0007159,v2_benchmark_merchant,721187,INR,succeeded,2011-03-12T04:31:09.658110942Z,2011-03-13T04:31:09.658110942Z,v2_prior_key_0001315
v2_prior_0001316,v2_pay_0007165,v2_benchmark_merchant,4916428,INR,succeeded,2011-03-13T02:32:28.672964317Z,2011-03-14T02:32:28.672964317Z,v2_prior_key_0001316
v2_prior_0001317,v2_pay_0007172,v2_benchmark_merchant,321200,INR,succeeded,2011-03-13T09:45:16.314860287Z,2011-03-14T09:45:16.314860287Z,v2_prior_key_0001317
v2_prior_0001318,v2_pay_0007173,v2_benchmark_merchant,2245481,INR,succeeded,2011-03-13T09:56:16.423537713Z,2011-03-14T09:56:16.423537713Z,v2_prior_key_0001318
v2_prior_0001319,v2_pay_0007181,v2_benchmark_merchant,222896,INR,succeeded,2011-03-13T17:58:39.184503206Z,2011-03-14T17:58:39.184503206Z,v2_prior_key_0001319
v2_prior_0001320,v2_pay_0007183,v2_benchmark_merchant,253927,INR,succeeded,2011-03-14T00:11:23.955145316Z,2011-03-15T00:11:23.955145316Z,v2_prior_key_0001320
v2_prior_0001321,v2_pay_0007186,v2_benchmark_merchant,1723337,INR,succeeded,2011-03-14T04:24:08.439565937Z,2011-03-15T04:24:08.439565937Z,v2_prior_key_0001321
v2_prior_0001322,v2_pay_0007187,v2_benchmark_merchant,404032,INR,succeeded,2011-03-14T05:07:13.530967675Z,2011-03-15T05:07:13.530967675Z,v2_prior_key_0001322
v2_prior_0001323,v2_pay_0007190,v2_benchmark_merchant,284757,INR,succeeded,2011-03-14T08:03:39.267823290Z,2011-03-15T08:03:39.267823290Z,v2_prior_key_0001323
v2_prior_0001324,v2_pay_0007192,v2_benchmark_merchant,3568967,INR,succeeded,2011-03-14T11:51:14.749390058Z,2011-03-15T11:51:14.749390058Z,v2_prior_key_0001324
v2_prior_0001325,v2_pay_0007196,v2_benchmark_merchant,618316,INR,succeeded,2011-03-15T02:44:08.892790564Z,2011-03-16T02:44:08.892790564Z,v2_prior_key_0001325
v2_prior_0001326,v2_pay_0007201,v2_benchmark_merchant,1390935,INR,succeeded,2011-03-15T09:05:12.242163397Z,2011-03-16T09:05:12.242163397Z,v2_prior_key_0001326
v2_prior_0001327,v2_pay_0007202,v2_benchmark_merchant,568493,INR,succeeded,2011-03-15T10:13:14.993090922Z,2011-03-16T10:13:14.993090922Z,v2_prior_key_0001327
v2_prior_0001328,v2_pay_0007213,v2_benchmark_merchant,2571324,INR,succeeded,2011-03-16T09:12:33.277193446Z,2011-03-17T09:12:33.277193446Z,v2_prior_key_0001328
v2_prior_0001329,v2_pay_0007215,v2_benchmark_merchant,127718,INR,succeeded,2011-03-16T15:04:13.097233999Z,2011-03-17T15:04:13.097233999Z,v2_prior_key_0001329
v2_prior_0001330,v2_pay_0007220,v2_benchmark_merchant,225728,INR,succeeded,2011-03-17T04:03:52.592509149Z,2011-03-18T04:03:52.592509149Z,v2_prior_key_0001330
v2_prior_0001331,v2_pay_0007224,v2_benchmark_merchant,1805474,INR,succeeded,2011-03-17T11:43:09.766245854Z,2011-03-18T11:43:09.766245854Z,v2_prior_key_0001331
v2_prior_0001332,v2_pay_0007225,v2_benchmark_merchant,188575,INR,succeeded,2011-03-17T12:19:34.918418923Z,2011-03-18T12:19:34.918418923Z,v2_prior_key_0001332
v2_prior_0001333,v2_pay_0007230,v2_benchmark_merchant,355157,INR,succeeded,2011-03-18T02:40:10.216767592Z,2011-03-19T02:40:10.216767592Z,v2_prior_key_0001333
v2_prior_0001334,v2_pay_0007251,v2_benchmark_merchant,822467,INR,succeeded,2011-03-19T11:29:01.351138762Z,2011-03-20T11:29:01.351138762Z,v2_prior_key_0001334
v2_prior_0001335,v2_pay_0007253,v2_benchmark_merchant,1639369,INR,succeeded,2011-03-19T13:59:31.680274669Z,2011-03-20T13:59:31.680274669Z,v2_prior_key_0001335
v2_prior_0001336,v2_pay_0007254,v2_benchmark_merchant,4759245,INR,succeeded,2011-03-19T17:02:40.507948629Z,2011-03-20T17:02:40.507948629Z,v2_prior_key_0001336
v2_prior_0001337,v2_pay_0007259,v2_benchmark_merchant,420209,INR,succeeded,2011-03-20T08:28:25.455188954Z,2011-03-21T08:28:25.455188954Z,v2_prior_key_0001337
v2_prior_0001338,v2_pay_0007263,v2_benchmark_merchant,14941,INR,succeeded,2011-03-20T14:03:38.529195426Z,2011-03-21T14:03:38.529195426Z,v2_prior_key_0001338
v2_prior_0001339,v2_pay_0007279,v2_benchmark_merchant,2284718,INR,succeeded,2011-03-21T13:25:46.470584613Z,2011-03-22T13:25:46.470584613Z,v2_prior_key_0001339
v2_prior_0001340,v2_pay_0007285,v2_benchmark_merchant,187708,INR,succeeded,2011-03-21T19:52:44.024570626Z,2011-03-22T19:52:44.024570626Z,v2_prior_key_0001340
v2_prior_0001341,v2_pay_0007287,v2_benchmark_merchant,652857,INR,succeeded,2011-03-21T21:13:18.379029235Z,2011-03-22T21:13:18.379029235Z,v2_prior_key_0001341
v2_prior_0001342,v2_pay_0007297,v2_benchmark_merchant,341069,INR,succeeded,2011-03-22T16:12:02.575128625Z,2011-03-23T16:12:02.575128625Z,v2_prior_key_0001342
v2_prior_0001343,v2_pay_0007303,v2_benchmark_merchant,1822978,INR,succeeded,2011-03-23T00:09:24.092629458Z,2011-03-24T00:09:24.092629458Z,v2_prior_key_0001343
v2_prior_0001344,v2_pay_0007304,v2_benchmark_merchant,1674097,INR,succeeded,2011-03-23T04:03:03.014119693Z,2011-03-24T04:03:03.014119693Z,v2_prior_key_0001344
v2_prior_0001345,v2_pay_0007307,v2_benchmark_merchant,1619073,INR,succeeded,2011-03-23T08:53:49.119251614Z,2011-03-24T08:53:49.119251614Z,v2_prior_key_0001345
v2_prior_0001346,v2_pay_0007310,v2_benchmark_merchant,319742,INR,succeeded,2011-03-23T14:45:22.524557253Z,2011-03-24T14:45:22.524557253Z,v2_prior_key_0001346
v2_prior_0001347,v2_pay_0007327,v2_benchmark_merchant,762416,INR,succeeded,2011-03-25T07:20:54.019242427Z,2011-03-26T07:20:54.019242427Z,v2_prior_key_0001347
v2_prior_0001348,v2_pay_0007346,v2_benchmark_merchant,1036202,INR,succeeded,2011-03-26T17:07:51.806598802Z,2011-03-27T17:07:51.806598802Z,v2_prior_key_0001348
v2_prior_0001349,v2_pay_0007350,v2_benchmark_merchant,220583,INR,succeeded,2011-03-27T00:01:45.889195641Z,2011-03-28T00:01:45.889195641Z,v2_prior_key_0001349
v2_prior_0001350,v2_pay_0007353,v2_benchmark_merchant,122990,INR,succeeded,2011-03-27T07:45:35.264329034Z,2011-03-28T07:45:35.264329034Z,v2_prior_key_0001350
v2_prior_0001351,v2_pay_0007354,v2_benchmark_merchant,804409,INR,succeeded,2011-03-27T08:29:24.167706462Z,2011-03-28T08:29:24.167706462Z,v2_prior_key_0001351
v2_prior_0001352,v2_pay_0007357,v2_benchmark_merchant,5462259,INR,succeeded,2011-03-27T10:55:03.578430651Z,2011-03-28T10:55:03.578430651Z,v2_prior_key_0001352
v2_prior_0001353,v2_pay_0007360,v2_benchmark_merchant,802981,INR,succeeded,2011-03-27T12:37:47.205298060Z,2011-03-28T12:37:47.205298060Z,v2_prior_key_0001353
v2_prior_0001354,v2_pay_0007361,v2_benchmark_merchant,61253,INR,succeeded,2011-03-27T12:52:21.600422586Z,2011-03-28T12:52:21.600422586Z,v2_prior_key_0001354
v2_prior_0001355,v2_pay_0007364,v2_benchmark_merchant,1229315,INR,succeeded,2011-03-27T13:52:18.677401137Z,2011-03-28T13:52:18.677401137Z,v2_prior_key_0001355
v2_prior_0001356,v2_pay_0007369,v2_benchmark_merchant,329612,INR,succeeded,2011-03-27T18:28:37.286547505Z,2011-03-28T18:28:37.286547505Z,v2_prior_key_0001356
v2_prior_0001357,v2_pay_0007373,v2_benchmark_merchant,174205,INR,succeeded,2011-03-27T23:04:52.594745188Z,2011-03-28T23:04:52.594745188Z,v2_prior_key_0001357
v2_prior_0001358,v2_pay_0007378,v2_benchmark_merchant,234826,INR,succeeded,2011-03-28T05:03:56.355515782Z,2011-03-29T05:03:56.355515782Z,v2_prior_key_0001358
v2_prior_0001359,v2_pay_0007383,v2_benchmark_merchant,232948,INR,succeeded,2011-03-28T07:46:09.691574240Z,2011-03-29T07:46:09.691574240Z,v2_prior_key_0001359
v2_prior_0001360,v2_pay_0007386,v2_benchmark_merchant,736442,INR,succeeded,2011-03-28T10:14:49.506057972Z,2011-03-29T10:14:49.506057972Z,v2_prior_key_0001360
v2_prior_0001361,v2_pay_0007388,v2_benchmark_merchant,750620,INR,succeeded,2011-03-28T11:03:42.041148858Z,2011-03-29T11:03:42.041148858Z,v2_prior_key_0001361
v2_prior_0001362,v2_pay_0007398,v2_benchmark_merchant,1119261,INR,succeeded,2011-03-28T23:17:32.303708467Z,2011-03-29T23:17:32.303708467Z,v2_prior_key_0001362
v2_prior_0001363,v2_pay_0007408,v2_benchmark_merchant,199098,INR,succeeded,2011-03-29T21:29:24.701509327Z,2011-03-30T21:29:24.701509327Z,v2_prior_key_0001363
v2_prior_0001364,v2_pay_0007413,v2_benchmark_merchant,380515,INR,succeeded,2011-03-30T02:42:34.609021257Z,2011-03-31T02:42:34.609021257Z,v2_prior_key_0001364
v2_prior_0001365,v2_pay_0007418,v2_benchmark_merchant,17435,INR,succeeded,2011-03-30T06:00:03.285606022Z,2011-03-31T06:00:03.285606022Z,v2_prior_key_0001365
v2_prior_0001366,v2_pay_0007420,v2_benchmark_merchant,58014,INR,succeeded,2011-03-30T08:00:38.357146599Z,2011-03-31T08:00:38.357146599Z,v2_prior_key_0001366
v2_prior_0001367,v2_pay_0007421,v2_benchmark_merchant,161656,INR,succeeded,2011-03-30T09:13:06.580416920Z,2011-03-31T09:13:06.580416920Z,v2_prior_key_0001367
v2_prior_0001368,v2_pay_0007423,v2_benchmark_merchant,148588,INR,succeeded,2011-03-30T10:31:44.087999194Z,2011-03-31T10:31:44.087999194Z,v2_prior_key_0001368
v2_prior_0001369,v2_pay_0007440,v2_benchmark_merchant,298184,INR,succeeded,2011-04-01T00:54:36.891862566Z,2011-04-02T00:54:36.891862566Z,v2_prior_key_0001369
v2_prior_0001370,v2_pay_0007446,v2_benchmark_merchant,388708,INR,succeeded,2011-04-01T08:30:53.956745059Z,2011-04-02T08:30:53.956745059Z,v2_prior_key_0001370
v2_prior_0001371,v2_pay_0007449,v2_benchmark_merchant,982084,INR,succeeded,2011-04-01T12:36:06.508137410Z,2011-04-02T12:36:06.508137410Z,v2_prior_key_0001371
v2_prior_0001372,v2_pay_0007451,v2_benchmark_merchant,4476166,INR,succeeded,2011-04-01T19:35:38.122678066Z,2011-04-02T19:35:38.122678066Z,v2_prior_key_0001372
v2_prior_0001373,v2_pay_0007452,v2_benchmark_merchant,435602,INR,succeeded,2011-04-01T20:29:00.478299034Z,2011-04-02T20:29:00.478299034Z,v2_prior_key_0001373
v2_prior_0001374,v2_pay_0007454,v2_benchmark_merchant,10530024,INR,succeeded,2011-04-02T01:00:53.174613790Z,2011-04-03T01:00:53.174613790Z,v2_prior_key_0001374
v2_prior_0001375,v2_pay_0007456,v2_benchmark_merchant,467471,INR,succeeded,2011-04-02T12:29:16.427020722Z,2011-04-03T12:29:16.427020722Z,v2_prior_key_0001375
v2_prior_0001376,v2_pay_0007472,v2_benchmark_merchant,419845,INR,succeeded,2011-04-03T12:51:26.987757541Z,2011-04-04T12:51:26.987757541Z,v2_prior_key_0001376
v2_prior_0001377,v2_pay_0007477,v2_benchmark_merchant,282684,INR,succeeded,2011-04-03T21:31:12.885198820Z,2011-04-04T21:31:12.885198820Z,v2_prior_key_0001377
v2_prior_0001378,v2_pay_0007492,v2_benchmark_merchant,51262,INR,succeeded,2011-04-04T22:00:35.694713438Z,2011-04-05T22:00:35.694713438Z,v2_prior_key_0001378
v2_prior_0001379,v2_pay_0007494,v2_benchmark_merchant,983609,INR,succeeded,2011-04-04T22:58:21.660257968Z,2011-04-05T22:58:21.660257968Z,v2_prior_key_0001379
v2_prior_0001380,v2_pay_0007533,v2_benchmark_merchant,84540,INR,succeeded,2011-04-08T01:19:01.610586712Z,2011-04-09T01:19:01.610586712Z,v2_prior_key_0001380
v2_prior_0001381,v2_pay_0007539,v2_benchmark_merchant,2775684,INR,succeeded,2011-04-08T12:47:02.904251313Z,2011-04-09T12:47:02.904251313Z,v2_prior_key_0001381
v2_prior_0001382,v2_pay_0007542,v2_benchmark_merchant,313829,INR,succeeded,2011-04-08T18:08:00.693381385Z,2011-04-09T18:08:00.693381385Z,v2_prior_key_0001382
v2_prior_0001383,v2_pay_0007543,v2_benchmark_merchant,21246,INR,succeeded,2011-04-08T19:36:12.816668630Z,2011-04-09T19:36:12.816668630Z,v2_prior_key_0001383
v2_prior_0001384,v2_pay_0007544,v2_benchmark_merchant,290597,INR,succeeded,2011-04-09T00:07:24.784897065Z,2011-04-10T00:07:24.784897065Z,v2_prior_key_0001384
v2_prior_0001385,v2_pay_0007545,v2_benchmark_merchant,770880,INR,succeeded,2011-04-09T00:56:07.580386277Z,2011-04-10T00:56:07.580386277Z,v2_prior_key_0001385
v2_prior_0001386,v2_pay_0007551,v2_benchmark_merchant,156280,INR,succeeded,2011-04-09T09:55:54.629701092Z,2011-04-10T09:55:54.629701092Z,v2_prior_key_0001386
v2_prior_0001387,v2_pay_0007556,v2_benchmark_merchant,196008,INR,succeeded,2011-04-09T21:48:52.376773514Z,2011-04-10T21:48:52.376773514Z,v2_prior_key_0001387
v2_prior_0001388,v2_pay_0007557,v2_benchmark_merchant,346094,INR,succeeded,2011-04-09T22:33:58.776640760Z,2011-04-10T22:33:58.776640760Z,v2_prior_key_0001388
v2_prior_0001389,v2_pay_0007561,v2_benchmark_merchant,244567,INR,succeeded,2011-04-10T01:57:01.621623292Z,2011-04-11T01:57:01.621623292Z,v2_prior_key_0001389
v2_prior_0001390,v2_pay_0007564,v2_benchmark_merchant,320820,INR,succeeded,2011-04-10T04:42:57.611826355Z,2011-04-11T04:42:57.611826355Z,v2_prior_key_0001390
v2_prior_0001391,v2_pay_0007569,v2_benchmark_merchant,296211,INR,succeeded,2011-04-10T16:39:16.341253015Z,2011-04-11T16:39:16.341253015Z,v2_prior_key_0001391
v2_prior_0001392,v2_pay_0007582,v2_benchmark_merchant,889766,INR,succeeded,2011-04-11T20:27:44.230648635Z,2011-04-12T20:27:44.230648635Z,v2_prior_key_0001392
v2_prior_0001393,v2_pay_0007584,v2_benchmark_merchant,288299,INR,succeeded,2011-04-11T22:49:26.109900609Z,2011-04-12T22:49:26.109900609Z,v2_prior_key_0001393
v2_prior_0001394,v2_pay_0007625,v2_benchmark_merchant,1605611,INR,succeeded,2011-04-14T20:46:27.061437891Z,2011-04-15T20:46:27.061437891Z,v2_prior_key_0001394
v2_prior_0001395,v2_pay_0007630,v2_benchmark_merchant,91567,INR,succeeded,2011-04-15T02:28:06.363318621Z,2011-04-16T02:28:06.363318621Z,v2_prior_key_0001395
v2_prior_0001396,v2_pay_0007636,v2_benchmark_merchant,2127157,INR,succeeded,2011-04-15T04:31:29.960223684Z,2011-04-16T04:31:29.960223684Z,v2_prior_key_0001396
v2_prior_0001397,v2_pay_0007652,v2_benchmark_merchant,128796,INR,succeeded,2011-04-16T02:35:16.574883391Z,2011-04-17T02:35:16.574883391Z,v2_prior_key_0001397
v2_prior_0001398,v2_pay_0007655,v2_benchmark_merchant,141267,INR,succeeded,2011-04-16T06:21:04.894662342Z,2011-04-17T06:21:04.894662342Z,v2_prior_key_0001398
v2_prior_0001399,v2_pay_0007658,v2_benchmark_merchant,535251,INR,succeeded,2011-04-16T10:40:10.845946196Z,2011-04-17T10:40:10.845946196Z,v2_prior_key_0001399
v2_prior_0001400,v2_pay_0007660,v2_benchmark_merchant,202312,INR,succeeded,2011-04-16T13:34:30.275578290Z,2011-04-17T13:34:30.275578290Z,v2_prior_key_0001400
v2_prior_0001401,v2_pay_0007661,v2_benchmark_merchant,432653,INR,succeeded,2011-04-16T13:37:41.360766842Z,2011-04-17T13:37:41.360766842Z,v2_prior_key_0001401
v2_prior_0001402,v2_pay_0007663,v2_benchmark_merchant,1121009,INR,succeeded,2011-04-16T14:21:12.351663774Z,2011-04-17T14:21:12.351663774Z,v2_prior_key_0001402
v2_prior_0001403,v2_pay_0007665,v2_benchmark_merchant,126372,INR,succeeded,2011-04-16T21:09:43.012506680Z,2011-04-17T21:09:43.012506680Z,v2_prior_key_0001403
v2_prior_0001404,v2_pay_0007671,v2_benchmark_merchant,944678,INR,succeeded,2011-04-17T05:42:19.178523174Z,2011-04-18T05:42:19.178523174Z,v2_prior_key_0001404
v2_prior_0001405,v2_pay_0007676,v2_benchmark_merchant,191747,INR,succeeded,2011-04-17T13:41:50.008750717Z,2011-04-18T13:41:50.008750717Z,v2_prior_key_0001405
v2_prior_0001406,v2_pay_0007679,v2_benchmark_merchant,6283088,INR,succeeded,2011-04-18T03:31:04.062874933Z,2011-04-19T03:31:04.062874933Z,v2_prior_key_0001406
v2_prior_0001407,v2_pay_0007683,v2_benchmark_merchant,250874,INR,succeeded,2011-04-18T06:43:02.612541722Z,2011-04-19T06:43:02.612541722Z,v2_prior_key_0001407
v2_prior_0001408,v2_pay_0007685,v2_benchmark_merchant,309454,INR,succeeded,2011-04-18T10:59:56.279296089Z,2011-04-19T10:59:56.279296089Z,v2_prior_key_0001408
v2_prior_0001409,v2_pay_0007686,v2_benchmark_merchant,4041081,INR,succeeded,2011-04-18T13:19:00.598891663Z,2011-04-19T13:19:00.598891663Z,v2_prior_key_0001409
v2_prior_0001410,v2_pay_0007690,v2_benchmark_merchant,310304,INR,succeeded,2011-04-18T18:23:44.242435050Z,2011-04-19T18:23:44.242435050Z,v2_prior_key_0001410
v2_prior_0001411,v2_pay_0007692,v2_benchmark_merchant,316998,INR,succeeded,2011-04-18T20:30:38.250709434Z,2011-04-19T20:30:38.250709434Z,v2_prior_key_0001411
v2_prior_0001412,v2_pay_0007699,v2_benchmark_merchant,1112261,INR,succeeded,2011-04-19T07:35:22.854462709Z,2011-04-20T07:35:22.854462709Z,v2_prior_key_0001412
v2_prior_0001413,v2_pay_0007700,v2_benchmark_merchant,167913,INR,succeeded,2011-04-19T07:53:33.442613006Z,2011-04-20T07:53:33.442613006Z,v2_prior_key_0001413
v2_prior_0001414,v2_pay_0007705,v2_benchmark_merchant,861052,INR,succeeded,2011-04-19T13:05:42.596106825Z,2011-04-20T13:05:42.596106825Z,v2_prior_key_0001414
v2_prior_0001415,v2_pay_0007713,v2_benchmark_merchant,611467,INR,succeeded,2011-04-20T02:32:13.783313762Z,2011-04-21T02:32:13.783313762Z,v2_prior_key_0001415
v2_prior_0001416,v2_pay_0007714,v2_benchmark_merchant,341495,INR,succeeded,2011-04-20T05:01:35.293401604Z,2011-04-21T05:01:35.293401604Z,v2_prior_key_0001416
v2_prior_0001417,v2_pay_0007718,v2_benchmark_merchant,441604,INR,succeeded,2011-04-20T09:41:52.341291556Z,2011-04-21T09:41:52.341291556Z,v2_prior_key_0001417
v2_prior_0001418,v2_pay_0007720,v2_benchmark_merchant,445377,INR,succeeded,2011-04-20T11:43:02.386170427Z,2011-04-21T11:43:02.386170427Z,v2_prior_key_0001418
v2_prior_0001419,v2_pay_0007725,v2_benchmark_merchant,2502233,INR,succeeded,2011-04-20T18:44:07.213192471Z,2011-04-21T18:44:07.213192471Z,v2_prior_key_0001419
v2_prior_0001420,v2_pay_0007727,v2_benchmark_merchant,2218821,INR,succeeded,2011-04-20T22:15:00.966017535Z,2011-04-21T22:15:00.966017535Z,v2_prior_key_0001420
v2_prior_0001421,v2_pay_0007731,v2_benchmark_merchant,727924,INR,succeeded,2011-04-21T05:11:08.878539908Z,2011-04-22T05:11:08.878539908Z,v2_prior_key_0001421
v2_prior_0001422,v2_pay_0007736,v2_benchmark_merchant,49004,INR,succeeded,2011-04-21T11:07:16.896995632Z,2011-04-22T11:07:16.896995632Z,v2_prior_key_0001422
v2_prior_0001423,v2_pay_0007738,v2_benchmark_merchant,212643,INR,succeeded,2011-04-21T17:06:03.413094142Z,2011-04-22T17:06:03.413094142Z,v2_prior_key_0001423
v2_prior_0001424,v2_pay_0007740,v2_benchmark_merchant,4563078,INR,succeeded,2011-04-21T20:53:58.507411552Z,2011-04-22T20:53:58.507411552Z,v2_prior_key_0001424
v2_prior_0001425,v2_pay_0007742,v2_benchmark_merchant,89757,INR,succeeded,2011-04-21T22:16:31.628221190Z,2011-04-22T22:16:31.628221190Z,v2_prior_key_0001425
v2_prior_0001426,v2_pay_0007746,v2_benchmark_merchant,137471,INR,succeeded,2011-04-22T03:26:27.350906460Z,2011-04-23T03:26:27.350906460Z,v2_prior_key_0001426
v2_prior_0001427,v2_pay_0007752,v2_benchmark_merchant,541381,INR,succeeded,2011-04-22T10:54:08.536450975Z,2011-04-23T10:54:08.536450975Z,v2_prior_key_0001427
v2_prior_0001428,v2_pay_0007757,v2_benchmark_merchant,791759,INR,succeeded,2011-04-22T21:09:30.551125516Z,2011-04-23T21:09:30.551125516Z,v2_prior_key_0001428
v2_prior_0001429,v2_pay_0007766,v2_benchmark_merchant,105612,INR,succeeded,2011-04-23T20:04:19.060321316Z,2011-04-24T20:04:19.060321316Z,v2_prior_key_0001429
v2_prior_0001430,v2_pay_0007768,v2_benchmark_merchant,306654,INR,succeeded,2011-04-23T22:55:04.858968944Z,2011-04-24T22:55:04.858968944Z,v2_prior_key_0001430
v2_prior_0001431,v2_pay_0007773,v2_benchmark_merchant,437265,INR,succeeded,2011-04-24T05:12:03.142507586Z,2011-04-25T05:12:03.142507586Z,v2_prior_key_0001431
v2_prior_0001432,v2_pay_0007777,v2_benchmark_merchant,361118,INR,succeeded,2011-04-24T09:26:01.263596899Z,2011-04-25T09:26:01.263596899Z,v2_prior_key_0001432
v2_prior_0001433,v2_pay_0007784,v2_benchmark_merchant,971052,INR,succeeded,2011-04-24T17:07:44.401466814Z,2011-04-25T17:07:44.401466814Z,v2_prior_key_0001433
v2_prior_0001434,v2_pay_0007801,v2_benchmark_merchant,1176112,INR,succeeded,2011-04-25T11:23:10.843187835Z,2011-04-26T11:23:10.843187835Z,v2_prior_key_0001434
v2_prior_0001435,v2_pay_0007813,v2_benchmark_merchant,391660,INR,succeeded,2011-04-26T17:00:01.005239110Z,2011-04-27T17:00:01.005239110Z,v2_prior_key_0001435
v2_prior_0001436,v2_pay_0007824,v2_benchmark_merchant,182818,INR,succeeded,2011-04-27T10:21:30.752746423Z,2011-04-28T10:21:30.752746423Z,v2_prior_key_0001436
v2_prior_0001437,v2_pay_0007831,v2_benchmark_merchant,402338,INR,succeeded,2011-04-28T00:52:20.046332024Z,2011-04-29T00:52:20.046332024Z,v2_prior_key_0001437
v2_prior_0001438,v2_pay_0007842,v2_benchmark_merchant,203406,INR,succeeded,2011-04-28T21:58:05.296073508Z,2011-04-29T21:58:05.296073508Z,v2_prior_key_0001438
v2_prior_0001439,v2_pay_0007847,v2_benchmark_merchant,4155,INR,succeeded,2011-04-29T03:43:09.521293358Z,2011-04-30T03:43:09.521293358Z,v2_prior_key_0001439
v2_prior_0001440,v2_pay_0007855,v2_benchmark_merchant,33562,INR,succeeded,2011-04-29T16:59:35.310033544Z,2011-04-30T16:59:35.310033544Z,v2_prior_key_0001440
v2_prior_0001441,v2_pay_0007857,v2_benchmark_merchant,173521,INR,succeeded,2011-04-29T19:02:42.718712766Z,2011-04-30T19:02:42.718712766Z,v2_prior_key_0001441
v2_prior_0001442,v2_pay_0007861,v2_benchmark_merchant,953671,INR,succeeded,2011-04-30T02:31:57.915346778Z,2011-05-01T02:31:57.915346778Z,v2_prior_key_0001442
v2_prior_0001443,v2_pay_0007864,v2_benchmark_merchant,199280,INR,succeeded,2011-04-30T07:21:44.125937839Z,2011-05-01T07:21:44.125937839Z,v2_prior_key_0001443
v2_prior_0001444,v2_pay_0007866,v2_benchmark_merchant,986936,INR,succeeded,2011-04-30T07:37:18.823186856Z,2011-05-01T07:37:18.823186856Z,v2_prior_key_0001444
v2_prior_0001445,v2_pay_0007884,v2_benchmark_merchant,565753,INR,succeeded,2011-05-01T12:51:12.447464127Z,2011-05-02T12:51:12.447464127Z,v2_prior_key_0001445
v2_prior_0001446,v2_pay_0007888,v2_benchmark_merchant,6190018,INR,succeeded,2011-05-02T00:43:28.127929448Z,2011-05-03T00:43:28.127929448Z,v2_prior_key_0001446
v2_prior_0001447,v2_pay_0007889,v2_benchmark_merchant,579943,INR,succeeded,2011-05-02T00:45:37.064115084Z,2011-05-03T00:45:37.064115084Z,v2_prior_key_0001447
v2_prior_0001448,v2_pay_0007895,v2_benchmark_merchant,934292,INR,succeeded,2011-05-02T13:44:52.946063082Z,2011-05-03T13:44:52.946063082Z,v2_prior_key_0001448
v2_prior_0001449,v2_pay_0007901,v2_benchmark_merchant,2140376,INR,succeeded,2011-05-03T04:02:31.465096684Z,2011-05-04T04:02:31.465096684Z,v2_prior_key_0001449
v2_prior_0001450,v2_pay_0007902,v2_benchmark_merchant,458953,INR,succeeded,2011-05-03T05:37:30.482097466Z,2011-05-04T05:37:30.482097466Z,v2_prior_key_0001450
v2_prior_0001451,v2_pay_0007914,v2_benchmark_merchant,2032391,INR,succeeded,2011-05-04T08:11:53.820288027Z,2011-05-05T08:11:53.820288027Z,v2_prior_key_0001451
v2_prior_0001452,v2_pay_0007925,v2_benchmark_merchant,590401,INR,succeeded,2011-05-05T04:52:18.264303004Z,2011-05-06T04:52:18.264303004Z,v2_prior_key_0001452
v2_prior_0001453,v2_pay_0007926,v2_benchmark_merchant,922720,INR,succeeded,2011-05-05T05:53:45.523376053Z,2011-05-06T05:53:45.523376053Z,v2_prior_key_0001453
v2_prior_0001454,v2_pay_0007934,v2_benchmark_merchant,234656,INR,succeeded,2011-05-06T16:03:16.891226890Z,2011-05-07T16:03:16.891226890Z,v2_prior_key_0001454
v2_prior_0001455,v2_pay_0007936,v2_benchmark_merchant,1467161,INR,succeeded,2011-05-06T17:08:47.235227361Z,2011-05-07T17:08:47.235227361Z,v2_prior_key_0001455
v2_prior_0001456,v2_pay_0007942,v2_benchmark_merchant,1259630,INR,succeeded,2011-05-07T17:22:19.008131773Z,2011-05-08T17:22:19.008131773Z,v2_prior_key_0001456
v2_prior_0001457,v2_pay_0007945,v2_benchmark_merchant,2225089,INR,succeeded,2011-05-07T23:54:08.939663065Z,2011-05-08T23:54:08.939663065Z,v2_prior_key_0001457
v2_prior_0001458,v2_pay_0007963,v2_benchmark_merchant,100217,INR,succeeded,2011-05-09T02:53:59.607227163Z,2011-05-10T02:53:59.607227163Z,v2_prior_key_0001458
v2_prior_0001459,v2_pay_0007975,v2_benchmark_merchant,89686,INR,succeeded,2011-05-10T00:11:06.781278680Z,2011-05-11T00:11:06.781278680Z,v2_prior_key_0001459
v2_prior_0001460,v2_pay_0007976,v2_benchmark_merchant,498562,INR,succeeded,2011-05-10T03:17:28.862541656Z,2011-05-11T03:17:28.862541656Z,v2_prior_key_0001460
v2_prior_0001461,v2_pay_0007982,v2_benchmark_merchant,480492,INR,succeeded,2011-05-10T14:09:27.367425808Z,2011-05-11T14:09:27.367425808Z,v2_prior_key_0001461
v2_prior_0001462,v2_pay_0007983,v2_benchmark_merchant,1246953,INR,succeeded,2011-05-10T15:08:26.190002008Z,2011-05-11T15:08:26.190002008Z,v2_prior_key_0001462
v2_prior_0001463,v2_pay_0007991,v2_benchmark_merchant,924154,INR,succeeded,2011-05-11T04:15:33.588825043Z,2011-05-12T04:15:33.588825043Z,v2_prior_key_0001463
v2_prior_0001464,v2_pay_0008000,v2_benchmark_merchant,148560,INR,succeeded,2011-05-11T20:55:36.132426375Z,2011-05-12T20:55:36.132426375Z,v2_prior_key_0001464
v2_prior_0001465,v2_pay_0008008,v2_benchmark_merchant,525853,INR,succeeded,2011-05-12T14:52:02.726170534Z,2011-05-13T14:52:02.726170534Z,v2_prior_key_0001465
v2_prior_0001466,v2_pay_0008012,v2_benchmark_merchant,609516,INR,succeeded,2011-05-13T00:17:56.255651014Z,2011-05-14T00:17:56.255651014Z,v2_prior_key_0001466
v2_prior_0001467,v2_pay_0008020,v2_benchmark_merchant,904102,INR,succeeded,2011-05-13T11:18:21.290296111Z,2011-05-14T11:18:21.290296111Z,v2_prior_key_0001467
v2_prior_0001468,v2_pay_0008021,v2_benchmark_merchant,288984,INR,succeeded,2011-05-13T12:41:03.377511226Z,2011-05-14T12:41:03.377511226Z,v2_prior_key_0001468
v2_prior_0001469,v2_pay_0008026,v2_benchmark_merchant,281256,INR,succeeded,2011-05-13T21:29:59.068242532Z,2011-05-14T21:29:59.068242532Z,v2_prior_key_0001469
v2_prior_0001470,v2_pay_0008028,v2_benchmark_merchant,383010,INR,succeeded,2011-05-14T04:30:05.210758873Z,2011-05-15T04:30:05.210758873Z,v2_prior_key_0001470
v2_prior_0001471,v2_pay_0008031,v2_benchmark_merchant,5745467,INR,succeeded,2011-05-14T10:57:30.966656668Z,2011-05-15T10:57:30.966656668Z,v2_prior_key_0001471
v2_prior_0001472,v2_pay_0008035,v2_benchmark_merchant,278690,INR,succeeded,2011-05-14T17:26:27.911850451Z,2011-05-15T17:26:27.911850451Z,v2_prior_key_0001472
v2_prior_0001473,v2_pay_0008047,v2_benchmark_merchant,304984,INR,succeeded,2011-05-15T09:12:26.952688815Z,2011-05-16T09:12:26.952688815Z,v2_prior_key_0001473
v2_prior_0001474,v2_pay_0008066,v2_benchmark_merchant,617263,INR,succeeded,2011-05-16T23:11:31.689669914Z,2011-05-17T23:11:31.689669914Z,v2_prior_key_0001474
v2_prior_0001475,v2_pay_0008069,v2_benchmark_merchant,743883,INR,succeeded,2011-05-17T10:27:51.298121640Z,2011-05-18T10:27:51.298121640Z,v2_prior_key_0001475
v2_prior_0001476,v2_pay_0008075,v2_benchmark_merchant,621697,INR,succeeded,2011-05-17T21:24:57.898766924Z,2011-05-18T21:24:57.898766924Z,v2_prior_key_0001476
v2_prior_0001477,v2_pay_0008079,v2_benchmark_merchant,225393,INR,succeeded,2011-05-18T00:09:31.126369140Z,2011-05-19T00:09:31.126369140Z,v2_prior_key_0001477
v2_prior_0001478,v2_pay_0008081,v2_benchmark_merchant,356568,INR,succeeded,2011-05-18T02:51:06.513992463Z,2011-05-19T02:51:06.513992463Z,v2_prior_key_0001478
v2_prior_0001479,v2_pay_0008083,v2_benchmark_merchant,242174,INR,succeeded,2011-05-18T03:18:28.856905474Z,2011-05-19T03:18:28.856905474Z,v2_prior_key_0001479
v2_prior_0001480,v2_pay_0008086,v2_benchmark_merchant,1925752,INR,succeeded,2011-05-18T04:51:09.597358286Z,2011-05-19T04:51:09.597358286Z,v2_prior_key_0001480
v2_prior_0001481,v2_pay_0008087,v2_benchmark_merchant,310750,INR,succeeded,2011-05-18T05:33:44.119412425Z,2011-05-19T05:33:44.119412425Z,v2_prior_key_0001481
v2_prior_0001482,v2_pay_0008102,v2_benchmark_merchant,73213,INR,succeeded,2011-05-19T06:56:29.596380675Z,2011-05-20T06:56:29.596380675Z,v2_prior_key_0001482
v2_prior_0001483,v2_pay_0008104,v2_benchmark_merchant,2035190,INR,succeeded,2011-05-19T07:44:34.327083747Z,2011-05-20T07:44:34.327083747Z,v2_prior_key_0001483
v2_prior_0001484,v2_pay_0008105,v2_benchmark_merchant,416466,INR,succeeded,2011-05-19T10:06:22.012709088Z,2011-05-20T10:06:22.012709088Z,v2_prior_key_0001484
v2_prior_0001485,v2_pay_0008108,v2_benchmark_merchant,629409,INR,succeeded,2011-05-19T12:17:24.725116068Z,2011-05-20T12:17:24.725116068Z,v2_prior_key_0001485
v2_prior_0001486,v2_pay_0008109,v2_benchmark_merchant,746521,INR,succeeded,2011-05-19T15:42:18.010789340Z,2011-05-20T15:42:18.010789340Z,v2_prior_key_0001486
v2_prior_0001487,v2_pay_0008118,v2_benchmark_merchant,5075038,INR,succeeded,2011-05-20T01:23:48.055210903Z,2011-05-21T01:23:48.055210903Z,v2_prior_key_0001487
v2_prior_0001488,v2_pay_0008122,v2_benchmark_merchant,1643284,INR,succeeded,2011-05-20T05:38:22.314434452Z,2011-05-21T05:38:22.314434452Z,v2_prior_key_0001488
v2_prior_0001489,v2_pay_0008125,v2_benchmark_merchant,3254,INR,succeeded,2011-05-20T06:20:40.649358447Z,2011-05-21T06:20:40.649358447Z,v2_prior_key_0001489
v2_prior_0001490,v2_pay_0008132,v2_benchmark_merchant,713146,INR,succeeded,2011-05-20T13:46:57.928153600Z,2011-05-21T13:46:57.928153600Z,v2_prior_key_0001490
v2_prior_0001491,v2_pay_0008139,v2_benchmark_merchant,469125,INR,succeeded,2011-05-20T23:35:55.423078327Z,2011-05-21T23:35:55.423078327Z,v2_prior_key_0001491
v2_prior_0001492,v2_pay_0008142,v2_benchmark_merchant,2030539,INR,succeeded,2011-05-21T05:55:26.150986978Z,2011-05-22T05:55:26.150986978Z,v2_prior_key_0001492
v2_prior_0001493,v2_pay_0008144,v2_benchmark_merchant,1746221,INR,succeeded,2011-05-21T10:59:01.657157328Z,2011-05-22T10:59:01.657157328Z,v2_prior_key_0001493
v2_prior_0001494,v2_pay_0008150,v2_benchmark_merchant,866731,INR,succeeded,2011-05-21T18:41:55.276019810Z,2011-05-22T18:41:55.276019810Z,v2_prior_key_0001494
v2_prior_0001495,v2_pay_0008153,v2_benchmark_merchant,552497,INR,succeeded,2011-05-21T21:38:45.920542041Z,2011-05-22T21:38:45.920542041Z,v2_prior_key_0001495
v2_prior_0001496,v2_pay_0008168,v2_benchmark_merchant,896999,INR,succeeded,2011-05-22T13:33:59.637866808Z,2011-05-23T13:33:59.637866808Z,v2_prior_key_0001496
v2_prior_0001497,v2_pay_0008179,v2_benchmark_merchant,79289,INR,succeeded,2011-05-22T22:41:04.852655292Z,2011-05-23T22:41:04.852655292Z,v2_prior_key_0001497
v2_prior_0001498,v2_pay_0008198,v2_benchmark_merchant,667735,INR,succeeded,2011-05-24T05:26:36.052929067Z,2011-05-25T05:26:36.052929067Z,v2_prior_key_0001498
v2_prior_0001499,v2_pay_0008208,v2_benchmark_merchant,259750,INR,succeeded,2011-05-24T20:22:14.968956936Z,2011-05-25T20:22:14.968956936Z,v2_prior_key_0001499
v2_prior_0001500,v2_pay_0008211,v2_benchmark_merchant,350384,INR,succeeded,2011-05-24T23:28:02.884049984Z,2011-05-25T23:28:02.884049984Z,v2_prior_key_0001500
v2_prior_0001501,v2_pay_0008218,v2_benchmark_merchant,5731991,INR,succeeded,2011-05-25T07:42:01.067556729Z,2011-05-26T07:42:01.067556729Z,v2_prior_key_0001501
v2_prior_0001502,v2_pay_0008226,v2_benchmark_merchant,401913,INR,succeeded,2011-05-25T14:12:00.020297161Z,2011-05-26T14:12:00.020297161Z,v2_prior_key_0001502
v2_prior_0001503,v2_pay_0008227,v2_benchmark_merchant,406077,INR,succeeded,2011-05-25T15:16:29.057123605Z,2011-05-26T15:16:29.057123605Z,v2_prior_key_0001503
v2_prior_0001504,v2_pay_0008237,v2_benchmark_merchant,541925,INR,succeeded,2011-05-25T22:30:01.801373722Z,2011-05-26T22:30:01.801373722Z,v2_prior_key_0001504
v2_prior_0001505,v2_pay_0008241,v2_benchmark_merchant,799981,INR,succeeded,2011-05-26T01:20:51.107994220Z,2011-05-27T01:20:51.107994220Z,v2_prior_key_0001505
v2_prior_0001506,v2_pay_0008250,v2_benchmark_merchant,122942,INR,succeeded,2011-05-26T22:38:01.317417914Z,2011-05-27T22:38:01.317417914Z,v2_prior_key_0001506
v2_prior_0001507,v2_pay_0008253,v2_benchmark_merchant,466069,INR,succeeded,2011-05-27T03:30:01.830829675Z,2011-05-28T03:30:01.830829675Z,v2_prior_key_0001507
v2_prior_0001508,v2_pay_0008256,v2_benchmark_merchant,1146156,INR,succeeded,2011-05-27T07:42:14.256117818Z,2011-05-28T07:42:14.256117818Z,v2_prior_key_0001508
v2_prior_0001509,v2_pay_0008262,v2_benchmark_merchant,1322074,INR,succeeded,2011-05-27T17:37:19.611894542Z,2011-05-28T17:37:19.611894542Z,v2_prior_key_0001509
v2_prior_0001510,v2_pay_0008265,v2_benchmark_merchant,1044391,INR,succeeded,2011-05-27T22:33:19.674947470Z,2011-05-28T22:33:19.674947470Z,v2_prior_key_0001510
v2_prior_0001511,v2_pay_0008267,v2_benchmark_merchant,926716,INR,succeeded,2011-05-28T04:37:54.128163559Z,2011-05-29T04:37:54.128163559Z,v2_prior_key_0001511
v2_prior_0001512,v2_pay_0008283,v2_benchmark_merchant,109039,INR,succeeded,2011-05-28T22:17:19.230091225Z,2011-05-29T22:17:19.230091225Z,v2_prior_key_0001512
v2_prior_0001513,v2_pay_0008286,v2_benchmark_merchant,1220258,INR,succeeded,2011-05-29T04:51:41.516054637Z,2011-05-30T04:51:41.516054637Z,v2_prior_key_0001513
v2_prior_0001514,v2_pay_0008297,v2_benchmark_merchant,500613,INR,succeeded,2011-05-29T18:03:22.466053147Z,2011-05-30T18:03:22.466053147Z,v2_prior_key_0001514
v2_prior_0001515,v2_pay_0008309,v2_benchmark_merchant,831513,INR,succeeded,2011-05-30T14:20:24.667219400Z,2011-05-31T14:20:24.667219400Z,v2_prior_key_0001515
v2_prior_0001516,v2_pay_0008312,v2_benchmark_merchant,891886,INR,succeeded,2011-05-30T17:40:04.790773225Z,2011-05-31T17:40:04.790773225Z,v2_prior_key_0001516
v2_prior_0001517,v2_pay_0008329,v2_benchmark_merchant,727225,INR,succeeded,2011-05-31T08:53:29.175739611Z,2011-06-01T08:53:29.175739611Z,v2_prior_key_0001517
v2_prior_0001518,v2_pay_0008333,v2_benchmark_merchant,241711,INR,succeeded,2011-05-31T11:35:50.580595974Z,2011-06-01T11:35:50.580595974Z,v2_prior_key_0001518
v2_prior_0001519,v2_pay_0008338,v2_benchmark_merchant,6206,INR,succeeded,2011-06-01T03:21:13.418171980Z,2011-06-02T03:21:13.418171980Z,v2_prior_key_0001519
v2_prior_0001520,v2_pay_0008340,v2_benchmark_merchant,664935,INR,succeeded,2011-06-01T07:49:54.102424162Z,2011-06-02T07:49:54.102424162Z,v2_prior_key_0001520
v2_prior_0001521,v2_pay_0008345,v2_benchmark_merchant,647890,INR,succeeded,2011-06-01T20:10:58.626720144Z,2011-06-02T20:10:58.626720144Z,v2_prior_key_0001521
v2_prior_0001522,v2_pay_0008352,v2_benchmark_merchant,327798,INR,succeeded,2011-06-02T11:17:48.305862068Z,2011-06-03T11:17:48.305862068Z,v2_prior_key_0001522
v2_prior_0001523,v2_pay_0008358,v2_benchmark_merchant,1213523,INR,succeeded,2011-06-02T22:47:26.642399572Z,2011-06-03T22:47:26.642399572Z,v2_prior_key_0001523
v2_prior_0001524,v2_pay_0008359,v2_benchmark_merchant,156821,INR,succeeded,2011-06-02T23:27:29.646421512Z,2011-06-03T23:27:29.646421512Z,v2_prior_key_0001524
v2_prior_0001525,v2_pay_0008363,v2_benchmark_merchant,1597054,INR,succeeded,2011-06-03T15:33:17.202651150Z,2011-06-04T15:33:17.202651150Z,v2_prior_key_0001525
v2_prior_0001526,v2_pay_0008370,v2_benchmark_merchant,314853,INR,succeeded,2011-06-04T02:09:50.731130026Z,2011-06-05T02:09:50.731130026Z,v2_prior_key_0001526
v2_prior_0001527,v2_pay_0008392,v2_benchmark_merchant,565067,INR,succeeded,2011-06-05T06:46:11.805832197Z,2011-06-06T06:46:11.805832197Z,v2_prior_key_0001527
v2_prior_0001528,v2_pay_0008394,v2_benchmark_merchant,1903167,INR,succeeded,2011-06-05T09:41:28.694440953Z,2011-06-06T09:41:28.694440953Z,v2_prior_key_0001528
v2_prior_0001529,v2_pay_0008396,v2_benchmark_merchant,17172,INR,succeeded,2011-06-05T12:43:19.837713536Z,2011-06-06T12:43:19.837713536Z,v2_prior_key_0001529
v2_prior_0001530,v2_pay_0008397,v2_benchmark_merchant,886760,INR,succeeded,2011-06-05T13:41:59.180780696Z,2011-06-06T13:41:59.180780696Z,v2_prior_key_0001530
v2_prior_0001531,v2_pay_0008414,v2_benchmark_merchant,821222,INR,succeeded,2011-06-06T09:11:55.315618849Z,2011-06-07T09:11:55.315618849Z,v2_prior_key_0001531
v2_prior_0001532,v2_pay_0008422,v2_benchmark_merchant,545190,INR,succeeded,2011-06-07T02:55:07.067883775Z,2011-06-08T02:55:07.067883775Z,v2_prior_key_0001532
v2_prior_0001533,v2_pay_0008429,v2_benchmark_merchant,771518,INR,succeeded,2011-06-07T12:55:53.102041572Z,2011-06-08T12:55:53.102041572Z,v2_prior_key_0001533
v2_prior_0001534,v2_pay_0008430,v2_benchmark_merchant,1517211,INR,succeeded,2011-06-07T13:17:41.132722071Z,2011-06-08T13:17:41.132722071Z,v2_prior_key_0001534
v2_prior_0001535,v2_pay_0008438,v2_benchmark_merchant,240331,INR,succeeded,2011-06-07T23:07:15.891352128Z,2011-06-08T23:07:15.891352128Z,v2_prior_key_0001535
v2_prior_0001536,v2_pay_0008443,v2_benchmark_merchant,1150913,INR,succeeded,2011-06-08T05:24:51.580073518Z,2011-06-09T05:24:51.580073518Z,v2_prior_key_0001536
v2_prior_0001537,v2_pay_0008447,v2_benchmark_merchant,917576,INR,succeeded,2011-06-08T16:50:10.476428183Z,2011-06-09T16:50:10.476428183Z,v2_prior_key_0001537
v2_prior_0001538,v2_pay_0008454,v2_benchmark_merchant,401873,INR,succeeded,2011-06-09T06:12:37.536865411Z,2011-06-10T06:12:37.536865411Z,v2_prior_key_0001538
v2_prior_0001539,v2_pay_0008457,v2_benchmark_merchant,216651,INR,succeeded,2011-06-09T08:03:16.074496906Z,2011-06-10T08:03:16.074496906Z,v2_prior_key_0001539
v2_prior_0001540,v2_pay_0008462,v2_benchmark_merchant,68973,INR,succeeded,2011-06-09T13:17:38.418115132Z,2011-06-10T13:17:38.418115132Z,v2_prior_key_0001540
v2_prior_0001541,v2_pay_0008473,v2_benchmark_merchant,1075255,INR,succeeded,2011-06-10T10:07:18.789157678Z,2011-06-11T10:07:18.789157678Z,v2_prior_key_0001541
v2_prior_0001542,v2_pay_0008482,v2_benchmark_merchant,839531,INR,succeeded,2011-06-10T19:54:40.133080129Z,2011-06-11T19:54:40.133080129Z,v2_prior_key_0001542
v2_prior_0001543,v2_pay_0008501,v2_benchmark_merchant,1805081,INR,succeeded,2011-06-12T06:29:08.575176001Z,2011-06-13T06:29:08.575176001Z,v2_prior_key_0001543
v2_prior_0001544,v2_pay_0008509,v2_benchmark_merchant,506901,INR,succeeded,2011-06-12T13:06:50.448620413Z,2011-06-13T13:06:50.448620413Z,v2_prior_key_0001544
v2_prior_0001545,v2_pay_0008514,v2_benchmark_merchant,643835,INR,succeeded,2011-06-12T19:22:31.874952717Z,2011-06-13T19:22:31.874952717Z,v2_prior_key_0001545
v2_prior_0001546,v2_pay_0008518,v2_benchmark_merchant,907438,INR,succeeded,2011-06-13T04:05:23.662604713Z,2011-06-14T04:05:23.662604713Z,v2_prior_key_0001546
v2_prior_0001547,v2_pay_0008520,v2_benchmark_merchant,15298,INR,succeeded,2011-06-13T09:35:06.259279354Z,2011-06-14T09:35:06.259279354Z,v2_prior_key_0001547
v2_prior_0001548,v2_pay_0008522,v2_benchmark_merchant,963564,INR,succeeded,2011-06-13T11:14:03.312420462Z,2011-06-14T11:14:03.312420462Z,v2_prior_key_0001548
v2_prior_0001549,v2_pay_0008530,v2_benchmark_merchant,1014574,INR,succeeded,2011-06-13T21:03:32.012497994Z,2011-06-14T21:03:32.012497994Z,v2_prior_key_0001549
v2_prior_0001550,v2_pay_0008532,v2_benchmark_merchant,1128399,INR,succeeded,2011-06-14T02:40:22.059866853Z,2011-06-15T02:40:22.059866853Z,v2_prior_key_0001550
v2_prior_0001551,v2_pay_0008533,v2_benchmark_merchant,633156,INR,succeeded,2011-06-14T04:00:31.233399072Z,2011-06-15T04:00:31.233399072Z,v2_prior_key_0001551
v2_prior_0001552,v2_pay_0008546,v2_benchmark_merchant,287314,INR,succeeded,2011-06-15T05:17:58.952414408Z,2011-06-16T05:17:58.952414408Z,v2_prior_key_0001552
v2_prior_0001553,v2_pay_0008561,v2_benchmark_merchant,94901,INR,succeeded,2011-06-15T23:01:19.519211136Z,2011-06-16T23:01:19.519211136Z,v2_prior_key_0001553
v2_prior_0001554,v2_pay_0008563,v2_benchmark_merchant,1103875,INR,succeeded,2011-06-16T04:09:25.900683340Z,2011-06-17T04:09:25.900683340Z,v2_prior_key_0001554
v2_prior_0001555,v2_pay_0008564,v2_benchmark_merchant,1040550,INR,succeeded,2011-06-16T09:19:13.235797628Z,2011-06-17T09:19:13.235797628Z,v2_prior_key_0001555
v2_prior_0001556,v2_pay_0008571,v2_benchmark_merchant,85688,INR,succeeded,2011-06-16T17:19:46.449633322Z,2011-06-17T17:19:46.449633322Z,v2_prior_key_0001556
v2_prior_0001557,v2_pay_0008573,v2_benchmark_merchant,974519,INR,succeeded,2011-06-16T18:14:15.943004202Z,2011-06-17T18:14:15.943004202Z,v2_prior_key_0001557
v2_prior_0001558,v2_pay_0008575,v2_benchmark_merchant,208054,INR,succeeded,2011-06-16T20:14:46.439234894Z,2011-06-17T20:14:46.439234894Z,v2_prior_key_0001558
v2_prior_0001559,v2_pay_0008577,v2_benchmark_merchant,250701,INR,succeeded,2011-06-16T21:11:48.052092404Z,2011-06-17T21:11:48.052092404Z,v2_prior_key_0001559
v2_prior_0001560,v2_pay_0008584,v2_benchmark_merchant,2894490,INR,succeeded,2011-06-17T10:29:31.880695104Z,2011-06-18T10:29:31.880695104Z,v2_prior_key_0001560
v2_prior_0001561,v2_pay_0008598,v2_benchmark_merchant,1435445,INR,succeeded,2011-06-18T19:55:28.523699293Z,2011-06-19T19:55:28.523699293Z,v2_prior_key_0001561
v2_prior_0001562,v2_pay_0008610,v2_benchmark_merchant,1299034,INR,succeeded,2011-06-19T09:50:55.293380004Z,2011-06-20T09:50:55.293380004Z,v2_prior_key_0001562
v2_prior_0001563,v2_pay_0008611,v2_benchmark_merchant,278579,INR,succeeded,2011-06-19T11:37:24.993164668Z,2011-06-20T11:37:24.993164668Z,v2_prior_key_0001563
v2_prior_0001564,v2_pay_0008625,v2_benchmark_merchant,262651,INR,succeeded,2011-06-20T18:41:07.472676829Z,2011-06-21T18:41:07.472676829Z,v2_prior_key_0001564
v2_prior_0001565,v2_pay_0008629,v2_benchmark_merchant,353148,INR,succeeded,2011-06-21T00:30:26.958934874Z,2011-06-22T00:30:26.958934874Z,v2_prior_key_0001565
v2_prior_0001566,v2_pay_0008630,v2_benchmark_merchant,155333,INR,succeeded,2011-06-21T03:17:41.315698725Z,2011-06-22T03:17:41.315698725Z,v2_prior_key_0001566
v2_prior_0001567,v2_pay_0008635,v2_benchmark_merchant,377755,INR,succeeded,2011-06-21T14:19:24.813143125Z,2011-06-22T14:19:24.813143125Z,v2_prior_key_0001567
v2_prior_0001568,v2_pay_0008637,v2_benchmark_merchant,917859,INR,succeeded,2011-06-21T17:28:55.846521780Z,2011-06-22T17:28:55.846521780Z,v2_prior_key_0001568
v2_prior_0001569,v2_pay_0008649,v2_benchmark_merchant,454358,INR,succeeded,2011-06-22T06:30:12.713581640Z,2011-06-23T06:30:12.713581640Z,v2_prior_key_0001569
v2_prior_0001570,v2_pay_0008650,v2_benchmark_merchant,1116766,INR,succeeded,2011-06-22T07:12:57.307238438Z,2011-06-23T07:12:57.307238438Z,v2_prior_key_0001570
v2_prior_0001571,v2_pay_0008653,v2_benchmark_merchant,489007,INR,succeeded,2011-06-22T14:42:37.684320855Z,2011-06-23T14:42:37.684320855Z,v2_prior_key_0001571
v2_prior_0001572,v2_pay_0008664,v2_benchmark_merchant,226826,INR,succeeded,2011-06-23T10:58:07.413064450Z,2011-06-24T10:58:07.413064450Z,v2_prior_key_0001572
v2_prior_0001573,v2_pay_0008665,v2_benchmark_merchant,134926,INR,succeeded,2011-06-23T15:05:38.070742141Z,2011-06-24T15:05:38.070742141Z,v2_prior_key_0001573
v2_prior_0001574,v2_pay_0008701,v2_benchmark_merchant,485317,INR,succeeded,2011-06-25T14:43:15.170105564Z,2011-06-26T14:43:15.170105564Z,v2_prior_key_0001574
v2_prior_0001575,v2_pay_0008706,v2_benchmark_merchant,170827,INR,succeeded,2011-06-26T00:46:15.160122765Z,2011-06-27T00:46:15.160122765Z,v2_prior_key_0001575
v2_prior_0001576,v2_pay_0008715,v2_benchmark_merchant,610389,INR,succeeded,2011-06-26T05:03:13.099307062Z,2011-06-27T05:03:13.099307062Z,v2_prior_key_0001576
v2_prior_0001577,v2_pay_0008721,v2_benchmark_merchant,580365,INR,succeeded,2011-06-26T15:57:10.281729763Z,2011-06-27T15:57:10.281729763Z,v2_prior_key_0001577
v2_prior_0001578,v2_pay_0008727,v2_benchmark_merchant,778769,INR,succeeded,2011-06-26T21:54:58.005743583Z,2011-06-27T21:54:58.005743583Z,v2_prior_key_0001578
v2_prior_0001579,v2_pay_0008730,v2_benchmark_merchant,1093006,INR,succeeded,2011-06-27T02:24:27.708699464Z,2011-06-28T02:24:27.708699464Z,v2_prior_key_0001579
v2_prior_0001580,v2_pay_0008732,v2_benchmark_merchant,747661,INR,succeeded,2011-06-27T05:24:44.851729076Z,2011-06-28T05:24:44.851729076Z,v2_prior_key_0001580
v2_prior_0001581,v2_pay_0008736,v2_benchmark_merchant,591695,INR,succeeded,2011-06-27T11:22:21.014013404Z,2011-06-28T11:22:21.014013404Z,v2_prior_key_0001581
v2_prior_0001582,v2_pay_0008741,v2_benchmark_merchant,1459125,INR,succeeded,2011-06-27T19:18:54.082922301Z,2011-06-28T19:18:54.082922301Z,v2_prior_key_0001582
v2_prior_0001583,v2_pay_0008745,v2_benchmark_merchant,2596745,INR,succeeded,2011-06-28T03:21:47.833916285Z,2011-06-29T03:21:47.833916285Z,v2_prior_key_0001583
v2_prior_0001584,v2_pay_0008750,v2_benchmark_merchant,14717,INR,succeeded,2011-06-28T06:11:34.270502865Z,2011-06-29T06:11:34.270502865Z,v2_prior_key_0001584
v2_prior_0001585,v2_pay_0008763,v2_benchmark_merchant,1126972,INR,succeeded,2011-06-28T23:12:37.233120296Z,2011-06-29T23:12:37.233120296Z,v2_prior_key_0001585
v2_prior_0001586,v2_pay_0008765,v2_benchmark_merchant,378169,INR,succeeded,2011-06-29T07:27:26.458185201Z,2011-06-30T07:27:26.458185201Z,v2_prior_key_0001586
v2_prior_0001587,v2_pay_0008767,v2_benchmark_merchant,5114929,INR,succeeded,2011-06-29T14:20:50.181720752Z,2011-06-30T14:20:50.181720752Z,v2_prior_key_0001587
v2_prior_0001588,v2_pay_0008770,v2_benchmark_merchant,1557927,INR,succeeded,2011-06-29T18:50:57.838777317Z,2011-06-30T18:50:57.838777317Z,v2_prior_key_0001588
v2_prior_0001589,v2_pay_0008772,v2_benchmark_merchant,1633243,INR,succeeded,2011-06-29T20:27:24.489774420Z,2011-06-30T20:27:24.489774420Z,v2_prior_key_0001589
v2_prior_0001590,v2_pay_0008778,v2_benchmark_merchant,2054961,INR,succeeded,2011-06-30T00:24:44.673683522Z,2011-07-01T00:24:44.673683522Z,v2_prior_key_0001590
v2_prior_0001591,v2_pay_0008780,v2_benchmark_merchant,203209,INR,succeeded,2011-06-30T01:02:44.684719106Z,2011-07-01T01:02:44.684719106Z,v2_prior_key_0001591
v2_prior_0001592,v2_pay_0008787,v2_benchmark_merchant,689333,INR,succeeded,2011-06-30T17:57:27.159149473Z,2011-07-01T17:57:27.159149473Z,v2_prior_key_0001592
v2_prior_0001593,v2_pay_0008797,v2_benchmark_merchant,678391,INR,succeeded,2011-07-01T16:06:44.511023962Z,2011-07-02T16:06:44.511023962Z,v2_prior_key_0001593
v2_prior_0001594,v2_pay_0008807,v2_benchmark_merchant,2013745,INR,succeeded,2011-07-02T09:36:53.312156013Z,2011-07-03T09:36:53.312156013Z,v2_prior_key_0001594
v2_prior_0001595,v2_pay_0008814,v2_benchmark_merchant,636903,INR,succeeded,2011-07-02T16:57:15.907680801Z,2011-07-03T16:57:15.907680801Z,v2_prior_key_0001595
v2_prior_0001596,v2_pay_0008817,v2_benchmark_merchant,597850,INR,succeeded,2011-07-02T18:13:21.208730833Z,2011-07-03T18:13:21.208730833Z,v2_prior_key_0001596
v2_prior_0001597,v2_pay_0008818,v2_benchmark_merchant,1019676,INR,succeeded,2011-07-02T18:48:56.913377766Z,2011-07-03T18:48:56.913377766Z,v2_prior_key_0001597
v2_prior_0001598,v2_pay_0008820,v2_benchmark_merchant,921764,INR,succeeded,2011-07-02T20:00:00.109986576Z,2011-07-03T20:00:00.109986576Z,v2_prior_key_0001598
v2_prior_0001599,v2_pay_0008833,v2_benchmark_merchant,766727,INR,succeeded,2011-07-03T16:18:18.393837075Z,2011-07-04T16:18:18.393837075Z,v2_prior_key_0001599
v2_prior_0001600,v2_pay_0008837,v2_benchmark_merchant,2249894,INR,succeeded,2011-07-04T00:33:07.585634684Z,2011-07-05T00:33:07.585634684Z,v2_prior_key_0001600
v2_prior_0001601,v2_pay_0008838,v2_benchmark_merchant,208615,INR,succeeded,2011-07-04T02:16:02.658471644Z,2011-07-05T02:16:02.658471644Z,v2_prior_key_0001601
v2_prior_0001602,v2_pay_0008847,v2_benchmark_merchant,659778,INR,succeeded,2011-07-04T14:46:11.110253736Z,2011-07-05T14:46:11.110253736Z,v2_prior_key_0001602
v2_prior_0001603,v2_pay_0008854,v2_benchmark_merchant,775981,INR,succeeded,2011-07-05T03:25:40.861852026Z,2011-07-06T03:25:40.861852026Z,v2_prior_key_0001603
v2_prior_0001604,v2_pay_0008855,v2_benchmark_merchant,151053,INR,succeeded,2011-07-05T03:52:44.523633184Z,2011-07-06T03:52:44.523633184Z,v2_prior_key_0001604
v2_prior_0001605,v2_pay_0008859,v2_benchmark_merchant,352710,INR,succeeded,2011-07-05T11:21:45.799790924Z,2011-07-06T11:21:45.799790924Z,v2_prior_key_0001605
v2_prior_0001606,v2_pay_0008861,v2_benchmark_merchant,1413998,INR,succeeded,2011-07-05T19:27:37.343902Z,2011-07-06T19:27:37.343902Z,v2_prior_key_0001606
v2_prior_0001607,v2_pay_0008872,v2_benchmark_merchant,397562,INR,succeeded,2011-07-06T07:56:34.454674030Z,2011-07-07T07:56:34.454674030Z,v2_prior_key_0001607
v2_prior_0001608,v2_pay_0008877,v2_benchmark_merchant,7740745,INR,succeeded,2011-07-06T13:01:52.325158966Z,2011-07-07T13:01:52.325158966Z,v2_prior_key_0001608
v2_prior_0001609,v2_pay_0008880,v2_benchmark_merchant,203134,INR,succeeded,2011-07-06T15:04:38.854145506Z,2011-07-07T15:04:38.854145506Z,v2_prior_key_0001609
v2_prior_0001610,v2_pay_0008882,v2_benchmark_merchant,379364,INR,succeeded,2011-07-06T17:23:40.043446732Z,2011-07-07T17:23:40.043446732Z,v2_prior_key_0001610
v2_prior_0001611,v2_pay_0008883,v2_benchmark_merchant,1461864,INR,succeeded,2011-07-06T20:03:12.034658388Z,2011-07-07T20:03:12.034658388Z,v2_prior_key_0001611
v2_prior_0001612,v2_pay_0008890,v2_benchmark_merchant,140889,INR,succeeded,2011-07-07T08:51:54.738562749Z,2011-07-08T08:51:54.738562749Z,v2_prior_key_0001612
v2_prior_0001613,v2_pay_0008895,v2_benchmark_merchant,205138,INR,succeeded,2011-07-07T19:49:15.377373160Z,2011-07-08T19:49:15.377373160Z,v2_prior_key_0001613
v2_prior_0001614,v2_pay_0008896,v2_benchmark_merchant,4297747,INR,succeeded,2011-07-07T19:49:34.752992982Z,2011-07-08T19:49:34.752992982Z,v2_prior_key_0001614
v2_prior_0001615,v2_pay_0008906,v2_benchmark_merchant,482438,INR,succeeded,2011-07-08T15:59:19.579592662Z,2011-07-09T15:59:19.579592662Z,v2_prior_key_0001615
v2_prior_0001616,v2_pay_0008911,v2_benchmark_merchant,133100,INR,succeeded,2011-07-09T02:20:44.498492866Z,2011-07-10T02:20:44.498492866Z,v2_prior_key_0001616
v2_prior_0001617,v2_pay_0008916,v2_benchmark_merchant,394538,INR,succeeded,2011-07-09T12:43:06.617085944Z,2011-07-10T12:43:06.617085944Z,v2_prior_key_0001617
v2_prior_0001618,v2_pay_0008918,v2_benchmark_merchant,251680,INR,succeeded,2011-07-09T23:05:16.641061272Z,2011-07-10T23:05:16.641061272Z,v2_prior_key_0001618
v2_prior_0001619,v2_pay_0008932,v2_benchmark_merchant,139850,INR,succeeded,2011-07-10T18:19:51.650118151Z,2011-07-11T18:19:51.650118151Z,v2_prior_key_0001619
v2_prior_0001620,v2_pay_0008933,v2_benchmark_merchant,1146502,INR,succeeded,2011-07-10T19:58:39.046173984Z,2011-07-11T19:58:39.046173984Z,v2_prior_key_0001620
v2_prior_0001621,v2_pay_0008941,v2_benchmark_merchant,608210,INR,succeeded,2011-07-11T16:52:24.212882846Z,2011-07-12T16:52:24.212882846Z,v2_prior_key_0001621
v2_prior_0001622,v2_pay_0008945,v2_benchmark_merchant,439793,INR,succeeded,2011-07-11T21:34:41.578566752Z,2011-07-12T21:34:41.578566752Z,v2_prior_key_0001622
v2_prior_0001623,v2_pay_0008949,v2_benchmark_merchant,1069726,INR,succeeded,2011-07-12T03:26:59.428070743Z,2011-07-13T03:26:59.428070743Z,v2_prior_key_0001623
v2_prior_0001624,v2_pay_0008955,v2_benchmark_merchant,509248,INR,succeeded,2011-07-12T12:17:39.409892149Z,2011-07-13T12:17:39.409892149Z,v2_prior_key_0001624
v2_prior_0001625,v2_pay_0008960,v2_benchmark_merchant,143448,INR,succeeded,2011-07-12T23:11:57.841420650Z,2011-07-13T23:11:57.841420650Z,v2_prior_key_0001625
v2_prior_0001626,v2_pay_0008962,v2_benchmark_merchant,418790,INR,succeeded,2011-07-13T01:44:29.938484096Z,2011-07-14T01:44:29.938484096Z,v2_prior_key_0001626
v2_prior_0001627,v2_pay_0008964,v2_benchmark_merchant,18038,INR,succeeded,2011-07-13T03:11:06.307548800Z,2011-07-14T03:11:06.307548800Z,v2_prior_key_0001627
v2_prior_0001628,v2_pay_0008966,v2_benchmark_merchant,991209,INR,succeeded,2011-07-13T07:00:54.612665966Z,2011-07-14T07:00:54.612665966Z,v2_prior_key_0001628
v2_prior_0001629,v2_pay_0008969,v2_benchmark_merchant,482802,INR,succeeded,2011-07-13T15:27:14.452319658Z,2011-07-14T15:27:14.452319658Z,v2_prior_key_0001629
v2_prior_0001630,v2_pay_0008981,v2_benchmark_merchant,17349,INR,succeeded,2011-07-14T07:18:32.249650008Z,2011-07-15T07:18:32.249650008Z,v2_prior_key_0001630
v2_prior_0001631,v2_pay_0008984,v2_benchmark_merchant,392800,INR,succeeded,2011-07-14T10:20:40.691092194Z,2011-07-15T10:20:40.691092194Z,v2_prior_key_0001631
v2_prior_0001632,v2_pay_0008991,v2_benchmark_merchant,101479,INR,succeeded,2011-07-14T18:07:10.302608290Z,2011-07-15T18:07:10.302608290Z,v2_prior_key_0001632
v2_prior_0001633,v2_pay_0008997,v2_benchmark_merchant,953597,INR,succeeded,2011-07-15T08:22:24.067166485Z,2011-07-16T08:22:24.067166485Z,v2_prior_key_0001633
v2_prior_0001634,v2_pay_0008998,v2_benchmark_merchant,74756,INR,succeeded,2011-07-15T10:52:10.981975813Z,2011-07-16T10:52:10.981975813Z,v2_prior_key_0001634
v2_prior_0001635,v2_pay_0009002,v2_benchmark_merchant,233149,INR,succeeded,2011-07-15T15:30:59.545523882Z,2011-07-16T15:30:59.545523882Z,v2_prior_key_0001635
v2_prior_0001636,v2_pay_0009003,v2_benchmark_merchant,6644,INR,succeeded,2011-07-15T18:51:41.028394767Z,2011-07-16T18:51:41.028394767Z,v2_prior_key_0001636
v2_prior_0001637,v2_pay_0009016,v2_benchmark_merchant,307557,INR,succeeded,2011-07-16T11:55:14.848312296Z,2011-07-17T11:55:14.848312296Z,v2_prior_key_0001637
v2_prior_0001638,v2_pay_0009023,v2_benchmark_merchant,705551,INR,succeeded,2011-07-16T17:13:56.804676172Z,2011-07-17T17:13:56.804676172Z,v2_prior_key_0001638
v2_prior_0001639,v2_pay_0009036,v2_benchmark_merchant,577091,INR,succeeded,2011-07-17T21:20:32.278771299Z,2011-07-18T21:20:32.278771299Z,v2_prior_key_0001639
v2_prior_0001640,v2_pay_0009041,v2_benchmark_merchant,523404,INR,succeeded,2011-07-18T04:19:45.639739820Z,2011-07-19T04:19:45.639739820Z,v2_prior_key_0001640
v2_prior_0001641,v2_pay_0009055,v2_benchmark_merchant,2366795,INR,succeeded,2011-07-19T00:09:59.269138701Z,2011-07-20T00:09:59.269138701Z,v2_prior_key_0001641
v2_prior_0001642,v2_pay_0009061,v2_benchmark_merchant,1564611,INR,succeeded,2011-07-19T08:13:06.463538970Z,2011-07-20T08:13:06.463538970Z,v2_prior_key_0001642
v2_prior_0001643,v2_pay_0009063,v2_benchmark_merchant,1449248,INR,succeeded,2011-07-19T11:17:52.295166262Z,2011-07-20T11:17:52.295166262Z,v2_prior_key_0001643
v2_prior_0001644,v2_pay_0009073,v2_benchmark_merchant,466670,INR,succeeded,2011-07-20T03:05:01.435217511Z,2011-07-21T03:05:01.435217511Z,v2_prior_key_0001644
v2_prior_0001645,v2_pay_0009076,v2_benchmark_merchant,897998,INR,succeeded,2011-07-20T04:55:36.931787654Z,2011-07-21T04:55:36.931787654Z,v2_prior_key_0001645
v2_prior_0001646,v2_pay_0009084,v2_benchmark_merchant,1208624,INR,succeeded,2011-07-20T18:15:07.148711532Z,2011-07-21T18:15:07.148711532Z,v2_prior_key_0001646
v2_prior_0001647,v2_pay_0009098,v2_benchmark_merchant,37667,INR,succeeded,2011-07-21T16:23:47.673777486Z,2011-07-22T16:23:47.673777486Z,v2_prior_key_0001647
v2_prior_0001648,v2_pay_0009102,v2_benchmark_merchant,456822,INR,succeeded,2011-07-21T23:21:13.098657453Z,2011-07-22T23:21:13.098657453Z,v2_prior_key_0001648
v2_prior_0001649,v2_pay_0009108,v2_benchmark_merchant,508414,INR,succeeded,2011-07-22T06:58:36.903682742Z,2011-07-23T06:58:36.903682742Z,v2_prior_key_0001649
v2_prior_0001650,v2_pay_0009127,v2_benchmark_merchant,2724641,INR,succeeded,2011-07-23T09:37:46.541479300Z,2011-07-24T09:37:46.541479300Z,v2_prior_key_0001650
v2_prior_0001651,v2_pay_0009132,v2_benchmark_merchant,7460,INR,succeeded,2011-07-23T22:08:52.807206567Z,2011-07-24T22:08:52.807206567Z,v2_prior_key_0001651
v2_prior_0001652,v2_pay_0009135,v2_benchmark_merchant,1979072,INR,succeeded,2011-07-24T02:23:34.448614081Z,2011-07-25T02:23:34.448614081Z,v2_prior_key_0001652
v2_prior_0001653,v2_pay_0009143,v2_benchmark_merchant,2310937,INR,succeeded,2011-07-24T20:48:30.455854770Z,2011-07-25T20:48:30.455854770Z,v2_prior_key_0001653
v2_prior_0001654,v2_pay_0009144,v2_benchmark_merchant,452772,INR,succeeded,2011-07-24T20:52:59.831167786Z,2011-07-25T20:52:59.831167786Z,v2_prior_key_0001654
v2_prior_0001655,v2_pay_0009151,v2_benchmark_merchant,1002563,INR,succeeded,2011-07-25T06:26:02.229393562Z,2011-07-26T06:26:02.229393562Z,v2_prior_key_0001655
v2_prior_0001656,v2_pay_0009153,v2_benchmark_merchant,696485,INR,succeeded,2011-07-25T09:49:45.782600428Z,2011-07-26T09:49:45.782600428Z,v2_prior_key_0001656
v2_prior_0001657,v2_pay_0009160,v2_benchmark_merchant,1019318,INR,succeeded,2011-07-25T16:37:58.863403260Z,2011-07-26T16:37:58.863403260Z,v2_prior_key_0001657
v2_prior_0001658,v2_pay_0009163,v2_benchmark_merchant,1390803,INR,succeeded,2011-07-25T21:11:58.643137582Z,2011-07-26T21:11:58.643137582Z,v2_prior_key_0001658
v2_prior_0001659,v2_pay_0009166,v2_benchmark_merchant,310870,INR,succeeded,2011-07-26T00:49:33.108873829Z,2011-07-27T00:49:33.108873829Z,v2_prior_key_0001659
v2_prior_0001660,v2_pay_0009174,v2_benchmark_merchant,171119,INR,succeeded,2011-07-26T13:02:59.396232444Z,2011-07-27T13:02:59.396232444Z,v2_prior_key_0001660
v2_prior_0001661,v2_pay_0009182,v2_benchmark_merchant,940195,INR,succeeded,2011-07-26T18:24:00.258748138Z,2011-07-27T18:24:00.258748138Z,v2_prior_key_0001661
v2_prior_0001662,v2_pay_0009184,v2_benchmark_merchant,23050064,INR,succeeded,2011-07-26T20:32:00.019880586Z,2011-07-27T20:32:00.019880586Z,v2_prior_key_0001662
v2_prior_0001663,v2_pay_0009186,v2_benchmark_merchant,527675,INR,succeeded,2011-07-26T23:17:22.821765586Z,2011-07-27T23:17:22.821765586Z,v2_prior_key_0001663
v2_prior_0001664,v2_pay_0009195,v2_benchmark_merchant,3947822,INR,succeeded,2011-07-27T09:45:05.115210248Z,2011-07-28T09:45:05.115210248Z,v2_prior_key_0001664
v2_prior_0001665,v2_pay_0009199,v2_benchmark_merchant,45037,INR,succeeded,2011-07-27T21:46:52.148794600Z,2011-07-28T21:46:52.148794600Z,v2_prior_key_0001665
v2_prior_0001666,v2_pay_0009209,v2_benchmark_merchant,753115,INR,succeeded,2011-07-28T16:40:09.506521270Z,2011-07-29T16:40:09.506521270Z,v2_prior_key_0001666
v2_prior_0001667,v2_pay_0009214,v2_benchmark_merchant,387467,INR,succeeded,2011-07-29T03:04:21.148476410Z,2011-07-30T03:04:21.148476410Z,v2_prior_key_0001667
v2_prior_0001668,v2_pay_0009221,v2_benchmark_merchant,699651,INR,succeeded,2011-07-29T09:30:48.170861222Z,2011-07-30T09:30:48.170861222Z,v2_prior_key_0001668
v2_prior_0001669,v2_pay_0009231,v2_benchmark_merchant,980553,INR,succeeded,2011-07-29T21:55:08.082430832Z,2011-07-30T21:55:08.082430832Z,v2_prior_key_0001669
v2_prior_0001670,v2_pay_0009235,v2_benchmark_merchant,175410,INR,succeeded,2011-07-30T03:25:27.659626048Z,2011-07-31T03:25:27.659626048Z,v2_prior_key_0001670
v2_prior_0001671,v2_pay_0009238,v2_benchmark_merchant,1324551,INR,succeeded,2011-07-30T08:46:18.823424718Z,2011-07-31T08:46:18.823424718Z,v2_prior_key_0001671
v2_prior_0001672,v2_pay_0009239,v2_benchmark_merchant,560817,INR,succeeded,2011-07-30T09:17:06.952429140Z,2011-07-31T09:17:06.952429140Z,v2_prior_key_0001672
v2_prior_0001673,v2_pay_0009241,v2_benchmark_merchant,177526,INR,succeeded,2011-07-30T11:42:53.804368609Z,2011-07-31T11:42:53.804368609Z,v2_prior_key_0001673
v2_prior_0001674,v2_pay_0009275,v2_benchmark_merchant,689669,INR,succeeded,2011-08-02T04:00:41.163056763Z,2011-08-03T04:00:41.163056763Z,v2_prior_key_0001674
v2_prior_0001675,v2_pay_0009278,v2_benchmark_merchant,1104363,INR,succeeded,2011-08-02T13:38:45.816663273Z,2011-08-03T13:38:45.816663273Z,v2_prior_key_0001675
v2_prior_0001676,v2_pay_0009280,v2_benchmark_merchant,729918,INR,succeeded,2011-08-02T15:15:47.269663581Z,2011-08-03T15:15:47.269663581Z,v2_prior_key_0001676
v2_prior_0001677,v2_pay_0009282,v2_benchmark_merchant,241971,INR,succeeded,2011-08-02T16:10:46.331380264Z,2011-08-03T16:10:46.331380264Z,v2_prior_key_0001677
v2_prior_0001678,v2_pay_0009294,v2_benchmark_merchant,100110,INR,succeeded,2011-08-03T11:41:09.030141964Z,2011-08-04T11:41:09.030141964Z,v2_prior_key_0001678
v2_prior_0001679,v2_pay_0009310,v2_benchmark_merchant,1664,INR,succeeded,2011-08-04T14:29:46.013436911Z,2011-08-05T14:29:46.013436911Z,v2_prior_key_0001679
v2_prior_0001680,v2_pay_0009316,v2_benchmark_merchant,365947,INR,succeeded,2011-08-04T23:34:30.188517606Z,2011-08-05T23:34:30.188517606Z,v2_prior_key_0001680
v2_prior_0001681,v2_pay_0009323,v2_benchmark_merchant,877586,INR,succeeded,2011-08-05T14:44:42.666110635Z,2011-08-06T14:44:42.666110635Z,v2_prior_key_0001681
v2_prior_0001682,v2_pay_0009324,v2_benchmark_merchant,530980,INR,succeeded,2011-08-05T15:45:04.286116983Z,2011-08-06T15:45:04.286116983Z,v2_prior_key_0001682
v2_prior_0001683,v2_pay_0009331,v2_benchmark_merchant,116935,INR,succeeded,2011-08-05T23:43:19.728358830Z,2011-08-06T23:43:19.728358830Z,v2_prior_key_0001683
v2_prior_0001684,v2_pay_0009342,v2_benchmark_merchant,5537956,INR,succeeded,2011-08-06T20:52:18.630523870Z,2011-08-07T20:52:18.630523870Z,v2_prior_key_0001684
v2_prior_0001685,v2_pay_0009346,v2_benchmark_merchant,77698,INR,succeeded,2011-08-06T23:12:45.525511611Z,2011-08-07T23:12:45.525511611Z,v2_prior_key_0001685
v2_prior_0001686,v2_pay_0009352,v2_benchmark_merchant,541414,INR,succeeded,2011-08-07T05:16:11.928966802Z,2011-08-08T05:16:11.928966802Z,v2_prior_key_0001686
v2_prior_0001687,v2_pay_0009358,v2_benchmark_merchant,35919,INR,succeeded,2011-08-08T03:29:35.511426139Z,2011-08-09T03:29:35.511426139Z,v2_prior_key_0001687
v2_prior_0001688,v2_pay_0009361,v2_benchmark_merchant,305937,INR,succeeded,2011-08-08T07:42:42.718852542Z,2011-08-09T07:42:42.718852542Z,v2_prior_key_0001688
v2_prior_0001689,v2_pay_0009364,v2_benchmark_merchant,189290,INR,succeeded,2011-08-08T11:53:02.297084072Z,2011-08-09T11:53:02.297084072Z,v2_prior_key_0001689
v2_prior_0001690,v2_pay_0009374,v2_benchmark_merchant,204676,INR,succeeded,2011-08-09T11:51:55.500588597Z,2011-08-10T11:51:55.500588597Z,v2_prior_key_0001690
v2_prior_0001691,v2_pay_0009377,v2_benchmark_merchant,605389,INR,succeeded,2011-08-09T20:02:39.207543990Z,2011-08-10T20:02:39.207543990Z,v2_prior_key_0001691
v2_prior_0001692,v2_pay_0009380,v2_benchmark_merchant,83971,INR,succeeded,2011-08-09T23:33:11.697874117Z,2011-08-10T23:33:11.697874117Z,v2_prior_key_0001692
v2_prior_0001693,v2_pay_0009391,v2_benchmark_merchant,177095,INR,succeeded,2011-08-10T20:33:06.319482901Z,2011-08-11T20:33:06.319482901Z,v2_prior_key_0001693
v2_prior_0001694,v2_pay_0009394,v2_benchmark_merchant,863268,INR,succeeded,2011-08-11T00:40:50.862595358Z,2011-08-12T00:40:50.862595358Z,v2_prior_key_0001694
v2_prior_0001695,v2_pay_0009397,v2_benchmark_merchant,179778,INR,succeeded,2011-08-11T08:04:24.528840873Z,2011-08-12T08:04:24.528840873Z,v2_prior_key_0001695
v2_prior_0001696,v2_pay_0009401,v2_benchmark_merchant,201149,INR,succeeded,2011-08-11T11:36:30.502695109Z,2011-08-12T11:36:30.502695109Z,v2_prior_key_0001696
v2_prior_0001697,v2_pay_0009405,v2_benchmark_merchant,2416470,INR,succeeded,2011-08-11T15:26:20.766373762Z,2011-08-12T15:26:20.766373762Z,v2_prior_key_0001697
v2_prior_0001698,v2_pay_0009407,v2_benchmark_merchant,29256,INR,succeeded,2011-08-11T17:17:58.800320682Z,2011-08-12T17:17:58.800320682Z,v2_prior_key_0001698
v2_prior_0001699,v2_pay_0009411,v2_benchmark_merchant,451285,INR,succeeded,2011-08-12T09:09:37.116417164Z,2011-08-13T09:09:37.116417164Z,v2_prior_key_0001699
v2_prior_0001700,v2_pay_0009419,v2_benchmark_merchant,419073,INR,succeeded,2011-08-12T19:30:35.235649699Z,2011-08-13T19:30:35.235649699Z,v2_prior_key_0001700
v2_prior_0001701,v2_pay_0009420,v2_benchmark_merchant,698267,INR,succeeded,2011-08-12T20:24:01.575873602Z,2011-08-13T20:24:01.575873602Z,v2_prior_key_0001701
v2_prior_0001702,v2_pay_0009425,v2_benchmark_merchant,43511131,INR,succeeded,2011-08-13T01:39:42.671821269Z,2011-08-14T01:39:42.671821269Z,v2_prior_key_0001702
v2_prior_0001703,v2_pay_0009428,v2_benchmark_merchant,1620272,INR,succeeded,2011-08-13T09:05:38.924099510Z,2011-08-14T09:05:38.924099510Z,v2_prior_key_0001703
v2_prior_0001704,v2_pay_0009456,v2_benchmark_merchant,1277324,INR,succeeded,2011-08-14T20:22:21.301825790Z,2011-08-15T20:22:21.301825790Z,v2_prior_key_0001704
v2_prior_0001705,v2_pay_0009464,v2_benchmark_merchant,977598,INR,succeeded,2011-08-15T05:26:03.090832848Z,2011-08-16T05:26:03.090832848Z,v2_prior_key_0001705
v2_prior_0001706,v2_pay_0009475,v2_benchmark_merchant,2330141,INR,succeeded,2011-08-15T22:16:02.397128024Z,2011-08-16T22:16:02.397128024Z,v2_prior_key_0001706
v2_prior_0001707,v2_pay_0009478,v2_benchmark_merchant,188753,INR,succeeded,2011-08-16T00:32:18.020243954Z,2011-08-17T00:32:18.020243954Z,v2_prior_key_0001707
v2_prior_0001708,v2_pay_0009479,v2_benchmark_merchant,324585,INR,succeeded,2011-08-16T00:37:35.047714762Z,2011-08-17T00:37:35.047714762Z,v2_prior_key_0001708
v2_prior_0001709,v2_pay_0009482,v2_benchmark_merchant,401223,INR,succeeded,2011-08-16T01:29:48.160289965Z,2011-08-17T01:29:48.160289965Z,v2_prior_key_0001709
v2_prior_0001710,v2_pay_0009493,v2_benchmark_merchant,2511102,INR,succeeded,2011-08-16T21:09:47.388148292Z,2011-08-17T21:09:47.388148292Z,v2_prior_key_0001710
v2_prior_0001711,v2_pay_0009494,v2_benchmark_merchant,331088,INR,succeeded,2011-08-16T21:21:06.637010752Z,2011-08-17T21:21:06.637010752Z,v2_prior_key_0001711
v2_prior_0001712,v2_pay_0009498,v2_benchmark_merchant,575833,INR,succeeded,2011-08-17T10:23:24.069041655Z,2011-08-18T10:23:24.069041655Z,v2_prior_key_0001712
v2_prior_0001713,v2_pay_0009500,v2_benchmark_merchant,1881493,INR,succeeded,2011-08-17T12:19:57.598228121Z,2011-08-18T12:19:57.598228121Z,v2_prior_key_0001713
v2_prior_0001714,v2_pay_0009502,v2_benchmark_merchant,11594944,INR,succeeded,2011-08-17T16:38:39.677587720Z,2011-08-18T16:38:39.677587720Z,v2_prior_key_0001714
v2_prior_0001715,v2_pay_0009506,v2_benchmark_merchant,188592,INR,succeeded,2011-08-18T05:48:09.468783894Z,2011-08-19T05:48:09.468783894Z,v2_prior_key_0001715
v2_prior_0001716,v2_pay_0009507,v2_benchmark_merchant,712775,INR,succeeded,2011-08-18T09:29:12.452641220Z,2011-08-19T09:29:12.452641220Z,v2_prior_key_0001716
v2_prior_0001717,v2_pay_0009518,v2_benchmark_merchant,1154723,INR,succeeded,2011-08-19T12:00:37.974978990Z,2011-08-20T12:00:37.974978990Z,v2_prior_key_0001717
v2_prior_0001718,v2_pay_0009522,v2_benchmark_merchant,545525,INR,succeeded,2011-08-19T19:10:08.635637685Z,2011-08-20T19:10:08.635637685Z,v2_prior_key_0001718
v2_prior_0001719,v2_pay_0009530,v2_benchmark_merchant,413867,INR,succeeded,2011-08-20T02:50:43.340215944Z,2011-08-21T02:50:43.340215944Z,v2_prior_key_0001719
v2_prior_0001720,v2_pay_0009533,v2_benchmark_merchant,377563,INR,succeeded,2011-08-20T07:58:18.341619192Z,2011-08-21T07:58:18.341619192Z,v2_prior_key_0001720
v2_prior_0001721,v2_pay_0009537,v2_benchmark_merchant,185161,INR,succeeded,2011-08-20T14:18:15.696046341Z,2011-08-21T14:18:15.696046341Z,v2_prior_key_0001721
v2_prior_0001722,v2_pay_0009545,v2_benchmark_merchant,3205163,INR,succeeded,2011-08-21T08:03:22.770565338Z,2011-08-22T08:03:22.770565338Z,v2_prior_key_0001722
v2_prior_0001723,v2_pay_0009548,v2_benchmark_merchant,1718319,INR,succeeded,2011-08-21T17:02:07.268881618Z,2011-08-22T17:02:07.268881618Z,v2_prior_key_0001723
v2_prior_0001724,v2_pay_0009551,v2_benchmark_merchant,1539872,INR,succeeded,2011-08-21T20:48:15.723607232Z,2011-08-22T20:48:15.723607232Z,v2_prior_key_0001724
v2_prior_0001725,v2_pay_0009552,v2_benchmark_merchant,155357,INR,succeeded,2011-08-21T23:00:01.168707648Z,2011-08-22T23:00:01.168707648Z,v2_prior_key_0001725
v2_prior_0001726,v2_pay_0009557,v2_benchmark_merchant,597146,INR,succeeded,2011-08-22T04:59:14.364698394Z,2011-08-23T04:59:14.364698394Z,v2_prior_key_0001726
v2_prior_0001727,v2_pay_0009569,v2_benchmark_merchant,322891,INR,succeeded,2011-08-22T19:13:36.683923682Z,2011-08-23T19:13:36.683923682Z,v2_prior_key_0001727
v2_prior_0001728,v2_pay_0009572,v2_benchmark_merchant,1595994,INR,succeeded,2011-08-22T20:33:21.596646070Z,2011-08-23T20:33:21.596646070Z,v2_prior_key_0001728
v2_prior_0001729,v2_pay_0009585,v2_benchmark_merchant,587554,INR,succeeded,2011-08-23T15:27:52.024500084Z,2011-08-24T15:27:52.024500084Z,v2_prior_key_0001729
v2_prior_0001730,v2_pay_0009590,v2_benchmark_merchant,55285,INR,succeeded,2011-08-23T19:38:46.697310331Z,2011-08-24T19:38:46.697310331Z,v2_prior_key_0001730
v2_prior_0001731,v2_pay_0009593,v2_benchmark_merchant,376897,INR,succeeded,2011-08-23T23:08:57.295106371Z,2011-08-24T23:08:57.295106371Z,v2_prior_key_0001731
v2_prior_0001732,v2_pay_0009596,v2_benchmark_merchant,637518,INR,succeeded,2011-08-24T02:16:16.159452483Z,2011-08-25T02:16:16.159452483Z,v2_prior_key_0001732
v2_prior_0001733,v2_pay_0009601,v2_benchmark_merchant,674937,INR,succeeded,2011-08-24T12:51:46.409364837Z,2011-08-25T12:51:46.409364837Z,v2_prior_key_0001733
v2_prior_0001734,v2_pay_0009604,v2_benchmark_merchant,1849306,INR,succeeded,2011-08-24T17:48:10.015821008Z,2011-08-25T17:48:10.015821008Z,v2_prior_key_0001734
v2_prior_0001735,v2_pay_0009608,v2_benchmark_merchant,535493,INR,succeeded,2011-08-25T05:16:49.893566403Z,2011-08-26T05:16:49.893566403Z,v2_prior_key_0001735
v2_prior_0001736,v2_pay_0009613,v2_benchmark_merchant,580973,INR,succeeded,2011-08-25T13:30:15.896119803Z,2011-08-26T13:30:15.896119803Z,v2_prior_key_0001736
v2_prior_0001737,v2_pay_0009628,v2_benchmark_merchant,228059,INR,succeeded,2011-08-26T18:04:59.338915603Z,2011-08-27T18:04:59.338915603Z,v2_prior_key_0001737
v2_prior_0001738,v2_pay_0009629,v2_benchmark_merchant,793717,INR,succeeded,2011-08-27T00:14:08.436740187Z,2011-08-28T00:14:08.436740187Z,v2_prior_key_0001738
v2_prior_0001739,v2_pay_0009643,v2_benchmark_merchant,259968,INR,succeeded,2011-08-28T08:17:54.401859426Z,2011-08-29T08:17:54.401859426Z,v2_prior_key_0001739
v2_prior_0001740,v2_pay_0009665,v2_benchmark_merchant,848706,INR,succeeded,2011-08-30T09:11:33.442311451Z,2011-08-31T09:11:33.442311451Z,v2_prior_key_0001740
v2_prior_0001741,v2_pay_0009667,v2_benchmark_merchant,846474,INR,succeeded,2011-08-30T11:03:20.172883813Z,2011-08-31T11:03:20.172883813Z,v2_prior_key_0001741
v2_prior_0001742,v2_pay_0009673,v2_benchmark_merchant,1024036,INR,succeeded,2011-08-30T21:19:36.441305822Z,2011-08-31T21:19:36.441305822Z,v2_prior_key_0001742
v2_prior_0001743,v2_pay_0009682,v2_benchmark_merchant,123574,INR,succeeded,2011-08-31T11:12:55.708480616Z,2011-09-01T11:12:55.708480616Z,v2_prior_key_0001743
v2_prior_0001744,v2_pay_0009686,v2_benchmark_merchant,668259,INR,succeeded,2011-08-31T13:56:48.117521646Z,2011-09-01T13:56:48.117521646Z,v2_prior_key_0001744
v2_prior_0001745,v2_pay_0009699,v2_benchmark_merchant,22111,INR,succeeded,2011-09-01T15:33:37.663200705Z,2011-09-02T15:33:37.663200705Z,v2_prior_key_0001745
v2_prior_0001746,v2_pay_0009701,v2_benchmark_merchant,1059345,INR,succeeded,2011-09-01T18:52:33.398172418Z,2011-09-02T18:52:33.398172418Z,v2_prior_key_0001746
v2_prior_0001747,v2_pay_0009706,v2_benchmark_merchant,2626398,INR,succeeded,2011-09-01T23:48:02.243064603Z,2011-09-02T23:48:02.243064603Z,v2_prior_key_0001747
v2_prior_0001748,v2_pay_0009709,v2_benchmark_merchant,146333,INR,succeeded,2011-09-02T04:03:15.889231098Z,2011-09-03T04:03:15.889231098Z,v2_prior_key_0001748
v2_prior_0001749,v2_pay_0009722,v2_benchmark_merchant,776394,INR,succeeded,2011-09-02T15:55:39.899565511Z,2011-09-03T15:55:39.899565511Z,v2_prior_key_0001749
v2_prior_0001750,v2_pay_0009742,v2_benchmark_merchant,239346,INR,succeeded,2011-09-04T01:50:47.073968587Z,2011-09-05T01:50:47.073968587Z,v2_prior_key_0001750
v2_prior_0001751,v2_pay_0009744,v2_benchmark_merchant,908499,INR,succeeded,2011-09-04T05:55:16.880663150Z,2011-09-05T05:55:16.880663150Z,v2_prior_key_0001751
v2_prior_0001752,v2_pay_0009745,v2_benchmark_merchant,28793,INR,succeeded,2011-09-04T06:04:33.625188956Z,2011-09-05T06:04:33.625188956Z,v2_prior_key_0001752
v2_prior_0001753,v2_pay_0009748,v2_benchmark_merchant,287257,INR,succeeded,2011-09-04T07:28:05.935098037Z,2011-09-05T07:28:05.935098037Z,v2_prior_key_0001753
v2_prior_0001754,v2_pay_0009765,v2_benchmark_merchant,128059,INR,succeeded,2011-09-05T15:55:06.902970829Z,2011-09-06T15:55:06.902970829Z,v2_prior_key_0001754
v2_prior_0001755,v2_pay_0009771,v2_benchmark_merchant,896374,INR,succeeded,2011-09-05T23:04:06.991842172Z,2011-09-06T23:04:06.991842172Z,v2_prior_key_0001755
v2_prior_0001756,v2_pay_0009781,v2_benchmark_merchant,34218,INR,succeeded,2011-09-06T09:45:14.655104725Z,2011-09-07T09:45:14.655104725Z,v2_prior_key_0001756
v2_prior_0001757,v2_pay_0009782,v2_benchmark_merchant,2555967,INR,succeeded,2011-09-06T12:15:33.505794548Z,2011-09-07T12:15:33.505794548Z,v2_prior_key_0001757
v2_prior_0001758,v2_pay_0009784,v2_benchmark_merchant,120831,INR,succeeded,2011-09-06T17:30:45.769534929Z,2011-09-07T17:30:45.769534929Z,v2_prior_key_0001758
v2_prior_0001759,v2_pay_0009785,v2_benchmark_merchant,954660,INR,succeeded,2011-09-06T18:49:53.901491511Z,2011-09-07T18:49:53.901491511Z,v2_prior_key_0001759
v2_prior_0001760,v2_pay_0009793,v2_benchmark_merchant,235568,INR,succeeded,2011-09-07T14:06:16.069838334Z,2011-09-08T14:06:16.069838334Z,v2_prior_key_0001760
v2_prior_0001761,v2_pay_0009796,v2_benchmark_merchant,2237516,INR,succeeded,2011-09-07T18:09:41.059839787Z,2011-09-08T18:09:41.059839787Z,v2_prior_key_0001761
v2_prior_0001762,v2_pay_0009805,v2_benchmark_merchant,1008485,INR,succeeded,2011-09-09T02:49:29.081313313Z,2011-09-10T02:49:29.081313313Z,v2_prior_key_0001762
v2_prior_0001763,v2_pay_0009806,v2_benchmark_merchant,613475,INR,succeeded,2011-09-09T03:23:52.281609069Z,2011-09-10T03:23:52.281609069Z,v2_prior_key_0001763
v2_prior_0001764,v2_pay_0009817,v2_benchmark_merchant,675220,INR,succeeded,2011-09-09T14:34:28.986332060Z,2011-09-10T14:34:28.986332060Z,v2_prior_key_0001764
v2_prior_0001765,v2_pay_0009821,v2_benchmark_merchant,395367,INR,succeeded,2011-09-10T01:35:14.341001520Z,2011-09-11T01:35:14.341001520Z,v2_prior_key_0001765
v2_prior_0001766,v2_pay_0009826,v2_benchmark_merchant,1514416,INR,succeeded,2011-09-10T05:38:27.658096912Z,2011-09-11T05:38:27.658096912Z,v2_prior_key_0001766
v2_prior_0001767,v2_pay_0009829,v2_benchmark_merchant,640043,INR,succeeded,2011-09-10T07:44:54.585825536Z,2011-09-11T07:44:54.585825536Z,v2_prior_key_0001767
v2_prior_0001768,v2_pay_0009835,v2_benchmark_merchant,1187687,INR,succeeded,2011-09-10T17:56:25.036718781Z,2011-09-11T17:56:25.036718781Z,v2_prior_key_0001768
v2_prior_0001769,v2_pay_0009850,v2_benchmark_merchant,855758,INR,succeeded,2011-09-11T13:55:07.692837123Z,2011-09-12T13:55:07.692837123Z,v2_prior_key_0001769
v2_prior_0001770,v2_pay_0009853,v2_benchmark_merchant,360457,INR,succeeded,2011-09-11T17:03:44.899545814Z,2011-09-12T17:03:44.899545814Z,v2_prior_key_0001770
v2_prior_0001771,v2_pay_0009854,v2_benchmark_merchant,273198,INR,succeeded,2011-09-11T21:47:53.488006573Z,2011-09-12T21:47:53.488006573Z,v2_prior_key_0001771
v2_prior_0001772,v2_pay_0009869,v2_benchmark_merchant,826072,INR,succeeded,2011-09-13T02:32:23.843585265Z,2011-09-14T02:32:23.843585265Z,v2_prior_key_0001772
v2_prior_0001773,v2_pay_0009870,v2_benchmark_merchant,856440,INR,succeeded,2011-09-13T04:10:33.974589871Z,2011-09-14T04:10:33.974589871Z,v2_prior_key_0001773
v2_prior_0001774,v2_pay_0009871,v2_benchmark_merchant,2214637,INR,succeeded,2011-09-13T04:49:02.432760736Z,2011-09-14T04:49:02.432760736Z,v2_prior_key_0001774
v2_prior_0001775,v2_pay_0009875,v2_benchmark_merchant,517643,INR,succeeded,2011-09-13T09:32:51.715508953Z,2011-09-14T09:32:51.715508953Z,v2_prior_key_0001775
v2_prior_0001776,v2_pay_0009876,v2_benchmark_merchant,658361,INR,succeeded,2011-09-13T10:16:32.978024988Z,2011-09-14T10:16:32.978024988Z,v2_prior_key_0001776
v2_prior_0001777,v2_pay_0009883,v2_benchmark_merchant,11231,INR,succeeded,2011-09-13T19:54:35.505127923Z,2011-09-14T19:54:35.505127923Z,v2_prior_key_0001777
v2_prior_0001778,v2_pay_0009906,v2_benchmark_merchant,1463944,INR,succeeded,2011-09-15T08:29:13.758318642Z,2011-09-16T08:29:13.758318642Z,v2_prior_key_0001778
v2_prior_0001779,v2_pay_0009909,v2_benchmark_merchant,152298,INR,succeeded,2011-09-15T12:30:24.779020287Z,2011-09-16T12:30:24.779020287Z,v2_prior_key_0001779
v2_prior_0001780,v2_pay_0009920,v2_benchmark_merchant,1018220,INR,succeeded,2011-09-16T04:47:10.132259691Z,2011-09-17T04:47:10.132259691Z,v2_prior_key_0001780
v2_prior_0001781,v2_pay_0009923,v2_benchmark_merchant,3251915,INR,succeeded,2011-09-16T09:26:28.858033986Z,2011-09-17T09:26:28.858033986Z,v2_prior_key_0001781
v2_prior_0001782,v2_pay_0009926,v2_benchmark_merchant,1100771,INR,succeeded,2011-09-16T11:54:40.596286335Z,2011-09-17T11:54:40.596286335Z,v2_prior_key_0001782
v2_prior_0001783,v2_pay_0009929,v2_benchmark_merchant,383110,INR,succeeded,2011-09-16T22:44:01.083334486Z,2011-09-17T22:44:01.083334486Z,v2_prior_key_0001783
v2_prior_0001784,v2_pay_0009932,v2_benchmark_merchant,479368,INR,succeeded,2011-09-17T02:44:01.133984605Z,2011-09-18T02:44:01.133984605Z,v2_prior_key_0001784
v2_prior_0001785,v2_pay_0009933,v2_benchmark_merchant,1473187,INR,succeeded,2011-09-17T04:32:03.881269158Z,2011-09-18T04:32:03.881269158Z,v2_prior_key_0001785
v2_prior_0001786,v2_pay_0009935,v2_benchmark_merchant,620539,INR,succeeded,2011-09-17T06:18:58.310542034Z,2011-09-18T06:18:58.310542034Z,v2_prior_key_0001786
v2_prior_0001787,v2_pay_0009952,v2_benchmark_merchant,764645,INR,succeeded,2011-09-18T13:24:43.940493445Z,2011-09-19T13:24:43.940493445Z,v2_prior_key_0001787
v2_prior_0001788,v2_pay_0009965,v2_benchmark_merchant,190989,INR,succeeded,2011-09-19T08:19:06.102374166Z,2011-09-20T08:19:06.102374166Z,v2_prior_key_0001788
v2_prior_0001789,v2_pay_0009967,v2_benchmark_merchant,689234,INR,succeeded,2011-09-19T12:00:18.827195364Z,2011-09-20T12:00:18.827195364Z,v2_prior_key_0001789
v2_prior_0001790,v2_pay_0009976,v2_benchmark_merchant,4046524,INR,succeeded,2011-09-20T01:59:37.571655801Z,2011-09-21T01:59:37.571655801Z,v2_prior_key_0001790
v2_prior_0001791,v2_pay_0009979,v2_benchmark_merchant,1439807,INR,succeeded,2011-09-20T06:16:02.565948252Z,2011-09-21T06:16:02.565948252Z,v2_prior_key_0001791
v2_prior_0001792,v2_pay_0009996,v2_benchmark_merchant,2861706,INR,succeeded,2011-09-21T08:53:30.537591308Z,2011-09-22T08:53:30.537591308Z,v2_prior_key_0001792
v2_prior_0001793,v2_pay_0010007,v2_benchmark_merchant,310496,INR,succeeded,2011-09-22T03:49:58.403648006Z,2011-09-23T03:49:58.403648006Z,v2_prior_key_0001793
v2_prior_0001794,v2_pay_0010014,v2_benchmark_merchant,3105799,INR,succeeded,2011-09-22T17:02:29.621347878Z,2011-09-23T17:02:29.621347878Z,v2_prior_key_0001794
v2_prior_0001795,v2_pay_0010030,v2_benchmark_merchant,813300,INR,succeeded,2011-09-23T11:14:10.093116129Z,2011-09-24T11:14:10.093116129Z,v2_prior_key_0001795
v2_prior_0001796,v2_pay_0010034,v2_benchmark_merchant,1215156,INR,succeeded,2011-09-23T16:11:57.076452082Z,2011-09-24T16:11:57.076452082Z,v2_prior_key_0001796
v2_prior_0001797,v2_pay_0010036,v2_benchmark_merchant,2782588,INR,succeeded,2011-09-23T21:32:03.086604195Z,2011-09-24T21:32:03.086604195Z,v2_prior_key_0001797
v2_prior_0001798,v2_pay_0010041,v2_benchmark_merchant,202665,INR,succeeded,2011-09-24T01:45:34.297087888Z,2011-09-25T01:45:34.297087888Z,v2_prior_key_0001798
v2_prior_0001799,v2_pay_0010045,v2_benchmark_merchant,5259882,INR,succeeded,2011-09-24T09:25:41.049659037Z,2011-09-25T09:25:41.049659037Z,v2_prior_key_0001799
v2_prior_0001800,v2_pay_0010051,v2_benchmark_merchant,1123975,INR,succeeded,2011-09-24T21:28:36.351099772Z,2011-09-25T21:28:36.351099772Z,v2_prior_key_0001800
v2_prior_0001801,v2_pay_0010052,v2_benchmark_merchant,180335,INR,succeeded,2011-09-24T22:18:58.487594101Z,2011-09-25T22:18:58.487594101Z,v2_prior_key_0001801
v2_prior_0001802,v2_pay_0010059,v2_benchmark_merchant,705523,INR,succeeded,2011-09-25T02:08:14.749250517Z,2011-09-26T02:08:14.749250517Z,v2_prior_key_0001802
v2_prior_0001803,v2_pay_0010061,v2_benchmark_merchant,189498,INR,succeeded,2011-09-25T05:35:42.154907698Z,2011-09-26T05:35:42.154907698Z,v2_prior_key_0001803
v2_prior_0001804,v2_pay_0010066,v2_benchmark_merchant,404060,INR,succeeded,2011-09-25T11:08:32.228394798Z,2011-09-26T11:08:32.228394798Z,v2_prior_key_0001804
v2_prior_0001805,v2_pay_0010073,v2_benchmark_merchant,311230,INR,succeeded,2011-09-25T22:42:27.498789067Z,2011-09-26T22:42:27.498789067Z,v2_prior_key_0001805
v2_prior_0001806,v2_pay_0010090,v2_benchmark_merchant,1679225,INR,succeeded,2011-09-27T06:42:24.532294796Z,2011-09-28T06:42:24.532294796Z,v2_prior_key_0001806
v2_prior_0001807,v2_pay_0010096,v2_benchmark_merchant,151097,INR,succeeded,2011-09-27T13:36:26.354411794Z,2011-09-28T13:36:26.354411794Z,v2_prior_key_0001807
v2_prior_0001808,v2_pay_0010100,v2_benchmark_merchant,57604,INR,succeeded,2011-09-27T23:02:30.912991544Z,2011-09-28T23:02:30.912991544Z,v2_prior_key_0001808
v2_prior_0001809,v2_pay_0010105,v2_benchmark_merchant,112398,INR,succeeded,2011-09-28T06:31:20.096380276Z,2011-09-29T06:31:20.096380276Z,v2_prior_key_0001809
v2_prior_0001810,v2_pay_0010109,v2_benchmark_merchant,192314,INR,succeeded,2011-09-28T08:40:29.052329599Z,2011-09-29T08:40:29.052329599Z,v2_prior_key_0001810
v2_prior_0001811,v2_pay_0010115,v2_benchmark_merchant,1167865,INR,succeeded,2011-09-28T14:07:56.269905290Z,2011-09-29T14:07:56.269905290Z,v2_prior_key_0001811
v2_prior_0001812,v2_pay_0010120,v2_benchmark_merchant,9271,INR,succeeded,2011-09-29T00:21:20.514583514Z,2011-09-30T00:21:20.514583514Z,v2_prior_key_0001812
v2_prior_0001813,v2_pay_0010122,v2_benchmark_merchant,1517979,INR,succeeded,2011-09-29T05:16:18.459721150Z,2011-09-30T05:16:18.459721150Z,v2_prior_key_0001813
v2_prior_0001814,v2_pay_0010124,v2_benchmark_merchant,659921,INR,succeeded,2011-09-29T07:46:47.536704829Z,2011-09-30T07:46:47.536704829Z,v2_prior_key_0001814
v2_prior_0001815,v2_pay_0010127,v2_benchmark_merchant,77304,INR,succeeded,2011-09-29T12:41:57.271290770Z,2011-09-30T12:41:57.271290770Z,v2_prior_key_0001815
v2_prior_0001816,v2_pay_0010135,v2_benchmark_merchant,156148,INR,succeeded,2011-09-29T17:03:45.978003034Z,2011-09-30T17:03:45.978003034Z,v2_prior_key_0001816
v2_prior_0001817,v2_pay_0010138,v2_benchmark_merchant,218962,INR,succeeded,2011-09-29T20:02:01.681499006Z,2011-09-30T20:02:01.681499006Z,v2_prior_key_0001817
v2_prior_0001818,v2_pay_0010139,v2_benchmark_merchant,319197,INR,succeeded,2011-09-29T21:02:14.099204943Z,2011-09-30T21:02:14.099204943Z,v2_prior_key_0001818
v2_prior_0001819,v2_pay_0010154,v2_benchmark_merchant,935396,INR,succeeded,2011-09-30T23:18:42.205833740Z,2011-10-01T23:18:42.205833740Z,v2_prior_key_0001819
v2_prior_0001820,v2_pay_0010162,v2_benchmark_merchant,1018245,INR,succeeded,2011-10-01T15:00:30.368189209Z,2011-10-02T15:00:30.368189209Z,v2_prior_key_0001820
v2_prior_0001821,v2_pay_0010164,v2_benchmark_merchant,620606,INR,succeeded,2011-10-01T16:43:20.499919115Z,2011-10-02T16:43:20.499919115Z,v2_prior_key_0001821
v2_prior_0001822,v2_pay_0010166,v2_benchmark_merchant,111756,INR,succeeded,2011-10-01T17:41:29.910805494Z,2011-10-02T17:41:29.910805494Z,v2_prior_key_0001822
v2_prior_0001823,v2_pay_0010167,v2_benchmark_merchant,880911,INR,succeeded,2011-10-01T18:38:06.914950398Z,2011-10-02T18:38:06.914950398Z,v2_prior_key_0001823
v2_prior_0001824,v2_pay_0010170,v2_benchmark_merchant,9373209,INR,succeeded,2011-10-02T03:14:03.341469591Z,2011-10-03T03:14:03.341469591Z,v2_prior_key_0001824
v2_prior_0001825,v2_pay_0010172,v2_benchmark_merchant,37161,INR,succeeded,2011-10-02T05:57:05.884296785Z,2011-10-03T05:57:05.884296785Z,v2_prior_key_0001825
v2_prior_0001826,v2_pay_0010176,v2_benchmark_merchant,469561,INR,succeeded,2011-10-02T12:24:05.898870320Z,2011-10-03T12:24:05.898870320Z,v2_prior_key_0001826
v2_prior_0001827,v2_pay_0010179,v2_benchmark_merchant,1304102,INR,succeeded,2011-10-02T15:26:17.532343348Z,2011-10-03T15:26:17.532343348Z,v2_prior_key_0001827
v2_prior_0001828,v2_pay_0010181,v2_benchmark_merchant,1183296,INR,succeeded,2011-10-02T16:38:35.959580815Z,2011-10-03T16:38:35.959580815Z,v2_prior_key_0001828
v2_prior_0001829,v2_pay_0010192,v2_benchmark_merchant,652622,INR,succeeded,2011-10-03T04:56:41.865712378Z,2011-10-04T04:56:41.865712378Z,v2_prior_key_0001829
v2_prior_0001830,v2_pay_0010196,v2_benchmark_merchant,454528,INR,succeeded,2011-10-03T10:16:29.541026946Z,2011-10-04T10:16:29.541026946Z,v2_prior_key_0001830
v2_prior_0001831,v2_pay_0010213,v2_benchmark_merchant,842657,INR,succeeded,2011-10-04T02:09:10.843998894Z,2011-10-05T02:09:10.843998894Z,v2_prior_key_0001831
v2_prior_0001832,v2_pay_0010215,v2_benchmark_merchant,249857,INR,succeeded,2011-10-04T03:33:26.009257290Z,2011-10-05T03:33:26.009257290Z,v2_prior_key_0001832
v2_prior_0001833,v2_pay_0010220,v2_benchmark_merchant,266605,INR,succeeded,2011-10-04T09:44:40.636190649Z,2011-10-05T09:44:40.636190649Z,v2_prior_key_0001833
v2_prior_0001834,v2_pay_0010221,v2_benchmark_merchant,834797,INR,succeeded,2011-10-04T12:00:56.852777738Z,2011-10-05T12:00:56.852777738Z,v2_prior_key_0001834
v2_prior_0001835,v2_pay_0010226,v2_benchmark_merchant,255356,INR,succeeded,2011-10-04T18:37:32.789890520Z,2011-10-05T18:37:32.789890520Z,v2_prior_key_0001835
v2_prior_0001836,v2_pay_0010227,v2_benchmark_merchant,327396,INR,succeeded,2011-10-04T19:24:04.345739347Z,2011-10-05T19:24:04.345739347Z,v2_prior_key_0001836
v2_prior_0001837,v2_pay_0010228,v2_benchmark_merchant,107381,INR,succeeded,2011-10-04T20:22:54.706630546Z,2011-10-05T20:22:54.706630546Z,v2_prior_key_0001837
v2_prior_0001838,v2_pay_0010232,v2_benchmark_merchant,1631603,INR,succeeded,2011-10-05T01:41:40.761402126Z,2011-10-06T01:41:40.761402126Z,v2_prior_key_0001838
v2_prior_0001839,v2_pay_0010236,v2_benchmark_merchant,660722,INR,succeeded,2011-10-05T04:26:03.008943607Z,2011-10-06T04:26:03.008943607Z,v2_prior_key_0001839
v2_prior_0001840,v2_pay_0010239,v2_benchmark_merchant,71480,INR,succeeded,2011-10-05T08:05:22.570242340Z,2011-10-06T08:05:22.570242340Z,v2_prior_key_0001840
v2_prior_0001841,v2_pay_0010249,v2_benchmark_merchant,777012,INR,succeeded,2011-10-06T00:56:35.476677313Z,2011-10-07T00:56:35.476677313Z,v2_prior_key_0001841
v2_prior_0001842,v2_pay_0010269,v2_benchmark_merchant,66183,INR,succeeded,2011-10-06T20:34:17.557012251Z,2011-10-07T20:34:17.557012251Z,v2_prior_key_0001842
v2_prior_0001843,v2_pay_0010282,v2_benchmark_merchant,330911,INR,succeeded,2011-10-07T12:36:54.105949897Z,2011-10-08T12:36:54.105949897Z,v2_prior_key_0001843
v2_prior_0001844,v2_pay_0010289,v2_benchmark_merchant,20798722,INR,succeeded,2011-10-07T21:32:55.978038754Z,2011-10-08T21:32:55.978038754Z,v2_prior_key_0001844
v2_prior_0001845,v2_pay_0010296,v2_benchmark_merchant,776789,INR,succeeded,2011-10-08T12:05:33.123820659Z,2011-10-09T12:05:33.123820659Z,v2_prior_key_0001845
v2_prior_0001846,v2_pay_0010298,v2_benchmark_merchant,941646,INR,succeeded,2011-10-08T15:06:25.093876461Z,2011-10-09T15:06:25.093876461Z,v2_prior_key_0001846
v2_prior_0001847,v2_pay_0010312,v2_benchmark_merchant,726722,INR,succeeded,2011-10-09T06:42:23.410717044Z,2011-10-10T06:42:23.410717044Z,v2_prior_key_0001847
v2_prior_0001848,v2_pay_0010320,v2_benchmark_merchant,445493,INR,succeeded,2011-10-09T14:23:05.702687250Z,2011-10-10T14:23:05.702687250Z,v2_prior_key_0001848
v2_prior_0001849,v2_pay_0010323,v2_benchmark_merchant,842831,INR,succeeded,2011-10-09T19:05:08.756820227Z,2011-10-10T19:05:08.756820227Z,v2_prior_key_0001849
v2_prior_0001850,v2_pay_0010327,v2_benchmark_merchant,490548,INR,succeeded,2011-10-09T22:53:08.368951958Z,2011-10-10T22:53:08.368951958Z,v2_prior_key_0001850
v2_prior_0001851,v2_pay_0010333,v2_benchmark_merchant,570535,INR,succeeded,2011-10-10T06:13:18.645819422Z,2011-10-11T06:13:18.645819422Z,v2_prior_key_0001851
v2_prior_0001852,v2_pay_0010343,v2_benchmark_merchant,137665,INR,succeeded,2011-10-10T18:14:22.838296938Z,2011-10-11T18:14:22.838296938Z,v2_prior_key_0001852
v2_prior_0001853,v2_pay_0010366,v2_benchmark_merchant,1858664,INR,succeeded,2011-10-11T18:25:11.640825262Z,2011-10-12T18:25:11.640825262Z,v2_prior_key_0001853
v2_prior_0001854,v2_pay_0010375,v2_benchmark_merchant,503684,INR,succeeded,2011-10-12T09:05:05.528293324Z,2011-10-13T09:05:05.528293324Z,v2_prior_key_0001854
v2_prior_0001855,v2_pay_0010382,v2_benchmark_merchant,836509,INR,succeeded,2011-10-12T11:38:05.811052380Z,2011-10-13T11:38:05.811052380Z,v2_prior_key_0001855
v2_prior_0001856,v2_pay_0010391,v2_benchmark_merchant,1784338,INR,succeeded,2011-10-13T02:44:28.284849232Z,2011-10-14T02:44:28.284849232Z,v2_prior_key_0001856
v2_prior_0001857,v2_pay_0010393,v2_benchmark_merchant,955470,INR,succeeded,2011-10-13T04:39:54.463395293Z,2011-10-14T04:39:54.463395293Z,v2_prior_key_0001857
v2_prior_0001858,v2_pay_0010396,v2_benchmark_merchant,828873,INR,succeeded,2011-10-13T07:43:13.052592373Z,2011-10-14T07:43:13.052592373Z,v2_prior_key_0001858
v2_prior_0001859,v2_pay_0010399,v2_benchmark_merchant,1160053,INR,succeeded,2011-10-13T08:00:47.309375241Z,2011-10-14T08:00:47.309375241Z,v2_prior_key_0001859
v2_prior_0001860,v2_pay_0010416,v2_benchmark_merchant,723741,INR,succeeded,2011-10-14T03:08:39.795269098Z,2011-10-15T03:08:39.795269098Z,v2_prior_key_0001860
v2_prior_0001861,v2_pay_0010422,v2_benchmark_merchant,384153,INR,succeeded,2011-10-14T07:49:03.255789162Z,2011-10-15T07:49:03.255789162Z,v2_prior_key_0001861
v2_prior_0001862,v2_pay_0010423,v2_benchmark_merchant,238544,INR,succeeded,2011-10-14T07:50:53.609362486Z,2011-10-15T07:50:53.609362486Z,v2_prior_key_0001862
v2_prior_0001863,v2_pay_0010425,v2_benchmark_merchant,1331074,INR,succeeded,2011-10-14T09:48:14.267638447Z,2011-10-15T09:48:14.267638447Z,v2_prior_key_0001863
v2_prior_0001864,v2_pay_0010428,v2_benchmark_merchant,167531,INR,succeeded,2011-10-14T12:02:36.994611231Z,2011-10-15T12:02:36.994611231Z,v2_prior_key_0001864
v2_prior_0001865,v2_pay_0010437,v2_benchmark_merchant,31540,INR,succeeded,2011-10-15T03:46:17.237052361Z,2011-10-16T03:46:17.237052361Z,v2_prior_key_0001865
v2_prior_0001866,v2_pay_0010442,v2_benchmark_merchant,1123548,INR,succeeded,2011-10-15T05:11:44.706891784Z,2011-10-16T05:11:44.706891784Z,v2_prior_key_0001866
v2_prior_0001867,v2_pay_0010452,v2_benchmark_merchant,3861955,INR,succeeded,2011-10-15T14:35:48.865951924Z,2011-10-16T14:35:48.865951924Z,v2_prior_key_0001867
v2_prior_0001868,v2_pay_0010455,v2_benchmark_merchant,619974,INR,succeeded,2011-10-15T20:51:47.858281005Z,2011-10-16T20:51:47.858281005Z,v2_prior_key_0001868
v2_prior_0001869,v2_pay_0010458,v2_benchmark_merchant,1448677,INR,succeeded,2011-10-15T22:12:33.760695223Z,2011-10-16T22:12:33.760695223Z,v2_prior_key_0001869
v2_prior_0001870,v2_pay_0010461,v2_benchmark_merchant,1447629,INR,succeeded,2011-10-16T00:43:48.810932548Z,2011-10-17T00:43:48.810932548Z,v2_prior_key_0001870
v2_prior_0001871,v2_pay_0010471,v2_benchmark_merchant,637267,INR,succeeded,2011-10-16T09:36:53.533897213Z,2011-10-17T09:36:53.533897213Z,v2_prior_key_0001871
v2_prior_0001872,v2_pay_0010475,v2_benchmark_merchant,102186,INR,succeeded,2011-10-16T18:08:00.395161412Z,2011-10-17T18:08:00.395161412Z,v2_prior_key_0001872
v2_prior_0001873,v2_pay_0010482,v2_benchmark_merchant,2309862,INR,succeeded,2011-10-17T07:03:32.015506252Z,2011-10-18T07:03:32.015506252Z,v2_prior_key_0001873
v2_prior_0001874,v2_pay_0010487,v2_benchmark_merchant,432561,INR,succeeded,2011-10-17T09:27:12.996911149Z,2011-10-18T09:27:12.996911149Z,v2_prior_key_0001874
v2_prior_0001875,v2_pay_0010489,v2_benchmark_merchant,5265088,INR,succeeded,2011-10-17T15:41:10.016189155Z,2011-10-18T15:41:10.016189155Z,v2_prior_key_0001875
v2_prior_0001876,v2_pay_0010490,v2_benchmark_merchant,1258025,INR,succeeded,2011-10-17T16:48:16.395944636Z,2011-10-18T16:48:16.395944636Z,v2_prior_key_0001876
v2_prior_0001877,v2_pay_0010497,v2_benchmark_merchant,41042,INR,succeeded,2011-10-18T04:36:48.278200992Z,2011-10-19T04:36:48.278200992Z,v2_prior_key_0001877
v2_prior_0001878,v2_pay_0010507,v2_benchmark_merchant,1445294,INR,succeeded,2011-10-18T18:42:58.081579274Z,2011-10-19T18:42:58.081579274Z,v2_prior_key_0001878
v2_prior_0001879,v2_pay_0010510,v2_benchmark_merchant,37365,INR,succeeded,2011-10-18T21:25:28.001761784Z,2011-10-19T21:25:28.001761784Z,v2_prior_key_0001879
v2_prior_0001880,v2_pay_0010511,v2_benchmark_merchant,114925,INR,succeeded,2011-10-18T21:56:08.225075919Z,2011-10-19T21:56:08.225075919Z,v2_prior_key_0001880
v2_prior_0001881,v2_pay_0010528,v2_benchmark_merchant,336181,INR,succeeded,2011-10-19T13:56:26.630723214Z,2011-10-20T13:56:26.630723214Z,v2_prior_key_0001881
v2_prior_0001882,v2_pay_0010532,v2_benchmark_merchant,185041,INR,succeeded,2011-10-19T22:11:45.777014010Z,2011-10-20T22:11:45.777014010Z,v2_prior_key_0001882
v2_prior_0001883,v2_pay_0010533,v2_benchmark_merchant,382248,INR,succeeded,2011-10-19T22:39:32.337895603Z,2011-10-20T22:39:32.337895603Z,v2_prior_key_0001883
v2_prior_0001884,v2_pay_0010534,v2_benchmark_merchant,1343625,INR,succeeded,2011-10-19T23:38:39.719872912Z,2011-10-20T23:38:39.719872912Z,v2_prior_key_0001884
v2_prior_0001885,v2_pay_0010552,v2_benchmark_merchant,425385,INR,succeeded,2011-10-20T20:15:56.231929435Z,2011-10-21T20:15:56.231929435Z,v2_prior_key_0001885
v2_prior_0001886,v2_pay_0010553,v2_benchmark_merchant,1758134,INR,succeeded,2011-10-20T21:09:13.902464319Z,2011-10-21T21:09:13.902464319Z,v2_prior_key_0001886
v2_prior_0001887,v2_pay_0010558,v2_benchmark_merchant,576001,INR,succeeded,2011-10-21T03:19:12.133804526Z,2011-10-22T03:19:12.133804526Z,v2_prior_key_0001887
v2_prior_0001888,v2_pay_0010560,v2_benchmark_merchant,22108,INR,succeeded,2011-10-21T05:16:48.755955980Z,2011-10-22T05:16:48.755955980Z,v2_prior_key_0001888
v2_prior_0001889,v2_pay_0010563,v2_benchmark_merchant,721748,INR,succeeded,2011-10-21T07:30:55.306726534Z,2011-10-22T07:30:55.306726534Z,v2_prior_key_0001889
v2_prior_0001890,v2_pay_0010569,v2_benchmark_merchant,26634,INR,succeeded,2011-10-21T18:30:18.047551119Z,2011-10-22T18:30:18.047551119Z,v2_prior_key_0001890
v2_prior_0001891,v2_pay_0010570,v2_benchmark_merchant,527261,INR,succeeded,2011-10-21T19:23:33.115818700Z,2011-10-22T19:23:33.115818700Z,v2_prior_key_0001891
v2_prior_0001892,v2_pay_0010577,v2_benchmark_merchant,434230,INR,succeeded,2011-10-22T00:11:16.774521771Z,2011-10-23T00:11:16.774521771Z,v2_prior_key_0001892
v2_prior_0001893,v2_pay_0010582,v2_benchmark_merchant,718006,INR,succeeded,2011-10-22T05:22:30.572585071Z,2011-10-23T05:22:30.572585071Z,v2_prior_key_0001893
v2_prior_0001894,v2_pay_0010583,v2_benchmark_merchant,2684448,INR,succeeded,2011-10-22T05:30:18.621892123Z,2011-10-23T05:30:18.621892123Z,v2_prior_key_0001894
v2_prior_0001895,v2_pay_0010585,v2_benchmark_merchant,1043716,INR,succeeded,2011-10-22T08:51:03.566091190Z,2011-10-23T08:51:03.566091190Z,v2_prior_key_0001895
v2_prior_0001896,v2_pay_0010587,v2_benchmark_merchant,610493,INR,succeeded,2011-10-22T10:03:52.187435554Z,2011-10-23T10:03:52.187435554Z,v2_prior_key_0001896
v2_prior_0001897,v2_pay_0010588,v2_benchmark_merchant,891020,INR,succeeded,2011-10-22T10:58:05.936975628Z,2011-10-23T10:58:05.936975628Z,v2_prior_key_0001897
v2_prior_0001898,v2_pay_0010590,v2_benchmark_merchant,1573423,INR,succeeded,2011-10-22T13:47:49.633990881Z,2011-10-23T13:47:49.633990881Z,v2_prior_key_0001898
v2_prior_0001899,v2_pay_0010606,v2_benchmark_merchant,2181858,INR,succeeded,2011-10-23T14:10:09.904708921Z,2011-10-24T14:10:09.904708921Z,v2_prior_key_0001899
v2_prior_0001900,v2_pay_0010608,v2_benchmark_merchant,660935,INR,succeeded,2011-10-23T15:35:46.272054771Z,2011-10-24T15:35:46.272054771Z,v2_prior_key_0001900
v2_prior_0001901,v2_pay_0010612,v2_benchmark_merchant,251042,INR,succeeded,2011-10-23T20:03:05.815661716Z,2011-10-24T20:03:05.815661716Z,v2_prior_key_0001901
v2_prior_0001902,v2_pay_0010621,v2_benchmark_merchant,333469,INR,succeeded,2011-10-24T11:25:37.714035163Z,2011-10-25T11:25:37.714035163Z,v2_prior_key_0001902
v2_prior_0001903,v2_pay_0010622,v2_benchmark_merchant,2972431,INR,succeeded,2011-10-24T12:14:01.873211079Z,2011-10-25T12:14:01.873211079Z,v2_prior_key_0001903
v2_prior_0001904,v2_pay_0010630,v2_benchmark_merchant,2398630,INR,succeeded,2011-10-24T23:26:39.546930151Z,2011-10-25T23:26:39.546930151Z,v2_prior_key_0001904
v2_prior_0001905,v2_pay_0010631,v2_benchmark_merchant,171393,INR,succeeded,2011-10-25T00:09:14.321132618Z,2011-10-26T00:09:14.321132618Z,v2_prior_key_0001905
v2_prior_0001906,v2_pay_0010633,v2_benchmark_merchant,223533,INR,succeeded,2011-10-25T02:33:35.135428285Z,2011-10-26T02:33:35.135428285Z,v2_prior_key_0001906
v2_prior_0001907,v2_pay_0010638,v2_benchmark_merchant,145099,INR,succeeded,2011-10-25T06:44:38.077917838Z,2011-10-26T06:44:38.077917838Z,v2_prior_key_0001907
v2_prior_0001908,v2_pay_0010642,v2_benchmark_merchant,311954,INR,succeeded,2011-10-25T07:18:54.028576198Z,2011-10-26T07:18:54.028576198Z,v2_prior_key_0001908
v2_prior_0001909,v2_pay_0010644,v2_benchmark_merchant,289095,INR,succeeded,2011-10-25T08:36:07.747134353Z,2011-10-26T08:36:07.747134353Z,v2_prior_key_0001909
v2_prior_0001910,v2_pay_0010652,v2_benchmark_merchant,1086497,INR,succeeded,2011-10-26T00:55:35.332078867Z,2011-10-27T00:55:35.332078867Z,v2_prior_key_0001910
v2_prior_0001911,v2_pay_0010654,v2_benchmark_merchant,891138,INR,succeeded,2011-10-26T02:27:32.707325942Z,2011-10-27T02:27:32.707325942Z,v2_prior_key_0001911
v2_prior_0001912,v2_pay_0010663,v2_benchmark_merchant,244884,INR,succeeded,2011-10-26T08:37:28.329782362Z,2011-10-27T08:37:28.329782362Z,v2_prior_key_0001912
v2_prior_0001913,v2_pay_0010666,v2_benchmark_merchant,1300429,INR,succeeded,2011-10-26T10:20:04.167876279Z,2011-10-27T10:20:04.167876279Z,v2_prior_key_0001913
v2_prior_0001914,v2_pay_0010687,v2_benchmark_merchant,5091065,INR,succeeded,2011-10-27T02:52:39.594729484Z,2011-10-28T02:52:39.594729484Z,v2_prior_key_0001914
v2_prior_0001915,v2_pay_0010689,v2_benchmark_merchant,1040996,INR,succeeded,2011-10-27T05:36:36.221884652Z,2011-10-28T05:36:36.221884652Z,v2_prior_key_0001915
v2_prior_0001916,v2_pay_0010699,v2_benchmark_merchant,423563,INR,succeeded,2011-10-28T04:08:32.256619693Z,2011-10-29T04:08:32.256619693Z,v2_prior_key_0001916
v2_prior_0001917,v2_pay_0010707,v2_benchmark_merchant,4451620,INR,succeeded,2011-10-28T10:54:56.509149446Z,2011-10-29T10:54:56.509149446Z,v2_prior_key_0001917
v2_prior_0001918,v2_pay_0010711,v2_benchmark_merchant,29313011,INR,succeeded,2011-10-28T17:08:58.678890547Z,2011-10-29T17:08:58.678890547Z,v2_prior_key_0001918
v2_prior_0001919,v2_pay_0010715,v2_benchmark_merchant,146157,INR,succeeded,2011-10-28T20:27:59.914164838Z,2011-10-29T20:27:59.914164838Z,v2_prior_key_0001919
v2_prior_0001920,v2_pay_0010716,v2_benchmark_merchant,541198,INR,succeeded,2011-10-28T21:33:08.092464930Z,2011-10-29T21:33:08.092464930Z,v2_prior_key_0001920
v2_prior_0001921,v2_pay_0010726,v2_benchmark_merchant,766478,INR,succeeded,2011-10-29T05:34:08.433759712Z,2011-10-30T05:34:08.433759712Z,v2_prior_key_0001921
v2_prior_0001922,v2_pay_0010747,v2_benchmark_merchant,2267625,INR,succeeded,2011-10-30T07:18:23.042912574Z,2011-10-31T07:18:23.042912574Z,v2_prior_key_0001922
v2_prior_0001923,v2_pay_0010755,v2_benchmark_merchant,2035006,INR,succeeded,2011-10-30T17:17:20.651601751Z,2011-10-31T17:17:20.651601751Z,v2_prior_key_0001923
v2_prior_0001924,v2_pay_0010772,v2_benchmark_merchant,1057715,INR,succeeded,2011-10-31T17:28:45.417163375Z,2011-11-01T17:28:45.417163375Z,v2_prior_key_0001924
v2_prior_0001925,v2_pay_0010773,v2_benchmark_merchant,10891,INR,succeeded,2011-10-31T18:48:04.993174203Z,2011-11-01T18:48:04.993174203Z,v2_prior_key_0001925
v2_prior_0001926,v2_pay_0010782,v2_benchmark_merchant,680089,INR,succeeded,2011-11-01T05:22:04.820863108Z,2011-11-02T05:22:04.820863108Z,v2_prior_key_0001926
v2_prior_0001927,v2_pay_0010784,v2_benchmark_merchant,109637,INR,succeeded,2011-11-01T08:54:11.484763353Z,2011-11-02T08:54:11.484763353Z,v2_prior_key_0001927
v2_prior_0001928,v2_pay_0010795,v2_benchmark_merchant,1343966,INR,succeeded,2011-11-01T22:20:52.071497658Z,2011-11-02T22:20:52.071497658Z,v2_prior_key_0001928
v2_prior_0001929,v2_pay_0010797,v2_benchmark_merchant,2324961,INR,succeeded,2011-11-01T23:45:37.664919752Z,2011-11-02T23:45:37.664919752Z,v2_prior_key_0001929
v2_prior_0001930,v2_pay_0010800,v2_benchmark_merchant,85876,INR,succeeded,2011-11-02T01:04:35.792555875Z,2011-11-03T01:04:35.792555875Z,v2_prior_key_0001930
v2_prior_0001931,v2_pay_0010804,v2_benchmark_merchant,275473,INR,succeeded,2011-11-02T08:24:11.383262085Z,2011-11-03T08:24:11.383262085Z,v2_prior_key_0001931
v2_prior_0001932,v2_pay_0010814,v2_benchmark_merchant,564412,INR,succeeded,2011-11-03T01:37:10.529862439Z,2011-11-04T01:37:10.529862439Z,v2_prior_key_0001932
v2_prior_0001933,v2_pay_0010817,v2_benchmark_merchant,1717233,INR,succeeded,2011-11-03T04:27:19.130143900Z,2011-11-04T04:27:19.130143900Z,v2_prior_key_0001933
v2_prior_0001934,v2_pay_0010821,v2_benchmark_merchant,375840,INR,succeeded,2011-11-03T08:03:28.737656700Z,2011-11-04T08:03:28.737656700Z,v2_prior_key_0001934
v2_prior_0001935,v2_pay_0010833,v2_benchmark_merchant,1253287,INR,succeeded,2011-11-03T22:14:10.941309807Z,2011-11-04T22:14:10.941309807Z,v2_prior_key_0001935
v2_prior_0001936,v2_pay_0010835,v2_benchmark_merchant,511136,INR,succeeded,2011-11-03T23:00:47.612504671Z,2011-11-04T23:00:47.612504671Z,v2_prior_key_0001936
v2_prior_0001937,v2_pay_0010836,v2_benchmark_merchant,266005,INR,succeeded,2011-11-03T23:04:43.153851837Z,2011-11-04T23:04:43.153851837Z,v2_prior_key_0001937
v2_prior_0001938,v2_pay_0010839,v2_benchmark_merchant,182334,INR,succeeded,2011-11-04T01:39:39.178678988Z,2011-11-05T01:39:39.178678988Z,v2_prior_key_0001938
v2_prior_0001939,v2_pay_0010842,v2_benchmark_merchant,686168,INR,succeeded,2011-11-04T06:55:57.790481014Z,2011-11-05T06:55:57.790481014Z,v2_prior_key_0001939
v2_prior_0001940,v2_pay_0010845,v2_benchmark_merchant,267788,INR,succeeded,2011-11-04T10:12:53.007153476Z,2011-11-05T10:12:53.007153476Z,v2_prior_key_0001940
v2_prior_0001941,v2_pay_0010846,v2_benchmark_merchant,635503,INR,succeeded,2011-11-04T11:53:12.093773691Z,2011-11-05T11:53:12.093773691Z,v2_prior_key_0001941
v2_prior_0001942,v2_pay_0010862,v2_benchmark_merchant,1239193,INR,succeeded,2011-11-05T19:12:16.811006150Z,2011-11-06T19:12:16.811006150Z,v2_prior_key_0001942
v2_prior_0001943,v2_pay_0010868,v2_benchmark_merchant,380579,INR,succeeded,2011-11-05T23:50:53.185099201Z,2011-11-06T23:50:53.185099201Z,v2_prior_key_0001943
v2_prior_0001944,v2_pay_0010873,v2_benchmark_merchant,1847461,INR,succeeded,2011-11-06T14:06:54.237685946Z,2011-11-07T14:06:54.237685946Z,v2_prior_key_0001944
v2_prior_0001945,v2_pay_0010874,v2_benchmark_merchant,1563967,INR,succeeded,2011-11-06T15:05:00.509796499Z,2011-11-07T15:05:00.509796499Z,v2_prior_key_0001945
v2_prior_0001946,v2_pay_0010875,v2_benchmark_merchant,1855105,INR,succeeded,2011-11-06T15:05:40.455310602Z,2011-11-07T15:05:40.455310602Z,v2_prior_key_0001946
v2_prior_0001947,v2_pay_0010880,v2_benchmark_merchant,1559604,INR,succeeded,2011-11-06T19:09:13.267075244Z,2011-11-07T19:09:13.267075244Z,v2_prior_key_0001947
v2_prior_0001948,v2_pay_0010882,v2_benchmark_merchant,2078035,INR,succeeded,2011-11-06T21:42:31.353384267Z,2011-11-07T21:42:31.353384267Z,v2_prior_key_0001948
v2_prior_0001949,v2_pay_0010883,v2_benchmark_merchant,366138,INR,succeeded,2011-11-06T22:48:57.931246532Z,2011-11-07T22:48:57.931246532Z,v2_prior_key_0001949
v2_prior_0001950,v2_pay_0010889,v2_benchmark_merchant,245717,INR,succeeded,2011-11-07T04:04:24.919904769Z,2011-11-08T04:04:24.919904769Z,v2_prior_key_0001950
v2_prior_0001951,v2_pay_0010902,v2_benchmark_merchant,1326920,INR,succeeded,2011-11-07T17:05:05.407523538Z,2011-11-08T17:05:05.407523538Z,v2_prior_key_0001951
v2_prior_0001952,v2_pay_0010905,v2_benchmark_merchant,1780087,INR,succeeded,2011-11-07T20:03:52.964198732Z,2011-11-08T20:03:52.964198732Z,v2_prior_key_0001952
v2_prior_0001953,v2_pay_0010917,v2_benchmark_merchant,548955,INR,succeeded,2011-11-08T14:27:44.422740619Z,2011-11-09T14:27:44.422740619Z,v2_prior_key_0001953
v2_prior_0001954,v2_pay_0010926,v2_benchmark_merchant,362397,INR,succeeded,2011-11-08T22:04:48.501693880Z,2011-11-09T22:04:48.501693880Z,v2_prior_key_0001954
v2_prior_0001955,v2_pay_0010934,v2_benchmark_merchant,182204,INR,succeeded,2011-11-09T04:33:41.659421252Z,2011-11-10T04:33:41.659421252Z,v2_prior_key_0001955
v2_prior_0001956,v2_pay_0010936,v2_benchmark_merchant,1244496,INR,succeeded,2011-11-09T06:20:54.668610757Z,2011-11-10T06:20:54.668610757Z,v2_prior_key_0001956
v2_prior_0001957,v2_pay_0010937,v2_benchmark_merchant,410245,INR,succeeded,2011-11-09T06:24:07.190541919Z,2011-11-10T06:24:07.190541919Z,v2_prior_key_0001957
v2_prior_0001958,v2_pay_0010944,v2_benchmark_merchant,326443,INR,succeeded,2011-11-09T15:40:18.254943457Z,2011-11-10T15:40:18.254943457Z,v2_prior_key_0001958
v2_prior_0001959,v2_pay_0010946,v2_benchmark_merchant,1391213,INR,succeeded,2011-11-09T16:58:08.837750922Z,2011-11-10T16:58:08.837750922Z,v2_prior_key_0001959
v2_prior_0001960,v2_pay_0010947,v2_benchmark_merchant,641628,INR,succeeded,2011-11-09T19:35:19.894232065Z,2011-11-10T19:35:19.894232065Z,v2_prior_key_0001960
v2_prior_0001961,v2_pay_0010948,v2_benchmark_merchant,8680383,INR,succeeded,2011-11-09T19:58:01.997298495Z,2011-11-10T19:58:01.997298495Z,v2_prior_key_0001961
v2_prior_0001962,v2_pay_0010952,v2_benchmark_merchant,156710,INR,succeeded,2011-11-09T22:10:34.422069340Z,2011-11-10T22:10:34.422069340Z,v2_prior_key_0001962
v2_prior_0001963,v2_pay_0010960,v2_benchmark_merchant,485837,INR,succeeded,2011-11-10T05:34:34.919410791Z,2011-11-11T05:34:34.919410791Z,v2_prior_key_0001963
v2_prior_0001964,v2_pay_0010976,v2_benchmark_merchant,1014366,INR,succeeded,2011-11-10T17:53:06.591867626Z,2011-11-11T17:53:06.591867626Z,v2_prior_key_0001964
v2_prior_0001965,v2_pay_0010977,v2_benchmark_merchant,1324801,INR,succeeded,2011-11-10T18:14:44.220340398Z,2011-11-11T18:14:44.220340398Z,v2_prior_key_0001965
v2_prior_0001966,v2_pay_0010978,v2_benchmark_merchant,1521380,INR,succeeded,2011-11-10T19:32:30.862072623Z,2011-11-11T19:32:30.862072623Z,v2_prior_key_0001966
v2_prior_0001967,v2_pay_0010988,v2_benchmark_merchant,296841,INR,succeeded,2011-11-11T03:11:53.501156985Z,2011-11-12T03:11:53.501156985Z,v2_prior_key_0001967
v2_prior_0001968,v2_pay_0010997,v2_benchmark_merchant,8887787,INR,succeeded,2011-11-11T15:11:05.207317470Z,2011-11-12T15:11:05.207317470Z,v2_prior_key_0001968
v2_prior_0001969,v2_pay_0010999,v2_benchmark_merchant,1437216,INR,succeeded,2011-11-11T16:03:59.113819578Z,2011-11-12T16:03:59.113819578Z,v2_prior_key_0001969
v2_prior_0001970,v2_pay_0011003,v2_benchmark_merchant,1210446,INR,succeeded,2011-11-11T20:48:59.831258091Z,2011-11-12T20:48:59.831258091Z,v2_prior_key_0001970
v2_prior_0001971,v2_pay_0011004,v2_benchmark_merchant,313629,INR,succeeded,2011-11-11T20:59:02.857456777Z,2011-11-12T20:59:02.857456777Z,v2_prior_key_0001971
v2_prior_0001972,v2_pay_0011005,v2_benchmark_merchant,439978,INR,succeeded,2011-11-11T21:03:46.673471820Z,2011-11-12T21:03:46.673471820Z,v2_prior_key_0001972
v2_prior_0001973,v2_pay_0011006,v2_benchmark_merchant,16463198,INR,succeeded,2011-11-11T22:08:49.313853690Z,2011-11-12T22:08:49.313853690Z,v2_prior_key_0001973
v2_prior_0001974,v2_pay_0011009,v2_benchmark_merchant,220703,INR,succeeded,2011-11-11T23:01:25.518401463Z,2011-11-12T23:01:25.518401463Z,v2_prior_key_0001974
v2_prior_0001975,v2_pay_0011012,v2_benchmark_merchant,216600,INR,succeeded,2011-11-12T01:10:17.407696083Z,2011-11-13T01:10:17.407696083Z,v2_prior_key_0001975
v2_prior_0001976,v2_pay_0011023,v2_benchmark_merchant,213362,INR,succeeded,2011-11-12T13:25:52.795363958Z,2011-11-13T13:25:52.795363958Z,v2_prior_key_0001976
v2_prior_0001977,v2_pay_0011027,v2_benchmark_merchant,269752,INR,succeeded,2011-11-12T16:50:46.917882552Z,2011-11-13T16:50:46.917882552Z,v2_prior_key_0001977
v2_prior_0001978,v2_pay_0011030,v2_benchmark_merchant,623967,INR,succeeded,2011-11-12T21:19:24.071937188Z,2011-11-13T21:19:24.071937188Z,v2_prior_key_0001978
v2_prior_0001979,v2_pay_0011033,v2_benchmark_merchant,345404,INR,succeeded,2011-11-13T01:53:30.040695859Z,2011-11-14T01:53:30.040695859Z,v2_prior_key_0001979
v2_prior_0001980,v2_pay_0011044,v2_benchmark_merchant,739577,INR,succeeded,2011-11-13T13:06:28.253416010Z,2011-11-14T13:06:28.253416010Z,v2_prior_key_0001980
v2_prior_0001981,v2_pay_0011051,v2_benchmark_merchant,1017277,INR,succeeded,2011-11-13T19:10:28.385161363Z,2011-11-14T19:10:28.385161363Z,v2_prior_key_0001981
v2_prior_0001982,v2_pay_0011055,v2_benchmark_merchant,604073,INR,succeeded,2011-11-13T22:51:00.281818418Z,2011-11-14T22:51:00.281818418Z,v2_prior_key_0001982
v2_prior_0001983,v2_pay_0011056,v2_benchmark_merchant,619152,INR,succeeded,2011-11-13T23:03:49.879161634Z,2011-11-14T23:03:49.879161634Z,v2_prior_key_0001983
v2_prior_0001984,v2_pay_0011057,v2_benchmark_merchant,352375,INR,succeeded,2011-11-13T23:10:52.279157510Z,2011-11-14T23:10:52.279157510Z,v2_prior_key_0001984
v2_prior_0001985,v2_pay_0011059,v2_benchmark_merchant,1404796,INR,succeeded,2011-11-14T02:04:17.236950813Z,2011-11-15T02:04:17.236950813Z,v2_prior_key_0001985
v2_prior_0001986,v2_pay_0011063,v2_benchmark_merchant,28813356,INR,succeeded,2011-11-14T07:43:19.495148332Z,2011-11-15T07:43:19.495148332Z,v2_prior_key_0001986
v2_prior_0001987,v2_pay_0011068,v2_benchmark_merchant,8419,INR,succeeded,2011-11-14T13:43:24.393256796Z,2011-11-15T13:43:24.393256796Z,v2_prior_key_0001987
v2_prior_0001988,v2_pay_0011083,v2_benchmark_merchant,515399,INR,succeeded,2011-11-14T23:12:12.465476871Z,2011-11-15T23:12:12.465476871Z,v2_prior_key_0001988
v2_prior_0001989,v2_pay_0011099,v2_benchmark_merchant,363135,INR,succeeded,2011-11-15T11:04:26.823758258Z,2011-11-16T11:04:26.823758258Z,v2_prior_key_0001989
v2_prior_0001990,v2_pay_0011111,v2_benchmark_merchant,7779587,INR,succeeded,2011-11-15T20:54:09.574302045Z,2011-11-16T20:54:09.574302045Z,v2_prior_key_0001990
v2_prior_0001991,v2_pay_0011121,v2_benchmark_merchant,317702,INR,succeeded,2011-11-16T06:05:38.317246850Z,2011-11-17T06:05:38.317246850Z,v2_prior_key_0001991
v2_prior_0001992,v2_pay_0011126,v2_benchmark_merchant,916687,INR,succeeded,2011-11-16T12:43:24.135889076Z,2011-11-17T12:43:24.135889076Z,v2_prior_key_0001992
v2_prior_0001993,v2_pay_0011127,v2_benchmark_merchant,1625398,INR,succeeded,2011-11-16T15:49:59.303493008Z,2011-11-17T15:49:59.303493008Z,v2_prior_key_0001993
v2_prior_0001994,v2_pay_0011129,v2_benchmark_merchant,1149742,INR,succeeded,2011-11-16T16:07:33.222243907Z,2011-11-17T16:07:33.222243907Z,v2_prior_key_0001994
v2_prior_0001995,v2_pay_0011137,v2_benchmark_merchant,634148,INR,succeeded,2011-11-16T23:49:03.232360375Z,2011-11-17T23:49:03.232360375Z,v2_prior_key_0001995
v2_prior_0001996,v2_pay_0011138,v2_benchmark_merchant,203113,INR,succeeded,2011-11-17T00:42:34.925118038Z,2011-11-18T00:42:34.925118038Z,v2_prior_key_0001996
v2_prior_0001997,v2_pay_0011141,v2_benchmark_merchant,117371,INR,succeeded,2011-11-17T03:39:39.232788139Z,2011-11-18T03:39:39.232788139Z,v2_prior_key_0001997
v2_prior_0001998,v2_pay_0011145,v2_benchmark_merchant,568845,INR,succeeded,2011-11-17T07:35:42.826514451Z,2011-11-18T07:35:42.826514451Z,v2_prior_key_0001998
v2_prior_0001999,v2_pay_0011150,v2_benchmark_merchant,2151042,INR,succeeded,2011-11-17T10:24:41.845577488Z,2011-11-18T10:24:41.845577488Z,v2_prior_key_0001999
v2_prior_0002000,v2_pay_0011154,v2_benchmark_merchant,348327,INR,succeeded,2011-11-17T17:26:03.691854218Z,2011-11-18T17:26:03.691854218Z,v2_prior_key_0002000
v2_prior_0002001,v2_pay_0011156,v2_benchmark_merchant,3030876,INR,succeeded,2011-11-17T19:18:46.075181235Z,2011-11-18T19:18:46.075181235Z,v2_prior_key_0002001
v2_prior_0002002,v2_pay_0011169,v2_benchmark_merchant,470957,INR,succeeded,2011-11-18T08:11:51.113192583Z,2011-11-19T08:11:51.113192583Z,v2_prior_key_0002002
v2_prior_0002003,v2_pay_0011172,v2_benchmark_merchant,802064,INR,succeeded,2011-11-18T10:26:11.557724099Z,2011-11-19T10:26:11.557724099Z,v2_prior_key_0002003
v2_prior_0002004,v2_pay_0011175,v2_benchmark_merchant,176195,INR,succeeded,2011-11-18T20:01:24.952423740Z,2011-11-19T20:01:24.952423740Z,v2_prior_key_0002004
v2_prior_0002005,v2_pay_0011176,v2_benchmark_merchant,14033494,INR,succeeded,2011-11-18T20:35:54.714007497Z,2011-11-19T20:35:54.714007497Z,v2_prior_key_0002005
v2_prior_0002006,v2_pay_0011189,v2_benchmark_merchant,1146139,INR,succeeded,2011-11-19T04:16:26.635124130Z,2011-11-20T04:16:26.635124130Z,v2_prior_key_0002006
v2_prior_0002007,v2_pay_0011193,v2_benchmark_merchant,1037687,INR,succeeded,2011-11-19T08:06:34.228999310Z,2011-11-20T08:06:34.228999310Z,v2_prior_key_0002007
v2_prior_0002008,v2_pay_0011194,v2_benchmark_merchant,904258,INR,succeeded,2011-11-19T08:39:03.891440457Z,2011-11-20T08:39:03.891440457Z,v2_prior_key_0002008
v2_prior_0002009,v2_pay_0011208,v2_benchmark_merchant,1189921,INR,succeeded,2011-11-19T22:19:27.177096499Z,2011-11-20T22:19:27.177096499Z,v2_prior_key_0002009
v2_prior_0002010,v2_pay_0011210,v2_benchmark_merchant,582173,INR,succeeded,2011-11-19T22:37:38.344139602Z,2011-11-20T22:37:38.344139602Z,v2_prior_key_0002010
v2_prior_0002011,v2_pay_0011211,v2_benchmark_merchant,15068,INR,succeeded,2011-11-20T01:45:39.041312514Z,2011-11-21T01:45:39.041312514Z,v2_prior_key_0002011
v2_prior_0002012,v2_pay_0011215,v2_benchmark_merchant,12519,INR,succeeded,2011-11-20T03:54:07.878623395Z,2011-11-21T03:54:07.878623395Z,v2_prior_key_0002012
v2_prior_0002013,v2_pay_0011218,v2_benchmark_merchant,1058579,INR,succeeded,2011-11-20T07:14:34.035089174Z,2011-11-21T07:14:34.035089174Z,v2_prior_key_0002013
v2_prior_0002014,v2_pay_0011220,v2_benchmark_merchant,2108472,INR,succeeded,2011-11-20T08:09:25.326020980Z,2011-11-21T08:09:25.326020980Z,v2_prior_key_0002014
v2_prior_0002015,v2_pay_0011224,v2_benchmark_merchant,80742,INR,succeeded,2011-11-20T13:37:21.906189691Z,2011-11-21T13:37:21.906189691Z,v2_prior_key_0002015
v2_prior_0002016,v2_pay_0011228,v2_benchmark_merchant,687049,INR,succeeded,2011-11-20T17:59:30.293733489Z,2011-11-21T17:59:30.293733489Z,v2_prior_key_0002016
v2_prior_0002017,v2_pay_0011232,v2_benchmark_merchant,53022,INR,succeeded,2011-11-20T20:59:38.040670299Z,2011-11-21T20:59:38.040670299Z,v2_prior_key_0002017
v2_prior_0002018,v2_pay_0011234,v2_benchmark_merchant,834573,INR,succeeded,2011-11-20T21:50:46.540196046Z,2011-11-21T21:50:46.540196046Z,v2_prior_key_0002018
v2_prior_0002019,v2_pay_0011244,v2_benchmark_merchant,263803,INR,succeeded,2011-11-21T06:47:54.129261910Z,2011-11-22T06:47:54.129261910Z,v2_prior_key_0002019
v2_prior_0002020,v2_pay_0011262,v2_benchmark_merchant,243141,INR,succeeded,2011-11-21T23:36:53.494019788Z,2011-11-22T23:36:53.494019788Z,v2_prior_key_0002020
v2_prior_0002021,v2_pay_0011264,v2_benchmark_merchant,1801199,INR,succeeded,2011-11-22T01:42:11.079965263Z,2011-11-23T01:42:11.079965263Z,v2_prior_key_0002021
v2_prior_0002022,v2_pay_0011268,v2_benchmark_merchant,442384,INR,succeeded,2011-11-22T06:32:48.875108696Z,2011-11-23T06:32:48.875108696Z,v2_prior_key_0002022
v2_prior_0002023,v2_pay_0011270,v2_benchmark_merchant,7993054,INR,succeeded,2011-11-22T08:27:58.590181975Z,2011-11-23T08:27:58.590181975Z,v2_prior_key_0002023
v2_prior_0002024,v2_pay_0011272,v2_benchmark_merchant,399257,INR,succeeded,2011-11-22T10:09:21.176442690Z,2011-11-23T10:09:21.176442690Z,v2_prior_key_0002024
v2_prior_0002025,v2_pay_0011273,v2_benchmark_merchant,76840,INR,succeeded,2011-11-22T10:20:17.370619826Z,2011-11-23T10:20:17.370619826Z,v2_prior_key_0002025
v2_prior_0002026,v2_pay_0011278,v2_benchmark_merchant,358478,INR,succeeded,2011-11-22T13:45:52.704585422Z,2011-11-23T13:45:52.704585422Z,v2_prior_key_0002026
v2_prior_0002027,v2_pay_0011280,v2_benchmark_merchant,246885,INR,succeeded,2011-11-22T14:01:42.060268864Z,2011-11-23T14:01:42.060268864Z,v2_prior_key_0002027
v2_prior_0002028,v2_pay_0011286,v2_benchmark_merchant,1004302,INR,succeeded,2011-11-22T21:12:04.307947146Z,2011-11-23T21:12:04.307947146Z,v2_prior_key_0002028
v2_prior_0002029,v2_pay_0011300,v2_benchmark_merchant,201706,INR,succeeded,2011-11-23T06:31:18.254678511Z,2011-11-24T06:31:18.254678511Z,v2_prior_key_0002029
v2_prior_0002030,v2_pay_0011304,v2_benchmark_merchant,104724,INR,succeeded,2011-11-23T09:15:16.167730398Z,2011-11-24T09:15:16.167730398Z,v2_prior_key_0002030
v2_prior_0002031,v2_pay_0011306,v2_benchmark_merchant,47450,INR,succeeded,2011-11-23T10:26:25.172403207Z,2011-11-24T10:26:25.172403207Z,v2_prior_key_0002031
v2_prior_0002032,v2_pay_0011307,v2_benchmark_merchant,282358,INR,succeeded,2011-11-23T10:45:53.306242165Z,2011-11-24T10:45:53.306242165Z,v2_prior_key_0002032
v2_prior_0002033,v2_pay_0011313,v2_benchmark_merchant,168272,INR,succeeded,2011-11-23T12:42:01.846549088Z,2011-11-24T12:42:01.846549088Z,v2_prior_key_0002033
v2_prior_0002034,v2_pay_0011317,v2_benchmark_merchant,170783,INR,succeeded,2011-11-23T14:28:11.051769399Z,2011-11-24T14:28:11.051769399Z,v2_prior_key_0002034
v2_prior_0002035,v2_pay_0011319,v2_benchmark_merchant,429716,INR,succeeded,2011-11-23T16:21:27.702159552Z,2011-11-24T16:21:27.702159552Z,v2_prior_key_0002035
v2_prior_0002036,v2_pay_0011329,v2_benchmark_merchant,68037,INR,succeeded,2011-11-24T04:07:46.127165022Z,2011-11-25T04:07:46.127165022Z,v2_prior_key_0002036
v2_prior_0002037,v2_pay_0011331,v2_benchmark_merchant,530819,INR,succeeded,2011-11-24T04:47:09.409736800Z,2011-11-25T04:47:09.409736800Z,v2_prior_key_0002037
v2_prior_0002038,v2_pay_0011332,v2_benchmark_merchant,239749,INR,succeeded,2011-11-24T04:58:05.346532250Z,2011-11-25T04:58:05.346532250Z,v2_prior_key_0002038
v2_prior_0002039,v2_pay_0011333,v2_benchmark_merchant,439044,INR,succeeded,2011-11-24T05:12:10.824159620Z,2011-11-25T05:12:10.824159620Z,v2_prior_key_0002039
v2_prior_0002040,v2_pay_0011335,v2_benchmark_merchant,145053,INR,succeeded,2011-11-24T05:48:26.508742725Z,2011-11-25T05:48:26.508742725Z,v2_prior_key_0002040
v2_prior_0002041,v2_pay_0011340,v2_benchmark_merchant,3312596,INR,succeeded,2011-11-24T13:41:27.291626107Z,2011-11-25T13:41:27.291626107Z,v2_prior_key_0002041
v2_prior_0002042,v2_pay_0011364,v2_benchmark_merchant,22713,INR,succeeded,2011-11-25T16:59:30.197934642Z,2011-11-26T16:59:30.197934642Z,v2_prior_key_0002042
v2_prior_0002043,v2_pay_0011365,v2_benchmark_merchant,225845,INR,succeeded,2011-11-25T17:24:39.480079243Z,2011-11-26T17:24:39.480079243Z,v2_prior_key_0002043
v2_prior_0002044,v2_pay_0011368,v2_benchmark_merchant,676785,INR,succeeded,2011-11-25T19:25:08.984989441Z,2011-11-26T19:25:08.984989441Z,v2_prior_key_0002044
v2_prior_0002045,v2_pay_0011380,v2_benchmark_merchant,435362,INR,succeeded,2011-11-26T04:12:00.227015721Z,2011-11-27T04:12:00.227015721Z,v2_prior_key_0002045
v2_prior_0002046,v2_pay_0011383,v2_benchmark_merchant,80373,INR,succeeded,2011-11-26T05:49:41.510452443Z,2011-11-27T05:49:41.510452443Z,v2_prior_key_0002046
v2_prior_0002047,v2_pay_0011396,v2_benchmark_merchant,275149,INR,succeeded,2011-11-26T14:51:25.486560712Z,2011-11-27T14:51:25.486560712Z,v2_prior_key_0002047
v2_prior_0002048,v2_pay_0011403,v2_benchmark_merchant,302516,INR,succeeded,2011-11-26T19:05:36.715091446Z,2011-11-27T19:05:36.715091446Z,v2_prior_key_0002048
v2_prior_0002049,v2_pay_0011406,v2_benchmark_merchant,78523,INR,succeeded,2011-11-26T21:04:11.927282923Z,2011-11-27T21:04:11.927282923Z,v2_prior_key_0002049
v2_prior_0002050,v2_pay_0011409,v2_benchmark_merchant,282322,INR,succeeded,2011-11-27T00:03:43.691762547Z,2011-11-28T00:03:43.691762547Z,v2_prior_key_0002050
v2_prior_0002051,v2_pay_0011414,v2_benchmark_merchant,215986,INR,succeeded,2011-11-27T06:06:01.306167007Z,2011-11-28T06:06:01.306167007Z,v2_prior_key_0002051
v2_prior_0002052,v2_pay_0011422,v2_benchmark_merchant,310523,INR,succeeded,2011-11-27T14:31:39.374832429Z,2011-11-28T14:31:39.374832429Z,v2_prior_key_0002052
v2_prior_0002053,v2_pay_0011427,v2_benchmark_merchant,63016,INR,succeeded,2011-11-27T21:39:13.756697002Z,2011-11-28T21:39:13.756697002Z,v2_prior_key_0002053
v2_prior_0002054,v2_pay_0011429,v2_benchmark_merchant,405255,INR,succeeded,2011-11-27T23:12:42.260605926Z,2011-11-28T23:12:42.260605926Z,v2_prior_key_0002054
v2_prior_0002055,v2_pay_0011455,v2_benchmark_merchant,10718,INR,succeeded,2011-11-29T02:15:42.246637489Z,2011-11-30T02:15:42.246637489Z,v2_prior_key_0002055
v2_prior_0002056,v2_pay_0011463,v2_benchmark_merchant,13590,INR,succeeded,2011-11-29T08:34:48.632946426Z,2011-11-30T08:34:48.632946426Z,v2_prior_key_0002056
v2_prior_0002057,v2_pay_0011477,v2_benchmark_merchant,109641,INR,succeeded,2011-11-29T17:04:11.144547412Z,2011-11-30T17:04:11.144547412Z,v2_prior_key_0002057
v2_prior_0002058,v2_pay_0011478,v2_benchmark_merchant,179756,INR,succeeded,2011-11-29T17:18:14.394606546Z,2011-11-30T17:18:14.394606546Z,v2_prior_key_0002058
v2_prior_0002059,v2_pay_0011483,v2_benchmark_merchant,600404,INR,succeeded,2011-11-29T21:29:04.931921121Z,2011-11-30T21:29:04.931921121Z,v2_prior_key_0002059
v2_prior_0002060,v2_pay_0011491,v2_benchmark_merchant,163320,INR,succeeded,2011-11-30T05:13:18.744921906Z,2011-12-01T05:13:18.744921906Z,v2_prior_key_0002060
v2_prior_0002061,v2_pay_0011502,v2_benchmark_merchant,708997,INR,succeeded,2011-11-30T13:52:36.086717366Z,2011-12-01T13:52:36.086717366Z,v2_prior_key_0002061
v2_prior_0002062,v2_pay_0011517,v2_benchmark_merchant,3110504,INR,succeeded,2011-11-30T23:02:41.004277448Z,2011-12-01T23:02:41.004277448Z,v2_prior_key_0002062
v2_prior_0002063,v2_pay_0011519,v2_benchmark_merchant,4834376,INR,succeeded,2011-12-01T03:01:52.586131855Z,2011-12-02T03:01:52.586131855Z,v2_prior_key_0002063
v2_prior_0002064,v2_pay_0011525,v2_benchmark_merchant,304597,INR,succeeded,2011-12-01T13:20:16.108858738Z,2011-12-02T13:20:16.108858738Z,v2_prior_key_0002064
v2_prior_0002065,v2_pay_0011530,v2_benchmark_merchant,200779,INR,succeeded,2011-12-01T15:18:55.947340503Z,2011-12-02T15:18:55.947340503Z,v2_prior_key_0002065
v2_prior_0002066,v2_pay_0011535,v2_benchmark_merchant,1551986,INR,succeeded,2011-12-01T17:59:36.432117969Z,2011-12-02T17:59:36.432117969Z,v2_prior_key_0002066
v2_prior_0002067,v2_pay_0011538,v2_benchmark_merchant,851683,INR,succeeded,2011-12-01T19:31:15.114183938Z,2011-12-02T19:31:15.114183938Z,v2_prior_key_0002067
v2_prior_0002068,v2_pay_0011541,v2_benchmark_merchant,242465,INR,succeeded,2011-12-01T20:10:48.068421928Z,2011-12-02T20:10:48.068421928Z,v2_prior_key_0002068
v2_prior_0002069,v2_pay_0011557,v2_benchmark_merchant,38863,INR,succeeded,2011-12-02T10:40:43.637286822Z,2011-12-03T10:40:43.637286822Z,v2_prior_key_0002069
v2_prior_0002070,v2_pay_0011558,v2_benchmark_merchant,492873,INR,succeeded,2011-12-02T11:41:36.500820924Z,2011-12-03T11:41:36.500820924Z,v2_prior_key_0002070
v2_prior_0002071,v2_pay_0011563,v2_benchmark_merchant,113784,INR,succeeded,2011-12-02T17:57:11.009534277Z,2011-12-03T17:57:11.009534277Z,v2_prior_key_0002071
v2_prior_0002072,v2_pay_0011568,v2_benchmark_merchant,2584,INR,succeeded,2011-12-02T23:18:55.122583227Z,2011-12-03T23:18:55.122583227Z,v2_prior_key_0002072
v2_prior_0002073,v2_pay_0011569,v2_benchmark_merchant,993187,INR,succeeded,2011-12-02T23:20:03.040075723Z,2011-12-03T23:20:03.040075723Z,v2_prior_key_0002073
v2_prior_0002074,v2_pay_0011576,v2_benchmark_merchant,829398,INR,succeeded,2011-12-03T04:56:09.811733875Z,2011-12-04T04:56:09.811733875Z,v2_prior_key_0002074
v2_prior_0002075,v2_pay_0011602,v2_benchmark_merchant,1002476,INR,succeeded,2011-12-04T02:53:02.070206340Z,2011-12-05T02:53:02.070206340Z,v2_prior_key_0002075
v2_prior_0002076,v2_pay_0011609,v2_benchmark_merchant,616362,INR,succeeded,2011-12-04T09:31:13.315403172Z,2011-12-05T09:31:13.315403172Z,v2_prior_key_0002076
v2_prior_0002077,v2_pay_0011617,v2_benchmark_merchant,160094,INR,succeeded,2011-12-04T14:53:58.194884406Z,2011-12-05T14:53:58.194884406Z,v2_prior_key_0002077
v2_prior_0002078,v2_pay_0011630,v2_benchmark_merchant,1176173,INR,succeeded,2011-12-05T02:23:18.612965060Z,2011-12-06T02:23:18.612965060Z,v2_prior_key_0002078
v2_prior_0002079,v2_pay_0011642,v2_benchmark_merchant,212337,INR,succeeded,2011-12-05T14:44:34.918613324Z,2011-12-06T14:44:34.918613324Z,v2_prior_key_0002079
v2_prior_0002080,v2_pay_0011643,v2_benchmark_merchant,251733,INR,succeeded,2011-12-05T17:11:18.001073721Z,2011-12-06T17:11:18.001073721Z,v2_prior_key_0002080
v2_prior_0002081,v2_pay_0011648,v2_benchmark_merchant,2578087,INR,succeeded,2011-12-05T20:28:03.788806946Z,2011-12-06T20:28:03.788806946Z,v2_prior_key_0002081
v2_prior_0002082,v2_pay_0011651,v2_benchmark_merchant,65849,INR,succeeded,2011-12-05T22:19:51.569087644Z,2011-12-06T22:19:51.569087644Z,v2_prior_key_0002082
v2_prior_0002083,v2_pay_0011653,v2_benchmark_merchant,880182,INR,succeeded,2011-12-06T01:09:13.263473923Z,2011-12-07T01:09:13.263473923Z,v2_prior_key_0002083
v2_prior_0002084,v2_pay_0011656,v2_benchmark_merchant,380659,INR,succeeded,2011-12-06T04:00:13.515881686Z,2011-12-07T04:00:13.515881686Z,v2_prior_key_0002084
v2_prior_0002085,v2_pay_0011663,v2_benchmark_merchant,1996152,INR,succeeded,2011-12-06T10:47:27.476447810Z,2011-12-07T10:47:27.476447810Z,v2_prior_key_0002085
v2_prior_0002086,v2_pay_0011665,v2_benchmark_merchant,803855,INR,succeeded,2011-12-06T11:12:16.474312764Z,2011-12-07T11:12:16.474312764Z,v2_prior_key_0002086
v2_prior_0002087,v2_pay_0011673,v2_benchmark_merchant,531628,INR,succeeded,2011-12-06T19:27:48.445023906Z,2011-12-07T19:27:48.445023906Z,v2_prior_key_0002087
v2_prior_0002088,v2_pay_0011674,v2_benchmark_merchant,180659,INR,succeeded,2011-12-06T19:47:51.713305046Z,2011-12-07T19:47:51.713305046Z,v2_prior_key_0002088
v2_prior_0002089,v2_pay_0011677,v2_benchmark_merchant,381900,INR,succeeded,2011-12-06T21:28:41.339973346Z,2011-12-07T21:28:41.339973346Z,v2_prior_key_0002089
v2_prior_0002090,v2_pay_0011679,v2_benchmark_merchant,330212,INR,succeeded,2011-12-06T21:46:26.171202828Z,2011-12-07T21:46:26.171202828Z,v2_prior_key_0002090
v2_prior_0002091,v2_pay_0011681,v2_benchmark_merchant,546364,INR,succeeded,2011-12-07T00:05:56.018233797Z,2011-12-08T00:05:56.018233797Z,v2_prior_key_0002091
v2_prior_0002092,v2_pay_0011687,v2_benchmark_merchant,260175,INR,succeeded,2011-12-07T03:23:56.892840318Z,2011-12-08T03:23:56.892840318Z,v2_prior_key_0002092
v2_prior_0002093,v2_pay_0011694,v2_benchmark_merchant,619472,INR,succeeded,2011-12-07T13:59:09.220540444Z,2011-12-08T13:59:09.220540444Z,v2_prior_key_0002093
v2_prior_0002094,v2_pay_0011704,v2_benchmark_merchant,204782,INR,succeeded,2011-12-07T23:52:07.479889928Z,2011-12-08T23:52:07.479889928Z,v2_prior_key_0002094
v2_prior_0002095,v2_pay_0011717,v2_benchmark_merchant,139401,INR,succeeded,2011-12-08T09:17:26.400949063Z,2011-12-09T09:17:26.400949063Z,v2_prior_key_0002095
v2_prior_0002096,v2_pay_0011730,v2_benchmark_merchant,67000,INR,succeeded,2011-12-08T19:05:27.019590705Z,2011-12-09T19:05:27.019590705Z,v2_prior_key_0002096
v2_prior_0002097,v2_pay_0011735,v2_benchmark_merchant,6246788,INR,succeeded,2011-12-09T01:22:02.483533856Z,2011-12-10T01:22:02.483533856Z,v2_prior_key_0002097
v2_prior_0002098,v2_pay_0011748,v2_benchmark_merchant,374592,INR,succeeded,2011-12-09T10:29:37.405683320Z,2011-12-10T10:29:37.405683320Z,v2_prior_key_0002098
v2_prior_0002099,v2_pay_0011749,v2_benchmark_merchant,144986,INR,succeeded,2011-12-09T12:07:17.129651515Z,2011-12-10T12:07:17.129651515Z,v2_prior_key_0002099
v2_prior_0002100,v2_pay_0011750,v2_benchmark_merchant,10283,INR,succeeded,2011-12-09T12:35:46.102229382Z,2011-12-10T12:35:46.102229382Z,v2_prior_key_0002100
v2_prior_0002101,v2_pay_0011751,v2_benchmark_merchant,215444,INR,succeeded,2011-12-09T13:12:18.347319234Z,2011-12-10T13:12:18.347319234Z,v2_prior_key_0002101
v2_prior_0002102,v2_pay_0011753,v2_benchmark_merchant,610427,INR,succeeded,2011-12-09T15:01:31.811340514Z,2011-12-10T15:01:31.811340514Z,v2_prior_key_0002102
v2_prior_0002103,v2_pay_0011768,v2_benchmark_merchant,735230,INR,succeeded,2011-12-10T02:03:14.321738925Z,2011-12-11T02:03:14.321738925Z,v2_prior_key_0002103
v2_prior_0002104,v2_pay_0011769,v2_benchmark_merchant,132224,INR,succeeded,2011-12-10T02:46:40.632957267Z,2011-12-11T02:46:40.632957267Z,v2_prior_key_0002104
v2_prior_0002105,v2_pay_0011776,v2_benchmark_merchant,430967,INR,succeeded,2011-12-10T12:52:04.907710714Z,2011-12-11T12:52:04.907710714Z,v2_prior_key_0002105
v2_prior_0002106,v2_pay_0011778,v2_benchmark_merchant,90667,INR,succeeded,2011-12-10T15:05:07.628543905Z,2011-12-11T15:05:07.628543905Z,v2_prior_key_0002106
v2_prior_0002107,v2_pay_0011782,v2_benchmark_merchant,632264,INR,succeeded,2011-12-10T21:46:13.226890928Z,2011-12-11T21:46:13.226890928Z,v2_prior_key_0002107
v2_prior_0002108,v2_pay_0011797,v2_benchmark_merchant,298378,INR,succeeded,2011-12-11T15:36:57.340193083Z,2011-12-12T15:36:57.340193083Z,v2_prior_key_0002108
v2_prior_0002109,v2_pay_0011803,v2_benchmark_merchant,242125,INR,succeeded,2011-12-11T20:38:56.288707670Z,2011-12-12T20:38:56.288707670Z,v2_prior_key_0002109
v2_prior_0002110,v2_pay_0011820,v2_benchmark_merchant,1608146,INR,succeeded,2011-12-12T20:44:49.513827721Z,2011-12-13T20:44:49.513827721Z,v2_prior_key_0002110
v2_prior_0002111,v2_pay_0011825,v2_benchmark_merchant,741495,INR,succeeded,2011-12-13T01:57:03.223221177Z,2011-12-14T01:57:03.223221177Z,v2_prior_key_0002111
v2_prior_0002112,v2_pay_0011827,v2_benchmark_merchant,333594,INR,succeeded,2011-12-13T02:33:15.469523956Z,2011-12-14T02:33:15.469523956Z,v2_prior_key_0002112
v2_prior_0002113,v2_pay_0011830,v2_benchmark_merchant,52673,INR,succeeded,2011-12-13T04:36:50.301477110Z,2011-12-14T04:36:50.301477110Z,v2_prior_key_0002113
v2_prior_0002114,v2_pay_0011831,v2_benchmark_merchant,7238,INR,succeeded,2011-12-13T06:13:29.320086290Z,2011-12-14T06:13:29.320086290Z,v2_prior_key_0002114
v2_prior_0002115,v2_pay_0011834,v2_benchmark_merchant,19848,INR,succeeded,2011-12-13T12:55:17.168505711Z,2011-12-14T12:55:17.168505711Z,v2_prior_key_0002115
v2_prior_0002116,v2_pay_0011836,v2_benchmark_merchant,483476,INR,succeeded,2011-12-13T13:42:21.597336783Z,2011-12-14T13:42:21.597336783Z,v2_prior_key_0002116
v2_prior_0002117,v2_pay_0011838,v2_benchmark_merchant,116368,INR,succeeded,2011-12-13T15:12:20.485586928Z,2011-12-14T15:12:20.485586928Z,v2_prior_key_0002117
v2_prior_0002118,v2_pay_0011849,v2_benchmark_merchant,68779,INR,succeeded,2011-12-13T22:48:42.204825930Z,2011-12-14T22:48:42.204825930Z,v2_prior_key_0002118
v2_prior_0002119,v2_pay_0011852,v2_benchmark_merchant,628151,INR,succeeded,2011-12-14T02:49:49.388696177Z,2011-12-15T02:49:49.388696177Z,v2_prior_key_0002119
v2_prior_0002120,v2_pay_0011854,v2_benchmark_merchant,145746,INR,succeeded,2011-12-14T05:33:35.067033028Z,2011-12-15T05:33:35.067033028Z,v2_prior_key_0002120
v2_prior_0002121,v2_pay_0011868,v2_benchmark_merchant,614461,INR,succeeded,2011-12-15T00:05:17.805491544Z,2011-12-16T00:05:17.805491544Z,v2_prior_key_0002121
v2_prior_0002122,v2_pay_0011877,v2_benchmark_merchant,176002,INR,succeeded,2011-12-15T14:04:20.587865470Z,2011-12-16T14:04:20.587865470Z,v2_prior_key_0002122
v2_prior_0002123,v2_pay_0011880,v2_benchmark_merchant,355623,INR,succeeded,2011-12-15T17:25:15.593329171Z,2011-12-16T17:25:15.593329171Z,v2_prior_key_0002123
v2_prior_0002124,v2_pay_0011883,v2_benchmark_merchant,2273585,INR,succeeded,2011-12-15T20:41:09.304588888Z,2011-12-16T20:41:09.304588888Z,v2_prior_key_0002124
v2_prior_0002125,v2_pay_0011884,v2_benchmark_merchant,694594,INR,succeeded,2011-12-15T23:10:37.528746266Z,2011-12-16T23:10:37.528746266Z,v2_prior_key_0002125
v2_prior_0002126,v2_pay_0011885,v2_benchmark_merchant,769883,INR,succeeded,2011-12-15T23:31:10.296533397Z,2011-12-16T23:31:10.296533397Z,v2_prior_key_0002126
v2_prior_0002127,v2_pay_0011887,v2_benchmark_merchant,2963636,INR,succeeded,2011-12-16T05:25:14.601111596Z,2011-12-17T05:25:14.601111596Z,v2_prior_key_0002127
v2_prior_0002128,v2_pay_0011889,v2_benchmark_merchant,1606484,INR,succeeded,2011-12-16T08:43:13.708470620Z,2011-12-17T08:43:13.708470620Z,v2_prior_key_0002128
v2_prior_0002129,v2_pay_0011902,v2_benchmark_merchant,52968,INR,succeeded,2011-12-17T02:56:08.355454238Z,2011-12-18T02:56:08.355454238Z,v2_prior_key_0002129
v2_prior_0002130,v2_pay_0011909,v2_benchmark_merchant,484442,INR,succeeded,2011-12-17T13:48:03.065244562Z,2011-12-18T13:48:03.065244562Z,v2_prior_key_0002130
v2_prior_0002131,v2_pay_0011910,v2_benchmark_merchant,492791,INR,succeeded,2011-12-17T14:00:45.032024409Z,2011-12-18T14:00:45.032024409Z,v2_prior_key_0002131
v2_prior_0002132,v2_pay_0011926,v2_benchmark_merchant,57253,INR,succeeded,2011-12-18T08:09:48.401191743Z,2011-12-19T08:09:48.401191743Z,v2_prior_key_0002132
v2_prior_0002133,v2_pay_0011929,v2_benchmark_merchant,2421593,INR,succeeded,2011-12-18T15:27:21.789315308Z,2011-12-19T15:27:21.789315308Z,v2_prior_key_0002133
v2_prior_0002134,v2_pay_0011933,v2_benchmark_merchant,682086,INR,succeeded,2011-12-18T22:42:19.280966511Z,2011-12-19T22:42:19.280966511Z,v2_prior_key_0002134
v2_prior_0002135,v2_pay_0011937,v2_benchmark_merchant,3642,INR,succeeded,2011-12-19T17:35:29.651155156Z,2011-12-20T17:35:29.651155156Z,v2_prior_key_0002135
v2_prior_0002136,v2_pay_0011949,v2_benchmark_merchant,366400,INR,succeeded,2011-12-20T16:37:51.170910128Z,2011-12-21T16:37:51.170910128Z,v2_prior_key_0002136
v2_prior_0002137,v2_pay_0011956,v2_benchmark_merchant,379761,INR,succeeded,2011-12-21T03:37:28.705449584Z,2011-12-22T03:37:28.705449584Z,v2_prior_key_0002137
v2_prior_0002138,v2_pay_0011957,v2_benchmark_merchant,482335,INR,succeeded,2011-12-21T05:05:23.587907365Z,2011-12-22T05:05:23.587907365Z,v2_prior_key_0002138
v2_prior_0002139,v2_pay_0011960,v2_benchmark_merchant,654712,INR,succeeded,2011-12-21T08:38:54.452829949Z,2011-12-22T08:38:54.452829949Z,v2_prior_key_0002139
v2_prior_0002140,v2_pay_0011965,v2_benchmark_merchant,20462,INR,succeeded,2011-12-21T17:36:24.762535336Z,2011-12-22T17:36:24.762535336Z,v2_prior_key_0002140
v2_prior_0002141,v2_pay_0011974,v2_benchmark_merchant,730240,INR,succeeded,2011-12-22T20:32:15.201222536Z,2011-12-23T20:32:15.201222536Z,v2_prior_key_0002141
v2_prior_0002142,v2_pay_0011979,v2_benchmark_merchant,2913868,INR,succeeded,2011-12-23T12:20:14.949681591Z,2011-12-24T12:20:14.949681591Z,v2_prior_key_0002142
v2_prior_0002143,v2_pay_0011981,v2_benchmark_merchant,731413,INR,succeeded,2011-12-23T21:54:25.776616363Z,2011-12-24T21:54:25.776616363Z,v2_prior_key_0002143
v2_prior_0002144,v2_pay_0011982,v2_benchmark_merchant,1483768,INR,succeeded,2011-12-24T07:01:42.404194311Z,2011-12-25T07:01:42.404194311Z,v2_prior_key_0002144
v2_prior_0002145,v2_pay_0011984,v2_benchmark_merchant,3724466,INR,succeeded,2011-12-24T14:10:00.942387900Z,2011-12-25T14:10:00.942387900Z,v2_prior_key_0002145
v2_prior_0002146,v2_pay_0011986,v2_benchmark_merchant,1664041,INR,succeeded,2011-12-25T02:02:54.502873444Z,2011-12-26T02:02:54.502873444Z,v2_prior_key_0002146
v2_prior_0002147,v2_pay_0011994,v2_benchmark_merchant,267179,INR,succeeded,2011-12-26T19:25:37.064836666Z,2011-12-27T19:25:37.064836666Z,v2_prior_key_0002147
v2_prior_0002148,v2_pay_0011995,v2_benchmark_merchant,323769,INR,succeeded,2011-12-27T04:59:38.686068669Z,2011-12-28T04:59:38.686068669Z,v2_prior_key_0002148
v2_prior_0002149,v2_pay_0011996,v2_benchmark_merchant,1212208,INR,succeeded,2011-12-27T09:26:15.886646614Z,2011-12-28T09:26:15.886646614Z,v2_prior_key_0002149
