refund_request_id,customer_id,label_simulated,requested_amount_paise,raw_score,calibrated_probability,stage_a_action,verification_result,posterior_probability,final_action,rules_score,logistic_score,order_id,original_captured_amount_paise,status,exceeds_original_captured_amount
rr_0006320,cus_90fbf655fe58d625,False,570151,0.1001960866082434,0.0392156862745098,AUTO_APPROVE,consistent,0.004432508937619314,AUTO_APPROVE,0.1,0.011815900742946214,ord_0031795,816000,captured,False
rr_0006337,cus_14ca5295a7faea88,False,856283,0.0001729058656883936,1e-06,AUTO_APPROVE,consistent,1e-06,AUTO_APPROVE,0.0,0.0003725815975591276,ord_0031886,2241300,captured,False
rr_0006340,cus_96045bcde49cc135,False,218467,9.049423748457768e-05,1e-06,AUTO_APPROVE,consistent,1e-06,AUTO_APPROVE,0.1,0.001411223884684061,ord_0031909,346800,captured,False
rr_0006343,cus_282b8132feb87c5c,False,1630772,0.0009923436506420332,1e-06,AUTO_APPROVE,consistent,1e-06,AUTO_APPROVE,0.15,0.10981355044896302,ord_0031936,3027400,captured,False
rr_0006345,cus_674fd9e1fcd39df6,False,2315393,0.02158646535938957,0.017857142857142856,AUTO_APPROVE,inconclusive,0.022222222222222223,AUTO_APPROVE,0.0,0.42986172983169674,ord_0031941,2337000,captured,False
rr_0006346,cus_05539aa3bc886428,False,3472749,0.017439009442648118,0.017857142857142856,AUTO_APPROVE,consistent,0.0019793465426276163,AUTO_APPROVE,0.0,0.009571556843761151,ord_0031942,4856400,captured,False
rr_0006347,cus_6216a6f950910c3e,False,3094289,0.008896207688887896,0.017104143664042136,AUTO_APPROVE,consistent,0.0018945899907631882,AUTO_APPROVE,0.0,0.003374855975477795,ord_0031952,4351300,captured,False
rr_0006348,cus_795bc5799dc98eaf,False,4007980,0.11486194361895571,0.0392156862745098,AUTO_APPROVE,consistent,0.004432508937619314,AUTO_APPROVE,0.0,0.03915336008475739,ord_0031953,4530100,captured,False
rr_0006358,cus_1d9bbd9145500343,False,3105466,0.00019701741461200235,1e-06,AUTO_APPROVE,consistent,1e-06,AUTO_APPROVE,0.0,0.0006141625834283208,ord_0032013,6122900,captured,False
rr_0006366,cus_53b19ae2dade97fb,False,193364,0.0002639371896843017,1e-06,AUTO_APPROVE,consistent,1e-06,AUTO_APPROVE,0.0,0.000272409818602633,ord_0032055,510000,captured,False
rr_0006369,cus_de6805b88366d5d2,False,1972472,0.0002918979507654929,1e-06,AUTO_APPROVE,consistent,1e-06,AUTO_APPROVE,0.0,0.0011743741645073057,ord_0032085,6487800,captured,False
rr_0006371,cus_6b9ba442a2e30dde,False,4993392,0.00024201345784106244,1e-06,AUTO_APPROVE,consistent,1e-06,AUTO_APPROVE,0.0,0.0012221455916247743,ord_0032101,9087400,captured,False
rr_0006372,cus_3aca6ceebc1feaf8,False,741469,0.00020260262786997533,1e-06,AUTO_APPROVE,consistent,1e-06,AUTO_APPROVE,0.0,5.7348069531868036e-05,ord_0032109,3017000,captured,False
rr_0006373,cus_34371dc52c585da0,False,7392197,0.0004907459815658975,1e-06,AUTO_APPROVE,consistent,1e-06,AUTO_APPROVE,0.1,0.006006568773302619,ord_0032110,11270200,captured,False
rr_0006374,cus_37064baa79b96de4,False,6045428,0.0003195725748355075,1e-06,AUTO_APPROVE,consistent,1e-06,AUTO_APPROVE,0.0,0.0038051126512543216,ord_0032114,13882700,captured,False
rr_0006376,cus_5f8e768ebc1a44f4,False,1823949,0.0003502565242651616,1e-06,AUTO_APPROVE,inconclusive,1.2499996875000778e-06,AUTO_APPROVE,0.0,0.003608372604840522,ord_0032120,3076600,captured,False
rr_0006377,cus_d3637606045adf57,False,1165389,0.0912685028595109,0.0392156862745098,AUTO_APPROVE,consistent,0.004432508937619314,AUTO_APPROVE,0.0,0.4070425125600696,ord_0032129,1519800,captured,False
rr_0006378,cus_a4a30e55ced50f92,False,323780,0.022298052111470044,0.017857142857142856,AUTO_APPROVE,consistent,0.0019793465426276163,AUTO_APPROVE,0.1,0.4118241981864176,ord_0032132,340000,captured,False
rr_0006379,cus_9b22cd6e66713b80,False,1922154,0.0019133424990725315,1e-06,AUTO_APPROVE,consistent,1e-06,AUTO_APPROVE,0.0,0.004805547942013197,ord_0032140,3144100,captured,False
rr_0006380,cus_7d56ee289cb7c80e,False,1065588,9.033114567441189e-05,1e-06,AUTO_APPROVE,consistent,1e-06,AUTO_APPROVE,0.0,7.425088506114437e-05,ord_0032143,2466400,captured,False
rr_0006383,cus_642ad14c322068dc,False,6622505,0.03370196185490433,0.017857142857142856,AUTO_APPROVE,consistent,0.0019793465426276163,AUTO_APPROVE,0.0,0.010277398554249735,ord_0032153,9315000,captured,False
rr_0006387,cus_6ec538ecb0642b8a,False,3899372,0.5167178812001872,0.12903225806451613,VERIFY,consistent,0.015903002651414404,AUTO_APPROVE,0.15,0.29563051062650353,ord_0032187,4800000,captured,False
rr_0006389,cus_45d2cedadd50a5d2,False,13124243,0.0125768897886638,0.017857142857142856,AUTO_APPROVE,consistent,0.0019793465426276163,AUTO_APPROVE,0.0,0.044175964605347944,ord_0032191,14364900,captured,False
rr_0006391,cus_5556aedd7b8fa808,False,200484,0.00029861611002435326,1e-06,AUTO_APPROVE,inconclusive,1.2499996875000778e-06,AUTO_APPROVE,0.0,6.820907462250162e-05,ord_0032198,750000,captured,False
rr_0006394,cus_c6d0d9f66b8caae4,False,1438722,0.00024644579110747573,1e-06,AUTO_APPROVE,consistent,1e-06,AUTO_APPROVE,0.1,7.281582757649326e-05,ord_0032206,6303000,captured,False
rr_0006395,cus_40fab0542e7d77bd,False,2934342,0.044528158612373324,0.017857142857142856,AUTO_APPROVE,consistent,0.0019793465426276163,AUTO_APPROVE,0.0,0.08681684676134704,ord_0032208,3792700,captured,False
rr_0006396,cus_a6d6562ea9966ec4,True,4255678,0.9650733242152159,0.8333333333333334,VERIFY,inconsistent,0.9913413302587675,RETURN_FIRST,0.15,0.9537015585735047,ord_0032210,4256000,captured,False
rr_0006397,cus_3607eb91ecd7ca63,False,677079,0.0015213930649254337,1e-06,AUTO_APPROVE,inconsistent,2.2897734911559113e-05,AUTO_APPROVE,0.15,0.005123746350875703,ord_0032224,2772800,captured,False
rr_0006400,cus_164a03c7ee262689,False,1509247,0.0004241686690603937,1e-06,AUTO_APPROVE,consistent,1e-06,AUTO_APPROVE,0.1,0.000763482247323334,ord_0032234,2551500,captured,False
rr_0006404,cus_320dba65569b9c89,True,14968581,0.0835940495795445,0.0392156862745098,AUTO_APPROVE,inconsistent,0.48310313006980515,AUTO_APPROVE,0.0,0.07612747949715758,ord_0032259,16110000,captured,False
rr_0006406,cus_bab2fdcb8dc78160,False,2886103,0.01850491451748313,0.017857142857142856,AUTO_APPROVE,consistent,0.0019793465426276163,AUTO_APPROVE,0.0,0.07809569502511778,ord_0032289,3095000,captured,False
rr_0006407,cus_be026aa05de3dc0e,False,1869339,0.00019690429949407022,1e-06,AUTO_APPROVE,consistent,1e-06,AUTO_APPROVE,0.0,0.00013174538471741104,ord_0032293,6840800,captured,False
rr_0006410,cus_19ac2961ac5bbc57,False,760034,0.0010899554654933091,1e-06,AUTO_APPROVE,consistent,1e-06,AUTO_APPROVE,0.0,6.028144034527827e-05,ord_0032299,2475000,captured,False
rr_0006411,cus_fb86ee95ed6c7675,False,2443467,0.00015245846160858532,1e-06,AUTO_APPROVE,consistent,1e-06,AUTO_APPROVE,0.0,0.009054281031961263,ord_0032304,3566400,captured,False
rr_0006412,cus_401eb3784090b826,False,803845,0.00025362306646360656,1e-06,AUTO_APPROVE,consistent,1e-06,AUTO_APPROVE,0.0,1.2003279563524027e-05,ord_0032305,3082000,captured,False
rr_0006415,cus_4f0b9deed4e12dd7,False,1659939,0.00028484149877800846,1e-06,AUTO_APPROVE,consistent,1e-06,AUTO_APPROVE,0.1,0.0024413875368581735,ord_0032318,2486000,captured,False
rr_0006416,cus_65d52cb3add8840d,False,305026,0.0009221486919726654,1e-06,AUTO_APPROVE,consistent,1e-06,AUTO_APPROVE,0.15,0.0035431981274564174,ord_0032319,861000,captured,False
rr_0006418,cus_730fd8eccf14b43c,False,4272140,0.0003180022547627539,1e-06,AUTO_APPROVE,consistent,1e-06,AUTO_APPROVE,0.0,0.003852577319084572,ord_0032327,6283800,captured,False
rr_0006420,cus_943b2e85c51813fd,False,635663,0.0006105489830469867,1e-06,AUTO_APPROVE,consistent,1e-06,AUTO_APPROVE,0.15,0.07808742835794089,ord_0032331,1153400,captured,False
rr_0006421,cus_ef2a12a0d3c9b74f,False,1376660,0.00016514292978775258,1e-06,AUTO_APPROVE,consistent,1e-06,AUTO_APPROVE,0.0,0.0006380276403117046,ord_0032338,3223200,captured,False
rr_0006423,cus_a533089c70ae84e2,False,1819403,0.00031817556940463534,1e-06,AUTO_APPROVE,consistent,1e-06,AUTO_APPROVE,0.0,1.9918698660369743e-05,ord_0032356,7256400,captured,False
rr_0006426,cus_85aec5d2f3a81676,False,2579273,0.4782520376104753,0.12903225806451613,VERIFY,consistent,0.015903002651414404,AUTO_APPROVE,0.15,0.3864938762831332,ord_0032369,3147000,captured,False
rr_0006427,cus_e278fecceb866edf,False,265236,0.0003791748205769737,1e-06,AUTO_APPROVE,consistent,1e-06,AUTO_APPROVE,0.5,0.000774858324645785,ord_0032373,513000,captured,False
rr_0006428,cus_ccad6c8cb1074273,False,1311252,0.00028120779796618245,1e-06,AUTO_APPROVE,inconclusive,1.2499996875000778e-06,AUTO_APPROVE,0.0,0.00010165894330714238,ord_0032376,4105500,captured,False
rr_0006430,cus_d174b22a46105d54,False,855785,0.015612825410361983,0.017857142857142856,AUTO_APPROVE,consistent,0.0019793465426276163,AUTO_APPROVE,0.5,0.0015604909630401282,ord_0032386,1108500,captured,False
rr_0006433,cus_cfdda397f142a131,False,2404675,0.006324016337896178,1e-06,AUTO_APPROVE,consistent,1e-06,AUTO_APPROVE,0.0,0.01854589496874867,ord_0032405,3019200,captured,False
rr_0006435,cus_1f7c288ecc829ae1,False,2636731,0.7441052623085374,0.5,VERIFY,consistent,0.09835176015736281,AUTO_APPROVE,0.15,0.617128683007983,ord_0032414,2851600,captured,False
rr_0006436,cus_7e993316998c8284,False,3959086,0.00026047253472007403,1e-06,AUTO_APPROVE,consistent,1e-06,AUTO_APPROVE,0.1,0.0023398893922334622,ord_0032415,7488600,captured,False
rr_0006437,cus_0a5132780e3296e2,False,1160846,0.00043778453512275414,1e-06,AUTO_APPROVE,consistent,1e-06,AUTO_APPROVE,0.1,0.00046717306268436094,ord_0032423,2448000,captured,False
rr_0006439,cus_b48c4f5b98f91d98,False,2323197,0.020716677896943196,0.017857142857142856,AUTO_APPROVE,consistent,0.0019793465426276163,AUTO_APPROVE,0.0,0.13091077198166423,ord_0032437,2647300,captured,False
rr_0006440,cus_fb675843dc4bcc04,False,195724,0.0003676439443640792,1e-06,AUTO_APPROVE,consistent,1e-06,AUTO_APPROVE,0.0,3.790927225865476e-05,ord_0032441,859200,captured,False
rr_0006442,cus_eb49b2f3578ff5d2,False,1642745,0.026519737923357614,0.017857142857142856,AUTO_APPROVE,consistent,0.0019793465426276163,AUTO_APPROVE,0.1,0.019841520864651196,ord_0032444,2336700,captured,False
rr_0006443,cus_7f9d8a6205c36489,False,4587268,0.002011478160369417,1e-06,AUTO_APPROVE,consistent,1e-06,AUTO_APPROVE,0.5,0.007395647495949638,ord_0032445,5256100,captured,False
rr_0006444,cus_d174b22a46105d54,False,804953,0.0002620317171037376,1e-06,AUTO_APPROVE,consistent,1e-06,AUTO_APPROVE,0.65,0.0203041729862762,ord_0032455,1257700,captured,False
rr_0006446,cus_2f713c7301c21c22,False,7405943,0.00216769130781723,1e-06,AUTO_APPROVE,consistent,1e-06,AUTO_APPROVE,0.0,0.197877762085403,ord_0032471,8121600,captured,False
rr_0006447,cus_f365bb661811cdf3,False,1291740,0.00102434201952666,1e-06,AUTO_APPROVE,consistent,1e-06,AUTO_APPROVE,0.25,0.23483402468581435,ord_0032481,2214600,captured,False
rr_0006450,cus_37679349a4d4b57d,False,3624291,0.0003862741110313555,1e-06,AUTO_APPROVE,consistent,1e-06,AUTO_APPROVE,0.0,0.0015839479096888976,ord_0032513,9796400,captured,False
rr_0006453,cus_4ddb880237f89eb2,False,2215085,0.0005687737577828899,1e-06,AUTO_APPROVE,consistent,1e-06,AUTO_APPROVE,0.15,0.024993344301502626,ord_0032527,5379600,captured,False
rr_0006455,cus_7573fd1471ef9366,False,1474378,0.00014040548203653194,1e-06,AUTO_APPROVE,consistent,1e-06,AUTO_APPROVE,0.0,0.001689001033749126,ord_0032534,2379000,captured,False
rr_0006456,cus_f84ec50fd371a733,False,9447150,0.00030625151964271363,1e-06,AUTO_APPROVE,consistent,1e-06,AUTO_APPROVE,0.0,0.0034080194333534005,ord_0032535,15658200,captured,False
rr_0006457,cus_cff1a202889f1d1b,False,326152,0.00034915992569917805,1e-06,AUTO_APPROVE,consistent,1e-06,AUTO_APPROVE,0.0,8.053271212593962e-05,ord_0032537,1024800,captured,False
rr_0006458,cus_4e72def97f9f8bd2,False,1317545,0.0032374797300962466,1e-06,AUTO_APPROVE,consistent,1e-06,AUTO_APPROVE,0.0,0.31558545556602735,ord_0032540,1384000,captured,False
rr_0006459,cus_85f3df620098dea0,False,529063,0.00020289178966635953,1e-06,AUTO_APPROVE,consistent,1e-06,AUTO_APPROVE,0.0,8.879780100263318e-05,ord_0032541,2220400,captured,False
rr_0006460,cus_26021f5da8eeebec,False,695708,0.0009804492145167503,1e-06,AUTO_APPROVE,consistent,1e-06,AUTO_APPROVE,0.15,0.000582620916220778,ord_0032542,2603500,captured,False
rr_0006462,cus_621e861ae8070e4d,False,1348365,0.00012553567222740354,1e-06,AUTO_APPROVE,consistent,1e-06,AUTO_APPROVE,0.1,0.00012004302077617383,ord_0032545,5063600,captured,False
rr_0006463,cus_72d5276eff5bf441,False,392249,0.019360301826873007,0.017857142857142856,AUTO_APPROVE,consistent,0.0019793465426276163,AUTO_APPROVE,0.0,0.179660178723071,ord_0032547,400000,captured,False
rr_0006464,cus_b7a12beebc9d6ec9,False,682436,0.12168662656576039,0.0392156862745098,AUTO_APPROVE,consistent,0.004432508937619314,AUTO_APPROVE,0.0,0.3945349197578586,ord_0032548,753000,captured,False
rr_0006465,cus_fb9b54c933bb4db1,True,4430114,0.10617355765522539,0.0392156862745098,AUTO_APPROVE,inconsistent,0.48310313006980515,AUTO_APPROVE,0.15,0.1792490209597772,ord_0032550,5767400,captured,False
rr_0006466,cus_3226256d35df6f66,False,234998,0.0003034957442718848,1e-06,AUTO_APPROVE,consistent,1e-06,AUTO_APPROVE,0.0,0.01937666705094944,ord_0032551,525000,captured,False
rr_0006467,cus_dbb094df01c10089,False,778821,0.00022273129060066435,1e-06,AUTO_APPROVE,consistent,1e-06,AUTO_APPROVE,0.0,0.00463130821987975,ord_0032565,1497000,captured,False
rr_0006469,cus_6f7797d29a32c392,False,2557449,0.0002799249594635777,1e-06,AUTO_APPROVE,inconsistent,2.2897734911559113e-05,AUTO_APPROVE,0.1,0.001586222550547594,ord_0032575,5509800,captured,False
rr_0006470,cus_7f9d8a6205c36489,False,1077550,0.000251173380295796,1e-06,AUTO_APPROVE,consistent,1e-06,AUTO_APPROVE,0.5,5.207705021594046e-05,ord_0032576,3451400,captured,False
rr_0006471,cus_be843a763395e82b,False,5228612,0.47530287764911644,0.12903225806451613,VERIFY,consistent,0.015903002651414404,AUTO_APPROVE,0.0,0.6116995963207104,ord_0032589,6081000,captured,False
rr_0006472,cus_a080f0e4b77e795c,False,50920,0.001995403797942399,1e-06,AUTO_APPROVE,consistent,1e-06,AUTO_APPROVE,0.15,0.0015240467004576537,ord_0032592,250000,captured,False
rr_0006473,cus_b084f98ed94709cc,False,801965,0.024224355234599804,0.017857142857142856,AUTO_APPROVE,consistent,0.0019793465426276163,AUTO_APPROVE,0.0,0.030440112657641044,ord_0032594,1110300,captured,False
rr_0006474,cus_8ee2910a5afabfcb,False,914314,0.04701070007493243,0.017857142857142856,AUTO_APPROVE,consistent,0.0019793465426276163,AUTO_APPROVE,0.5,0.046898511180613875,ord_0032605,1170600,captured,False
rr_0006475,cus_70fe1a4802d5171d,False,1812432,0.00022536448429098883,1e-06,AUTO_APPROVE,consistent,1e-06,AUTO_APPROVE,0.1,0.006387769505021163,ord_0032606,3059600,captured,False
rr_0006476,cus_1b3403efa26bfa5b,False,14131702,0.17107345128958754,0.08571428571428572,VERIFY,consistent,0.010122729367085073,AUTO_APPROVE,0.5,0.07187780742267937,ord_0032612,16382400,captured,False
rr_0006477,cus_89d2d8310b63330e,False,935859,0.0002459440089895026,1e-06,AUTO_APPROVE,consistent,1e-06,AUTO_APPROVE,0.0,0.0037327352789776193,ord_0032617,1493500,captured,False
rr_0006478,cus_317cc28531a9060b,False,11097130,0.04477458304447005,0.017857142857142856,AUTO_APPROVE,consistent,0.0019793465426276163,AUTO_APPROVE,0.0,0.020329100384352882,ord_0032624,12504000,captured,False
rr_0006479,cus_e82a0b900b3dc01c,False,3518667,0.396426816602318,0.12903225806451613,VERIFY,consistent,0.015903002651414404,AUTO_APPROVE,0.15,0.8337198223328208,ord_0032631,3993400,captured,False
rr_0006480,cus_e453336b6476c534,False,6310702,0.040649851463050134,0.017857142857142856,AUTO_APPROVE,inconclusive,0.022222222222222223,AUTO_APPROVE,0.0,0.17150925607413559,ord_0032637,7709300,captured,False
rr_0006481,cus_b17252fa6dc910fe,False,508019,0.00029530901740659315,1e-06,AUTO_APPROVE,consistent,1e-06,AUTO_APPROVE,0.0,0.001363139682774773,ord_0032643,1153100,captured,False
rr_0006482,cus_e278fecceb866edf,True,139892,0.9970458562731227,0.999999,VERIFY,inconsistent,0.999999,RETURN_FIRST,0.8500000000000001,0.9918154320118318,ord_0032645,113100,captured,True
rr_0006483,cus_3df512a70a614b09,True,6158912,0.9997471425357929,0.999999,MANUAL_REVIEW,inconsistent,0.999999,MANUAL_REVIEW,0.5,0.995830303468138,ord_0032662,5605400,captured,True
rr_0006484,cus_89617f78ecf73736,False,2139813,0.07161341223080667,0.0392156862745098,AUTO_APPROVE,consistent,0.004432508937619314,AUTO_APPROVE,0.25,0.4210237713251279,ord_0032664,2695800,captured,False
rr_0006486,cus_025345b69a51208b,False,110614,0.0013274854553042867,1e-06,AUTO_APPROVE,consistent,1e-06,AUTO_APPROVE,0.15,0.27130329012025034,ord_0032677,165000,captured,False
rr_0006487,cus_f6408eb4f341faf0,False,2103034,0.00024200521305805248,1e-06,AUTO_APPROVE,consistent,1e-06,AUTO_APPROVE,0.0,0.002253724638110923,ord_0032690,4602500,captured,False
rr_0006488,cus_8d49a188239da2fe,False,3693545,0.019881357728005547,0.017857142857142856,AUTO_APPROVE,consistent,0.0019793465426276163,AUTO_APPROVE,0.1,0.24697620228657483,ord_0032696,4012900,captured,False
rr_0006489,cus_c48f18ae49a5eabd,False,658451,0.0003617199200967365,1e-06,AUTO_APPROVE,consistent,1e-06,AUTO_APPROVE,0.0,0.0114363025975113,ord_0032701,1174800,captured,False
rr_0006490,cus_bd86cd284e3b2f3d,False,5925994,0.004061565423147694,1e-06,AUTO_APPROVE,consistent,1e-06,AUTO_APPROVE,0.0,0.005350910982978655,ord_0032703,8350800,captured,False
rr_0006491,cus_57eb34e9037f4548,False,2856229,0.000706343896674575,1e-06,AUTO_APPROVE,consistent,1e-06,AUTO_APPROVE,0.15,0.04525727191450456,ord_0032706,4317300,captured,False
rr_0006492,cus_afd0999e19323ed5,False,195008,0.00027581189059836306,1e-06,AUTO_APPROVE,consistent,1e-06,AUTO_APPROVE,0.0,0.0011082037314191666,ord_0032725,340000,captured,False
rr_0006493,cus_bc6e2fcb8749b007,False,3451277,0.007276815792701953,1e-06,AUTO_APPROVE,consistent,1e-06,AUTO_APPROVE,0.0,0.04290547341520974,ord_0032726,3609600,captured,False
rr_0006494,cus_bd3b43e06f92197e,False,1351360,0.00019991355829934287,1e-06,AUTO_APPROVE,consistent,1e-06,AUTO_APPROVE,0.0,0.0002729937735690652,ord_0032729,5542100,captured,False
rr_0006495,cus_ba0325d0e4ef57b3,False,1815794,0.00034617820782102275,1e-06,AUTO_APPROVE,consistent,1e-06,AUTO_APPROVE,0.0,0.0010660721656517943,ord_0032736,4002400,captured,False
rr_0006496,cus_436ef3dad5cec208,False,2106811,0.00024785406734355195,1e-06,AUTO_APPROVE,consistent,1e-06,AUTO_APPROVE,0.0,0.016482431000055482,ord_0032742,3168400,captured,False
rr_0006497,cus_68148d8e8f1ee39b,False,596586,0.00033633116150844647,1e-06,AUTO_APPROVE,consistent,1e-06,AUTO_APPROVE,0.0,0.0009000651467830922,ord_0032745,1103100,captured,False
rr_0006498,cus_60f0ca65d04b9905,False,12341540,0.46089089697241997,0.12903225806451613,VERIFY,consistent,0.015903002651414404,AUTO_APPROVE,0.1,0.1365522273522027,ord_0032750,14146400,captured,False
rr_0006499,cus_ec92b8c64e1ac8e9,False,579865,0.0001412462472130067,1e-06,AUTO_APPROVE,consistent,1e-06,AUTO_APPROVE,0.1,0.0004038931831334898,ord_0032756,1477000,captured,False
rr_0006500,cus_d798d9217d88e0d1,False,153690,0.0010963409206355887,1e-06,AUTO_APPROVE,consistent,1e-06,AUTO_APPROVE,0.15,0.08658355491159496,ord_0032757,515500,captured,False
rr_0006501,cus_eae4b24c8f9a6216,False,1445661,0.08644187844465367,0.0392156862745098,AUTO_APPROVE,consistent,0.004432508937619314,AUTO_APPROVE,0.1,0.11103639211457711,ord_0032767,1933200,captured,False
rr_0006502,cus_78dfe8f14b69d74f,False,306873,0.0016096784476666542,1e-06,AUTO_APPROVE,consistent,1e-06,AUTO_APPROVE,0.3,0.03081716403614805,ord_0032770,1222200,captured,False
rr_0006503,cus_14560a03f7871f03,False,129927,0.0003252435340939034,1e-06,AUTO_APPROVE,consistent,1e-06,AUTO_APPROVE,0.0,9.818235645730492e-05,ord_0032781,483000,captured,False
rr_0006504,cus_1c2038f58ac7ab17,False,41223,0.0003227488328847827,1e-06,AUTO_APPROVE,consistent,1e-06,AUTO_APPROVE,0.0,0.09382888048028912,ord_0032782,75000,captured,False
rr_0006505,cus_c3c8c70240147867,False,10502637,0.0518314222693411,0.017857142857142856,AUTO_APPROVE,consistent,0.0019793465426276163,AUTO_APPROVE,0.0,0.10175626930826515,ord_0032784,12981800,captured,False
rr_0006506,cus_ea88d264a9d41f49,False,1355376,0.0003005914962387694,1e-06,AUTO_APPROVE,consistent,1e-06,AUTO_APPROVE,0.0,0.000736831332594422,ord_0032785,2535500,captured,False
rr_0006507,cus_bffebc6bb0770024,False,2204902,0.0002149474751906118,1e-06,AUTO_APPROVE,consistent,1e-06,AUTO_APPROVE,0.0,0.0005627731498820069,ord_0032791,6912000,captured,False
rr_0006508,cus_c8d736864a1d4d71,False,4722447,0.34528070595238836,0.12903225806451613,VERIFY,consistent,0.015903002651414404,AUTO_APPROVE,0.0,0.831298241801282,ord_0032793,4800000,captured,False
rr_0006509,cus_c6e450a3af33d91d,False,2989957,0.07730258548562506,0.0392156862745098,AUTO_APPROVE,consistent,0.004432508937619314,AUTO_APPROVE,0.0,0.16094395981087983,ord_0032795,3440700,captured,False
rr_0006510,cus_e3d1c53e58e3cddd,False,2255310,0.0007099709055051783,1e-06,AUTO_APPROVE,consistent,1e-06,AUTO_APPROVE,0.15,0.29865483436531765,ord_0032802,4577000,captured,False
rr_0006511,cus_5d64726a7bb88360,False,2124542,0.11794693731119488,0.0392156862745098,AUTO_APPROVE,consistent,0.004432508937619314,AUTO_APPROVE,0.15,0.11313673126212945,ord_0032803,2632000,captured,False
rr_0006512,cus_df7a227374ac476a,False,610458,0.0003307469525958141,1e-06,AUTO_APPROVE,consistent,1e-06,AUTO_APPROVE,0.0,0.0020533188884070673,ord_0032815,1748600,captured,False
rr_0006513,cus_deb980317834074c,False,933261,0.0002600337419575384,1e-06,AUTO_APPROVE,consistent,1e-06,AUTO_APPROVE,0.1,0.0016079403371596,ord_0032817,1491200,captured,False
rr_0006514,cus_f364c450342709d1,False,12832512,0.00030061816987492424,1e-06,AUTO_APPROVE,consistent,1e-06,AUTO_APPROVE,0.0,0.001548961681079253,ord_0032822,21845900,captured,False
rr_0006515,cus_acfd14ca229c0584,False,408579,0.0003206149571780285,1e-06,AUTO_APPROVE,inconclusive,1.2499996875000778e-06,AUTO_APPROVE,0.0,0.0014224312027916418,ord_0032845,1555200,captured,False
rr_0006516,cus_dbb094df01c10089,True,3775323,0.9991347060623943,0.999999,MANUAL_REVIEW,inconsistent,0.999999,MANUAL_REVIEW,0.35,0.9620749700918314,ord_0032849,3156500,captured,True
rr_0006517,cus_8de7300556177911,True,60152,0.42673472191033546,0.12903225806451613,VERIFY,consistent,0.015903002651414404,AUTO_APPROVE,0.15,0.4257437856670453,ord_0032856,65000,captured,False
rr_0006518,cus_b65fbdaa6cf0f0b1,False,3062234,0.0004081778007431065,1e-06,AUTO_APPROVE,consistent,1e-06,AUTO_APPROVE,0.25,0.28559932826207624,ord_0032857,5030800,captured,False
rr_0006519,cus_de6353b36cf32418,False,297580,0.20775286385772276,0.08571428571428572,VERIFY,inconsistent,0.6822077314739403,RETURN_FIRST,0.0,0.30150986430199844,ord_0032863,347500,captured,False
rr_0006520,cus_abd3e49cb935e338,False,1664062,0.0003747505917682086,1e-06,AUTO_APPROVE,consistent,1e-06,AUTO_APPROVE,0.0,0.07445603029835594,ord_0032868,3007000,captured,False
rr_0006521,cus_e278fecceb866edf,False,2570061,0.03965784857782724,0.017857142857142856,AUTO_APPROVE,inconclusive,0.022222222222222223,AUTO_APPROVE,0.5,0.1642783963936945,ord_0032875,3039200,captured,False
rr_0006522,cus_50579f45880185aa,True,208467,0.9986635646742061,0.999999,MANUAL_REVIEW,inconsistent,0.999999,MANUAL_REVIEW,0.35,0.9937193917661105,ord_0032876,187200,captured,True
rr_0006523,cus_605f0bb5774dae00,False,1308810,0.0003351199769729362,1e-06,AUTO_APPROVE,consistent,1e-06,AUTO_APPROVE,0.0,0.0023739402638429013,ord_0032877,3590500,captured,False
rr_0006524,cus_4bcd5ec1fa906a12,False,485500,0.0004515705854415229,1e-06,AUTO_APPROVE,consistent,1e-06,AUTO_APPROVE,0.0,0.0005436256592676036,ord_0032878,2000000,captured,False
rr_0006525,cus_c8d736864a1d4d71,False,1415455,0.05996189250931729,0.0392156862745098,AUTO_APPROVE,consistent,0.004432508937619314,AUTO_APPROVE,0.0,0.12024097370333597,ord_0032881,1896000,captured,False
rr_0006526,cus_09b2574e240ed3cb,False,1021229,0.000980910332327433,1e-06,AUTO_APPROVE,consistent,1e-06,AUTO_APPROVE,0.0,0.00012153444941895445,ord_0032885,2606300,captured,False
rr_0006527,cus_35ee0b40ab9b768d,False,4714498,0.036554400476715015,0.017857142857142856,AUTO_APPROVE,inconclusive,0.022222222222222223,AUTO_APPROVE,0.0,0.05256015938967261,ord_0032903,5883000,captured,False
rr_0006528,cus_e3a4016681cf0ca7,False,49711628,0.3296274650475792,0.12903225806451613,VERIFY,consistent,0.015903002651414404,AUTO_APPROVE,0.15,0.7676585755256619,ord_0032905,55576600,captured,False
rr_0006529,cus_5f23df35055400df,False,1786808,0.0002213079461824554,1e-06,AUTO_APPROVE,consistent,1e-06,AUTO_APPROVE,0.1,0.008967855028913048,ord_0032906,3236800,captured,False
rr_0006530,cus_3f51b853509652a9,True,4177750,0.11285122241419464,0.0392156862745098,AUTO_APPROVE,inconsistent,0.48310313006980515,AUTO_APPROVE,0.15,0.7256117236200803,ord_0032907,5248500,captured,False
rr_0006531,cus_c746ad5de0c1d95c,False,106466,0.09033449240539401,0.0392156862745098,AUTO_APPROVE,consistent,0.004432508937619314,AUTO_APPROVE,0.0,0.4013086305473142,ord_0032909,141000,captured,False
rr_0006532,cus_9691e8c51865f146,False,3669486,0.0002727068735770642,1e-06,AUTO_APPROVE,consistent,1e-06,AUTO_APPROVE,0.0,0.00039074891065624167,ord_0032911,10358200,captured,False
rr_0006533,cus_dd1d0b0dec40b2b5,False,144449,0.3242940367055022,0.12903225806451613,VERIFY,consistent,0.015903002651414404,AUTO_APPROVE,0.1,0.9348454562160218,ord_0032922,150000,captured,False
rr_0006534,cus_b717dfc9a4f2d572,False,3561903,0.22208823289403354,0.08571428571428572,VERIFY,consistent,0.010122729367085073,AUTO_APPROVE,0.0,0.27651895267387133,ord_0032926,4805200,captured,False
rr_0006535,cus_6324971ba3d2d036,False,342977,0.00027867887814800253,1e-06,AUTO_APPROVE,consistent,1e-06,AUTO_APPROVE,0.0,0.000709452724284611,ord_0032929,1277300,captured,False
rr_0006536,cus_7ffe1c9340f0196c,False,13653156,0.0009880055463313017,1e-06,AUTO_APPROVE,consistent,1e-06,AUTO_APPROVE,0.0,0.026657497019522292,ord_0032930,18466800,captured,False
rr_0006537,cus_1ccc80436deddf6c,False,3519047,0.00024925806738094146,1e-06,AUTO_APPROVE,consistent,1e-06,AUTO_APPROVE,0.0,0.0081883010564995,ord_0032931,5910200,captured,False
rr_0006538,cus_6e3486a21dd36e23,False,1724231,0.0002819873355915859,1e-06,AUTO_APPROVE,consistent,1e-06,AUTO_APPROVE,0.0,0.00274942125210654,ord_0032933,3089000,captured,False
rr_0006539,cus_6624e3ddc46049cb,False,4719652,0.00042409292312997686,1e-06,AUTO_APPROVE,consistent,1e-06,AUTO_APPROVE,0.15,0.09207365178249598,ord_0032938,9586800,captured,False
rr_0006540,cus_d172555f02c0de27,False,2094128,0.0008120523463426966,1e-06,AUTO_APPROVE,inconsistent,2.2897734911559113e-05,AUTO_APPROVE,0.15,0.16596408540485347,ord_0032941,4043100,captured,False
rr_0006541,cus_5aac1d29195446dd,False,3060287,0.00027692111354661846,1e-06,AUTO_APPROVE,consistent,1e-06,AUTO_APPROVE,0.0,0.0006084935207607739,ord_0032945,8294400,captured,False
rr_0006542,cus_0ca662235c746f98,False,433422,0.0008197843731575343,1e-06,AUTO_APPROVE,consistent,1e-06,AUTO_APPROVE,0.15,0.004274271903982786,ord_0032946,1267400,captured,False
rr_0006543,cus_164a03c7ee262689,False,654147,0.00015271567618825143,1e-06,AUTO_APPROVE,consistent,1e-06,AUTO_APPROVE,0.1,7.228434232041659e-05,ord_0032951,3033000,captured,False
rr_0006544,cus_e1d56b800b4a707c,False,45266,0.0003955398341442742,1e-06,AUTO_APPROVE,consistent,1e-06,AUTO_APPROVE,0.0,0.006474569826354759,ord_0032954,149900,captured,False
rr_0006545,cus_ebad6f7daaf9be64,False,909799,0.0007932166448451941,1e-06,AUTO_APPROVE,consistent,1e-06,AUTO_APPROVE,0.0,0.02113808050823422,ord_0032955,1616900,captured,False
rr_0006546,cus_ebad6f7daaf9be64,False,368527,0.10356590071179926,0.0392156862745098,AUTO_APPROVE,consistent,0.004432508937619314,AUTO_APPROVE,0.0,0.22275392473715386,ord_0032962,457800,captured,False
rr_0006547,cus_db4821515b024950,False,2049136,0.0002706809996328045,1e-06,AUTO_APPROVE,consistent,1e-06,AUTO_APPROVE,0.0,0.0029729192318263225,ord_0032970,4964400,captured,False
rr_0006548,cus_8749a504b869bba4,True,7807143,0.10276008569917262,0.0392156862745098,AUTO_APPROVE,inconsistent,0.48310313006980515,AUTO_APPROVE,0.0,0.3334283587588161,ord_0032982,9615800,captured,False
rr_0006549,cus_c505bb8a368ccb0c,False,76780,0.0013217014425837888,1e-06,AUTO_APPROVE,consistent,1e-06,AUTO_APPROVE,0.15,0.05884186149938931,ord_0032985,252000,captured,False
rr_0006550,cus_ac129d59bbaa5828,False,1059314,0.0022781492790573286,1e-06,AUTO_APPROVE,consistent,1e-06,AUTO_APPROVE,0.15,0.0155116316160623,ord_0032990,3097900,captured,False
rr_0006551,cus_fb675843dc4bcc04,False,1311351,0.013596779101050309,0.017857142857142856,AUTO_APPROVE,consistent,0.0019793465426276163,AUTO_APPROVE,0.0,0.03919724083787191,ord_0032993,1863200,captured,False
rr_0006552,cus_f23a0d13409a79f5,False,903633,0.7466686551501395,0.5,VERIFY,consistent,0.09835176015736281,AUTO_APPROVE,0.15,0.8514707246031922,ord_0032994,1209800,captured,False
rr_0006553,cus_3337fb3989389c32,False,188522,0.0009150371245087671,1e-06,AUTO_APPROVE,consistent,1e-06,AUTO_APPROVE,0.0,0.003377056965920906,ord_0033005,377700,captured,False
rr_0006554,cus_a955a4c68b57065b,False,1760738,0.00010452853522072549,1e-06,AUTO_APPROVE,inconsistent,2.2897734911559113e-05,AUTO_APPROVE,0.1,0.0010364867476385935,ord_0033006,3545300,captured,False
rr_0006555,cus_436ef3dad5cec208,False,133219,0.09467369169750113,0.0392156862745098,AUTO_APPROVE,consistent,0.004432508937619314,AUTO_APPROVE,0.0,0.7509929560546887,ord_0033012,150000,captured,False
rr_0006556,cus_7f9d8a6205c36489,False,913045,0.0001341610109510881,1e-06,AUTO_APPROVE,consistent,1e-06,AUTO_APPROVE,0.5,0.0011625440831352235,ord_0033016,1885000,captured,False
rr_0006557,cus_87969319a341733c,False,4016153,0.32096896169865224,0.12903225806451613,VERIFY,consistent,0.015903002651414404,AUTO_APPROVE,0.0,0.9375049009175329,ord_0033024,4252000,captured,False
rr_0006558,cus_5620c9d2074ce51d,False,860179,0.00038231218690220665,1e-06,AUTO_APPROVE,consistent,1e-06,AUTO_APPROVE,0.0,2.7880182674324334e-05,ord_0033026,2627400,captured,False
rr_0006559,cus_6e8b0bdd418cbde2,False,10692249,0.030347042516865874,0.017857142857142856,AUTO_APPROVE,inconclusive,0.022222222222222223,AUTO_APPROVE,0.0,0.19768928871979174,ord_0033029,13047000,captured,False
rr_0006560,cus_729f6d12cf900f81,True,29048221,0.9994342015012296,0.999999,MANUAL_REVIEW,inconsistent,0.999999,MANUAL_REVIEW,0.5,0.9747204582760178,ord_0033030,28424600,captured,True
rr_0006561,cus_4a742b6054b4d99d,False,386734,0.0003625684395450363,1e-06,AUTO_APPROVE,consistent,1e-06,AUTO_APPROVE,0.0,0.0001900257402696453,ord_0033033,1588800,captured,False
rr_0006562,cus_67d71e7bcbb47fb4,False,1104055,0.0008017158757795542,1e-06,AUTO_APPROVE,consistent,1e-06,AUTO_APPROVE,0.15,0.007974012922673067,ord_0033038,4237300,captured,False
rr_0006563,cus_86966cbc36a3af65,False,7201035,0.005455777289937727,1e-06,AUTO_APPROVE,consistent,1e-06,AUTO_APPROVE,0.0,0.003655376765371468,ord_0033046,10109500,captured,False
rr_0006564,cus_8881e46ae9375249,False,11328955,0.00017535728403540764,1e-06,AUTO_APPROVE,consistent,1e-06,AUTO_APPROVE,0.1,0.00018532995406710052,ord_0033048,26081100,captured,False
rr_0006565,cus_de8618baa687876f,False,428836,0.0005217975867477475,1e-06,AUTO_APPROVE,consistent,1e-06,AUTO_APPROVE,0.0,0.0006919304879107336,ord_0033052,1117800,captured,False
rr_0006566,cus_0b1a2d52e53a021c,False,10285489,0.12560978232356315,0.0392156862745098,AUTO_APPROVE,consistent,0.004432508937619314,AUTO_APPROVE,0.0,0.02997562358624051,ord_0033058,12103200,captured,False
rr_0006567,cus_17b44ca66f03d834,False,118229,0.0002355656964418413,1e-06,AUTO_APPROVE,consistent,1e-06,AUTO_APPROVE,0.0,0.0029352507584807196,ord_0033061,510000,captured,False
rr_0006568,cus_d0260d0199986913,False,239393,0.0007980117891956413,1e-06,AUTO_APPROVE,consistent,1e-06,AUTO_APPROVE,0.15,0.0010944015419947575,ord_0033069,775500,captured,False
rr_0006569,cus_75466ed9e3f6a6ef,False,1004826,0.0003002193242728833,1e-06,AUTO_APPROVE,consistent,1e-06,AUTO_APPROVE,0.0,0.002504023803634956,ord_0033076,1750400,captured,False
rr_0006570,cus_c2dbd386b6fe89fa,False,1240511,0.0002553851828244489,1e-06,AUTO_APPROVE,consistent,1e-06,AUTO_APPROVE,0.0,0.021960919574430398,ord_0033078,2527300,captured,False
rr_0006571,cus_1019ec9b89e38027,False,1436907,0.2024305875561122,0.08571428571428572,VERIFY,consistent,0.010122729367085073,AUTO_APPROVE,0.1,0.2948575244916947,ord_0033080,1754000,captured,False
rr_0006572,cus_1d7ab53228723ed0,False,2542694,0.6532037788724347,0.17857142857142858,VERIFY,consistent,0.02316375335874424,AUTO_APPROVE,0.25,0.9243821627930624,ord_0033085,2547600,captured,False
rr_0006573,cus_03014d8996c4a015,False,1570925,0.00019036516089019042,1e-06,AUTO_APPROVE,inconclusive,1.2499996875000778e-06,AUTO_APPROVE,0.0,0.0024250306135888294,ord_0033093,4733000,captured,False
rr_0006574,cus_03014d8996c4a015,False,64695,0.0003650196660185442,1e-06,AUTO_APPROVE,consistent,1e-06,AUTO_APPROVE,0.0,0.018130012202534965,ord_0033096,119700,captured,False
rr_0006575,cus_ffda9196708e65db,False,3208535,0.06328704101595418,0.0392156862745098,AUTO_APPROVE,consistent,0.004432508937619314,AUTO_APPROVE,0.1,0.04328509484721226,ord_0033097,3849000,captured,False
rr_0006576,cus_d2eb00834db37be2,True,2950447,0.24887547951463276,0.08571428571428572,VERIFY,inconsistent,0.6822077314739403,RETURN_FIRST,0.15,0.14383701682772818,ord_0033104,3786400,captured,False
rr_0006577,cus_2d176289456b8a50,True,1130967,0.9980560970849174,0.999999,MANUAL_REVIEW,inconclusive,0.999999,MANUAL_REVIEW,0.35,0.9748796175910142,ord_0033107,1033000,captured,True
rr_0006578,cus_eeee187655ff2282,False,1650112,0.00043388899715738146,1e-06,AUTO_APPROVE,consistent,1e-06,AUTO_APPROVE,0.0,0.00028883336011527186,ord_0033116,4513900,captured,False
rr_0006579,cus_923f06abfd3d7bdd,False,1306393,0.0002607591170489981,1e-06,AUTO_APPROVE,consistent,1e-06,AUTO_APPROVE,0.0,9.478640783433227e-05,ord_0033126,5176800,captured,False
rr_0006580,cus_7c74b79017cc293b,False,1595642,0.000311996146860922,1e-06,AUTO_APPROVE,consistent,1e-06,AUTO_APPROVE,0.0,0.030112605150295766,ord_0033129,2916300,captured,False
rr_0006581,cus_d7efacf2faad135e,False,5151108,0.21702722143262762,0.08571428571428572,VERIFY,consistent,0.010122729367085073,AUTO_APPROVE,0.15,0.9553203153711896,ord_0033134,5209000,captured,False
rr_0006582,cus_d314d5c927d51a27,False,553183,0.00024741916424030736,1e-06,AUTO_APPROVE,consistent,1e-06,AUTO_APPROVE,0.0,0.009492873353442973,ord_0033138,895200,captured,False
rr_0006583,cus_35f78ef9914c358b,False,372941,0.0015377697278104682,1e-06,AUTO_APPROVE,consistent,1e-06,AUTO_APPROVE,0.15,0.0006516442541452668,ord_0033139,1593100,captured,False
rr_0006584,cus_8bb75af2420d1ee6,False,2046945,0.0005123344846028042,1e-06,AUTO_APPROVE,consistent,1e-06,AUTO_APPROVE,0.15,0.006838580224626997,ord_0033140,3294400,captured,False
rr_0006585,cus_fdfa0c7329c26ac6,False,3342851,0.051294618438066215,0.017857142857142856,AUTO_APPROVE,consistent,0.0019793465426276163,AUTO_APPROVE,0.0,0.68487671860825,ord_0033147,3366400,captured,False
rr_0006586,cus_d19415d9411cd527,False,1162426,0.0003378338729894966,1e-06,AUTO_APPROVE,consistent,1e-06,AUTO_APPROVE,0.0,0.0015595350694531426,ord_0033150,2899200,captured,False
rr_0006587,cus_23a61b67491013ec,False,1064466,0.0003154332320720558,1e-06,AUTO_APPROVE,inconsistent,2.2897734911559113e-05,AUTO_APPROVE,0.1,2.4453964685014123e-05,ord_0033154,4058600,captured,False
rr_0006588,cus_95d245a3fd1482ad,False,3681033,0.2875113150324166,0.12903225806451613,VERIFY,consistent,0.015903002651414404,AUTO_APPROVE,0.1,0.7474628512432212,ord_0033159,3824800,captured,False
rr_0006589,cus_9192b823ff02ee1b,True,54811,0.050793091391674296,0.017857142857142856,AUTO_APPROVE,inconsistent,0.2939506388065649,AUTO_APPROVE,0.1,0.811107082267484,ord_0033160,59500,captured,False
rr_0006590,cus_d556e3b99a22dbea,False,1019417,0.0034313529148423203,1e-06,AUTO_APPROVE,consistent,1e-06,AUTO_APPROVE,0.0,0.006842160318266656,ord_0033161,1457200,captured,False
rr_0006591,cus_84781149a39b7b97,False,2011151,0.012705222911740895,0.017857142857142856,AUTO_APPROVE,consistent,0.0019793465426276163,AUTO_APPROVE,0.1,0.07044681955924433,ord_0033164,2075700,captured,False
rr_0006592,cus_a4f9ec5000265663,False,5980846,0.020091686276089975,0.017857142857142856,AUTO_APPROVE,consistent,0.0019793465426276163,AUTO_APPROVE,0.0,0.04904772131424734,ord_0033171,6838000,captured,False
rr_0006593,cus_c4e1acc9b2011b3c,True,1037090,0.02139376827620858,0.017857142857142856,AUTO_APPROVE,inconsistent,0.2939506388065649,AUTO_APPROVE,0.1,0.1024940197450424,ord_0033173,1428200,captured,False
rr_0006594,cus_8841459e0b6ef5ec,False,7619946,0.00039783246513957555,1e-06,AUTO_APPROVE,consistent,1e-06,AUTO_APPROVE,0.0,0.0032775766805984,ord_0033176,15175400,captured,False
rr_0006595,cus_8207c00760fd37c3,False,560338,0.0004080890168683089,1e-06,AUTO_APPROVE,consistent,1e-06,AUTO_APPROVE,0.0,2.299666131449648e-05,ord_0033177,2784000,captured,False
rr_0006596,cus_b18b02f8eb877c8f,False,1923385,0.011078531714850416,0.017857142857142856,AUTO_APPROVE,consistent,0.0019793465426276163,AUTO_APPROVE,0.0,0.4922532473714718,ord_0033181,2051100,captured,False
rr_0006597,cus_464f4ac9f79d4bc4,False,70487,0.00021006617182388286,1e-06,AUTO_APPROVE,consistent,1e-06,AUTO_APPROVE,0.0,0.00011670738861857117,ord_0033189,252000,captured,False
rr_0006598,cus_8ed586ff62da32b4,False,1565479,0.00011960379843810562,1e-06,AUTO_APPROVE,consistent,1e-06,AUTO_APPROVE,0.0,0.001497627656142466,ord_0033191,3033600,captured,False
rr_0006599,cus_e0979b0fbe91caf2,False,2509895,0.05946175534282224,0.0392156862745098,AUTO_APPROVE,consistent,0.004432508937619314,AUTO_APPROVE,0.0,0.12938055255885705,ord_0033201,2918000,captured,False
rr_0006600,cus_01c047b6a05bbb1a,False,5672114,0.10422837114931371,0.0392156862745098,AUTO_APPROVE,consistent,0.004432508937619314,AUTO_APPROVE,0.0,0.14061026347582878,ord_0033206,7115300,captured,False
rr_0006601,cus_6f7797d29a32c392,False,3290842,0.14090683762272802,0.08571428571428572,VERIFY,consistent,0.010122729367085073,AUTO_APPROVE,0.1,0.37816485023916,ord_0033221,3582000,captured,False
rr_0006602,cus_a78fe89867bc2431,False,1321453,0.0013932332083135385,1e-06,AUTO_APPROVE,consistent,1e-06,AUTO_APPROVE,0.0,0.0770154818523669,ord_0033229,1611900,captured,False
rr_0006603,cus_4914cd6e6208155b,False,2072076,0.04101468149140812,0.017857142857142856,AUTO_APPROVE,inconsistent,0.2939506388065649,AUTO_APPROVE,0.0,0.37013556224472904,ord_0033236,2376000,captured,False
rr_0006604,cus_40d0615e206c6c75,False,2581666,0.0004761678132500385,1e-06,AUTO_APPROVE,consistent,1e-06,AUTO_APPROVE,0.30000000000000004,0.0002706606974335869,ord_0033237,6796900,captured,False
rr_0006605,cus_14be94df49b20c45,False,3877990,0.0004950683521202927,1e-06,AUTO_APPROVE,consistent,1e-06,AUTO_APPROVE,0.0,0.0005605649948176843,ord_0033252,15995500,captured,False
rr_0006606,cus_6e779f2015f88949,False,6669123,0.0007092919242592711,1e-06,AUTO_APPROVE,consistent,1e-06,AUTO_APPROVE,0.0,0.05538800191189696,ord_0033253,10240800,captured,False
rr_0006607,cus_05070a301510c072,False,738989,0.0006111509893792041,1e-06,AUTO_APPROVE,consistent,1e-06,AUTO_APPROVE,0.0,0.006110919129365525,ord_0033258,1917800,captured,False
rr_0006608,cus_379a98b4d8562eac,False,2806024,0.2617519233720528,0.1283208487050263,VERIFY,consistent,0.015804004897074477,AUTO_APPROVE,0.15,0.5575644649048598,ord_0033267,3196000,captured,False
rr_0006609,cus_b0d1dbf080bf1368,False,2419782,0.961969446313421,0.8333333333333334,VERIFY,inconclusive,0.8620689655172414,RETURN_FIRST,0.15,0.9376586413464623,ord_0033275,3053700,captured,False
rr_0006610,cus_dfcf507c0c3b04d2,False,6037761,0.19062177924611853,0.08571428571428572,VERIFY,consistent,0.010122729367085073,AUTO_APPROVE,0.15,0.756188165681191,ord_0033281,6216600,captured,False
rr_0006611,cus_85f3df620098dea0,False,2010771,0.0002173660138086203,1e-06,AUTO_APPROVE,consistent,1e-06,AUTO_APPROVE,0.2,0.11320572666895677,ord_0033287,3022500,captured,False
rr_0006612,cus_636b56de346dcd46,False,243285,0.0003091953496170157,1e-06,AUTO_APPROVE,inconsistent,2.2897734911559113e-05,AUTO_APPROVE,0.0,0.0030974096943931673,ord_0033293,422400,captured,False
rr_0006613,cus_9e7876cf2a66b984,False,1619141,0.0004026575005759611,1e-06,AUTO_APPROVE,consistent,1e-06,AUTO_APPROVE,0.0,0.0235339480810514,ord_0033298,2501300,captured,False
rr_0006614,cus_84ef8eb0ccda9820,False,289491,0.00029330613146395074,1e-06,AUTO_APPROVE,consistent,1e-06,AUTO_APPROVE,0.0,0.00392553416148431,ord_0033302,535500,captured,False
rr_0006615,cus_84ef8eb0ccda9820,False,2054185,0.0015515842604314535,1e-06,AUTO_APPROVE,consistent,1e-06,AUTO_APPROVE,0.15,0.13018121651114015,ord_0033303,4660900,captured,False
rr_0006616,cus_18efafb755acfe41,True,3247911,0.9993164988804218,0.999999,MANUAL_REVIEW,inconsistent,0.999999,MANUAL_REVIEW,0.35,0.9959682726145295,ord_0033308,3182400,captured,True
rr_0006617,cus_7f9d8a6205c36489,True,1728036,0.18817572185302267,0.08571428571428572,VERIFY,inconsistent,0.6822077314739403,RETURN_FIRST,0.65,0.1373660562100833,ord_0033314,2371900,captured,False
rr_0006618,cus_24f928bcd93b170c,False,1649360,0.00028568042528068633,1e-06,AUTO_APPROVE,consistent,1e-06,AUTO_APPROVE,0.1,0.003173964290326354,ord_0033319,4665200,captured,False
rr_0006619,cus_fc9bc91e34d76a39,False,2730707,0.0015677696735268924,1e-06,AUTO_APPROVE,consistent,1e-06,AUTO_APPROVE,0.1,0.03341787879496145,ord_0033324,3034800,captured,False
rr_0006620,cus_d174b22a46105d54,False,393227,0.00020809312201391364,1e-06,AUTO_APPROVE,consistent,1e-06,AUTO_APPROVE,0.5,0.00022980328260992428,ord_0033326,642600,captured,False
rr_0006621,cus_9eee3da3de3bd48f,False,2360171,0.057831626809587394,0.0392156862745098,AUTO_APPROVE,consistent,0.004432508937619314,AUTO_APPROVE,0.0,0.6094171583060537,ord_0033338,2590400,captured,False
rr_0006622,cus_908d24b29c462170,False,1092925,0.00021139145017196593,1e-06,AUTO_APPROVE,consistent,1e-06,AUTO_APPROVE,0.0,0.0002445413373848383,ord_0033345,2989600,captured,False
rr_0006623,cus_224a9db9ad436584,False,7421481,0.14254503357837378,0.08571428571428572,VERIFY,consistent,0.010122729367085073,AUTO_APPROVE,0.0,0.08689164949301269,ord_0033362,8019400,captured,False
rr_0006624,cus_b568b30013ea1d69,False,795451,0.0003151254870092833,1e-06,AUTO_APPROVE,consistent,1e-06,AUTO_APPROVE,0.0,0.0050224483561537095,ord_0033364,2025600,captured,False
rr_0006625,cus_70fe1a4802d5171d,False,1453215,0.0002096386148360626,1e-06,AUTO_APPROVE,consistent,1e-06,AUTO_APPROVE,0.1,0.00931444059505983,ord_0033373,3264000,captured,False
rr_0006626,cus_e96602c8a7c6b666,False,4854181,0.9144941507082817,0.5,VERIFY,consistent,0.09835176015736281,AUTO_APPROVE,0.15,0.7711207595159272,ord_0033377,5002100,captured,False
rr_0006627,cus_712c42053a12273a,False,1617554,0.054248262081465944,0.017857142857142856,AUTO_APPROVE,consistent,0.0019793465426276163,AUTO_APPROVE,0.0,0.6548010497635639,ord_0033381,1635000,captured,False
rr_0006628,cus_4b5896f9da16cfdc,False,965309,0.008341173499147182,1e-06,AUTO_APPROVE,consistent,1e-06,AUTO_APPROVE,0.0,0.03919970744587656,ord_0033385,1362300,captured,False
rr_0006629,cus_a721bb2157d14c1d,False,20868,0.0002957742583981485,1e-06,AUTO_APPROVE,consistent,1e-06,AUTO_APPROVE,0.0,0.00042780206978471384,ord_0033391,59000,captured,False
rr_0006630,cus_886198d40b992097,False,3412400,0.0005104903346556768,1e-06,AUTO_APPROVE,inconclusive,1.2499996875000778e-06,AUTO_APPROVE,0.0,0.017392415432336664,ord_0033393,6557500,captured,False
rr_0006631,cus_f182575fbce61932,False,8344564,0.22573041522949117,0.08571428571428572,VERIFY,consistent,0.010122729367085073,AUTO_APPROVE,0.0,0.10492501701268933,ord_0033401,8919000,captured,False
rr_0006632,cus_3b10abb1c0d63cfa,False,2864617,0.00021342631211248095,1e-06,AUTO_APPROVE,consistent,1e-06,AUTO_APPROVE,0.0,0.020048611937304384,ord_0033404,6802800,captured,False
rr_0006633,cus_069e1551f1320e91,False,11835418,0.00030874461324095824,1e-06,AUTO_APPROVE,consistent,1e-06,AUTO_APPROVE,0.0,0.004104327690266737,ord_0033407,20331000,captured,False
rr_0006634,cus_7d9985200ab69361,False,116020342,0.4500259001460638,0.12903225806451613,VERIFY,consistent,0.015903002651414404,AUTO_APPROVE,0.1,0.4297304775104005,ord_0033414,132499400,captured,False
rr_0006635,cus_7d9985200ab69361,False,36611771,0.0008231524576844409,1e-06,AUTO_APPROVE,consistent,1e-06,AUTO_APPROVE,0.1,0.0017058823144713222,ord_0033416,68700000,captured,False
rr_0006636,cus_ee9a3c9822e6285e,False,3267205,0.041989018550637705,0.017857142857142856,AUTO_APPROVE,consistent,0.0019793465426276163,AUTO_APPROVE,0.1,0.42728637183776397,ord_0033427,3971700,captured,False
rr_0006637,cus_677e589173f81885,False,3912763,0.00027032170889863843,1e-06,AUTO_APPROVE,consistent,1e-06,AUTO_APPROVE,0.0,0.00835206197138474,ord_0033436,9877200,captured,False
rr_0006638,cus_34371dc52c585da0,False,3039352,0.0002441850741711873,1e-06,AUTO_APPROVE,inconclusive,1.2499996875000778e-06,AUTO_APPROVE,0.1,0.005684975049986063,ord_0033439,4405000,captured,False
rr_0006639,cus_17410682b2b3d79e,False,6101543,0.00011142365474098228,1e-06,AUTO_APPROVE,consistent,1e-06,AUTO_APPROVE,0.0,0.0011257166325451978,ord_0033442,10452800,captured,False
rr_0006640,cus_6222de5e7935a66e,False,2363822,0.015680792887111498,0.017857142857142856,AUTO_APPROVE,consistent,0.0019793465426276163,AUTO_APPROVE,0.0,0.0801009329823799,ord_0033446,3240000,captured,False
rr_0006641,cus_b4000e184b1090cc,False,2956828,0.00011643809640850867,1e-06,AUTO_APPROVE,consistent,1e-06,AUTO_APPROVE,0.0,0.0003348817835397071,ord_0033454,6351900,captured,False
rr_0006642,cus_495ab06815206273,False,395364,0.00040558335326571285,1e-06,AUTO_APPROVE,consistent,1e-06,AUTO_APPROVE,0.0,0.00040185719149199233,ord_0033456,1203000,captured,False
rr_0006643,cus_26fadcb2b52cf37e,False,46406,0.025523986815658425,0.017857142857142856,AUTO_APPROVE,consistent,0.0019793465426276163,AUTO_APPROVE,0.0,0.07557008513757675,ord_0033465,46800,captured,False
rr_0006644,cus_7ec6aeb404bcb252,False,2254534,0.039478651757852284,0.017857142857142856,AUTO_APPROVE,consistent,0.0019793465426276163,AUTO_APPROVE,0.0,0.10279518111134904,ord_0033471,2486400,captured,False
rr_0006645,cus_3df512a70a614b09,False,2725552,0.0013017800270329082,1e-06,AUTO_APPROVE,consistent,1e-06,AUTO_APPROVE,0.1,0.0038862377053528944,ord_0033473,5494600,captured,False
rr_0006646,cus_7d72ddfd6fb58e39,False,7537198,0.000760058719899182,1e-06,AUTO_APPROVE,consistent,1e-06,AUTO_APPROVE,0.15,0.15766947373158946,ord_0033474,11881800,captured,False
rr_0006647,cus_d4d644e7965e1ed7,False,80483,0.0002513517555353389,1e-06,AUTO_APPROVE,consistent,1e-06,AUTO_APPROVE,0.0,0.031386281619526904,ord_0033479,133000,captured,False
rr_0006648,cus_9382f178f1994aa5,False,4027190,0.011332323833510105,0.017857142857142856,AUTO_APPROVE,consistent,0.0019793465426276163,AUTO_APPROVE,0.0,0.10558738510850195,ord_0033480,4269500,captured,False
rr_0006649,cus_a955a4c68b57065b,False,1079044,0.0002530460841560592,1e-06,AUTO_APPROVE,consistent,1e-06,AUTO_APPROVE,0.1,0.003117798111990929,ord_0033481,1549500,captured,False
rr_0006650,cus_e02719241987b4e0,False,2832355,0.0002329820495817768,1e-06,AUTO_APPROVE,consistent,1e-06,AUTO_APPROVE,0.0,0.0020915661333705767,ord_0033487,7577000,captured,False
rr_0006651,cus_9575ebbfab1abc89,False,2136931,0.0005607837561652921,1e-06,AUTO_APPROVE,consistent,1e-06,AUTO_APPROVE,0.15,0.055151586169369826,ord_0033506,3874000,captured,False
rr_0006652,cus_7e629cd26f4932f6,False,4255902,0.005519906815661119,1e-06,AUTO_APPROVE,consistent,1e-06,AUTO_APPROVE,0.1,0.07904595310957942,ord_0033508,5457800,captured,False
rr_0006653,cus_f3671488f1fb9fd7,True,1931735,0.5642183333227988,0.17857142857142858,VERIFY,inconsistent,0.8327165442709169,RETURN_FIRST,0.15,0.5234699936825168,ord_0033518,2588400,captured,False
rr_0006654,cus_515542cfe2311149,False,2904573,0.03664756135402859,0.017857142857142856,AUTO_APPROVE,consistent,0.0019793465426276163,AUTO_APPROVE,0.0,0.37673255017335744,ord_0033538,3390100,captured,False
rr_0006655,cus_8d5f05ccdd60620b,False,10973940,0.0002591503054911352,1e-06,AUTO_APPROVE,consistent,1e-06,AUTO_APPROVE,0.0,4.060559116575656e-05,ord_0033548,43667800,captured,False
rr_0006656,cus_55ca05e580dbc79f,False,3185691,0.002185533843001531,1e-06,AUTO_APPROVE,consistent,1e-06,AUTO_APPROVE,0.0,0.2985554063876583,ord_0033561,3311400,captured,False
rr_0006657,cus_b864434ed282fffb,False,748338,0.00016917751416057887,1e-06,AUTO_APPROVE,consistent,1e-06,AUTO_APPROVE,0.1,2.5545266194736244e-05,ord_0033563,3013000,captured,False
rr_0006658,cus_5f57c633c5d578fd,False,2713278,0.0002575600001051584,1e-06,AUTO_APPROVE,consistent,1e-06,AUTO_APPROVE,0.0,0.0005651561745683506,ord_0033565,6629000,captured,False
rr_0006659,cus_d5ac66d78749f0bd,False,6015517,0.008289981451038028,1e-06,AUTO_APPROVE,consistent,1e-06,AUTO_APPROVE,0.0,0.022906074320254825,ord_0033567,7511600,captured,False
rr_0006660,cus_304f2339107d4978,False,14768446,0.0003830091553100545,1e-06,AUTO_APPROVE,inconclusive,1.2499996875000778e-06,AUTO_APPROVE,0.0,0.07265361533004101,ord_0033574,26539500,captured,False
rr_0006661,cus_f2ae5e2a6e9311fe,False,717645,0.00033454935377821973,1e-06,AUTO_APPROVE,inconsistent,2.2897734911559113e-05,AUTO_APPROVE,0.0,0.0001897704798619185,ord_0033575,1790000,captured,False
rr_0006662,cus_0b654007e019e855,False,976399,0.0002577786493508026,1e-06,AUTO_APPROVE,consistent,1e-06,AUTO_APPROVE,0.0,0.0009308935935459763,ord_0033579,1816000,captured,False
rr_0006663,cus_5fa28e981a3dab34,False,4172048,0.06429583805662221,0.0392156862745098,AUTO_APPROVE,consistent,0.004432508937619314,AUTO_APPROVE,0.0,0.06666383941087982,ord_0033599,4889900,captured,False
rr_0006664,cus_c8d736864a1d4d71,False,6045746,0.12321484483037602,0.0392156862745098,AUTO_APPROVE,consistent,0.004432508937619314,AUTO_APPROVE,0.55,0.9007851927016144,ord_0033608,7030000,captured,False
rr_0006665,cus_b18b02f8eb877c8f,False,620374,0.00048065258664157644,1e-06,AUTO_APPROVE,consistent,1e-06,AUTO_APPROVE,0.0,0.0008390809494711905,ord_0033619,2421600,captured,False
rr_0006666,cus_f573a28e1fe34845,False,1595696,0.0003636172690122687,1e-06,AUTO_APPROVE,consistent,1e-06,AUTO_APPROVE,0.0,0.004004767592472825,ord_0033622,2798000,captured,False
rr_0006667,cus_bbfe82382b088b62,False,1479436,0.0002838543209487323,1e-06,AUTO_APPROVE,consistent,1e-06,AUTO_APPROVE,0.0,0.000608017746042578,ord_0033625,6030000,captured,False
rr_0006668,cus_99cb4ae125873718,False,1055427,0.00025953831436005765,1e-06,AUTO_APPROVE,consistent,1e-06,AUTO_APPROVE,0.1,0.0005292656371552599,ord_0033634,3662500,captured,False
rr_0006669,cus_7f99f806991b88d6,False,641541,0.0002221886218586852,1e-06,AUTO_APPROVE,consistent,1e-06,AUTO_APPROVE,0.0,0.00048390487295122845,ord_0033641,1384800,captured,False
rr_0006670,cus_94a0a90c7118f09f,False,1185255,0.0008682039777774669,1e-06,AUTO_APPROVE,consistent,1e-06,AUTO_APPROVE,0.0,0.0011370688641385903,ord_0033644,3519000,captured,False
rr_0006671,cus_1bec1f059c8c05f3,False,801062,0.00031050392501891797,1e-06,AUTO_APPROVE,consistent,1e-06,AUTO_APPROVE,0.0,0.0009554003508778727,ord_0033652,3562000,captured,False
rr_0006672,cus_89ffe600c22007b9,False,188385,0.0005073573376528332,1e-06,AUTO_APPROVE,inconclusive,1.2499996875000778e-06,AUTO_APPROVE,0.0,0.0005128587069829302,ord_0033658,686800,captured,False
rr_0006673,cus_0162007a140200a5,False,1518237,0.0002443737066109158,1e-06,AUTO_APPROVE,consistent,1e-06,AUTO_APPROVE,0.0,0.054455302411468766,ord_0033660,3133000,captured,False
rr_0006674,cus_0b5a384eeccf6e59,False,4131307,0.010431864543590946,0.017857142857142856,AUTO_APPROVE,consistent,0.0019793465426276163,AUTO_APPROVE,0.0,0.6455607250298149,ord_0033664,4203900,captured,False
rr_0006675,cus_66ad5b94049a0648,False,19768330,0.0005091519832713459,1e-06,AUTO_APPROVE,consistent,1e-06,AUTO_APPROVE,0.1,0.004240024662404318,ord_0033666,44630800,captured,False
rr_0006676,cus_55a60e1593098400,True,966119,0.8807978905096238,0.5,VERIFY,inconsistent,0.958155907987277,RETURN_FIRST,0.15,0.8450995386423871,ord_0033667,978300,captured,False
rr_0006677,cus_13771f32587eca7c,False,1774930,0.00024221438470565292,1e-06,AUTO_APPROVE,inconsistent,2.2897734911559113e-05,AUTO_APPROVE,0.0,0.0004034793900846578,ord_0033674,3429000,captured,False
rr_0006678,cus_585b12424be58189,False,1174348,0.0001875563420066721,1e-06,AUTO_APPROVE,inconsistent,2.2897734911559113e-05,AUTO_APPROVE,0.0,0.00025851598550963247,ord_0033679,3071800,captured,False
rr_0006679,cus_7da366cb7b9f8b91,False,1552555,0.009643511359453459,0.017857142857142856,AUTO_APPROVE,consistent,0.0019793465426276163,AUTO_APPROVE,0.0,0.09569664474274572,ord_0033682,1835800,captured,False
rr_0006680,cus_3e557f0c2ff5a1fb,False,2576792,0.032459317009142015,0.017857142857142856,AUTO_APPROVE,consistent,0.0019793465426276163,AUTO_APPROVE,0.0,0.04057734155617458,ord_0033685,3463200,captured,False
rr_0006681,cus_129fefda52ea5bbc,False,4923727,0.10370558784053908,0.0392156862745098,AUTO_APPROVE,inconsistent,0.48310313006980515,AUTO_APPROVE,0.15,0.6593135271509881,ord_0033688,6724000,captured,False
rr_0006682,cus_a760ec3014b3dbc6,False,328277,0.0002166045628891453,1e-06,AUTO_APPROVE,consistent,1e-06,AUTO_APPROVE,0.0,0.0001007515044135537,ord_0033698,1243800,captured,False
rr_0006683,cus_63b7151695b8b6a7,False,2537570,0.0002635419450140614,1e-06,AUTO_APPROVE,consistent,1e-06,AUTO_APPROVE,0.0,0.00019098395907500058,ord_0033707,5884100,captured,False
rr_0006684,cus_ef60cf7b4096e215,False,1086919,0.0006630218931932105,1e-06,AUTO_APPROVE,consistent,1e-06,AUTO_APPROVE,0.15,0.2476954810859015,ord_0033718,3051700,captured,False
rr_0006685,cus_511b0efad27ba19f,False,1263010,0.00043323568535944804,1e-06,AUTO_APPROVE,consistent,1e-06,AUTO_APPROVE,0.25,0.0024163335326067704,ord_0033723,4161400,captured,False
rr_0006686,cus_1e87f6293e615bba,False,3898818,0.015990712877646033,0.017857142857142856,AUTO_APPROVE,consistent,0.0019793465426276163,AUTO_APPROVE,0.0,0.0761898468842329,ord_0033730,4617900,captured,False
rr_0006687,cus_c4f89191535115b1,False,874493,0.00025490644132369217,1e-06,AUTO_APPROVE,consistent,1e-06,AUTO_APPROVE,0.0,0.001562240262306904,ord_0033745,3049600,captured,False
rr_0006688,cus_e453336b6476c534,False,2438452,0.023221008758184895,0.017857142857142856,AUTO_APPROVE,consistent,0.0019793465426276163,AUTO_APPROVE,0.0,0.02093945505895566,ord_0033746,3062600,captured,False
rr_0006689,cus_43a820cd64537266,False,4457177,0.00024497902604936285,1e-06,AUTO_APPROVE,consistent,1e-06,AUTO_APPROVE,0.0,0.0120488552232944,ord_0033760,6580600,captured,False
rr_0006690,cus_10b3182c2524a013,False,1587367,0.0001895611650889148,1e-06,AUTO_APPROVE,consistent,1e-06,AUTO_APPROVE,0.0,6.733694056007035e-05,ord_0033764,5070400,captured,False
rr_0006691,cus_49caae89d8a88b32,False,1592259,0.6850996276417922,0.17857142857142858,VERIFY,consistent,0.02316375335874424,AUTO_APPROVE,0.15,0.14083762517890805,ord_0033769,2023500,captured,False
rr_0006692,cus_d1f588bffe3d9791,False,1982494,0.00018731408514771215,1e-06,AUTO_APPROVE,consistent,1e-06,AUTO_APPROVE,0.0,0.00010723330690266675,ord_0033770,5386900,captured,False
rr_0006693,cus_d1f588bffe3d9791,False,1206058,0.00020501479771509252,1e-06,AUTO_APPROVE,consistent,1e-06,AUTO_APPROVE,0.0,0.004060973947345066,ord_0033771,3580200,captured,False
rr_0006694,cus_7d9985200ab69361,False,31375899,0.22433674117393587,0.08571428571428572,VERIFY,consistent,0.010122729367085073,AUTO_APPROVE,0.30000000000000004,0.058870112173747,ord_0033772,41174000,captured,False
rr_0006695,cus_c7f26e170c2aca73,False,3530087,0.1359544248049914,0.08571428571428572,VERIFY,inconclusive,0.1048951048951049,RETURN_FIRST,0.0,0.070449642634321,ord_0033783,3947200,captured,False
rr_0006696,cus_9013f6284f130ca7,False,3093798,0.00017159730025074135,1e-06,AUTO_APPROVE,consistent,1e-06,AUTO_APPROVE,0.0,0.00023432221724720977,ord_0033785,7957500,captured,False
rr_0006697,cus_9388922986c7d3e2,False,2957044,0.00022956681357225606,1e-06,AUTO_APPROVE,consistent,1e-06,AUTO_APPROVE,0.0,0.0015241752708809416,ord_0033790,6348500,captured,False
rr_0006698,cus_dcd6b91c8ab0c55d,False,11811951,0.04422684921697966,0.017857142857142856,AUTO_APPROVE,consistent,0.0019793465426276163,AUTO_APPROVE,0.15,0.1895403739522618,ord_0033792,15468600,captured,False
rr_0006699,cus_9f91abff79dc7ab2,False,1205504,0.00034368836060643613,1e-06,AUTO_APPROVE,consistent,1e-06,AUTO_APPROVE,0.0,0.02464309716053157,ord_0033794,1942400,captured,False
rr_0006700,cus_79c27e2b93dc169c,False,85329,0.0002998786502255823,1e-06,AUTO_APPROVE,consistent,1e-06,AUTO_APPROVE,0.1,0.0004984309918678314,ord_0033802,406800,captured,False
rr_0006701,cus_6856342b22c510a7,False,1272685,0.00022617766327493792,1e-06,AUTO_APPROVE,consistent,1e-06,AUTO_APPROVE,0.0,0.0002612727092952795,ord_0033810,4928800,captured,False
rr_0006702,cus_70fe1a4802d5171d,False,571154,0.007379582857937498,1e-06,AUTO_APPROVE,consistent,1e-06,AUTO_APPROVE,0.30000000000000004,0.007649145232714089,ord_0033811,756000,captured,False
rr_0006703,cus_105ee7573f47ebe3,False,4235205,0.14069618597182498,0.08571428571428572,VERIFY,consistent,0.010122729367085073,AUTO_APPROVE,0.15,0.7405561440076595,ord_0033826,5510500,captured,False
rr_0006704,cus_a9502cb84f29f537,False,1706153,0.0002221073123776142,1e-06,AUTO_APPROVE,inconclusive,1.2499996875000778e-06,AUTO_APPROVE,0.0,0.0011738707585878746,ord_0033837,4731200,captured,False
rr_0006705,cus_4487a99c264aee7a,False,4660486,0.00016908358966315494,1e-06,AUTO_APPROVE,consistent,1e-06,AUTO_APPROVE,0.0,0.13693240490557915,ord_0033839,7288600,captured,False
rr_0006706,cus_79c27e2b93dc169c,False,2423190,0.014004011584876472,0.017857142857142856,AUTO_APPROVE,consistent,0.0019793465426276163,AUTO_APPROVE,0.1,0.78487269121236,ord_0033840,3073000,captured,False
rr_0006707,cus_af7f4c17b504897c,False,1031913,0.00020909053219496243,1e-06,AUTO_APPROVE,consistent,1e-06,AUTO_APPROVE,0.0,0.04697366346150965,ord_0033842,1619500,captured,False
rr_0006708,cus_9878fa50aee7fef0,False,1332712,0.047212242460164595,0.017857142857142856,AUTO_APPROVE,inconclusive,0.022222222222222223,AUTO_APPROVE,0.1,0.3041005791525375,ord_0033846,1341700,captured,False
rr_0006709,cus_22f32334e443b79d,True,2488377,0.9896619422983173,0.999999,MANUAL_REVIEW,inconclusive,0.999999,MANUAL_REVIEW,0.5,0.9934570587734846,ord_0033854,2456400,captured,True
rr_0006710,cus_40d0615e206c6c75,False,1392556,0.05013706736683919,0.017857142857142856,AUTO_APPROVE,consistent,0.0019793465426276163,AUTO_APPROVE,0.30000000000000004,0.048940281523565526,ord_0033855,1571400,captured,False
rr_0006711,cus_d9caade865504e52,False,4714118,0.7822301676469362,0.5,VERIFY,consistent,0.09835176015736281,AUTO_APPROVE,0.15,0.8989602509528091,ord_0033860,5118200,captured,False
rr_0006712,cus_2d0c7b949dd54796,False,2536290,0.0007159902649924353,1e-06,AUTO_APPROVE,consistent,1e-06,AUTO_APPROVE,0.15,0.005725272679681676,ord_0033862,5224900,captured,False
rr_0006713,cus_5ef16c35b446145c,False,7660200,0.11588698102725326,0.0392156862745098,AUTO_APPROVE,consistent,0.004432508937619314,AUTO_APPROVE,0.0,0.0849196820737437,ord_0033870,8426200,captured,False
rr_0006714,cus_21b544b760e5e05d,False,7872855,0.00037250950110731903,1e-06,AUTO_APPROVE,consistent,1e-06,AUTO_APPROVE,0.0,0.10009452765064615,ord_0033872,11816800,captured,False
rr_0006715,cus_87ba03795b8fbccb,False,6722983,0.0007699862119722899,1e-06,AUTO_APPROVE,consistent,1e-06,AUTO_APPROVE,0.0,0.0006558961077990283,ord_0033879,18247900,captured,False
rr_0006716,cus_7f7e7966841abc89,False,192698,0.0002015456187888992,1e-06,AUTO_APPROVE,consistent,1e-06,AUTO_APPROVE,0.0,0.00023377414880670238,ord_0033895,615800,captured,False
rr_0006717,cus_c67ca0428e5c471a,False,8233503,0.00038778683792124095,1e-06,AUTO_APPROVE,consistent,1e-06,AUTO_APPROVE,0.15,0.1827933596223402,ord_0033910,12475300,captured,False
rr_0006718,cus_b9fa6da107d8bf17,False,2162039,0.01109481646868267,0.017857142857142856,AUTO_APPROVE,consistent,0.0019793465426276163,AUTO_APPROVE,0.0,0.04813001544501814,ord_0033911,3022000,captured,False
rr_0006719,cus_c03fc536931e12b4,False,931807,0.0009200148191772942,1e-06,AUTO_APPROVE,inconclusive,1.2499996875000778e-06,AUTO_APPROVE,0.15,0.00042009308150619856,ord_0033918,3093100,captured,False
rr_0006720,cus_0263a2dd6ab28ae2,False,2119736,0.00010065944742935467,1e-06,AUTO_APPROVE,consistent,1e-06,AUTO_APPROVE,0.0,0.00020981251619367215,ord_0033923,5137700,captured,False
rr_0006721,cus_4c51fa4e09f615e2,False,6713453,0.054444684513646785,0.017857142857142856,AUTO_APPROVE,consistent,0.0019793465426276163,AUTO_APPROVE,0.15,0.6850281072428951,ord_0033932,8864900,captured,False
rr_0006722,cus_c808f355932a19e4,False,1467301,0.00014391737036044386,1e-06,AUTO_APPROVE,consistent,1e-06,AUTO_APPROVE,0.0,0.0007147530861480007,ord_0033935,2226000,captured,False
rr_0006723,cus_b8989a476ce86926,False,1816704,0.00036490282081164745,1e-06,AUTO_APPROVE,consistent,1e-06,AUTO_APPROVE,0.0,0.0004174381032521666,ord_0033936,4551700,captured,False
rr_0006724,cus_fcef39ec95c7e1a2,False,471432,0.00045602949167770207,1e-06,AUTO_APPROVE,inconsistent,2.2897734911559113e-05,AUTO_APPROVE,0.0,0.00107555809375513,ord_0033937,1050600,captured,False
rr_0006725,cus_0183ac6a01783603,False,1521970,0.08211058393728154,0.0392156862745098,AUTO_APPROVE,consistent,0.004432508937619314,AUTO_APPROVE,0.0,0.015532790606431998,ord_0033941,2108500,captured,False
rr_0006726,cus_eb37da12b99700c5,False,1372005,0.004350581169713698,1e-06,AUTO_APPROVE,consistent,1e-06,AUTO_APPROVE,0.0,0.04716725929199454,ord_0033943,1580400,captured,False
rr_0006727,cus_d4bfd1b14176700d,False,1293348,0.06010341076683884,0.0392156862745098,AUTO_APPROVE,consistent,0.004432508937619314,AUTO_APPROVE,0.0,0.009397347397232884,ord_0033944,1810900,captured,False
rr_0006728,cus_fabd240fda6b944a,False,2429849,0.05117040186577707,0.017857142857142856,AUTO_APPROVE,consistent,0.0019793465426276163,AUTO_APPROVE,0.0,0.02416853386297748,ord_0033949,3420000,captured,False
rr_0006729,cus_a5313a062bc01c3f,False,3267036,0.1537906122964135,0.08571428571428572,VERIFY,consistent,0.010122729367085073,AUTO_APPROVE,0.15,0.5087759723188633,ord_0033955,4465600,captured,False
rr_0006730,cus_29cf64343ab1a905,False,4610639,0.000456348066121364,1e-06,AUTO_APPROVE,consistent,1e-06,AUTO_APPROVE,0.0,0.002519598567312532,ord_0033961,8849000,captured,False
rr_0006731,cus_ec5a92c70f3494d9,False,927690,0.0007185927684903836,1e-06,AUTO_APPROVE,consistent,1e-06,AUTO_APPROVE,0.0,0.005615399122866427,ord_0033964,1933900,captured,False
rr_0006732,cus_600172b60fa8e647,False,1892157,0.00021050301914063598,1e-06,AUTO_APPROVE,consistent,1e-06,AUTO_APPROVE,0.0,0.012222319560743738,ord_0033969,3306000,captured,False
rr_0006733,cus_ca35689f2816e431,True,6490032,0.9961653713708352,0.999999,MANUAL_REVIEW,inconclusive,0.999999,MANUAL_REVIEW,0.2,0.9861841067652397,ord_0033972,5355000,captured,True
rr_0006734,cus_3cab0cfea41d0ef4,True,1612748,0.6596300174976025,0.17857142857142858,VERIFY,inconsistent,0.8327165442709169,RETURN_FIRST,0.25,0.5212758745132844,ord_0033974,1630200,captured,False
rr_0006735,cus_0ca662235c746f98,False,770022,0.0003274627308675428,1e-06,AUTO_APPROVE,consistent,1e-06,AUTO_APPROVE,0.0,0.0020677128938502865,ord_0033977,1161200,captured,False
rr_0006736,cus_36392b786bb55be4,False,698282,0.00032057517301688286,1e-06,AUTO_APPROVE,consistent,1e-06,AUTO_APPROVE,0.0,0.00033739880560719026,ord_0033981,3361400,captured,False
rr_0006737,cus_fb5403ef9cce1684,False,542392,0.000254307105176449,1e-06,AUTO_APPROVE,consistent,1e-06,AUTO_APPROVE,0.0,0.0005854405516118451,ord_0033984,1998700,captured,False
rr_0006738,cus_23a61b67491013ec,False,3496569,0.0005041334096597118,1e-06,AUTO_APPROVE,consistent,1e-06,AUTO_APPROVE,0.25,0.031498381785700524,ord_0033986,5246100,captured,False
rr_0006739,cus_db95da80e5ed904d,False,743726,0.00022261619678367044,1e-06,AUTO_APPROVE,consistent,1e-06,AUTO_APPROVE,0.0,0.00024193671313792387,ord_0033992,2177700,captured,False
rr_0006740,cus_44ea7c7c34bb9ab7,False,3148895,0.011307037129535758,0.017857142857142856,AUTO_APPROVE,consistent,0.0019793465426276163,AUTO_APPROVE,0.0,0.22031314183107248,ord_0033993,3489900,captured,False
rr_0006741,cus_02166feba18f3efd,False,515463,0.00023190991504391727,1e-06,AUTO_APPROVE,consistent,1e-06,AUTO_APPROVE,0.0,0.0017519992208119026,ord_0033997,938700,captured,False
rr_0006742,cus_0b39f76c13357c16,False,3270666,0.018908744228952723,0.017857142857142856,AUTO_APPROVE,consistent,0.0019793465426276163,AUTO_APPROVE,0.0,0.12925718965545988,ord_0033999,3343000,captured,False
rr_0006743,cus_8438b3e161d47482,False,182143,0.0002493094337091509,1e-06,AUTO_APPROVE,consistent,1e-06,AUTO_APPROVE,0.0,0.00019102015980367257,ord_0034005,574800,captured,False
rr_0006744,cus_1d7b66a324f5dfb6,False,19877498,0.0006601789901827357,1e-06,AUTO_APPROVE,consistent,1e-06,AUTO_APPROVE,0.1,0.0047846821510520695,ord_0034009,40914600,captured,False
rr_0006745,cus_65c066466013269f,False,3485462,0.17780652249574228,0.08571428571428572,VERIFY,consistent,0.010122729367085073,AUTO_APPROVE,0.15,0.6673700567263927,ord_0034022,4614000,captured,False
rr_0006746,cus_13e0435f979a0ff7,False,14381752,0.00015709623747299728,1e-06,AUTO_APPROVE,consistent,1e-06,AUTO_APPROVE,0.0,0.0020103855963805083,ord_0034028,36714400,captured,False
rr_0006747,cus_c643a0ce54b93118,False,341904,0.0003384470596452446,1e-06,AUTO_APPROVE,consistent,1e-06,AUTO_APPROVE,0.0,7.326955514947658e-05,ord_0034033,1335900,captured,False
rr_0006748,cus_2a72d47669ba2415,False,2034435,0.00030247072481314786,1e-06,AUTO_APPROVE,consistent,1e-06,AUTO_APPROVE,0.0,0.02395456966728866,ord_0034041,3299400,captured,False
rr_0006749,cus_8ee2910a5afabfcb,False,1072501,0.00018732779842284565,1e-06,AUTO_APPROVE,consistent,1e-06,AUTO_APPROVE,0.30000000000000004,0.07274491319987576,ord_0034045,1642800,captured,False
rr_0006750,cus_5f85172116db38ac,True,2163346,0.9620893421738906,0.8333333333333334,VERIFY,inconsistent,0.9913413302587675,RETURN_FIRST,0.3,0.833511863462937,ord_0034051,3049000,captured,False
rr_0006751,cus_5fd2f5d691a4f3fd,False,445492,0.00045167820252389247,1e-06,AUTO_APPROVE,consistent,1e-06,AUTO_APPROVE,0.0,0.012222169996928961,ord_0034052,680000,captured,False
rr_0006752,cus_1468e23ed7d1bf0e,False,358387,0.5711372972255537,0.17857142857142858,VERIFY,inconclusive,0.2136752136752137,RETURN_FIRST,0.25,0.9396262206414544,ord_0034053,366500,captured,False
rr_0006753,cus_0a1f0dbf22a8fff0,False,9281192,0.00037186638792248514,1e-06,AUTO_APPROVE,consistent,1e-06,AUTO_APPROVE,0.15,0.0019498149644059982,ord_0034057,21624500,captured,False
rr_0006754,cus_0df3174c21c33b33,False,12947970,0.0002588460108900793,1e-06,AUTO_APPROVE,consistent,1e-06,AUTO_APPROVE,0.0,0.00018492414743698948,ord_0034059,28866600,captured,False
rr_0006755,cus_dce2a8f1255163b3,False,1394414,0.011272659346293743,0.017857142857142856,AUTO_APPROVE,consistent,0.0019793465426276163,AUTO_APPROVE,0.0,0.6610892054846397,ord_0034061,1423800,captured,False
rr_0006756,cus_1f7c288ecc829ae1,True,1790274,0.64093589923755,0.17857142857142858,VERIFY,consistent,0.02316375335874424,AUTO_APPROVE,0.15,0.975587923020362,ord_0034068,2041500,captured,False
rr_0006757,cus_597fadcf97776c78,False,1741219,0.0005562611710694442,1e-06,AUTO_APPROVE,inconclusive,1.2499996875000778e-06,AUTO_APPROVE,0.15,0.2554122437224142,ord_0034075,2544000,captured,False
rr_0006758,cus_a6bcd568e7ee8065,False,1488770,0.0002132677013118631,1e-06,AUTO_APPROVE,consistent,1e-06,AUTO_APPROVE,0.0,0.0022882117773012386,ord_0034076,3043000,captured,False
rr_0006759,cus_3306c4f4458d2f77,False,3885616,0.0004015267166395962,1e-06,AUTO_APPROVE,consistent,1e-06,AUTO_APPROVE,0.0,0.00043836377584803983,ord_0034082,10324000,captured,False
rr_0006760,cus_313a795f72feae20,False,2190369,0.0025699294153242024,1e-06,AUTO_APPROVE,consistent,1e-06,AUTO_APPROVE,0.0,0.002909559536779379,ord_0034092,3055400,captured,False
rr_0006761,cus_ee92a7f4690d5ea1,False,89044,0.1257761298605449,0.0392156862745098,AUTO_APPROVE,consistent,0.004432508937619314,AUTO_APPROVE,0.0,0.005669884327209841,ord_0034102,124800,captured,False
rr_0006762,cus_a08589dd6daf863c,False,619094,0.0003794840625703444,1e-06,AUTO_APPROVE,consistent,1e-06,AUTO_APPROVE,0.0,0.004514704096028744,ord_0034103,930700,captured,False
rr_0006763,cus_b5f7c66fdd4065df,True,1253468,0.9915136002134298,0.999999,MANUAL_REVIEW,inconsistent,0.999999,MANUAL_REVIEW,0.15,0.21969100891081675,ord_0034124,1380300,captured,False
rr_0006764,cus_c674dc2469947edd,True,3080460,0.7327941074669211,0.5,VERIFY,consistent,0.09835176015736281,AUTO_APPROVE,0.15,0.7661207954017383,ord_0034135,3671600,captured,False
rr_0006765,cus_be843a763395e82b,False,2488478,0.00022406925587179703,1e-06,AUTO_APPROVE,consistent,1e-06,AUTO_APPROVE,0.0,0.09271477770953018,ord_0034138,4155000,captured,False
rr_0006766,cus_fc9bc91e34d76a39,False,1339121,0.00017152023231026416,1e-06,AUTO_APPROVE,consistent,1e-06,AUTO_APPROVE,0.1,0.00226430097208171,ord_0034141,3073200,captured,False
rr_0006767,cus_8d62f59a2efdb269,False,834352,0.00031273471417351547,1e-06,AUTO_APPROVE,consistent,1e-06,AUTO_APPROVE,0.0,0.0017368445499841146,ord_0034144,2924700,captured,False
rr_0006768,cus_1b3403efa26bfa5b,False,573256,0.0003181696922493241,1e-06,AUTO_APPROVE,consistent,1e-06,AUTO_APPROVE,0.8,0.01195933607558789,ord_0034145,1416200,captured,False
rr_0006769,cus_baae9a5de2847645,False,1278516,0.0006503109884676555,1e-06,AUTO_APPROVE,consistent,1e-06,AUTO_APPROVE,0.15,0.0952236740328416,ord_0034150,1905900,captured,False
rr_0006770,cus_7e287d65a5f0c4c2,False,1885034,0.0007750356419083386,1e-06,AUTO_APPROVE,consistent,1e-06,AUTO_APPROVE,0.25,0.7560643797095298,ord_0034152,2820900,captured,False
rr_0006771,cus_bbba1b2dc00e5f52,False,4374761,0.7405020241303134,0.5,VERIFY,consistent,0.09835176015736281,AUTO_APPROVE,0.15,0.9116228562505226,ord_0034155,5072900,captured,False
rr_0006772,cus_df9721b099ddf829,False,7362046,0.00018215104750410603,1e-06,AUTO_APPROVE,consistent,1e-06,AUTO_APPROVE,0.0,0.0028939496134433246,ord_0034158,18736200,captured,False
rr_0006773,cus_281f6d65b39653e8,False,3196021,0.046444215717813146,0.017857142857142856,AUTO_APPROVE,consistent,0.0019793465426276163,AUTO_APPROVE,0.0,0.2541782786929014,ord_0034161,3673700,captured,False
rr_0006774,cus_aa23564487c5c322,False,2954795,0.08426510361266001,0.0392156862745098,AUTO_APPROVE,consistent,0.004432508937619314,AUTO_APPROVE,0.0,0.830796112289232,ord_0034165,3087600,captured,False
rr_0006775,cus_00cc5e2d6a9a5485,False,3309524,0.7260953699627718,0.5,VERIFY,inconsistent,0.958155907987277,RETURN_FIRST,0.15,0.8592955411211295,ord_0034166,3613400,captured,False
rr_0006776,cus_159b22d4d81e6c43,False,3607949,0.009707536951455802,0.017857142857142856,AUTO_APPROVE,consistent,0.0019793465426276163,AUTO_APPROVE,0.0,0.01741841103564093,ord_0034169,4661200,captured,False
rr_0006777,cus_6332d576288f20e5,False,65244,0.00031795901460112964,1e-06,AUTO_APPROVE,consistent,1e-06,AUTO_APPROVE,0.0,0.0007794214800181707,ord_0034170,165000,captured,False
rr_0006778,cus_1f6666fd1fccc068,False,1494118,0.00015238540629853846,1e-06,AUTO_APPROVE,consistent,1e-06,AUTO_APPROVE,0.0,0.010436370257602115,ord_0034171,2149200,captured,False
rr_0006779,cus_fc241d98e08d09a0,False,4401925,0.0009436190519035638,1e-06,AUTO_APPROVE,consistent,1e-06,AUTO_APPROVE,0.15,0.4311145000756679,ord_0034174,6386600,captured,False
rr_0006780,cus_e278fecceb866edf,True,12150112,0.7969929237075464,0.5,VERIFY,inconsistent,0.958155907987277,RETURN_FIRST,0.65,0.1246483726799968,ord_0034181,13102200,captured,False
rr_0006781,cus_c5e58a99c3a7093f,False,2244494,0.028530508875870116,0.017857142857142856,AUTO_APPROVE,consistent,0.0019793465426276163,AUTO_APPROVE,0.0,0.28834027202178386,ord_0034191,2486100,captured,False
rr_0006782,cus_39a72d6e90944c84,False,6416657,0.00017018745461756804,1e-06,AUTO_APPROVE,consistent,1e-06,AUTO_APPROVE,0.0,0.01896036709799479,ord_0034193,10862100,captured,False
rr_0006783,cus_7f6760018a46e466,False,3730188,0.017777132830452725,0.017857142857142856,AUTO_APPROVE,consistent,0.0019793465426276163,AUTO_APPROVE,0.0,0.0531541533328998,ord_0034201,3791400,captured,False
rr_0006784,cus_20e2c1952dd78568,False,1698501,0.0005043986091788002,1e-06,AUTO_APPROVE,consistent,1e-06,AUTO_APPROVE,0.15,0.0014935444711904153,ord_0034212,4248000,captured,False
rr_0006785,cus_7336e97f200b1ec7,False,1458045,0.0005697720792713002,1e-06,AUTO_APPROVE,consistent,1e-06,AUTO_APPROVE,0.25,0.010775415030137656,ord_0034215,2718800,captured,False
rr_0006786,cus_c42bda4d57d9f0d9,False,700051,0.00046924065980217,1e-06,AUTO_APPROVE,inconsistent,2.2897734911559113e-05,AUTO_APPROVE,0.1,8.932993988766505e-05,ord_0034221,3036800,captured,False
rr_0006787,cus_003ec19f28727f06,False,546582,0.0011726043318855224,1e-06,AUTO_APPROVE,consistent,1e-06,AUTO_APPROVE,0.0,0.007972439124380197,ord_0034226,1008000,captured,False
rr_0006788,cus_e2841b07b68733be,True,3055863,0.9614037962177387,0.8333333333333334,VERIFY,inconsistent,0.9913413302587675,RETURN_FIRST,0.3,0.3832244565100395,ord_0034229,4032600,captured,False
rr_0006789,cus_b37e9fb6fc9b7026,False,433470,0.026049766680648782,0.017857142857142856,AUTO_APPROVE,consistent,0.0019793465426276163,AUTO_APPROVE,0.0,0.010204801840279788,ord_0034232,532000,captured,False
rr_0006790,cus_01864351aae5a612,False,3004435,0.0001801923347344942,1e-06,AUTO_APPROVE,consistent,1e-06,AUTO_APPROVE,0.0,0.020310052517297,ord_0034251,4720400,captured,False
rr_0006791,cus_ad04c75f15eb0d8c,False,1025766,0.00020625799110423495,1e-06,AUTO_APPROVE,inconclusive,1.2499996875000778e-06,AUTO_APPROVE,0.0,0.0007931277091381289,ord_0034253,2168500,captured,False
rr_0006792,cus_831ee6ea5867ecf5,False,1601875,0.00027443658525712225,1e-06,AUTO_APPROVE,consistent,1e-06,AUTO_APPROVE,0.0,0.0030408831916199264,ord_0034261,3277200,captured,False
rr_0006793,cus_4213b95d36a34d44,False,1222048,0.00027312751479547195,1e-06,AUTO_APPROVE,consistent,1e-06,AUTO_APPROVE,0.0,0.00037074098411427563,ord_0034274,3198700,captured,False
rr_0006794,cus_66362d8a84825121,False,1069661,0.0002392985851191825,1e-06,AUTO_APPROVE,consistent,1e-06,AUTO_APPROVE,0.0,0.00017880489542145635,ord_0034283,3066100,captured,False
rr_0006795,cus_35ee0b40ab9b768d,False,2528561,0.9171997953503346,0.5,VERIFY,consistent,0.09835176015736281,AUTO_APPROVE,0.3,0.6444260072109352,ord_0034286,3113000,captured,False
rr_0006796,cus_456f57d968c3969e,True,3303457,0.9932561169623205,0.999999,MANUAL_REVIEW,inconsistent,0.999999,MANUAL_REVIEW,0.2,0.18547885002811826,ord_0034287,3164600,captured,True
rr_0006797,cus_0312dc3fdc4fbb69,False,3117548,0.5378909846296256,0.17857142857142858,VERIFY,consistent,0.02316375335874424,AUTO_APPROVE,0.15,0.9537921640488871,ord_0034291,3617600,captured,False
rr_0006798,cus_97d0c0415b32baf5,False,3149618,0.21583544477014754,0.08571428571428572,VERIFY,consistent,0.010122729367085073,AUTO_APPROVE,0.15,0.7937579151128492,ord_0034293,4473000,captured,False
rr_0006799,cus_4ce85c72cfbb934a,False,798505,0.0006520071491663993,1e-06,AUTO_APPROVE,consistent,1e-06,AUTO_APPROVE,0.0,0.00014902796465096467,ord_0034296,2370400,captured,False
rr_0006800,cus_2cb9982ea6f804be,False,5439811,0.00020776103234053617,1e-06,AUTO_APPROVE,consistent,1e-06,AUTO_APPROVE,0.0,0.03266987305889653,ord_0034297,10454800,captured,False
rr_0006801,cus_bce426aabb9d96bd,False,262659,0.01918826823456915,0.017857142857142856,AUTO_APPROVE,consistent,0.0019793465426276163,AUTO_APPROVE,0.0,0.11743915823979059,ord_0034299,307500,captured,False
rr_0006802,cus_ad9045b123237477,False,1508458,0.00020393435037129555,1e-06,AUTO_APPROVE,consistent,1e-06,AUTO_APPROVE,0.0,0.004204957407181334,ord_0034305,3760200,captured,False
rr_0006803,cus_96045bcde49cc135,False,57040541,0.00821361376367348,1e-06,AUTO_APPROVE,consistent,1e-06,AUTO_APPROVE,0.1,0.03933443892420905,ord_0034307,58670800,captured,False
rr_0006804,cus_b9f507db269a2a6f,False,230161,0.0005595620063919568,1e-06,AUTO_APPROVE,inconclusive,1.2499996875000778e-06,AUTO_APPROVE,0.0,0.03657921116525809,ord_0034334,380800,captured,False
rr_0006805,cus_b0755d1213a281c6,False,1976577,0.009638552422126434,0.017857142857142856,AUTO_APPROVE,consistent,0.0019793465426276163,AUTO_APPROVE,0.1,0.03393823649512366,ord_0034335,2347300,captured,False
rr_0006806,cus_bd3509e73dea59ea,False,91917,0.0005024917772254357,1e-06,AUTO_APPROVE,inconclusive,1.2499996875000778e-06,AUTO_APPROVE,0.15,0.007305811014085566,ord_0034338,443500,captured,False
rr_0006807,cus_b389124074773f57,False,3063464,0.04304679037800402,0.017857142857142856,AUTO_APPROVE,consistent,0.0019793465426276163,AUTO_APPROVE,0.0,0.42273864684792606,ord_0034339,3138000,captured,False
rr_0006808,cus_1dbecf9720e2b88c,False,3879132,0.0005890161749833107,1e-06,AUTO_APPROVE,consistent,1e-06,AUTO_APPROVE,0.44999999999999996,0.01611953231785195,ord_0034341,12720000,captured,False
rr_0006809,cus_4272be18793bd5f1,False,597359,0.8084468867681138,0.5,VERIFY,consistent,0.09835176015736281,AUTO_APPROVE,0.15,0.5509706353846017,ord_0034343,744000,captured,False
rr_0006810,cus_0c0f4869763ded15,False,10460847,0.7272945925296878,0.5,VERIFY,consistent,0.09835176015736281,AUTO_APPROVE,0.15,0.9648502354916966,ord_0034345,11925000,captured,False
rr_0006811,cus_9192b823ff02ee1b,False,12642,0.00038608323534119646,1e-06,AUTO_APPROVE,consistent,1e-06,AUTO_APPROVE,0.1,0.0017465524103059853,ord_0034346,32500,captured,False
rr_0006812,cus_e278fecceb866edf,False,1415207,0.00030538645966423825,1e-06,AUTO_APPROVE,consistent,1e-06,AUTO_APPROVE,0.65,0.01528446499644869,ord_0034347,3818700,captured,False
rr_0006813,cus_71e1180b2ee1c1fe,False,4812438,0.00040683149027491737,1e-06,AUTO_APPROVE,consistent,1e-06,AUTO_APPROVE,0.1,0.0007402149274638529,ord_0034354,10257800,captured,False
rr_0006814,cus_dcff63cd99ab6c16,False,2290115,0.29141510708841817,0.12903225806451613,VERIFY,consistent,0.015903002651414404,AUTO_APPROVE,0.25,0.19576949752266337,ord_0034356,3272300,captured,False
rr_0006815,cus_87bb2c3786f575b9,False,546320,0.0002163990869839834,1e-06,AUTO_APPROVE,consistent,1e-06,AUTO_APPROVE,0.1,0.0005579127628005232,ord_0034360,1427000,captured,False
rr_0006816,cus_5a2e123baf033bce,False,4895939,0.06156603069991381,0.0392156862745098,AUTO_APPROVE,consistent,0.004432508937619314,AUTO_APPROVE,0.0,0.07729012094677447,ord_0034363,6240300,captured,False
rr_0006817,cus_c11967dd3a6b9117,False,2243722,0.0005391325353688777,1e-06,AUTO_APPROVE,consistent,1e-06,AUTO_APPROVE,0.15,0.08224604518262556,ord_0034370,4430500,captured,False
rr_0006818,cus_010343ee66dcf09f,False,4347163,0.0751890430662561,0.0392156862745098,AUTO_APPROVE,consistent,0.004432508937619314,AUTO_APPROVE,0.0,0.7602685364931149,ord_0034372,4416100,captured,False
rr_0006819,cus_010343ee66dcf09f,False,208152,0.02136745787992671,0.017857142857142856,AUTO_APPROVE,inconclusive,0.022222222222222223,AUTO_APPROVE,0.0,0.07625100691351999,ord_0034373,252000,captured,False
rr_0006820,cus_69070d4cd2c35ce3,False,11643120,0.0002862752484581966,1e-06,AUTO_APPROVE,consistent,1e-06,AUTO_APPROVE,0.15,0.05375068853719576,ord_0034380,18180900,captured,False
rr_0006821,cus_c4e1acc9b2011b3c,False,843520,0.00020845578219469505,1e-06,AUTO_APPROVE,consistent,1e-06,AUTO_APPROVE,0.1,0.0008991451140998545,ord_0034385,1599700,captured,False
rr_0006822,cus_5c90f1dc11d671bb,False,1990015,0.00024406225981317759,1e-06,AUTO_APPROVE,consistent,1e-06,AUTO_APPROVE,0.0,0.005427860429392972,ord_0034386,3244500,captured,False
rr_0006823,cus_b4963b696a030ab8,False,1490609,0.012019896106055286,0.017857142857142856,AUTO_APPROVE,consistent,0.0019793465426276163,AUTO_APPROVE,0.0,0.03273902810204532,ord_0034397,1927000,captured,False
rr_0006824,cus_fbfd616741b8c296,False,1764297,0.00018551357246486205,1e-06,AUTO_APPROVE,consistent,1e-06,AUTO_APPROVE,0.0,0.0009157502670141185,ord_0034399,4723100,captured,False
rr_0006825,cus_881450ef296c8b8d,False,87788,0.2275430308110676,0.08571428571428572,VERIFY,consistent,0.010122729367085073,AUTO_APPROVE,0.0,0.27950322702140384,ord_0034404,118000,captured,False
rr_0006826,cus_83e772de67ebf69a,False,1222703,0.6246473506956164,0.17857142857142858,VERIFY,consistent,0.02316375335874424,AUTO_APPROVE,0.15,0.31279858907883995,ord_0034415,1495500,captured,False
rr_0006827,cus_b1938f0f5a65db38,False,2413653,0.0004059743531996205,1e-06,AUTO_APPROVE,consistent,1e-06,AUTO_APPROVE,0.0,0.005914866631696626,ord_0034420,5334600,captured,False
rr_0006828,cus_13e0435f979a0ff7,False,8271317,0.00018011065246471223,1e-06,AUTO_APPROVE,consistent,1e-06,AUTO_APPROVE,0.0,1.2340567732722175e-05,ord_0034422,29009900,captured,False
rr_0006829,cus_1eb0b45ae7311076,False,3718534,0.1258712241606876,0.0392156862745098,AUTO_APPROVE,consistent,0.004432508937619314,AUTO_APPROVE,0.0,0.20509371614864078,ord_0034427,4152000,captured,False
rr_0006830,cus_308a55ea0aa76ce4,False,2126762,0.061226653447657195,0.0392156862745098,AUTO_APPROVE,inconclusive,0.04854368932038835,AUTO_APPROVE,0.0,0.09059679346438154,ord_0034432,2649000,captured,False
rr_0006831,cus_79ae6a6b7cb8d853,False,771010,0.00016136895783943627,1e-06,AUTO_APPROVE,consistent,1e-06,AUTO_APPROVE,0.0,0.0003259097132737183,ord_0034438,2781500,captured,False
rr_0006832,cus_6fa482edf76859fb,True,3557685,0.9967905261782625,0.999999,MANUAL_REVIEW,inconsistent,0.999999,MANUAL_REVIEW,0.3,0.9947980022061829,ord_0034440,3630800,captured,False
rr_0006833,cus_765d5eca1eb613c5,False,1577175,0.0010506133734609943,1e-06,AUTO_APPROVE,consistent,1e-06,AUTO_APPROVE,0.0,0.0008786360886279968,ord_0034443,4807100,captured,False
rr_0006834,cus_821c05e2e953e046,False,3245310,0.1223058391365736,0.0392156862745098,AUTO_APPROVE,inconsistent,0.48310313006980515,AUTO_APPROVE,0.15,0.28283673263587994,ord_0034446,4418200,captured,False
rr_0006835,cus_81a2892bf6d2f33b,False,63076,0.0002975635736971919,1e-06,AUTO_APPROVE,inconclusive,1.2499996875000778e-06,AUTO_APPROVE,0.0,0.007052490022838937,ord_0034461,148500,captured,False
rr_0006836,cus_55bd3581517d9a68,False,2394252,0.15447381752103254,0.08571428571428572,VERIFY,inconsistent,0.6822077314739403,RETURN_FIRST,0.15,0.9179130457902221,ord_0034466,2421200,captured,False
rr_0006837,cus_e1555aadfa23b963,False,1913120,0.02393054282660631,0.017857142857142856,AUTO_APPROVE,consistent,0.0019793465426276163,AUTO_APPROVE,0.0,0.061419897938588056,ord_0034470,2601000,captured,False
rr_0006838,cus_d467de47c211ff7e,False,3074479,0.00016277359761069832,1e-06,AUTO_APPROVE,consistent,1e-06,AUTO_APPROVE,0.0,0.01773287734509403,ord_0034471,5410300,captured,False
rr_0006839,cus_6ca9015bea2fe36d,False,2397669,0.02935575911692228,0.017857142857142856,AUTO_APPROVE,consistent,0.0019793465426276163,AUTO_APPROVE,0.0,0.2233362091388001,ord_0034482,3050000,captured,False
rr_0006840,cus_02de4c9b8fa6f0a5,False,3231100,0.039495195681590684,0.017857142857142856,AUTO_APPROVE,consistent,0.0019793465426276163,AUTO_APPROVE,0.0,0.3320853474703827,ord_0034485,3590400,captured,False
rr_0006841,cus_02de4c9b8fa6f0a5,True,4608339,0.5063174153236857,0.12903225806451613,VERIFY,inconsistent,0.7723304710434816,RETURN_FIRST,0.15,0.967392056181874,ord_0034486,5203200,captured,False
rr_0006842,cus_a4c6bdeb28821d0c,False,1263076,0.0006170387182053009,1e-06,AUTO_APPROVE,consistent,1e-06,AUTO_APPROVE,0.0,0.1146495176086045,ord_0034489,1942000,captured,False
rr_0006843,cus_4e0aeef77fd14a3f,False,18040954,0.6515994214176368,0.17857142857142858,VERIFY,consistent,0.02316375335874424,AUTO_APPROVE,0.15,0.9227424220327227,ord_0034493,19834600,captured,False
rr_0006844,cus_e807d918e87bfa0f,False,13230387,0.15026421398070233,0.08571428571428572,VERIFY,consistent,0.010122729367085073,AUTO_APPROVE,0.1,0.593471697925153,ord_0034494,14102600,captured,False
rr_0006845,cus_917920e85daa3f1c,False,1947188,0.00030169822181549987,1e-06,AUTO_APPROVE,consistent,1e-06,AUTO_APPROVE,0.0,0.002982665776921584,ord_0034502,3248000,captured,False
rr_0006846,cus_dcc246d2c6a8b615,False,4757951,0.31553128672371644,0.12903225806451613,VERIFY,consistent,0.015903002651414404,AUTO_APPROVE,0.0,0.31587355025835484,ord_0034505,5205400,captured,False
rr_0006847,cus_2c8f0a2c838ff3a4,False,6221700,0.06244365180019878,0.0392156862745098,AUTO_APPROVE,consistent,0.004432508937619314,AUTO_APPROVE,0.1,0.1515483729963193,ord_0034511,7020400,captured,False
rr_0006848,cus_151518daa5d827d1,False,1674299,0.0002874592206439222,1e-06,AUTO_APPROVE,consistent,1e-06,AUTO_APPROVE,0.0,0.00121811780705345,ord_0034518,5582200,captured,False
rr_0006849,cus_20f498285b371952,False,1272878,0.00030186934652393186,1e-06,AUTO_APPROVE,consistent,1e-06,AUTO_APPROVE,0.0,0.01841054892612137,ord_0034520,1987400,captured,False
rr_0006850,cus_24f928bcd93b170c,True,227721,0.5220087116320306,0.12903225806451613,VERIFY,inconsistent,0.7723304710434816,RETURN_FIRST,0.25,0.9563099873235265,ord_0034522,238000,captured,False
rr_0006851,cus_bfa04557996e74c1,False,3855348,0.00012166363895220753,1e-06,AUTO_APPROVE,consistent,1e-06,AUTO_APPROVE,0.0,0.002170420755017094,ord_0034523,8908500,captured,False
rr_0006852,cus_d2f094e3de03fcc0,False,2847424,0.0002842723073287479,1e-06,AUTO_APPROVE,consistent,1e-06,AUTO_APPROVE,0.0,0.05964093410961335,ord_0034529,4330100,captured,False
rr_0006853,cus_44881733850f9289,False,1543215,0.0002530512671319429,1e-06,AUTO_APPROVE,consistent,1e-06,AUTO_APPROVE,0.1,0.0007159095513035963,ord_0034531,5270300,captured,False
rr_0006854,cus_b56d033f65c39fd0,False,3962185,0.30969633159250987,0.12903225806451613,VERIFY,consistent,0.015903002651414404,AUTO_APPROVE,0.0,0.023243880747136854,ord_0034534,4491200,captured,False
rr_0006855,cus_f240e2e46384dda3,False,40071,0.00027716552137579237,1e-06,AUTO_APPROVE,consistent,1e-06,AUTO_APPROVE,0.0,0.031322301994594355,ord_0034539,69500,captured,False
rr_0006856,cus_ffd1b381c22cf837,False,3776433,0.10826865537923097,0.0392156862745098,AUTO_APPROVE,consistent,0.004432508937619314,AUTO_APPROVE,0.1,0.4864605879240457,ord_0034552,4255200,captured,False
rr_0006857,cus_524e095cfdd0717a,True,3253894,0.1628991716119279,0.08571428571428572,VERIFY,inconsistent,0.6822077314739403,RETURN_FIRST,0.25,0.10243128661219095,ord_0034555,4447100,captured,False
rr_0006858,cus_93575d917e449c2e,False,885355,0.06992673311095156,0.0392156862745098,AUTO_APPROVE,consistent,0.004432508937619314,AUTO_APPROVE,0.1,0.38973816311505366,ord_0034557,977000,captured,False
rr_0006859,cus_0b16b92e33f680dd,False,14962011,0.015963417243917158,0.017857142857142856,AUTO_APPROVE,consistent,0.0019793465426276163,AUTO_APPROVE,0.0,0.02530014613623274,ord_0034561,20149800,captured,False
rr_0006860,cus_3003342b0f19c8a0,False,15365,0.01620473588838783,0.017857142857142856,AUTO_APPROVE,consistent,0.0019793465426276163,AUTO_APPROVE,0.0,0.6392613180977454,ord_0034564,16500,captured,False
rr_0006861,cus_e2841b07b68733be,False,342526,0.00015691744808155189,1e-06,AUTO_APPROVE,consistent,1e-06,AUTO_APPROVE,0.0,0.00012950201271349034,ord_0034577,1053000,captured,False
rr_0006862,cus_ebe7843aa28830db,False,352196,0.0002295933445535398,1e-06,AUTO_APPROVE,consistent,1e-06,AUTO_APPROVE,0.0,0.00010751871869626443,ord_0034585,1083800,captured,False
rr_0006863,cus_a839e8c89ea5316a,False,893453,0.0003760708867870705,1e-06,AUTO_APPROVE,inconclusive,1.2499996875000778e-06,AUTO_APPROVE,0.0,0.0026302481043912556,ord_0034587,2458000,captured,False
rr_0006864,cus_b6b48214824947e7,False,2664779,0.0005590894380855577,1e-06,AUTO_APPROVE,consistent,1e-06,AUTO_APPROVE,0.15,0.8666818008692565,ord_0034588,4090800,captured,False
rr_0006865,cus_324ba1d59d1eb343,False,23957,0.34207937979870784,0.12903225806451613,VERIFY,consistent,0.015903002651414404,AUTO_APPROVE,0.25,0.10944529332803371,ord_0034591,29500,captured,False
rr_0006866,cus_9fb8f6da8f2f12c0,True,1898456,0.2807461350205609,0.12903225806451613,VERIFY,inconsistent,0.7723304710434816,RETURN_FIRST,0.0,0.25218237364907425,ord_0034597,2029000,captured,False
rr_0006867,cus_c8d736864a1d4d71,False,4510074,0.15034621460337355,0.08571428571428572,VERIFY,consistent,0.010122729367085073,AUTO_APPROVE,0.4,0.06991230318279021,ord_0034608,6120000,captured,False
rr_0006868,cus_8c4192d1ef2d8509,False,359793,0.0008056322388735098,1e-06,AUTO_APPROVE,consistent,1e-06,AUTO_APPROVE,0.15,0.03443890559075218,ord_0034614,996000,captured,False
rr_0006869,cus_1733af2edb3a647a,False,858520,0.00035023868260499255,1e-06,AUTO_APPROVE,consistent,1e-06,AUTO_APPROVE,0.0,0.061663621784577384,ord_0034620,1358000,captured,False
rr_0006870,cus_94b46edd29495434,True,3319182,0.9957801610741124,0.999999,MANUAL_REVIEW,inconsistent,0.999999,MANUAL_REVIEW,0.15,0.6421683840774857,ord_0034624,4004100,captured,False
rr_0006871,cus_7f9d8a6205c36489,False,64402,0.00041652816524727414,1e-06,AUTO_APPROVE,consistent,1e-06,AUTO_APPROVE,0.5,8.344716283924577e-05,ord_0034630,306000,captured,False
rr_0006872,cus_224a9db9ad436584,False,806959,0.00032132454064808723,1e-06,AUTO_APPROVE,consistent,1e-06,AUTO_APPROVE,0.0,0.00030550154349873296,ord_0034635,2235000,captured,False
rr_0006873,cus_0efaa1412a970cb4,False,1500782,0.0003904203420941037,1e-06,AUTO_APPROVE,consistent,1e-06,AUTO_APPROVE,0.1,0.00957548625644243,ord_0034637,2516900,captured,False
rr_0006874,cus_0d3ce4a883a2b4e5,False,499975,0.001129239731154058,1e-06,AUTO_APPROVE,consistent,1e-06,AUTO_APPROVE,0.15,0.05192990001283878,ord_0034638,906000,captured,False
rr_0006875,cus_57eb34e9037f4548,False,1823017,0.0006129195899173941,1e-06,AUTO_APPROVE,consistent,1e-06,AUTO_APPROVE,0.15,0.005428533753713274,ord_0034645,4804300,captured,False
rr_0006876,cus_6367d06e0c7cbbec,True,2970349,0.9962968874648347,0.999999,MANUAL_REVIEW,inconsistent,0.999999,MANUAL_REVIEW,0.2,0.46799565157791506,ord_0034653,2655100,captured,True
rr_0006877,cus_ce6fac6435c76efe,False,3056701,0.16095167992479362,0.08571428571428572,VERIFY,consistent,0.010122729367085073,AUTO_APPROVE,0.15,0.4410442441542442,ord_0034656,3776400,captured,False
rr_0006878,cus_f0a51b5543b3f338,False,1673862,0.000165470582475445,1e-06,AUTO_APPROVE,consistent,1e-06,AUTO_APPROVE,0.0,0.000660728553420633,ord_0034671,4655500,captured,False
rr_0006879,cus_87fe446eb20ce62b,False,851653,0.0008592635168129549,1e-06,AUTO_APPROVE,consistent,1e-06,AUTO_APPROVE,0.15,0.0023838590689903515,ord_0034681,3559000,captured,False
rr_0006880,cus_11d2acc86c56a253,False,1657875,0.018292357630092522,0.017857142857142856,AUTO_APPROVE,consistent,0.0019793465426276163,AUTO_APPROVE,0.0,0.22832565887000772,ord_0034694,1884100,captured,False
rr_0006881,cus_f0754f429a34be63,False,4283382,0.1576212310218115,0.08571428571428572,VERIFY,consistent,0.010122729367085073,AUTO_APPROVE,0.0,0.7063558725076788,ord_0034695,4288900,captured,False
rr_0006882,cus_bdda02c70b0b9713,False,260279,0.0003436724955433023,1e-06,AUTO_APPROVE,consistent,1e-06,AUTO_APPROVE,0.0,0.0005077061864554411,ord_0034700,798000,captured,False
rr_0006883,cus_ffe74a992c04163a,False,2587481,0.03124145460948248,0.017857142857142856,AUTO_APPROVE,consistent,0.0019793465426276163,AUTO_APPROVE,0.0,0.030726271291486047,ord_0034702,2793600,captured,False
rr_0006884,cus_d954ea5a7df08f93,False,2856718,0.04057022934983145,0.017857142857142856,AUTO_APPROVE,consistent,0.0019793465426276163,AUTO_APPROVE,0.0,0.3680117110122202,ord_0034707,3369600,captured,False
rr_0006885,cus_e278fecceb866edf,False,44079,0.00029713823054750097,1e-06,AUTO_APPROVE,consistent,1e-06,AUTO_APPROVE,0.5,0.003936303400563109,ord_0034712,150300,captured,False
rr_0006886,cus_8f5f3fa2597b97e9,False,2774932,0.00070563653785086,1e-06,AUTO_APPROVE,consistent,1e-06,AUTO_APPROVE,0.1,0.00023849960680481165,ord_0034717,6974600,captured,False
rr_0006887,cus_09165fe7e8504938,False,1674250,8.530102795787111e-05,1e-06,AUTO_APPROVE,consistent,1e-06,AUTO_APPROVE,0.0,2.6448287945888584e-05,ord_0034723,7261000,captured,False
rr_0006888,cus_0d8bc88fa3813c92,False,782987,0.02455228643906086,0.017857142857142856,AUTO_APPROVE,inconclusive,0.022222222222222223,AUTO_APPROVE,0.1,0.07857700323739107,ord_0034728,1083500,captured,False
rr_0006889,cus_e278fecceb866edf,False,149747,0.0006169761777567048,1e-06,AUTO_APPROVE,consistent,1e-06,AUTO_APPROVE,0.5,3.128371572709663e-05,ord_0034737,546000,captured,False
rr_0006890,cus_d2892df1b5407def,False,2480143,0.007913169752480206,1e-06,AUTO_APPROVE,consistent,1e-06,AUTO_APPROVE,0.0,0.1457310710856537,ord_0034748,3230400,captured,False
rr_0006891,cus_6f2e81dffffc5ecd,False,3530287,0.00028645816256975157,1e-06,AUTO_APPROVE,consistent,1e-06,AUTO_APPROVE,0.0,0.001341914764757877,ord_0034751,11837200,captured,False
rr_0006892,cus_66362d8a84825121,True,7116923,0.7131719300811953,0.21216047882941413,VERIFY,inconsistent,0.8604591124731518,RETURN_FIRST,0.0,0.3477720008767555,ord_0034754,9743800,captured,False
rr_0006893,cus_dfb9d905b99ddd3d,False,937951,0.0003392269427095325,1e-06,AUTO_APPROVE,consistent,1e-06,AUTO_APPROVE,0.0,0.0067535932845601875,ord_0034758,1728200,captured,False
rr_0006894,cus_4476e32d04979caa,False,2405993,0.0004800860088431324,1e-06,AUTO_APPROVE,consistent,1e-06,AUTO_APPROVE,0.0,0.03434160428627403,ord_0034760,3535000,captured,False
rr_0006895,cus_e278fecceb866edf,False,13549,0.07140550505677269,0.0392156862745098,AUTO_APPROVE,consistent,0.004432508937619314,AUTO_APPROVE,0.5,0.10531921806366376,ord_0034762,19000,captured,False
rr_0006896,cus_8841459e0b6ef5ec,False,430179,0.000303651377642627,1e-06,AUTO_APPROVE,consistent,1e-06,AUTO_APPROVE,0.0,0.0021541284326701787,ord_0034765,955400,captured,False
rr_0006897,cus_d8ff39cf656b0d84,False,3031994,0.062583811179065,0.0392156862745098,AUTO_APPROVE,consistent,0.004432508937619314,AUTO_APPROVE,0.0,0.4248633551177222,ord_0034775,3067200,captured,False
rr_0006898,cus_853d21ca4a8b2c63,False,1208155,0.0030229364054924508,1e-06,AUTO_APPROVE,consistent,1e-06,AUTO_APPROVE,0.0,0.0058953701085374685,ord_0034777,1581000,captured,False
rr_0006899,cus_ffda9196708e65db,False,2782456,0.0003172179584657353,1e-06,AUTO_APPROVE,consistent,1e-06,AUTO_APPROVE,0.1,0.05723527176669283,ord_0034778,4604000,captured,False
rr_0006900,cus_8d941cfc2d8d6100,True,9357584,0.9939197476492404,0.999999,MANUAL_REVIEW,consistent,0.9999908324886693,MANUAL_REVIEW,0.2,0.5733496225936232,ord_0034783,8914000,captured,True
rr_0006901,cus_a7d9e4615ca412f3,False,2558626,0.0008416812327451144,1e-06,AUTO_APPROVE,consistent,1e-06,AUTO_APPROVE,0.15,0.006352358881573436,ord_0034786,6003900,captured,False
rr_0006902,cus_8deb328c657b6c08,False,2854640,0.6062289749707602,0.17857142857142858,VERIFY,consistent,0.02316375335874424,AUTO_APPROVE,0.15,0.9308561910794014,ord_0034787,3217400,captured,False
rr_0006903,cus_28dc1a27e6186a98,False,4802088,0.26708821395179694,0.12903225806451613,VERIFY,consistent,0.015903002651414404,AUTO_APPROVE,0.0,0.8314008934319054,ord_0034794,4952000,captured,False
rr_0006904,cus_7e02ddc7e6d95f88,True,4798785,0.9398271618376091,0.7284923062339228,VERIFY,inconsistent,0.9839843950040102,RETURN_FIRST,0.3,0.8896328004119911,ord_0034807,5286000,captured,False
rr_0006905,cus_29adb9059403022a,True,4785643,0.9997042360091238,0.999999,MANUAL_REVIEW,inconsistent,0.999999,MANUAL_REVIEW,0.5,0.996409318165612,ord_0034808,4276000,captured,True
rr_0006906,cus_4530d5138755513b,False,7858737,0.00028033893562744817,1e-06,AUTO_APPROVE,consistent,1e-06,AUTO_APPROVE,0.0,0.002723101448330575,ord_0034814,22460300,captured,False
rr_0006907,cus_ba40e24b68a65b91,True,1848391,0.5125215134611948,0.12903225806451613,VERIFY,inconsistent,0.7723304710434816,RETURN_FIRST,0.15,0.4365431120265084,ord_0034817,2563800,captured,False
rr_0006908,cus_c8d736864a1d4d71,True,16171386,0.17065509044308766,0.08571428571428572,VERIFY,inconsistent,0.6822077314739403,RETURN_FIRST,0.55,0.8917967435549605,ord_0034819,17280000,captured,False
rr_0006909,cus_c66a702df87a9b54,False,1348956,0.0003283014994636256,1e-06,AUTO_APPROVE,consistent,1e-06,AUTO_APPROVE,0.0,0.01594815260364721,ord_0034822,2745100,captured,False
rr_0006910,cus_40d0615e206c6c75,False,2633155,0.018619780153201544,0.017857142857142856,AUTO_APPROVE,inconclusive,0.022222222222222223,AUTO_APPROVE,0.5,0.04165987253899555,ord_0034823,2912600,captured,False
rr_0006911,cus_c8d736864a1d4d71,False,56383654,0.021674819700718446,0.017857142857142856,AUTO_APPROVE,inconclusive,0.022222222222222223,AUTO_APPROVE,0.4,0.05196146841541014,ord_0034824,76305600,captured,False
rr_0006912,cus_29281acd34e6fcc5,True,17307314,0.638844024834209,0.17857142857142858,VERIFY,inconsistent,0.8327165442709169,RETURN_FIRST,0.15,0.5350878348152335,ord_0034832,21981300,captured,False
rr_0006913,cus_d4b955b1ae8adc1d,False,3273555,0.03330079191481876,0.017857142857142856,AUTO_APPROVE,consistent,0.0019793465426276163,AUTO_APPROVE,0.0,0.021642589457785227,ord_0034835,3924900,captured,False
rr_0006914,cus_e278fecceb866edf,False,23037,0.0003332280089226748,1e-06,AUTO_APPROVE,consistent,1e-06,AUTO_APPROVE,0.5,0.00014617521668735755,ord_0034838,59000,captured,False
rr_0006915,cus_f876b94b5112d74b,False,124075,0.03463724950915137,0.017857142857142856,AUTO_APPROVE,consistent,0.0019793465426276163,AUTO_APPROVE,0.1,0.1452298220413825,ord_0034848,165000,captured,False
rr_0006916,cus_bcf29d04eedad719,False,4461727,0.0001154306854441202,1e-06,AUTO_APPROVE,consistent,1e-06,AUTO_APPROVE,0.0,0.0006175915679804787,ord_0034855,8981400,captured,False
rr_0006917,cus_bcf29d04eedad719,False,4487945,0.0008472846758753837,1e-06,AUTO_APPROVE,consistent,1e-06,AUTO_APPROVE,0.0,0.027342551647321408,ord_0034858,6396900,captured,False
rr_0006918,cus_a08e414e8ae037dc,False,12705886,0.00034744421536042576,1e-06,AUTO_APPROVE,consistent,1e-06,AUTO_APPROVE,0.0,0.003786214212007408,ord_0034859,23506800,captured,False
rr_0006919,cus_e6d960a643694771,False,1158464,0.0005341907763545487,1e-06,AUTO_APPROVE,consistent,1e-06,AUTO_APPROVE,0.15,0.09529884050946479,ord_0034863,1719300,captured,False
rr_0006920,cus_ad58842393a33fea,False,1208897,0.00011758153074667318,1e-06,AUTO_APPROVE,consistent,1e-06,AUTO_APPROVE,0.0,0.002391508424676012,ord_0034866,1834800,captured,False
rr_0006921,cus_e2a4facaa39569f3,False,2345108,0.0020014986817856128,1e-06,AUTO_APPROVE,consistent,1e-06,AUTO_APPROVE,0.0,0.005775778417834141,ord_0034872,2982100,captured,False
rr_0006922,cus_fb285ca27d383192,False,2438246,0.001082867433511951,1e-06,AUTO_APPROVE,consistent,1e-06,AUTO_APPROVE,0.1,0.006585221880945242,ord_0034873,3713300,captured,False
rr_0006923,cus_aa1c92e5acb841d7,False,2525788,0.39651252161827266,0.12903225806451613,VERIFY,consistent,0.015903002651414404,AUTO_APPROVE,0.15,0.37953084332391673,ord_0034874,2831800,captured,False
rr_0006924,cus_f47cc068fa8d05ed,False,1246221,0.067577930091323,0.0392156862745098,AUTO_APPROVE,consistent,0.004432508937619314,AUTO_APPROVE,0.0,0.024356042850037014,ord_0034877,1529400,captured,False
rr_0006925,cus_2b3a0cbf66f48187,False,5511536,0.24915667033496952,0.08571428571428572,VERIFY,consistent,0.010122729367085073,AUTO_APPROVE,0.15,0.7587199717185744,ord_0034895,6848100,captured,False
rr_0006926,cus_05f66529eb779a83,False,1514253,0.001829974915371578,1e-06,AUTO_APPROVE,consistent,1e-06,AUTO_APPROVE,0.0,0.058627606899118105,ord_0034904,1893400,captured,False
rr_0006927,cus_56593b581798eb61,False,4095610,0.0003750217124932781,1e-06,AUTO_APPROVE,consistent,1e-06,AUTO_APPROVE,0.0,5.091209706842111e-05,ord_0034905,17431500,captured,False
rr_0006928,cus_9984a1c22c8ef554,False,2978359,0.00017822486613827077,1e-06,AUTO_APPROVE,consistent,1e-06,AUTO_APPROVE,0.0,0.001190153074983629,ord_0034917,6901100,captured,False
rr_0006929,cus_91bcfa472e7de7b0,False,922996,0.07635907006141088,0.0392156862745098,AUTO_APPROVE,consistent,0.004432508937619314,AUTO_APPROVE,0.0,0.11183091763357866,ord_0034927,1119000,captured,False
rr_0006930,cus_1dbecf9720e2b88c,False,6181996,0.05957886905272404,0.0392156862745098,AUTO_APPROVE,consistent,0.004432508937619314,AUTO_APPROVE,0.1,0.09553087423287342,ord_0034933,6763200,captured,False
rr_0006931,cus_e4372a665a04e0a1,True,1901602,0.9993880864090208,0.999999,MANUAL_REVIEW,inconsistent,0.999999,MANUAL_REVIEW,0.35,0.9592866084029706,ord_0034945,1837500,captured,True
rr_0006932,cus_642ad14c322068dc,False,1091334,0.03399357530307097,0.017857142857142856,AUTO_APPROVE,consistent,0.0019793465426276163,AUTO_APPROVE,0.0,0.9129478904950431,ord_0034949,1139100,captured,False
rr_0006933,cus_600172b60fa8e647,False,394380,0.0004545356260424754,1e-06,AUTO_APPROVE,consistent,1e-06,AUTO_APPROVE,0.0,0.00010577509182761751,ord_0034955,1657200,captured,False
rr_0006934,cus_e6e77061a2ebd039,False,4063601,0.000552804893685332,1e-06,AUTO_APPROVE,consistent,1e-06,AUTO_APPROVE,0.0,0.00011890921756060508,ord_0034957,13341600,captured,False
rr_0006935,cus_9a0396c2d9140e11,False,1492785,0.00016477387663838027,1e-06,AUTO_APPROVE,consistent,1e-06,AUTO_APPROVE,0.0,0.005753959644974161,ord_0034961,2810400,captured,False
rr_0006936,cus_930ed4c55d54cb51,False,4134881,0.007341901215662178,1e-06,AUTO_APPROVE,consistent,1e-06,AUTO_APPROVE,0.0,0.1467099407744666,ord_0034966,5113400,captured,False
rr_0006937,cus_7f9d8a6205c36489,False,707030,0.0007704370097342343,1e-06,AUTO_APPROVE,consistent,1e-06,AUTO_APPROVE,0.44999999999999996,0.009582560667743436,ord_0034969,2769000,captured,False
rr_0006938,cus_d0857d2af90b785d,False,3534312,0.4085185983336968,0.12903225806451613,VERIFY,consistent,0.015903002651414404,AUTO_APPROVE,0.15,0.6448523969394325,ord_0034971,4195400,captured,False
rr_0006939,cus_4b831e39a37cfe7c,False,1057824,0.00026028837588725,1e-06,AUTO_APPROVE,inconclusive,1.2499996875000778e-06,AUTO_APPROVE,0.1,0.030283776151776354,ord_0034973,1566100,captured,False
rr_0006940,cus_b2bcb4e0c4adc92c,False,668190,0.0003529079919047223,1e-06,AUTO_APPROVE,consistent,1e-06,AUTO_APPROVE,0.0,0.0015255449628097065,ord_0034983,1584400,captured,False
rr_0006941,cus_1a0e393e12441850,False,7569776,0.0059563378678929935,1e-06,AUTO_APPROVE,consistent,1e-06,AUTO_APPROVE,0.0,0.03288094366501421,ord_0034986,9436900,captured,False
rr_0006942,cus_8b6f11288c9f8cde,False,109077,0.10039215721317797,0.0392156862745098,AUTO_APPROVE,consistent,0.004432508937619314,AUTO_APPROVE,0.0,0.021796723834450776,ord_0034999,141000,captured,False
rr_0006943,cus_0398ec179d547490,False,150695,0.3450354950182359,0.12903225806451613,VERIFY,consistent,0.015903002651414404,AUTO_APPROVE,0.15,0.9270099257158316,ord_0035001,187500,captured,False
rr_0006944,cus_de31e97a5e5856ea,True,171025,0.9993114774441756,0.999999,VERIFY,inconclusive,0.999999,RETURN_FIRST,0.35,0.9740549036186053,ord_0035005,165000,captured,True
rr_0006945,cus_13e0435f979a0ff7,True,37484280,0.9949887769353021,0.999999,MANUAL_REVIEW,inconclusive,0.999999,MANUAL_REVIEW,0.4,0.4219913787422312,ord_0035007,33808600,captured,True
rr_0006946,cus_9ec4954d16b7f75f,False,116103,0.00531306737687021,1e-06,AUTO_APPROVE,consistent,1e-06,AUTO_APPROVE,0.15,0.0042571723545679115,ord_0035021,447100,captured,False
rr_0006947,cus_65d52cb3add8840d,False,616396,0.0002984091919875424,1e-06,AUTO_APPROVE,consistent,1e-06,AUTO_APPROVE,0.0,0.0026234378343792867,ord_0035022,1258500,captured,False
rr_0006948,cus_c8d736864a1d4d71,False,13843350,0.0005349850655783978,1e-06,AUTO_APPROVE,consistent,1e-06,AUTO_APPROVE,0.4,0.04512663926701064,ord_0035035,20760000,captured,False
rr_0006949,cus_85d5cfdabbbad8f7,False,3494,0.04121542435981999,0.017857142857142856,AUTO_APPROVE,consistent,0.0019793465426276163,AUTO_APPROVE,0.0,0.5389582962296836,ord_0035036,3800,captured,False
rr_0006950,cus_4814a2238cabe021,True,2602659,0.9944169857482437,0.999999,MANUAL_REVIEW,inconclusive,0.999999,MANUAL_REVIEW,0.4,0.7341109078459913,ord_0035039,3000200,captured,False
rr_0006951,cus_8ed586ff62da32b4,False,2148722,0.00035134851731145515,1e-06,AUTO_APPROVE,consistent,1e-06,AUTO_APPROVE,0.0,0.06058355866282936,ord_0035042,3266600,captured,False
rr_0006952,cus_881191b586d1cf2a,False,6506966,0.02482792569217008,0.017857142857142856,AUTO_APPROVE,consistent,0.0019793465426276163,AUTO_APPROVE,0.1,0.09151870757370507,ord_0035044,7377000,captured,False
rr_0006953,cus_89c6f573cbd537b6,False,314930,0.0002968532346538473,1e-06,AUTO_APPROVE,consistent,1e-06,AUTO_APPROVE,0.0,4.574973021946936e-05,ord_0035049,1484500,captured,False
rr_0006954,cus_1b3403efa26bfa5b,False,1829656,0.0006750256726367996,1e-06,AUTO_APPROVE,consistent,1e-06,AUTO_APPROVE,0.30000000000000004,0.00409340058105028,ord_0035059,3213500,captured,False
rr_0006955,cus_1b3403efa26bfa5b,True,5510233,0.9987087797302574,0.999999,MANUAL_REVIEW,inconsistent,0.999999,MANUAL_REVIEW,0.8500000000000001,0.7944205072707319,ord_0035063,4858000,captured,True
rr_0006956,cus_9f00b3f82b828674,True,1636165,0.49401396114200424,0.12903225806451613,VERIFY,inconsistent,0.7723304710434816,RETURN_FIRST,0.15,0.7400470658821616,ord_0035064,2196000,captured,False
rr_0006957,cus_b8200eee488c2a7a,False,24276799,0.00012749534341976621,1e-06,AUTO_APPROVE,consistent,1e-06,AUTO_APPROVE,0.0,0.01638882837646032,ord_0035065,39309400,captured,False
rr_0006958,cus_c50a51d8e904625d,False,2491065,0.07818026105864644,0.0392156862745098,AUTO_APPROVE,consistent,0.004432508937619314,AUTO_APPROVE,0.15,0.7013341297006351,ord_0035072,3558000,captured,False
rr_0006959,cus_b3ff713837555d9b,True,4497718,0.83127731792423,0.5,VERIFY,inconsistent,0.958155907987277,RETURN_FIRST,0.15,0.9935588541937208,ord_0035074,4543300,captured,False
rr_0006960,cus_5182677586f28ba4,True,6013181,0.9993784986083153,0.999999,MANUAL_REVIEW,inconsistent,0.999999,MANUAL_REVIEW,0.35,0.9977923266445509,ord_0035081,4978300,captured,True
rr_0006961,cus_42edadb0c5725213,False,23170,0.0003827946277623873,1e-06,AUTO_APPROVE,consistent,1e-06,AUTO_APPROVE,0.0,0.011049254204443061,ord_0035086,60000,captured,False
rr_0006962,cus_335db384065a5c29,False,12680647,0.0011422367897255085,1e-06,AUTO_APPROVE,inconsistent,2.2897734911559113e-05,AUTO_APPROVE,0.0,0.0037381575057537928,ord_0035089,23267300,captured,False
rr_0006963,cus_8db9e6d8c5bcb18d,False,650898,0.0003196961989851513,1e-06,AUTO_APPROVE,consistent,1e-06,AUTO_APPROVE,0.0,0.00047665727873724,ord_0035096,2370000,captured,False
rr_0006964,cus_96045bcde49cc135,False,1693947,0.0004959882002928185,1e-06,AUTO_APPROVE,consistent,1e-06,AUTO_APPROVE,0.44999999999999996,0.010225756111519855,ord_0035098,4198500,captured,False
rr_0006965,cus_4dc491689de2e394,False,8399719,0.4819894086348386,0.12903225806451613,VERIFY,consistent,0.015903002651414404,AUTO_APPROVE,0.1,0.1441215935690893,ord_0035107,10013200,captured,False
rr_0006966,cus_7c9f426efc196634,False,177230,0.10201337414751321,0.0392156862745098,AUTO_APPROVE,consistent,0.004432508937619314,AUTO_APPROVE,0.0,0.10159106433180558,ord_0035108,249000,captured,False
rr_0006967,cus_42edadb0c5725213,False,30581,0.0003145924441194658,1e-06,AUTO_APPROVE,consistent,1e-06,AUTO_APPROVE,0.0,0.033733596589433555,ord_0035117,45000,captured,False
rr_0006968,cus_87e136929b36361d,False,2435244,0.0019325778725410917,1e-06,AUTO_APPROVE,consistent,1e-06,AUTO_APPROVE,0.0,0.4999356779191395,ord_0035119,2497400,captured,False
rr_0006969,cus_3ad0740f948648a2,False,6037305,0.0002067227908834718,1e-06,AUTO_APPROVE,consistent,1e-06,AUTO_APPROVE,0.0,0.019137725342562986,ord_0035129,8790100,captured,False
rr_0006970,cus_5cf8b4f2cf77a29c,False,1991111,0.07728553938167208,0.0392156862745098,AUTO_APPROVE,consistent,0.004432508937619314,AUTO_APPROVE,0.0,0.5626213815618386,ord_0035135,2146000,captured,False
rr_0006971,cus_25ccbfb89e2ba0da,False,8187794,0.9680972287360756,0.8333333333333334,VERIFY,consistent,0.3529182689967386,AUTO_APPROVE,0.4,0.9672124107373515,ord_0035136,9010700,captured,False
rr_0006972,cus_bd3b43e06f92197e,False,5244077,0.0991841947810733,0.0392156862745098,AUTO_APPROVE,consistent,0.004432508937619314,AUTO_APPROVE,0.0,0.06681571718136933,ord_0035146,6482700,captured,False
rr_0006973,cus_155f2c65f33b9ac2,False,100440,0.000262842559154328,1e-06,AUTO_APPROVE,consistent,1e-06,AUTO_APPROVE,0.0,0.003974258376153932,ord_0035152,205300,captured,False
rr_0006974,cus_95eb6ea7dda9b72b,False,2482725,0.42512119678878973,0.12903225806451613,VERIFY,consistent,0.015903002651414404,AUTO_APPROVE,0.15,0.4825367133362852,ord_0035156,2927400,captured,False
rr_0006975,cus_01f90ed0923043f4,False,472198,0.00010659098174067584,1e-06,AUTO_APPROVE,consistent,1e-06,AUTO_APPROVE,0.0,0.0006865860304826272,ord_0035160,1020000,captured,False
rr_0006976,cus_17ed329da0364143,False,561147,0.000253195655777627,1e-06,AUTO_APPROVE,consistent,1e-06,AUTO_APPROVE,0.0,0.012888821404770106,ord_0035169,1103800,captured,False
rr_0006977,cus_3538cfbcfa2b14a2,False,3533015,0.00040766365170962697,1e-06,AUTO_APPROVE,consistent,1e-06,AUTO_APPROVE,0.15,0.28183144438658525,ord_0035189,5271000,captured,False
rr_0006978,cus_48aba63d4b536e8d,False,8092957,0.00027326661224970453,1e-06,AUTO_APPROVE,consistent,1e-06,AUTO_APPROVE,0.0,0.020718592873254324,ord_0035196,13190100,captured,False
rr_0006979,cus_d093503e29c58e5d,False,1728681,0.00033897414198469415,1e-06,AUTO_APPROVE,consistent,1e-06,AUTO_APPROVE,0.0,0.0008238863096422307,ord_0035203,4117800,captured,False
rr_0006980,cus_9e97250fc945b0ec,False,12683497,0.018092978363645887,0.017857142857142856,AUTO_APPROVE,inconclusive,0.022222222222222223,AUTO_APPROVE,0.0,0.07113301236680161,ord_0035205,14915900,captured,False
rr_0006981,cus_c4df4236c9250129,False,233884,0.00042600930655298746,1e-06,AUTO_APPROVE,consistent,1e-06,AUTO_APPROVE,0.0,0.00013655690675765754,ord_0035207,1090400,captured,False
rr_0006982,cus_5583d7194392ed34,False,1642946,0.05083218603071096,0.017857142857142856,AUTO_APPROVE,consistent,0.0019793465426276163,AUTO_APPROVE,0.0,0.20206103178150872,ord_0035212,1923500,captured,False
rr_0006983,cus_84781149a39b7b97,False,1034661,0.7684124182802102,0.5,VERIFY,consistent,0.09835176015736281,AUTO_APPROVE,0.25,0.6436450871541827,ord_0035215,1314800,captured,False
rr_0006984,cus_ddf5995d2802ef15,False,939436,0.00025465656787222745,1e-06,AUTO_APPROVE,consistent,1e-06,AUTO_APPROVE,0.0,0.00781197850123382,ord_0035217,3579300,captured,False
rr_0006985,cus_bd6c25c98fc8605f,False,62645,0.0003248444169061757,1e-06,AUTO_APPROVE,consistent,1e-06,AUTO_APPROVE,0.1,9.30781196412e-05,ord_0035222,156000,captured,False
rr_0006986,cus_3509a6b64257ce2e,False,20884,0.0005155324308379282,1e-06,AUTO_APPROVE,consistent,1e-06,AUTO_APPROVE,0.0,0.024691749869489535,ord_0035223,32900,captured,False
rr_0006987,cus_ab7361c76af06bfb,False,2788615,0.0005071114989061519,1e-06,AUTO_APPROVE,inconsistent,2.2897734911559113e-05,AUTO_APPROVE,0.15,0.0006918297340707353,ord_0035229,10901400,captured,False
rr_0006988,cus_bd4cf429a097477e,True,2037570,0.9952992254940862,0.999999,MANUAL_REVIEW,inconsistent,0.999999,MANUAL_REVIEW,0.3,0.5893931493669639,ord_0035236,2438400,captured,False
rr_0006989,cus_834912b58a8d7773,False,663711,0.0005525141405077088,1e-06,AUTO_APPROVE,consistent,1e-06,AUTO_APPROVE,0.0,0.061505934346551855,ord_0035244,1069200,captured,False
rr_0006990,cus_a538e7d4421d4e77,True,3412703,0.8300563705412556,0.5,VERIFY,inconsistent,0.958155907987277,RETURN_FIRST,0.15,0.7251034316909271,ord_0035249,3863200,captured,False
rr_0006991,cus_e2b4be95655da90c,False,1128070,0.10724687650018361,0.0392156862745098,AUTO_APPROVE,consistent,0.004432508937619314,AUTO_APPROVE,0.25,0.5760214789831001,ord_0035252,1262000,captured,False
rr_0006992,cus_af8a5375b79628fe,False,4247203,0.05506374615057265,0.017857142857142856,AUTO_APPROVE,inconsistent,0.2939506388065649,AUTO_APPROVE,0.0,0.7650272577396564,ord_0035255,4294200,captured,False
rr_0006993,cus_6cdbf0f08ea20b32,False,18171793,0.00023965829417510844,1e-06,AUTO_APPROVE,consistent,1e-06,AUTO_APPROVE,0.0,0.03027325439952707,ord_0035257,27336500,captured,False
rr_0006994,cus_ee28990b1a5d6cd6,False,2020524,0.00021731321023446654,1e-06,AUTO_APPROVE,consistent,1e-06,AUTO_APPROVE,0.0,0.0003436304821972937,ord_0035264,7296000,captured,False
rr_0006995,cus_d174b22a46105d54,False,588794,0.0009417515326979138,1e-06,AUTO_APPROVE,consistent,1e-06,AUTO_APPROVE,0.44999999999999996,0.031700896638085896,ord_0035265,1152700,captured,False
rr_0006996,cus_3cab0cfea41d0ef4,False,788391,0.00016216276365545784,1e-06,AUTO_APPROVE,inconsistent,2.2897734911559113e-05,AUTO_APPROVE,0.1,0.007015561914727305,ord_0035266,1199000,captured,False
rr_0006997,cus_25ccbfb89e2ba0da,False,64894,0.000752322665044609,1e-06,AUTO_APPROVE,consistent,1e-06,AUTO_APPROVE,0.25,0.0016530856182465263,ord_0035271,156000,captured,False
rr_0006998,cus_78ca35ef89c55402,True,4510736,0.990469014022876,0.999999,MANUAL_REVIEW,consistent,0.9999908324886693,MANUAL_REVIEW,0.3,0.9398927269923588,ord_0035272,5967500,captured,False
rr_0006999,cus_38856450950fd740,False,1648803,0.0007858604755011751,1e-06,AUTO_APPROVE,consistent,1e-06,AUTO_APPROVE,0.25,0.002464148010501966,ord_0035276,5567000,captured,False
rr_0007000,cus_6bda212f8d41d326,False,2887992,0.0001250972449437989,1e-06,AUTO_APPROVE,consistent,1e-06,AUTO_APPROVE,0.0,0.0016592795894723557,ord_0035277,6420100,captured,False
rr_0007001,cus_9cbf8ab94478659a,False,4980775,0.16592854261393153,0.08571428571428572,VERIFY,consistent,0.010122729367085073,AUTO_APPROVE,0.0,0.5400025833965063,ord_0035285,6499200,captured,False
rr_0007002,cus_9cbf8ab94478659a,False,2038383,0.01416367203785437,0.017857142857142856,AUTO_APPROVE,consistent,0.0019793465426276163,AUTO_APPROVE,0.0,0.5587640070257177,ord_0035286,2124000,captured,False
rr_0007003,cus_f84ec50fd371a733,False,532348,0.03475623895250669,0.017857142857142856,AUTO_APPROVE,consistent,0.0019793465426276163,AUTO_APPROVE,0.0,0.16789445573040424,ord_0035288,597000,captured,False
rr_0007004,cus_923d22c460df925d,False,4789422,0.2216887915016119,0.08571428571428572,VERIFY,consistent,0.010122729367085073,AUTO_APPROVE,0.0,0.08440144843138757,ord_0035289,6781700,captured,False
rr_0007005,cus_e78f6a3ac3bc3c90,True,9765886,0.9985494647453501,0.999999,MANUAL_REVIEW,consistent,0.9999908324886693,MANUAL_REVIEW,0.35,0.9892368895951738,ord_0035292,8798000,captured,True
rr_0007006,cus_14be94df49b20c45,False,1052395,9.861580902156098e-05,1e-06,AUTO_APPROVE,consistent,1e-06,AUTO_APPROVE,0.0,0.002103229773615095,ord_0035294,2075000,captured,False
rr_0007007,cus_4b4afa5bff80a2b0,False,133567,0.4097722550479917,0.12903225806451613,VERIFY,consistent,0.015903002651414404,AUTO_APPROVE,0.0,0.17787382572182306,ord_0035295,187200,captured,False
rr_0007008,cus_2b1a79ff6f91688b,False,1259132,0.0002523788310287074,1e-06,AUTO_APPROVE,consistent,1e-06,AUTO_APPROVE,0.0,0.0004999208772731356,ord_0035298,3338900,captured,False
rr_0007009,cus_7dbaddd861b02567,False,4458518,0.009248041268141698,0.017857142857142856,AUTO_APPROVE,consistent,0.0019793465426276163,AUTO_APPROVE,0.0,0.036145080834431235,ord_0035299,5995000,captured,False
rr_0007010,cus_b30b9b0c9ab7434f,False,4088039,0.2219251522733254,0.08571428571428572,VERIFY,consistent,0.010122729367085073,AUTO_APPROVE,0.0,0.31924868967554715,ord_0035302,4595300,captured,False
rr_0007011,cus_1a46c8c3c7b6ad93,False,551534,0.0005178968761256178,1e-06,AUTO_APPROVE,consistent,1e-06,AUTO_APPROVE,0.0,0.0009141213553722204,ord_0035305,1062000,captured,False
rr_0007012,cus_1760e130b5cef8e5,False,1868665,0.9291598331949869,0.6096375383326851,VERIFY,consistent,0.14555661351201302,AUTO_APPROVE,0.15,0.9652042112957869,ord_0035306,1869600,captured,False
rr_0007013,cus_6c6b93265b1eff53,False,2955026,0.008491191787040372,1e-06,AUTO_APPROVE,consistent,1e-06,AUTO_APPROVE,0.0,0.27470536049291155,ord_0035307,3015400,captured,False
rr_0007014,cus_eed160cdd6154cf1,False,112967,0.00034291056655883563,1e-06,AUTO_APPROVE,consistent,1e-06,AUTO_APPROVE,0.0,0.0073799148959705595,ord_0035313,252000,captured,False
rr_0007015,cus_759cafb0eb061951,False,15902,0.00036070207325278347,1e-06,AUTO_APPROVE,consistent,1e-06,AUTO_APPROVE,0.0,0.005604431552905622,ord_0035327,28900,captured,False
rr_0007016,cus_09823e718d8e8eb1,False,1392593,0.0002497314324362206,1e-06,AUTO_APPROVE,inconsistent,2.2897734911559113e-05,AUTO_APPROVE,0.0,0.00718857451011473,ord_0035333,2144100,captured,False
rr_0007017,cus_c4e1acc9b2011b3c,False,803631,0.00019897634632046372,1e-06,AUTO_APPROVE,consistent,1e-06,AUTO_APPROVE,0.1,0.0005893142002970924,ord_0035336,1467000,captured,False
rr_0007018,cus_e44ecf31b36bdac4,False,843665,0.0008651887442182007,1e-06,AUTO_APPROVE,consistent,1e-06,AUTO_APPROVE,0.0,0.0007817435706831395,ord_0035338,2149500,captured,False
rr_0007019,cus_e2cb738044abb7bd,False,1300224,0.010895856264827085,0.017857142857142856,AUTO_APPROVE,consistent,0.0019793465426276163,AUTO_APPROVE,0.0,0.0954886068051101,ord_0035340,1460200,captured,False
rr_0007020,cus_a955a4c68b57065b,True,3331644,0.4727368212679389,0.12903225806451613,VERIFY,inconclusive,0.15625,RETURN_FIRST,0.25,0.8975027698165605,ord_0035353,4050200,captured,False
rr_0007021,cus_62381321490aff71,False,4647434,0.0003651897142838974,1e-06,AUTO_APPROVE,inconsistent,2.2897734911559113e-05,AUTO_APPROVE,0.0,0.026556561192505913,ord_0035357,7393700,captured,False
rr_0007022,cus_987c9f33b7fe9c29,False,113445,0.7528573848551039,0.5,VERIFY,consistent,0.09835176015736281,AUTO_APPROVE,0.15,0.7089080712692639,ord_0035364,127500,captured,False
rr_0007023,cus_ac0b981c9c0d56b9,False,2708888,0.00011083448271458119,1e-06,AUTO_APPROVE,consistent,1e-06,AUTO_APPROVE,0.0,0.007368273095880015,ord_0035374,4286800,captured,False
rr_0007024,cus_e314e49ea91ceee5,False,1935709,0.00027839676592342953,1e-06,AUTO_APPROVE,consistent,1e-06,AUTO_APPROVE,0.0,0.005359433950992357,ord_0035376,3717300,captured,False
rr_0007025,cus_e6e77061a2ebd039,False,16011,0.001312704985710708,1e-06,AUTO_APPROVE,inconclusive,1.2499996875000778e-06,AUTO_APPROVE,0.15,0.025317758365704306,ord_0035377,59300,captured,False
rr_0007026,cus_ffdc5594ae7bc3a8,False,419417,0.00017743065818096645,1e-06,AUTO_APPROVE,consistent,1e-06,AUTO_APPROVE,0.1,0.0003888252459527928,ord_0035378,1515000,captured,False
rr_0007027,cus_26d5cccc4fea5050,False,42237381,0.5030528983037654,0.12903225806451613,VERIFY,consistent,0.015903002651414404,AUTO_APPROVE,0.25,0.7069359511746177,ord_0035384,52969600,captured,False
rr_0007028,cus_8dca8430b6f16d6a,True,3235656,0.07815770177295948,0.0392156862745098,AUTO_APPROVE,inconsistent,0.48310313006980515,AUTO_APPROVE,0.1,0.009746985821894058,ord_0035386,3835500,captured,False
rr_0007029,cus_1b3403efa26bfa5b,False,5396429,0.00035970362331982095,1e-06,AUTO_APPROVE,consistent,1e-06,AUTO_APPROVE,0.5,0.0010345665900733992,ord_0035399,9642200,captured,False
rr_0007030,cus_0b654007e019e855,False,1438621,0.2081378269934541,0.08571428571428572,VERIFY,consistent,0.010122729367085073,AUTO_APPROVE,0.0,0.5132055090815172,ord_0035400,1511500,captured,False
rr_0007031,cus_8b11845d1f884ac4,True,3225668,0.45042771328267006,0.12903225806451613,VERIFY,inconsistent,0.7723304710434816,RETURN_FIRST,0.15,0.4545575194738504,ord_0035403,3511300,captured,False
rr_0007032,cus_1b3403efa26bfa5b,False,4924796,0.25178248209909826,0.08638584531154264,VERIFY,consistent,0.010208652441711397,AUTO_APPROVE,0.65,0.031868577653664035,ord_0035405,6903400,captured,False
rr_0007033,cus_6d397357650573e3,False,9527621,0.0002825623998500998,1e-06,AUTO_APPROVE,consistent,1e-06,AUTO_APPROVE,0.0,0.0029137425833390116,ord_0035413,15766000,captured,False
rr_0007034,cus_1538a300bc8219c7,False,2849431,0.00015918825532928234,1e-06,AUTO_APPROVE,consistent,1e-06,AUTO_APPROVE,0.0,0.0017787784725360736,ord_0035423,4694300,captured,False
rr_0007035,cus_1b3403efa26bfa5b,False,8502407,0.0002969420462540771,1e-06,AUTO_APPROVE,consistent,1e-06,AUTO_APPROVE,0.5,1.806074189835988e-05,ord_0035425,17612400,captured,False
rr_0007036,cus_fdfa0c7329c26ac6,False,2635854,0.6575020759937642,0.17857142857142858,VERIFY,consistent,0.02316375335874424,AUTO_APPROVE,0.15,0.9509617507724101,ord_0035439,3053600,captured,False
rr_0007037,cus_78c5838f7bfc871f,False,4917247,0.1472723394490929,0.08571428571428572,VERIFY,consistent,0.010122729367085073,AUTO_APPROVE,0.0,0.516944172552127,ord_0035440,5404000,captured,False
rr_0007038,cus_8e1d06f0a0412e50,False,7614639,0.014386841102262191,0.017857142857142856,AUTO_APPROVE,consistent,0.0019793465426276163,AUTO_APPROVE,0.0,0.029849628975853568,ord_0035445,9549000,captured,False
rr_0007039,cus_898a662482bcd9b6,False,2143357,0.10566457929026266,0.0392156862745098,AUTO_APPROVE,consistent,0.004432508937619314,AUTO_APPROVE,0.0,0.795435965743791,ord_0035450,2406800,captured,False
rr_0007040,cus_96409e06dc22b951,False,120571,0.05044610083965076,0.017857142857142856,AUTO_APPROVE,consistent,0.0019793465426276163,AUTO_APPROVE,0.0,0.0867410940534984,ord_0035452,136500,captured,False
rr_0007041,cus_b5b587f553690b57,False,690062,0.0003246992237422671,1e-06,AUTO_APPROVE,consistent,1e-06,AUTO_APPROVE,0.0,0.0015407065278897922,ord_0035458,2233600,captured,False
rr_0007042,cus_f281735633a4d9ba,False,6869653,0.6817894499258114,0.17857142857142858,VERIFY,consistent,0.02316375335874424,AUTO_APPROVE,0.15,0.6246417942204135,ord_0035468,9173400,captured,False
rr_0007043,cus_9575ebbfab1abc89,False,3056373,0.0124163065286166,0.017857142857142856,AUTO_APPROVE,consistent,0.0019793465426276163,AUTO_APPROVE,0.0,0.2311643646199846,ord_0035476,3255300,captured,False
rr_0007044,cus_e928546c172972db,True,655218,0.7994089914649305,0.5,VERIFY,inconsistent,0.958155907987277,RETURN_FIRST,0.15,0.8136618822553797,ord_0035478,763400,captured,False
rr_0007045,cus_40d0615e206c6c75,False,892168,0.00045400517309472177,1e-06,AUTO_APPROVE,consistent,1e-06,AUTO_APPROVE,0.65,0.009713976287269666,ord_0035479,1314000,captured,False
rr_0007046,cus_dc6606ca5faec827,False,1441836,0.00033231178840284356,1e-06,AUTO_APPROVE,consistent,1e-06,AUTO_APPROVE,0.0,0.0008428889557804159,ord_0035495,2980000,captured,False
rr_0007047,cus_54ab1577dba23546,False,1181062,0.0006727258605650183,1e-06,AUTO_APPROVE,consistent,1e-06,AUTO_APPROVE,0.0,6.098376271779166e-05,ord_0035503,3221000,captured,False
rr_0007048,cus_05b907644027b32c,False,9226898,0.01095795704892253,0.017857142857142856,AUTO_APPROVE,consistent,0.0019793465426276163,AUTO_APPROVE,0.0,0.009877116341215856,ord_0035504,11815200,captured,False
rr_0007049,cus_e1d56b800b4a707c,False,2349874,0.04139467019934074,0.017857142857142856,AUTO_APPROVE,consistent,0.0019793465426276163,AUTO_APPROVE,0.0,0.17067083230500538,ord_0035506,3057600,captured,False
rr_0007050,cus_1bc9e663ab588615,False,2226043,0.00026580131695529076,1e-06,AUTO_APPROVE,consistent,1e-06,AUTO_APPROVE,0.0,0.0048616401100196344,ord_0035510,3443500,captured,False
rr_0007051,cus_f8a5bb862e3dec9e,False,57649,0.04996435777873657,0.017857142857142856,AUTO_APPROVE,consistent,0.0019793465426276163,AUTO_APPROVE,0.0,0.6709967610788902,ord_0035523,59500,captured,False
rr_0007052,cus_661eb23a53d0fe4d,False,1340476,0.00043716276378062945,1e-06,AUTO_APPROVE,consistent,1e-06,AUTO_APPROVE,0.1,0.0058205784502871356,ord_0035528,2066000,captured,False
rr_0007053,cus_44881733850f9289,False,4194131,0.0002762746803380432,1e-06,AUTO_APPROVE,consistent,1e-06,AUTO_APPROVE,0.1,0.018366884926195662,ord_0035532,6119800,captured,False
rr_0007054,cus_c622aad094aa23f6,False,345129,0.0003154379488266766,1e-06,AUTO_APPROVE,consistent,1e-06,AUTO_APPROVE,0.0,0.00015684456996582124,ord_0035543,1110900,captured,False
rr_0007055,cus_646d196de542b5d4,False,1628280,8.938217831787498e-05,1e-06,AUTO_APPROVE,consistent,1e-06,AUTO_APPROVE,0.0,0.0022793754888327145,ord_0035544,2392400,captured,False
rr_0007056,cus_fd8793acfd55c874,False,592291,0.0004566171725844654,1e-06,AUTO_APPROVE,inconclusive,1.2499996875000778e-06,AUTO_APPROVE,0.0,0.0034625575376711097,ord_0035546,1248800,captured,False
rr_0007057,cus_8ee2910a5afabfcb,False,342153,0.2184960347012733,0.08571428571428572,VERIFY,consistent,0.010122729367085073,AUTO_APPROVE,0.30000000000000004,0.008557151720373956,ord_0035554,476200,captured,False
rr_0007058,cus_1b3403efa26bfa5b,False,12611121,0.0035313688365896387,1e-06,AUTO_APPROVE,consistent,1e-06,AUTO_APPROVE,0.5,0.0007615772196268077,ord_0035557,15887500,captured,False
rr_0007059,cus_db79016bd6d0f9a5,True,2769917,0.986644657828892,0.999999,MANUAL_REVIEW,inconsistent,0.999999,MANUAL_REVIEW,0.3,0.9864300522599967,ord_0035583,2838900,captured,False
rr_0007060,cus_943b2e85c51813fd,False,718226,0.00019884288010221974,1e-06,AUTO_APPROVE,consistent,1e-06,AUTO_APPROVE,0.0,0.000725538078016834,ord_0035584,1911200,captured,False
rr_0007061,cus_011d1a8bc8b3016a,True,610031,0.7424285877332981,0.5,VERIFY,inconsistent,0.958155907987277,RETURN_FIRST,0.15,0.038235102047453964,ord_0035598,858000,captured,False
rr_0007062,cus_3bc7a800c18e2250,False,452883,0.0007520022857791311,1e-06,AUTO_APPROVE,consistent,1e-06,AUTO_APPROVE,0.15,0.019588197273501307,ord_0035599,1216500,captured,False
rr_0007063,cus_8c922b88cac30bb6,False,42291,0.00048431818071038494,1e-06,AUTO_APPROVE,consistent,1e-06,AUTO_APPROVE,0.0,0.000821738807946029,ord_0035605,148500,captured,False
rr_0007064,cus_05070a301510c072,False,911911,0.013684041422820287,0.017857142857142856,AUTO_APPROVE,consistent,0.0019793465426276163,AUTO_APPROVE,0.0,0.6090739568638628,ord_0035608,1038000,captured,False
rr_0007065,cus_c808f355932a19e4,True,2262110,0.10819593300218681,0.0392156862745098,AUTO_APPROVE,inconsistent,0.48310313006980515,AUTO_APPROVE,0.15,0.7187469750947894,ord_0035616,2892200,captured,False
rr_0007066,cus_402c24cfb95e9bf6,False,2131247,0.0003623039779884189,1e-06,AUTO_APPROVE,inconclusive,1.2499996875000778e-06,AUTO_APPROVE,0.0,0.00024322849137608154,ord_0035628,10354500,captured,False
rr_0007067,cus_b3801608f788326a,False,4735213,0.2941320143941503,0.12903225806451613,VERIFY,consistent,0.015903002651414404,AUTO_APPROVE,0.15,0.24619069738382696,ord_0035629,6037600,captured,False
rr_0007068,cus_f60b11dd563a736a,False,995811,0.0003576077592183547,1e-06,AUTO_APPROVE,consistent,1e-06,AUTO_APPROVE,0.0,0.0010766086835813716,ord_0035631,3279300,captured,False
rr_0007069,cus_4aea9ff87703051d,False,3051369,0.004654031804169816,1e-06,AUTO_APPROVE,consistent,1e-06,AUTO_APPROVE,0.0,0.6776514906485266,ord_0035636,3144900,captured,False
rr_0007070,cus_ec5bb9479cd99dc4,False,1676553,0.000279077224417538,1e-06,AUTO_APPROVE,consistent,1e-06,AUTO_APPROVE,0.0,0.0030275354612951753,ord_0035637,3864300,captured,False
rr_0007071,cus_7ca596803bff0a1d,False,64203693,0.0007725456722117088,1e-06,AUTO_APPROVE,consistent,1e-06,AUTO_APPROVE,0.25,0.0014055046735166935,ord_0035648,202779200,captured,False
rr_0007072,cus_40f49f6f6ccda8ee,False,1989022,0.019366038490947538,0.017857142857142856,AUTO_APPROVE,consistent,0.0019793465426276163,AUTO_APPROVE,0.0,0.33187993969690704,ord_0035655,2227200,captured,False
rr_0007073,cus_7ca596803bff0a1d,False,11799009,0.2739048959981956,0.12903225806451613,VERIFY,consistent,0.015903002651414404,AUTO_APPROVE,0.1,0.35789761866663355,ord_0035657,12441600,captured,False
rr_0007074,cus_ffdc5594ae7bc3a8,False,139387,0.00033517949346403007,1e-06,AUTO_APPROVE,consistent,1e-06,AUTO_APPROVE,0.1,0.0007347074649481891,ord_0035661,350000,captured,False
rr_0007075,cus_bb7b51b05a696c5c,False,1849643,0.0007276060055441685,1e-06,AUTO_APPROVE,consistent,1e-06,AUTO_APPROVE,0.15,0.02029489547537834,ord_0035663,4483700,captured,False
rr_0007076,cus_0276b150b5d56a53,False,666926,0.02196046738146852,0.017857142857142856,AUTO_APPROVE,consistent,0.0019793465426276163,AUTO_APPROVE,0.0,0.14643806722896405,ord_0035664,856800,captured,False
rr_0007077,cus_c5cf21b4008ebc14,False,1916470,0.00020697897486217544,1e-06,AUTO_APPROVE,consistent,1e-06,AUTO_APPROVE,0.0,0.0007818447999805092,ord_0035669,2908100,captured,False
rr_0007078,cus_f899834723c0072e,False,2535050,0.6344886584634452,0.17857142857142858,VERIFY,consistent,0.02316375335874424,AUTO_APPROVE,0.15,0.7957252942130433,ord_0035672,3037000,captured,False
rr_0007079,cus_1b3403efa26bfa5b,False,3970187,0.00031471479808838467,1e-06,AUTO_APPROVE,consistent,1e-06,AUTO_APPROVE,0.5,0.0006293469076061116,ord_0035673,7652100,captured,False
rr_0007080,cus_60ca650cd82f373e,False,2356354,0.00020784573184426513,1e-06,AUTO_APPROVE,consistent,1e-06,AUTO_APPROVE,0.15,0.01423373307469953,ord_0035678,3902500,captured,False
rr_0007081,cus_ca8e07fef5ab3636,False,667687,0.00036716155752541913,1e-06,AUTO_APPROVE,consistent,1e-06,AUTO_APPROVE,0.1,4.0312311375986663e-05,ord_0035685,2039600,captured,False
rr_0007082,cus_9cd5d0c006805ce3,False,413933,0.00042783244369553567,1e-06,AUTO_APPROVE,consistent,1e-06,AUTO_APPROVE,0.0,0.005684601000577214,ord_0035690,843600,captured,False
rr_0007083,cus_90060e071443eaa2,False,725349,0.0008698325040496291,1e-06,AUTO_APPROVE,consistent,1e-06,AUTO_APPROVE,0.15,0.07263532700497473,ord_0035695,1625700,captured,False
rr_0007084,cus_b34c3a942eedd47a,False,847979,0.0002638943933704757,1e-06,AUTO_APPROVE,consistent,1e-06,AUTO_APPROVE,0.0,0.00047435184256833327,ord_0035696,2073200,captured,False
rr_0007085,cus_7b5c774bfd6cf8df,False,2040247,0.03269890694181641,0.017857142857142856,AUTO_APPROVE,consistent,0.0019793465426276163,AUTO_APPROVE,0.0,0.14999339961510746,ord_0035705,2342500,captured,False
rr_0007086,cus_5b1ce362ceefe0fd,False,1690409,0.045101243369665894,0.017857142857142856,AUTO_APPROVE,consistent,0.0019793465426276163,AUTO_APPROVE,0.0,0.025866060409574513,ord_0035707,2008300,captured,False
rr_0007087,cus_e196fb539e04849d,False,486062,0.00041920121119546353,1e-06,AUTO_APPROVE,consistent,1e-06,AUTO_APPROVE,0.0,2.533359192522858e-05,ord_0035711,2224000,captured,False
rr_0007088,cus_3b10abb1c0d63cfa,False,2610180,0.013689688798329915,0.017857142857142856,AUTO_APPROVE,consistent,0.0019793465426276163,AUTO_APPROVE,0.0,0.3801888734575588,ord_0035714,2849800,captured,False
rr_0007089,cus_542590e707b642b7,False,1737939,0.03197421139227549,0.017857142857142856,AUTO_APPROVE,consistent,0.0019793465426276163,AUTO_APPROVE,0.0,0.10045804874521178,ord_0035720,2066600,captured,False
rr_0007090,cus_bc2b75257004227b,False,1026476,0.0003168845604796727,1e-06,AUTO_APPROVE,consistent,1e-06,AUTO_APPROVE,0.0,0.0006147618741462364,ord_0035722,3007600,captured,False
rr_0007091,cus_2a5c415bd69d6479,False,3552285,0.6166329514766152,0.17857142857142858,VERIFY,consistent,0.02316375335874424,AUTO_APPROVE,0.0,0.4514996434455963,ord_0035727,4277000,captured,False
rr_0007092,cus_26c4a59f97ecf910,False,8830725,0.00031801031543275763,1e-06,AUTO_APPROVE,inconsistent,2.2897734911559113e-05,AUTO_APPROVE,0.1,0.0030488028891827285,ord_0035729,14149900,captured,False
rr_0007093,cus_e55417e06c91d6f9,False,1629431,0.0008732480061632266,1e-06,AUTO_APPROVE,consistent,1e-06,AUTO_APPROVE,0.0,0.00041853034153599173,ord_0035730,4638000,captured,False
rr_0007094,cus_1f3f8609d4beb2d1,False,2396894,0.029105670328083484,0.017857142857142856,AUTO_APPROVE,consistent,0.0019793465426276163,AUTO_APPROVE,0.0,0.34087770213668217,ord_0035731,2405500,captured,False
rr_0007095,cus_7d9985200ab69361,False,59982136,0.09677730346855791,0.0392156862745098,AUTO_APPROVE,consistent,0.004432508937619314,AUTO_APPROVE,0.1,0.07239892969544508,ord_0035738,73985400,captured,False
rr_0007096,cus_7d9985200ab69361,False,280816,0.0003712563809298944,1e-06,AUTO_APPROVE,consistent,1e-06,AUTO_APPROVE,0.65,0.000942373167224075,ord_0035739,892800,captured,False
rr_0007097,cus_23a61b67491013ec,False,2738493,7.861446177870618e-05,1e-06,AUTO_APPROVE,consistent,1e-06,AUTO_APPROVE,0.30000000000000004,0.0029222898045267185,ord_0035745,4025800,captured,False
rr_0007098,cus_40d0615e206c6c75,False,817740,0.1604525136043138,0.08571428571428572,VERIFY,consistent,0.010122729367085073,AUTO_APPROVE,0.5,0.0033456726819903787,ord_0035749,972500,captured,False
rr_0007099,cus_872d9184ad84aca7,False,1708253,0.001056538751786322,1e-06,AUTO_APPROVE,consistent,1e-06,AUTO_APPROVE,0.15,0.008847076605299747,ord_0035751,4499600,captured,False
rr_0007100,cus_1a77bb5d5d4831e2,False,4518470,0.00014429849355090686,1e-06,AUTO_APPROVE,consistent,1e-06,AUTO_APPROVE,0.0,0.012076374817049694,ord_0035756,8680200,captured,False
rr_0007101,cus_bb7f365ec9cd7c77,False,4918076,0.0003413619407471226,1e-06,AUTO_APPROVE,consistent,1e-06,AUTO_APPROVE,0.0,0.015212670249962373,ord_0035757,7599400,captured,False
rr_0007102,cus_c4043df4e16b0585,False,690781,0.00028891773398774295,1e-06,AUTO_APPROVE,consistent,1e-06,AUTO_APPROVE,0.0,0.0006385810498077293,ord_0035768,2504000,captured,False
rr_0007103,cus_0f135bc5c5dc2ed8,False,1209703,0.0007859067572265659,1e-06,AUTO_APPROVE,inconsistent,2.2897734911559113e-05,AUTO_APPROVE,0.15,0.0007039509163067169,ord_0035771,5036200,captured,False
rr_0007104,cus_5bcf6e32daf666dd,False,912485,0.0007174459731002494,1e-06,AUTO_APPROVE,consistent,1e-06,AUTO_APPROVE,0.1,0.01265681067810174,ord_0035774,1916000,captured,False
rr_0007105,cus_fb285ca27d383192,False,1397298,0.00025416559634761586,1e-06,AUTO_APPROVE,consistent,1e-06,AUTO_APPROVE,0.1,0.005169413915275813,ord_0035775,2111000,captured,False
rr_0007106,cus_c2bf493a113dfa02,False,1117887,0.0006424913829958693,1e-06,AUTO_APPROVE,consistent,1e-06,AUTO_APPROVE,0.1,0.05848059054325766,ord_0035776,1767000,captured,False
rr_0007107,cus_b0dec2c263f6c20c,False,409186,0.0002687208688930282,1e-06,AUTO_APPROVE,consistent,1e-06,AUTO_APPROVE,0.0,0.0004718640603396873,ord_0035779,1478600,captured,False
rr_0007108,cus_e278fecceb866edf,False,434331,0.007938097988221178,1e-06,AUTO_APPROVE,consistent,1e-06,AUTO_APPROVE,0.5,0.0547888873124169,ord_0035790,500000,captured,False
rr_0007109,cus_f29675a326aecffe,False,1217789,0.05367446661529259,0.017857142857142856,AUTO_APPROVE,consistent,0.0019793465426276163,AUTO_APPROVE,0.0,0.03566165890130004,ord_0035795,1679500,captured,False
rr_0007110,cus_8c3bea374be42d73,True,1561407,0.9910639207210146,0.999999,MANUAL_REVIEW,inconsistent,0.999999,MANUAL_REVIEW,0.2,0.7217415781761232,ord_0035796,1320700,captured,True
rr_0007111,cus_d314d5c927d51a27,False,736536,0.00032824974908579477,1e-06,AUTO_APPROVE,inconsistent,2.2897734911559113e-05,AUTO_APPROVE,0.0,0.007071041669711814,ord_0035797,1111600,captured,False
rr_0007112,cus_ff70d76335129370,False,458654,0.5999693529725495,0.17857142857142858,VERIFY,consistent,0.02316375335874424,AUTO_APPROVE,0.15,0.947461682992563,ord_0035801,467500,captured,False
rr_0007113,cus_e278fecceb866edf,False,479193,0.26393493278174956,0.12903225806451613,VERIFY,inconclusive,0.15625,RETURN_FIRST,0.65,0.19263387921373074,ord_0035804,545100,captured,False
rr_0007114,cus_6980879904dfee27,False,1256025,0.1552899401306683,0.08571428571428572,VERIFY,consistent,0.010122729367085073,AUTO_APPROVE,0.0,0.9037669419185982,ord_0035809,1290000,captured,False
rr_0007115,cus_bd1fbbdc07c7d048,False,4042693,0.0004514222633038257,1e-06,AUTO_APPROVE,consistent,1e-06,AUTO_APPROVE,0.0,0.04517963296262694,ord_0035825,6210800,captured,False
rr_0007116,cus_d4c39680b1d1bf65,False,1177787,0.001902873057955538,1e-06,AUTO_APPROVE,consistent,1e-06,AUTO_APPROVE,0.15,0.0013884866222771224,ord_0035842,3810000,captured,False
rr_0007117,cus_1995b548c8902ff4,False,2332251,0.00045706646583211394,1e-06,AUTO_APPROVE,consistent,1e-06,AUTO_APPROVE,0.0,0.004710869921650707,ord_0035860,4225800,captured,False
rr_0007118,cus_8207c00760fd37c3,False,707970,0.0002636947401486165,1e-06,AUTO_APPROVE,consistent,1e-06,AUTO_APPROVE,0.0,0.0023426457734850303,ord_0035863,1125200,captured,False
rr_0007119,cus_3562906992441d0e,False,1216287,0.00028224307014594304,1e-06,AUTO_APPROVE,consistent,1e-06,AUTO_APPROVE,0.0,0.0014585272259856666,ord_0035865,2489900,captured,False
rr_0007120,cus_b084f98ed94709cc,False,2135721,0.06814280314758196,0.0392156862745098,AUTO_APPROVE,consistent,0.004432508937619314,AUTO_APPROVE,0.0,0.06271459942075086,ord_0035867,2837600,captured,False
rr_0007121,cus_114571aac5ce89d0,False,192421,0.0005131125521839702,1e-06,AUTO_APPROVE,consistent,1e-06,AUTO_APPROVE,0.0,0.00034132589885309646,ord_0035869,567500,captured,False
rr_0007122,cus_5aa40220a3c0d618,False,689277,0.5996605781898472,0.17857142857142858,VERIFY,consistent,0.02316375335874424,AUTO_APPROVE,0.15,0.7606419542826945,ord_0035872,839000,captured,False
rr_0007123,cus_f85df3b19398cf57,False,81207,0.0002264827620010344,1e-06,AUTO_APPROVE,consistent,1e-06,AUTO_APPROVE,0.0,6.617141982109862e-05,ord_0035877,169200,captured,False
rr_0007124,cus_6e368d1cae686eea,False,3062254,0.0005907482390771133,1e-06,AUTO_APPROVE,inconclusive,1.2499996875000778e-06,AUTO_APPROVE,0.15,0.013443480665882605,ord_0035885,6983900,captured,False
rr_0007125,cus_85f3df620098dea0,False,1021759,0.4887532442578956,0.12903225806451613,VERIFY,consistent,0.015903002651414404,AUTO_APPROVE,0.15,0.9268644618049539,ord_0035886,1380100,captured,False
rr_0007126,cus_bffebc6bb0770024,False,16978874,0.3958101723310195,0.12903225806451613,VERIFY,consistent,0.015903002651414404,AUTO_APPROVE,0.0,0.46716246384521204,ord_0035888,18967200,captured,False
rr_0007127,cus_4117f004a09b2b7a,False,1317558,0.00036131283582374206,1e-06,AUTO_APPROVE,consistent,1e-06,AUTO_APPROVE,0.15,0.02040908330900673,ord_0035901,3061700,captured,False
rr_0007128,cus_dbf9fd0ae006a8c6,False,4127079,0.00028149257604531957,1e-06,AUTO_APPROVE,consistent,1e-06,AUTO_APPROVE,0.1,0.005789203784159714,ord_0035903,7339400,captured,False
rr_0007129,cus_d32f98369513882f,False,3917033,0.08374841541664037,0.0392156862745098,AUTO_APPROVE,consistent,0.004432508937619314,AUTO_APPROVE,0.0,0.6871774808150004,ord_0035906,3935400,captured,False
rr_0007130,cus_84781149a39b7b97,False,1676821,0.3730915307286689,0.12903225806451613,VERIFY,consistent,0.015903002651414404,AUTO_APPROVE,0.25,0.375239074657138,ord_0035918,2327100,captured,False
rr_0007131,cus_16b4591ce9208cb8,False,17921,0.0008360996979767976,1e-06,AUTO_APPROVE,consistent,1e-06,AUTO_APPROVE,0.15,0.04231259020666929,ord_0035923,44800,captured,False
rr_0007132,cus_b783a8769bdbc7b7,False,1736905,0.6598757009276127,0.17857142857142858,VERIFY,consistent,0.02316375335874424,AUTO_APPROVE,0.15,0.8106925157678379,ord_0035926,1783400,captured,False
rr_0007133,cus_778c2658cb7d498b,False,967685,0.00027953995128914656,1e-06,AUTO_APPROVE,consistent,1e-06,AUTO_APPROVE,0.0,0.040496867731303975,ord_0035936,1640800,captured,False
rr_0007134,cus_a24490dd71eb41f2,False,1246562,0.03735237501518298,0.017857142857142856,AUTO_APPROVE,consistent,0.0019793465426276163,AUTO_APPROVE,0.0,0.1552190549429844,ord_0035940,1342800,captured,False
rr_0007135,cus_6bf1c1289dba8b9a,False,8058382,0.37958192460206003,0.12903225806451613,VERIFY,consistent,0.015903002651414404,AUTO_APPROVE,0.15,0.661591257503212,ord_0035952,9261700,captured,False
rr_0007136,cus_621e861ae8070e4d,False,640169,0.0009681763693536277,1e-06,AUTO_APPROVE,consistent,1e-06,AUTO_APPROVE,0.25,0.0011751137147164874,ord_0035966,2922500,captured,False
rr_0007137,cus_dc9fcf0ba91a35e7,False,6137569,0.00023225801865436099,1e-06,AUTO_APPROVE,consistent,1e-06,AUTO_APPROVE,0.0,0.00024823704017306935,ord_0035970,23479000,captured,False
rr_0007138,cus_93f9d937c9f105ea,False,1086550,0.012946285305441193,0.017857142857142856,AUTO_APPROVE,inconsistent,0.2939506388065649,AUTO_APPROVE,0.0,0.016096221506848207,ord_0035971,1426800,captured,False
rr_0007139,cus_464f4ac9f79d4bc4,False,379875,0.000715135867438563,1e-06,AUTO_APPROVE,consistent,1e-06,AUTO_APPROVE,0.15,0.00044826452516611164,ord_0035978,1776400,captured,False
rr_0007140,cus_262ce3566421a463,False,2101426,0.0001733443516468278,1e-06,AUTO_APPROVE,consistent,1e-06,AUTO_APPROVE,0.1,0.00018993455266382524,ord_0035979,9597000,captured,False
rr_0007141,cus_745223f419d7a750,False,1769305,0.0003986416522993127,1e-06,AUTO_APPROVE,consistent,1e-06,AUTO_APPROVE,0.0,0.026854786894407408,ord_0035981,2625700,captured,False
rr_0007142,cus_66ad5b94049a0648,False,8217343,0.00047301535633762626,1e-06,AUTO_APPROVE,consistent,1e-06,AUTO_APPROVE,0.1,0.0003383728752657492,ord_0035982,18208900,captured,False
rr_0007143,cus_605f0bb5774dae00,False,329210,0.00048337207498272796,1e-06,AUTO_APPROVE,consistent,1e-06,AUTO_APPROVE,0.0,0.0006189981346350668,ord_0035989,1466500,captured,False
rr_0007144,cus_e278fecceb866edf,True,244039,0.9243847462934427,0.5564337921648198,VERIFY,inconsistent,0.966358062686905,RETURN_FIRST,0.8,0.3763045351238667,ord_0035992,308200,captured,False
rr_0007145,cus_7b4b643c16e4e293,False,2991907,0.00011687270053750917,1e-06,AUTO_APPROVE,consistent,1e-06,AUTO_APPROVE,0.1,0.000596852982705742,ord_0035994,6154000,captured,False
rr_0007146,cus_5f9eaa92ce7fe2c7,True,536367,0.24502382155368177,0.08571428571428572,VERIFY,inconsistent,0.6822077314739403,RETURN_FIRST,0.15,0.04966938643575586,ord_0035997,721300,captured,False
rr_0007147,cus_2eb3b425167318f9,False,227779,0.0005615987619635313,1e-06,AUTO_APPROVE,consistent,1e-06,AUTO_APPROVE,0.0,0.05090196161737831,ord_0036003,330500,captured,False
rr_0007148,cus_78f52edacad4d058,False,692496,0.0005522504702694296,1e-06,AUTO_APPROVE,inconsistent,2.2897734911559113e-05,AUTO_APPROVE,0.1,0.0016715786871154105,ord_0036009,1288800,captured,False
rr_0007149,cus_2792ca835ae7ca88,False,1022254,0.0006825117546976822,1e-06,AUTO_APPROVE,consistent,1e-06,AUTO_APPROVE,0.15,0.004679178997244666,ord_0036013,2141000,captured,False
rr_0007150,cus_57d1fd0ac6d3e87b,False,963072,0.02431314977656111,0.017857142857142856,AUTO_APPROVE,consistent,0.0019793465426276163,AUTO_APPROVE,0.0,0.06566648281803558,ord_0036019,1243400,captured,False
rr_0007151,cus_24f928bcd93b170c,False,3042737,0.014418110861975225,0.017857142857142856,AUTO_APPROVE,consistent,0.0019793465426276163,AUTO_APPROVE,0.30000000000000004,0.19428276068962813,ord_0036022,3279800,captured,False
rr_0007152,cus_a0534ba01738cebc,True,2619825,0.9962155380868746,0.999999,MANUAL_REVIEW,inconsistent,0.999999,MANUAL_REVIEW,0.3,0.9877392088380492,ord_0036023,2671300,captured,False
rr_0007153,cus_0276b150b5d56a53,False,156226,0.000482874496664327,1e-06,AUTO_APPROVE,consistent,1e-06,AUTO_APPROVE,0.15,0.0008915202862798651,ord_0036044,520000,captured,False
rr_0007154,cus_bcd33ea99e729114,False,776086,0.00028335388813490993,1e-06,AUTO_APPROVE,consistent,1e-06,AUTO_APPROVE,0.0,0.0005095688371560065,ord_0036055,2177500,captured,False
rr_0007155,cus_01812c1848f7f686,True,4103447,0.2588781980878064,0.11623294164510553,VERIFY,inconsistent,0.7507212508497502,RETURN_FIRST,0.15,0.8861014337941359,ord_0036064,4215900,captured,False
rr_0007156,cus_99fdd0acda6cb4ba,False,1060900,0.15396562275766199,0.08571428571428572,VERIFY,consistent,0.010122729367085073,AUTO_APPROVE,0.0,0.9159104892245823,ord_0036073,1092500,captured,False
rr_0007157,cus_7d1ca4e686b0daeb,False,4906610,0.12171377375276451,0.0392156862745098,AUTO_APPROVE,consistent,0.004432508937619314,AUTO_APPROVE,0.0,0.2396850698131479,ord_0036075,4958600,captured,False
rr_0007158,cus_d2adb37687cbed7f,True,1223336,0.9814392094301808,0.999999,MANUAL_REVIEW,inconclusive,0.999999,MANUAL_REVIEW,0.15,0.4697191168078136,ord_0036076,1600000,captured,False
rr_0007159,cus_488eb27f4344c5c0,False,5328724,0.27493536994389245,0.12903225806451613,VERIFY,consistent,0.015903002651414404,AUTO_APPROVE,0.15,0.6757976724112631,ord_0036080,7017900,captured,False
rr_0007160,cus_59570779ccd90c08,False,3059830,0.47188602728899687,0.12903225806451613,VERIFY,consistent,0.015903002651414404,AUTO_APPROVE,0.15,0.6398009554934362,ord_0036086,3794500,captured,False
rr_0007161,cus_a4a30e55ced50f92,False,885906,0.005113289848589885,1e-06,AUTO_APPROVE,consistent,1e-06,AUTO_APPROVE,0.1,0.13715049944264143,ord_0036088,952300,captured,False
rr_0007162,cus_943b2e85c51813fd,False,1043135,0.015776807123267362,0.017857142857142856,AUTO_APPROVE,consistent,0.0019793465426276163,AUTO_APPROVE,0.0,0.2984298495357255,ord_0036090,1226200,captured,False
rr_0007163,cus_fabb85a93a088e3e,False,1102707,0.00018160088434971588,1e-06,AUTO_APPROVE,consistent,1e-06,AUTO_APPROVE,0.0,0.001834499869630855,ord_0036095,2658400,captured,False
rr_0007164,cus_7336e97f200b1ec7,True,1942821,0.9974616648569936,0.999999,MANUAL_REVIEW,inconsistent,0.999999,MANUAL_REVIEW,0.4,0.9667557744490596,ord_0036100,2453000,captured,False
rr_0007165,cus_7d72ddfd6fb58e39,False,1742486,0.00046598431813020557,1e-06,AUTO_APPROVE,consistent,1e-06,AUTO_APPROVE,0.15,0.002011797503722521,ord_0036104,5331800,captured,False
rr_0007166,cus_a85dc4f59968db69,False,4766320,0.027281841441358697,0.017857142857142856,AUTO_APPROVE,consistent,0.0019793465426276163,AUTO_APPROVE,0.0,0.038517674562453696,ord_0036106,6066100,captured,False
rr_0007167,cus_bdd1632258df25c1,False,313355,0.00048558763043222725,1e-06,AUTO_APPROVE,consistent,1e-06,AUTO_APPROVE,0.0,4.704854138084352e-05,ord_0036107,1306700,captured,False
rr_0007168,cus_c1b89a971cb5910a,False,4759694,0.0002542249706867778,1e-06,AUTO_APPROVE,consistent,1e-06,AUTO_APPROVE,0.0,0.008838228931861961,ord_0036118,8789800,captured,False
rr_0007169,cus_5d99ef3d6bc5310c,False,9735565,0.0003240701873294107,1e-06,AUTO_APPROVE,consistent,1e-06,AUTO_APPROVE,0.0,0.0012644319490694585,ord_0036119,41610600,captured,False
rr_0007170,cus_09e5307dc6edf8bc,False,1016493,0.00020959223838111447,1e-06,AUTO_APPROVE,consistent,1e-06,AUTO_APPROVE,0.0,0.0010771554297432915,ord_0036120,3878000,captured,False
rr_0007171,cus_b71421e4c50ebe68,False,1826897,0.0003223152120101973,1e-06,AUTO_APPROVE,inconclusive,1.2499996875000778e-06,AUTO_APPROVE,0.0,0.00011568090988564356,ord_0036128,8131500,captured,False
rr_0007172,cus_2b1a79ff6f91688b,False,2792724,0.07331661384264808,0.0392156862745098,AUTO_APPROVE,consistent,0.004432508937619314,AUTO_APPROVE,0.0,0.31352469355309676,ord_0036138,3448300,captured,False
rr_0007173,cus_976af80eca0bf606,False,2188456,0.0002311389631528609,1e-06,AUTO_APPROVE,consistent,1e-06,AUTO_APPROVE,0.0,4.7414542214220534e-05,ord_0036145,8934600,captured,False
rr_0007174,cus_472a2d79f3dd7a0d,False,2351280,0.04988371164753669,0.017857142857142856,AUTO_APPROVE,consistent,0.0019793465426276163,AUTO_APPROVE,0.0,0.031330353186861205,ord_0036149,2901000,captured,False
rr_0007175,cus_5e9bb39f83b7fa60,False,2350793,0.07060913031963377,0.0392156862745098,AUTO_APPROVE,consistent,0.004432508937619314,AUTO_APPROVE,0.0,0.1712548280219601,ord_0036154,3001600,captured,False
rr_0007176,cus_fdfc8a71f4098f7a,False,172880,0.0001343392677153727,1e-06,AUTO_APPROVE,consistent,1e-06,AUTO_APPROVE,0.0,7.628931790027354e-05,ord_0036155,746500,captured,False
rr_0007177,cus_90a96ac028ed50d2,True,2461923,0.951800169608334,0.8333333333333334,VERIFY,inconsistent,0.9913413302587675,RETURN_FIRST,0.3,0.9893494429593017,ord_0036156,2686800,captured,False
rr_0007178,cus_06f14de79388430e,False,318053,0.0007065928628235146,1e-06,AUTO_APPROVE,consistent,1e-06,AUTO_APPROVE,0.15,0.07707204593554114,ord_0036165,488300,captured,False
rr_0007179,cus_482d740b905635c9,False,30600041,0.00044980551199408445,1e-06,AUTO_APPROVE,consistent,1e-06,AUTO_APPROVE,0.0,0.000654804235405653,ord_0036172,88957600,captured,False
rr_0007180,cus_79c1e67eee401fd2,False,1426403,0.0008032676504107034,1e-06,AUTO_APPROVE,consistent,1e-06,AUTO_APPROVE,0.15,0.15619842984267662,ord_0036184,2453600,captured,False
rr_0007181,cus_4dc491689de2e394,False,549237,0.023088914719654352,0.017857142857142856,AUTO_APPROVE,consistent,0.0019793465426276163,AUTO_APPROVE,0.1,0.040827804592481885,ord_0036186,706800,captured,False
rr_0007182,cus_c50a51d8e904625d,False,1745834,0.00026792970659277255,1e-06,AUTO_APPROVE,consistent,1e-06,AUTO_APPROVE,0.0,0.000580340930723563,ord_0036189,4991600,captured,False
rr_0007183,cus_ea494e16a31526f3,False,1122157,0.00021676737846394484,1e-06,AUTO_APPROVE,consistent,1e-06,AUTO_APPROVE,0.15,0.0013135588983174311,ord_0036194,3075800,captured,False
rr_0007184,cus_d8adb4932377fa2b,False,972355,0.00475029798011553,1e-06,AUTO_APPROVE,inconclusive,1.2499996875000778e-06,AUTO_APPROVE,0.15,0.01990502195325333,ord_0036199,3077100,captured,False
rr_0007185,cus_17e4702dc22bc102,True,497332,0.9980284039627536,0.999999,MANUAL_REVIEW,inconsistent,0.999999,MANUAL_REVIEW,0.3,0.7106680062107469,ord_0036203,646000,captured,False
rr_0007186,cus_fb675843dc4bcc04,False,723705,0.04131224386644879,0.017857142857142856,AUTO_APPROVE,consistent,0.0019793465426276163,AUTO_APPROVE,0.0,0.17802001888408575,ord_0036204,859200,captured,False
rr_0007187,cus_7f9d8a6205c36489,False,1936239,0.00029749825213255533,1e-06,AUTO_APPROVE,consistent,1e-06,AUTO_APPROVE,0.5,0.0008900196692982403,ord_0036206,4032500,captured,False
rr_0007188,cus_1dbecf9720e2b88c,False,12524330,0.1964986081899187,0.08571428571428572,VERIFY,consistent,0.010122729367085073,AUTO_APPROVE,0.5,0.2646846839077973,ord_0036208,14342400,captured,False
rr_0007189,cus_ec18f93dc434def9,False,12438140,0.000545642829137307,1e-06,AUTO_APPROVE,consistent,1e-06,AUTO_APPROVE,0.1,0.00041930646021836655,ord_0036209,33040300,captured,False
rr_0007190,cus_1c3457baa19d3aac,False,775659,0.017801697736227567,0.017857142857142856,AUTO_APPROVE,consistent,0.0019793465426276163,AUTO_APPROVE,0.0,0.01181892877276434,ord_0036225,1050000,captured,False
rr_0007191,cus_6dc8ed4ee1a2543a,False,36683,0.0007568656847835602,1e-06,AUTO_APPROVE,consistent,1e-06,AUTO_APPROVE,0.0,0.03765980032575964,ord_0036234,75000,captured,False
rr_0007192,cus_c8bf3069a2ce10f2,True,345218,0.9972872598186615,0.999999,MANUAL_REVIEW,consistent,0.9999908324886693,MANUAL_REVIEW,0.3,0.9743536876764842,ord_0036248,425000,captured,False
rr_0007193,cus_f364c450342709d1,False,17375120,0.0003684042391064985,1e-06,AUTO_APPROVE,consistent,1e-06,AUTO_APPROVE,0.15,0.08703366863233206,ord_0036250,25202800,captured,False
rr_0007194,cus_1ccc80436deddf6c,False,3483527,0.08659337442012961,0.0392156862745098,AUTO_APPROVE,consistent,0.004432508937619314,AUTO_APPROVE,0.0,0.05316017569926704,ord_0036255,4638200,captured,False
rr_0007195,cus_1b16b9243e3a59c7,False,770168,0.001106457111520749,1e-06,AUTO_APPROVE,consistent,1e-06,AUTO_APPROVE,0.15,0.03404737211033766,ord_0036257,2427000,captured,False
rr_0007196,cus_c04f1783cfeaa4d4,False,2711561,0.02095751741101186,0.017857142857142856,AUTO_APPROVE,consistent,0.0019793465426276163,AUTO_APPROVE,0.0,0.0596917895129627,ord_0036264,3180600,captured,False
rr_0007197,cus_6136dadbe7e14fce,False,1173414,0.00022681113480074576,1e-06,AUTO_APPROVE,consistent,1e-06,AUTO_APPROVE,0.0,4.094987891698467e-05,ord_0036268,5427300,captured,False
rr_0007198,cus_b454a18b1e968855,False,1216448,0.0002728162855853516,1e-06,AUTO_APPROVE,consistent,1e-06,AUTO_APPROVE,0.0,0.0037488615460970166,ord_0036269,3104800,captured,False
rr_0007199,cus_0b24c1609ca8d2d9,False,3859737,0.001062083898592747,1e-06,AUTO_APPROVE,consistent,1e-06,AUTO_APPROVE,0.15,0.17013270222832555,ord_0036276,5719700,captured,False
rr_0007200,cus_34dc15c93ff74355,False,832698,9.086243736047286e-05,1e-06,AUTO_APPROVE,consistent,1e-06,AUTO_APPROVE,0.0,4.9967147924981215e-05,ord_0036277,1966800,captured,False
rr_0007201,cus_4f0b9deed4e12dd7,False,602650,0.0002898793596576061,1e-06,AUTO_APPROVE,consistent,1e-06,AUTO_APPROVE,0.1,0.0004166566680793949,ord_0036284,2468500,captured,False
rr_0007202,cus_f573a28e1fe34845,False,1743104,0.0002781335482620448,1e-06,AUTO_APPROVE,consistent,1e-06,AUTO_APPROVE,0.0,0.0008880040560167356,ord_0036294,3430000,captured,False
rr_0007203,cus_5051ee8865d626b5,True,1661183,0.4673257030701966,0.12903225806451613,VERIFY,consistent,0.015903002651414404,AUTO_APPROVE,0.15,0.8094053836869414,ord_0036297,2055900,captured,False
rr_0007204,cus_27e637eaba28dbb2,False,267457,0.00041227600153762614,1e-06,AUTO_APPROVE,consistent,1e-06,AUTO_APPROVE,0.0,8.501932313219551e-05,ord_0036298,1131100,captured,False
rr_0007205,cus_08f5d047b8d019ee,False,2668939,0.00023523233407804657,1e-06,AUTO_APPROVE,consistent,1e-06,AUTO_APPROVE,0.1,0.045170968274211604,ord_0036299,4039000,captured,False
rr_0007206,cus_05539aa3bc886428,False,2745990,0.029144440577027926,0.017857142857142856,AUTO_APPROVE,consistent,0.0019793465426276163,AUTO_APPROVE,0.0,0.2938104063862955,ord_0036300,3070800,captured,False
rr_0007207,cus_cef4d8f98d054f13,False,738653,0.000743310575682103,1e-06,AUTO_APPROVE,consistent,1e-06,AUTO_APPROVE,0.15,0.020935362865529793,ord_0036305,1784800,captured,False
rr_0007208,cus_849e714b2838dc8b,False,2583797,0.06897197825963555,0.0392156862745098,AUTO_APPROVE,consistent,0.004432508937619314,AUTO_APPROVE,0.0,0.10294694882378304,ord_0036311,2878700,captured,False
rr_0007209,cus_8f6e69075f0c4d6d,False,5657069,0.03741492398912286,0.017857142857142856,AUTO_APPROVE,consistent,0.0019793465426276163,AUTO_APPROVE,0.0,0.6351689743460514,ord_0036313,5730900,captured,False
rr_0007210,cus_1b3403efa26bfa5b,False,3004318,0.0001667364011482236,1e-06,AUTO_APPROVE,consistent,1e-06,AUTO_APPROVE,0.5,3.1953230651058966e-05,ord_0036320,5016600,captured,False
rr_0007211,cus_4beca9e3b90ed4f2,False,2593260,0.00031794447945938454,1e-06,AUTO_APPROVE,consistent,1e-06,AUTO_APPROVE,0.1,0.011469562351442536,ord_0036323,4569200,captured,False
rr_0007212,cus_0742cc05e0c3d6d0,True,2758492,0.5048366222595009,0.12903225806451613,VERIFY,inconsistent,0.7723304710434816,RETURN_FIRST,0.15,0.40372987600231264,ord_0036324,3168800,captured,False
rr_0007213,cus_b7313b173e9e035b,False,1128444,0.00015521970487818095,1e-06,AUTO_APPROVE,consistent,1e-06,AUTO_APPROVE,0.0,0.0003350664720749115,ord_0036337,2150800,captured,False
rr_0007214,cus_2f713c7301c21c22,False,2813874,0.0011069536399629808,1e-06,AUTO_APPROVE,consistent,1e-06,AUTO_APPROVE,0.0,0.018962427325762005,ord_0036340,3841200,captured,False
rr_0007215,cus_665fb504ff62d32a,False,337982,0.00040487218696349224,1e-06,AUTO_APPROVE,consistent,1e-06,AUTO_APPROVE,0.0,0.0001644683948221341,ord_0036353,1605500,captured,False
rr_0007216,cus_7f99f806991b88d6,False,746158,0.016471680281310568,0.017857142857142856,AUTO_APPROVE,consistent,0.0019793465426276163,AUTO_APPROVE,0.0,0.0835775819403022,ord_0036354,769600,captured,False
rr_0007217,cus_cae0a5c6ee918446,False,752743,0.01359816804982974,0.017857142857142856,AUTO_APPROVE,consistent,0.0019793465426276163,AUTO_APPROVE,0.0,0.03152513485494551,ord_0036363,940800,captured,False
rr_0007218,cus_b717dfc9a4f2d572,False,1884717,0.0006449916930863134,1e-06,AUTO_APPROVE,consistent,1e-06,AUTO_APPROVE,0.15,0.010760082252036602,ord_0036364,5332300,captured,False
rr_0007219,cus_b98d84f61196fdcd,False,7073337,0.01035182607941834,0.017857142857142856,AUTO_APPROVE,consistent,0.0019793465426276163,AUTO_APPROVE,0.0,0.02697821910433717,ord_0036369,9917000,captured,False
rr_0007220,cus_670f682740f3ce8f,True,113864,0.9960978840134024,0.999999,VERIFY,inconsistent,0.999999,RETURN_FIRST,0.35,0.871796017214202,ord_0036379,105000,captured,True
rr_0007221,cus_681737172ee59567,False,42978824,0.0004444412373761443,1e-06,AUTO_APPROVE,consistent,1e-06,AUTO_APPROVE,0.15,0.00016099097880977983,ord_0036401,168745800,captured,False
rr_0007222,cus_81a2892bf6d2f33b,True,2486818,0.9969832258473069,0.999999,MANUAL_REVIEW,consistent,0.9999908324886693,MANUAL_REVIEW,0.2,0.8711580868150692,ord_0036402,2423800,captured,True
rr_0007223,cus_c6f1a5722104a43d,False,13004413,0.00020374468114219322,1e-06,AUTO_APPROVE,consistent,1e-06,AUTO_APPROVE,0.0,0.03054395071192177,ord_0036408,19433400,captured,False
rr_0007224,cus_56d841639ba55b19,False,594336,0.0007613048749879262,1e-06,AUTO_APPROVE,consistent,1e-06,AUTO_APPROVE,0.15,0.08173447216833911,ord_0036409,1033200,captured,False
rr_0007225,cus_2acf6803167e7e47,False,1988443,0.0001719774136490417,1e-06,AUTO_APPROVE,inconclusive,1.2499996875000778e-06,AUTO_APPROVE,0.0,0.0002617687831959871,ord_0036412,4628500,captured,False
rr_0007226,cus_a7d597dd2260ff44,False,3600941,0.08697334823304552,0.0392156862745098,AUTO_APPROVE,consistent,0.004432508937619314,AUTO_APPROVE,0.0,0.004757586286210304,ord_0036417,4752400,captured,False
rr_0007227,cus_781aed3d851a4704,False,680731,0.0009604964310724525,1e-06,AUTO_APPROVE,consistent,1e-06,AUTO_APPROVE,0.15,0.03128810276497342,ord_0036420,1513000,captured,False
rr_0007228,cus_e895bc7d9680502d,False,7911065,0.6705857171079735,0.17857142857142858,VERIFY,consistent,0.02316375335874424,AUTO_APPROVE,0.15,0.5761879514392627,ord_0036431,8890200,captured,False
rr_0007229,cus_9859b41edd3f10b0,False,4434243,0.0005219425308654142,1e-06,AUTO_APPROVE,consistent,1e-06,AUTO_APPROVE,0.15,0.35223144732867095,ord_0036435,7869800,captured,False
rr_0007230,cus_fb2ea28e72740b94,False,2452945,5.142128398319605e-05,1e-06,AUTO_APPROVE,consistent,1e-06,AUTO_APPROVE,0.0,0.0007494866653397069,ord_0036439,4134100,captured,False
rr_0007231,cus_a45440c9990ffeaf,False,1359644,0.0018527327521911821,1e-06,AUTO_APPROVE,consistent,1e-06,AUTO_APPROVE,0.0,0.033420537567113884,ord_0036441,1489600,captured,False
rr_0007232,cus_87969319a341733c,False,3751879,0.0005318133655661877,1e-06,AUTO_APPROVE,consistent,1e-06,AUTO_APPROVE,0.0,0.013019959903192784,ord_0036449,5686000,captured,False
rr_0007233,cus_40f49f6f6ccda8ee,False,1855850,0.006763102859478939,1e-06,AUTO_APPROVE,consistent,1e-06,AUTO_APPROVE,0.0,0.2528271536211791,ord_0036454,1925300,captured,False
rr_0007234,cus_3dc1398467c6ba56,False,4641597,0.19199594222720445,0.08571428571428572,VERIFY,consistent,0.010122729367085073,AUTO_APPROVE,0.0,0.5367350711213593,ord_0036455,5075400,captured,False
rr_0007235,cus_e278fecceb866edf,False,88188,0.0003865164655527189,1e-06,AUTO_APPROVE,consistent,1e-06,AUTO_APPROVE,0.65,0.0002835086041226617,ord_0036465,278000,captured,False
rr_0007236,cus_09efaa4f5607d130,False,180049,0.0013251082554553229,1e-06,AUTO_APPROVE,consistent,1e-06,AUTO_APPROVE,0.15,0.17092151177097042,ord_0036470,435000,captured,False
rr_0007237,cus_a955a4c68b57065b,False,930874,0.00025591657558950566,1e-06,AUTO_APPROVE,consistent,1e-06,AUTO_APPROVE,0.1,0.0016803047787999521,ord_0036473,1933800,captured,False
rr_0007238,cus_1b7293841024d925,False,624615,0.0002670715045636927,1e-06,AUTO_APPROVE,consistent,1e-06,AUTO_APPROVE,0.0,0.00021991064024961065,ord_0036474,2085900,captured,False
rr_0007239,cus_ee070707b901e2ac,False,1593313,0.4941645594312796,0.12903225806451613,VERIFY,consistent,0.015903002651414404,AUTO_APPROVE,0.0,0.8070368598520629,ord_0036475,1618500,captured,False
rr_0007240,cus_7655940a907ddb0b,False,2005144,0.0008133092994773052,1e-06,AUTO_APPROVE,consistent,1e-06,AUTO_APPROVE,0.15,0.0005139903681697402,ord_0036478,7406400,captured,False
rr_0007241,cus_9576094da891f1db,False,1969150,0.0006933509278836906,1e-06,AUTO_APPROVE,consistent,1e-06,AUTO_APPROVE,0.15,0.09394168236867638,ord_0036480,3572100,captured,False
rr_0007242,cus_4d938eea39522654,False,540251,0.0010410051774200158,1e-06,AUTO_APPROVE,consistent,1e-06,AUTO_APPROVE,0.25,0.0036758837417318556,ord_0036481,1950200,captured,False
rr_0007243,cus_010343ee66dcf09f,False,2799300,0.007577909685921499,1e-06,AUTO_APPROVE,consistent,1e-06,AUTO_APPROVE,0.0,0.13291914608429914,ord_0036482,2991000,captured,False
rr_0007244,cus_66362d8a84825121,False,1420021,0.00021242903964140933,1e-06,AUTO_APPROVE,consistent,1e-06,AUTO_APPROVE,0.30000000000000004,0.008572404510831475,ord_0036484,2121200,captured,False
rr_0007245,cus_b06981707ac49f70,False,3068056,0.00021275796211831104,1e-06,AUTO_APPROVE,inconsistent,2.2897734911559113e-05,AUTO_APPROVE,0.0,0.022007584962776498,ord_0036502,5040000,captured,False
rr_0007246,cus_ca847c9609668478,False,1952527,0.00026927174169425833,1e-06,AUTO_APPROVE,consistent,1e-06,AUTO_APPROVE,0.0,0.0012974002975821826,ord_0036511,6642100,captured,False
rr_0007247,cus_fe9faf5d61a367d6,False,589678,7.249904101085853e-05,1e-06,AUTO_APPROVE,consistent,1e-06,AUTO_APPROVE,0.0,0.000702437138536293,ord_0036516,1330800,captured,False
rr_0007248,cus_8c4192d1ef2d8509,False,3006790,0.04177414266956079,0.017857142857142856,AUTO_APPROVE,consistent,0.0019793465426276163,AUTO_APPROVE,0.0,0.41481093079030323,ord_0036525,3108000,captured,False
rr_0007249,cus_61252b73599b5db7,True,897134,0.995862354194913,0.999999,MANUAL_REVIEW,inconsistent,0.999999,MANUAL_REVIEW,0.44999999999999996,0.6151624196064024,ord_0036527,859200,captured,True
rr_0007250,cus_1d506ae5eac6268a,True,2726984,0.9950447583131252,0.999999,MANUAL_REVIEW,inconsistent,0.999999,MANUAL_REVIEW,0.3,0.8775810108019543,ord_0036535,3132000,captured,False
rr_0007251,cus_7e02ddc7e6d95f88,False,2129980,0.0006258715020577417,1e-06,AUTO_APPROVE,consistent,1e-06,AUTO_APPROVE,0.25,0.00045776120684854675,ord_0036543,8436000,captured,False
rr_0007252,cus_f95619fc9eb67a61,False,1157553,0.7966913268679049,0.5,VERIFY,consistent,0.09835176015736281,AUTO_APPROVE,0.15,0.9308001767009901,ord_0036545,1290600,captured,False
rr_0007253,cus_2792ca835ae7ca88,False,2508525,0.3105342370360358,0.12903225806451613,VERIFY,consistent,0.015903002651414404,AUTO_APPROVE,0.15,0.19249795831324093,ord_0036550,3319000,captured,False
rr_0007254,cus_cf2dd4dc00f924ab,False,4718920,0.00025422531507795045,1e-06,AUTO_APPROVE,consistent,1e-06,AUTO_APPROVE,0.0,0.0024660053834149923,ord_0036553,7546400,captured,False
rr_0007255,cus_7ca596803bff0a1d,False,16129616,0.0005839085895676019,1e-06,AUTO_APPROVE,consistent,1e-06,AUTO_APPROVE,0.44999999999999996,0.0002805177924357833,ord_0036555,39496600,captured,False
rr_0007256,cus_57a4524b73c5f863,False,1862085,0.053983897394834265,0.017857142857142856,AUTO_APPROVE,consistent,0.0019793465426276163,AUTO_APPROVE,0.15,0.6390306369380404,ord_0036558,2232100,captured,False
rr_0007257,cus_71e1180b2ee1c1fe,False,5132138,0.00018352497280676444,1e-06,AUTO_APPROVE,consistent,1e-06,AUTO_APPROVE,0.1,0.0014218405849616687,ord_0036559,11839000,captured,False
rr_0007258,cus_2e14d697eb302663,False,1513499,0.2285900301204571,0.08571428571428572,VERIFY,consistent,0.010122729367085073,AUTO_APPROVE,0.0,0.0276631151168994,ord_0036560,2114900,captured,False
rr_0007259,cus_92862405bb282dc0,False,25751118,0.00019627800670211695,1e-06,AUTO_APPROVE,consistent,1e-06,AUTO_APPROVE,0.0,0.05760801411714076,ord_0036563,39628500,captured,False
rr_0007260,cus_13aa3493f27b445a,False,1422437,0.000278864284235495,1e-06,AUTO_APPROVE,consistent,1e-06,AUTO_APPROVE,0.0,0.0009751350146553744,ord_0036565,3390000,captured,False
rr_0007261,cus_9563dbe03bb9602a,False,1243922,0.00013384865408213245,1e-06,AUTO_APPROVE,consistent,1e-06,AUTO_APPROVE,0.0,0.05787360958332842,ord_0036572,1900500,captured,False
rr_0007262,cus_f367eb01ab6a0de3,False,1001333,0.13139880791665817,0.0392156862745098,AUTO_APPROVE,consistent,0.004432508937619314,AUTO_APPROVE,0.0,0.03106831368636253,ord_0036580,1142000,captured,False
rr_0007263,cus_ec31df8c6a2b38d9,False,27470450,0.00042289910018409904,1e-06,AUTO_APPROVE,consistent,1e-06,AUTO_APPROVE,0.0,0.02010217628994149,ord_0036585,55003800,captured,False
rr_0007264,cus_89617f78ecf73736,False,4630435,0.00031273990869374956,1e-06,AUTO_APPROVE,consistent,1e-06,AUTO_APPROVE,0.1,0.0046893825898989055,ord_0036586,7365500,captured,False
rr_0007265,cus_34371dc52c585da0,False,4794351,0.00039228328150454753,1e-06,AUTO_APPROVE,consistent,1e-06,AUTO_APPROVE,0.1,0.010025695169664499,ord_0036588,7257200,captured,False
rr_0007266,cus_ac02ca4de42a519d,False,1655167,0.7013600572449348,0.17857142857142858,VERIFY,consistent,0.02316375335874424,AUTO_APPROVE,0.15,0.4495686787224136,ord_0036590,2023000,captured,False
rr_0007267,cus_4666230c42da39d2,False,2086810,0.00019966162543071306,1e-06,AUTO_APPROVE,consistent,1e-06,AUTO_APPROVE,0.0,0.0014712981332714414,ord_0036603,3608300,captured,False
rr_0007268,cus_325bb77e4ff99291,False,2589297,0.05990987793507098,0.0392156862745098,AUTO_APPROVE,consistent,0.004432508937619314,AUTO_APPROVE,0.15,0.17781568949833615,ord_0036621,3465300,captured,False
rr_0007269,cus_78dfe8f14b69d74f,False,347820,0.0007812323138777113,1e-06,AUTO_APPROVE,consistent,1e-06,AUTO_APPROVE,0.15,0.0032935139322510724,ord_0036628,1231900,captured,False
rr_0007270,cus_317afbea0bca091d,False,1377426,0.00021657307881411424,1e-06,AUTO_APPROVE,inconclusive,1.2499996875000778e-06,AUTO_APPROVE,0.0,0.0005595475612586335,ord_0036630,5241400,captured,False
rr_0007271,cus_bc960b84375d69e9,False,2358141,0.054751896325192506,0.017857142857142856,AUTO_APPROVE,consistent,0.0019793465426276163,AUTO_APPROVE,0.0,0.1463216422463165,ord_0036644,2979100,captured,False
rr_0007272,cus_5464badb98eaa1f9,False,2689705,0.4922984375528585,0.12903225806451613,VERIFY,consistent,0.015903002651414404,AUTO_APPROVE,0.15,0.5253573556745647,ord_0036661,3727000,captured,False
rr_0007273,cus_662239e8488a694b,True,23936,0.4820150430884077,0.12903225806451613,VERIFY,inconsistent,0.7723304710434816,RETURN_FIRST,0.15,0.6257097357125864,ord_0036669,25500,captured,False
rr_0007274,cus_092188467d73fdac,False,8490528,0.7233354393203784,0.5,VERIFY,consistent,0.09835176015736281,AUTO_APPROVE,0.15,0.932153891004499,ord_0036670,9817700,captured,False
rr_0007275,cus_a040255ea6cf8a59,False,456602,0.00034604810514650576,1e-06,AUTO_APPROVE,inconclusive,1.2499996875000778e-06,AUTO_APPROVE,0.1,0.0002366187315256489,ord_0036676,1598500,captured,False
rr_0007276,cus_a6319c5f7a092260,False,1754257,0.0002841319066323732,1e-06,AUTO_APPROVE,consistent,1e-06,AUTO_APPROVE,0.0,0.006636017694183631,ord_0036680,2804900,captured,False
rr_0007277,cus_ec31df8c6a2b38d9,False,13169552,0.3197855737265528,0.12903225806451613,VERIFY,consistent,0.015903002651414404,AUTO_APPROVE,0.0,0.2491841470208828,ord_0036682,14940000,captured,False
rr_0007278,cus_31d1b7446de57217,False,17353055,0.0005464212554390968,1e-06,AUTO_APPROVE,consistent,1e-06,AUTO_APPROVE,0.1,0.0002170206754478297,ord_0036686,72713400,captured,False
rr_0007279,cus_7d9985200ab69361,False,15426592,0.000339250888306555,1e-06,AUTO_APPROVE,consistent,1e-06,AUTO_APPROVE,0.5,0.0007161465981071937,ord_0036697,45576000,captured,False
rr_0007280,cus_b424a4c73bdd38ee,False,514702,0.0006988689374199789,1e-06,AUTO_APPROVE,inconclusive,1.2499996875000778e-06,AUTO_APPROVE,0.15,0.005253882812334273,ord_0036698,2237100,captured,False
rr_0007281,cus_71b10568fbfc7430,False,928935,0.0003255865680742325,1e-06,AUTO_APPROVE,consistent,1e-06,AUTO_APPROVE,0.0,0.0011692984899166292,ord_0036700,3404800,captured,False
rr_0007282,cus_8e12b5352a93c90b,False,2515261,0.0005382519352712452,1e-06,AUTO_APPROVE,consistent,1e-06,AUTO_APPROVE,0.15,0.2223727036735867,ord_0036706,4640500,captured,False
rr_0007283,cus_f876b94b5112d74b,False,2731924,0.012331903876990458,0.017857142857142856,AUTO_APPROVE,consistent,0.0019793465426276163,AUTO_APPROVE,0.1,0.15169204445230752,ord_0036710,3849300,captured,False
rr_0007284,cus_9d7f97c6bb313233,True,3588950,0.9993461334452259,0.999999,MANUAL_REVIEW,inconsistent,0.999999,MANUAL_REVIEW,0.35,0.957792548578976,ord_0036713,3243000,captured,True
rr_0007285,cus_0578c943eee824f5,False,113328,0.02556671455412916,0.017857142857142856,AUTO_APPROVE,consistent,0.0019793465426276163,AUTO_APPROVE,0.0,0.32283307781725734,ord_0036714,120500,captured,False
rr_0007286,cus_70fe1a4802d5171d,False,1404700,0.00011366427227780676,1e-06,AUTO_APPROVE,consistent,1e-06,AUTO_APPROVE,0.1,0.00017352906004789362,ord_0036720,3357200,captured,False
rr_0007287,cus_1760e130b5cef8e5,False,2883609,0.13619131694015102,0.08571428571428572,VERIFY,consistent,0.010122729367085073,AUTO_APPROVE,0.0,0.13959752314197754,ord_0036729,3483300,captured,False
rr_0007288,cus_8e12b5352a93c90b,False,1431202,0.0005805144412339144,1e-06,AUTO_APPROVE,consistent,1e-06,AUTO_APPROVE,0.0,0.00021965565145716512,ord_0036730,3188300,captured,False
rr_0007289,cus_05182b42ac463f25,True,6162294,0.9742895492331463,0.999999,MANUAL_REVIEW,inconsistent,0.999999,MANUAL_REVIEW,0.35,0.8791759196699612,ord_0036733,6127200,captured,True
rr_0007290,cus_8372b95a76846224,False,3081053,0.0011344576395069807,1e-06,AUTO_APPROVE,consistent,1e-06,AUTO_APPROVE,0.1,0.004785619485098251,ord_0036736,5709200,captured,False
rr_0007291,cus_340906fe2c30af8f,False,552064,8.39383240280354e-05,1e-06,AUTO_APPROVE,consistent,1e-06,AUTO_APPROVE,0.0,0.0004306459673715888,ord_0036741,1028200,captured,False
rr_0007292,cus_f1c9d3bbfcd2922f,False,1546862,0.004402950684120856,1e-06,AUTO_APPROVE,consistent,1e-06,AUTO_APPROVE,0.0,0.1069766040534156,ord_0036750,1908800,captured,False
rr_0007293,cus_d3637606045adf57,False,1082205,0.0036345720264508454,1e-06,AUTO_APPROVE,inconclusive,1.2499996875000778e-06,AUTO_APPROVE,0.0,0.035714084760940984,ord_0036756,1339100,captured,False
rr_0007294,cus_60095ed29037f698,False,2665512,0.23780517552588493,0.08571428571428572,VERIFY,consistent,0.010122729367085073,AUTO_APPROVE,0.0,0.7552558415568642,ord_0036757,2926500,captured,False
rr_0007295,cus_16e25e5a9856ce2d,False,19009588,0.01927868496666031,0.017857142857142856,AUTO_APPROVE,consistent,0.0019793465426276163,AUTO_APPROVE,0.0,0.2551979653110679,ord_0036759,19314500,captured,False
rr_0007296,cus_a85dc4f59968db69,False,1506488,0.00030944028837564516,1e-06,AUTO_APPROVE,consistent,1e-06,AUTO_APPROVE,0.0,9.06214286954248e-05,ord_0036773,4826700,captured,False
rr_0007297,cus_d1a90ee0794efcc7,False,2088946,0.05177708808355173,0.017857142857142856,AUTO_APPROVE,consistent,0.0019793465426276163,AUTO_APPROVE,0.0,0.04402447859509516,ord_0036776,2479000,captured,False
rr_0007298,cus_68cb139cf415c7b4,False,567326,0.005204673702354678,1e-06,AUTO_APPROVE,consistent,1e-06,AUTO_APPROVE,0.15,0.018758744215793918,ord_0036782,1391000,captured,False
rr_0007299,cus_0fcfcd09ef461793,False,4269734,0.18107430974064076,0.08571428571428572,VERIFY,consistent,0.010122729367085073,AUTO_APPROVE,0.25,0.19292885376376548,ord_0036784,5387400,captured,False
rr_0007300,cus_49caae89d8a88b32,False,1580347,0.10863038798711938,0.0392156862745098,AUTO_APPROVE,consistent,0.004432508937619314,AUTO_APPROVE,0.0,0.3649372931640632,ord_0036789,1964300,captured,False
rr_0007301,cus_14c3e633d1c9a752,False,810671,0.001014753031005615,1e-06,AUTO_APPROVE,consistent,1e-06,AUTO_APPROVE,0.15,0.03283282346211929,ord_0036793,2038400,captured,False
rr_0007302,cus_71af886ebd2a0cd4,False,6513744,0.00023419830016976114,1e-06,AUTO_APPROVE,consistent,1e-06,AUTO_APPROVE,0.0,0.00042443665546281633,ord_0036812,15247700,captured,False
rr_0007303,cus_38e7557898f90acb,False,5934954,0.00014737548872122087,1e-06,AUTO_APPROVE,consistent,1e-06,AUTO_APPROVE,0.1,0.0002508853899067781,ord_0036818,13496900,captured,False
rr_0007304,cus_f42c99c5ed6e5791,False,1038706,0.0014919346729963616,1e-06,AUTO_APPROVE,consistent,1e-06,AUTO_APPROVE,0.3,0.03685691226047398,ord_0036820,1861900,captured,False
rr_0007305,cus_01dec91ffbe287d6,False,3561068,0.0003229338619976643,1e-06,AUTO_APPROVE,consistent,1e-06,AUTO_APPROVE,0.0,0.0005780116005787872,ord_0036824,6716900,captured,False
rr_0007306,cus_2dec913a1f307b92,False,3458248,0.00021733389795718238,1e-06,AUTO_APPROVE,inconclusive,1.2499996875000778e-06,AUTO_APPROVE,0.0,0.008221774484013556,ord_0036838,7022100,captured,False
rr_0007307,cus_f38fa67672e32d63,False,2437170,0.03304521329549181,0.017857142857142856,AUTO_APPROVE,consistent,0.0019793465426276163,AUTO_APPROVE,0.0,0.007068833812530601,ord_0036854,3231600,captured,False
rr_0007308,cus_c806c675633a1abd,False,1535660,0.000954213175624474,1e-06,AUTO_APPROVE,consistent,1e-06,AUTO_APPROVE,0.0,0.0004875393673192078,ord_0036855,3787600,captured,False
rr_0007309,cus_957779b15f196596,False,570840,0.00023256517247222076,1e-06,AUTO_APPROVE,consistent,1e-06,AUTO_APPROVE,0.0,0.0001442243185286998,ord_0036858,1437600,captured,False
rr_0007310,cus_e3661dab46d24a53,False,1202012,0.06189091168676104,0.0392156862745098,AUTO_APPROVE,consistent,0.004432508937619314,AUTO_APPROVE,0.0,0.14523418837534424,ord_0036860,1285400,captured,False
rr_0007311,cus_f5ecd6e44cd54fa2,False,459072,0.026611727250010746,0.017857142857142856,AUTO_APPROVE,consistent,0.0019793465426276163,AUTO_APPROVE,0.0,0.07543358055729131,ord_0036863,555000,captured,False
rr_0007312,cus_c8da182c311931e5,False,4088827,0.0003993347487191849,1e-06,AUTO_APPROVE,inconclusive,1.2499996875000778e-06,AUTO_APPROVE,0.0,0.0003037559638738395,ord_0036866,13669100,captured,False
rr_0007313,cus_4414ad0cc88906db,False,42001672,0.00033613418165628705,1e-06,AUTO_APPROVE,consistent,1e-06,AUTO_APPROVE,0.0,0.009563786481412003,ord_0036873,62076700,captured,False
rr_0007314,cus_acc94d21ea11eb16,False,1693431,0.0003042161351163756,1e-06,AUTO_APPROVE,consistent,1e-06,AUTO_APPROVE,0.1,0.004591193454757978,ord_0036876,2509400,captured,False
rr_0007315,cus_7a19958156b5f9a8,False,1936007,0.000810385724995913,1e-06,AUTO_APPROVE,consistent,1e-06,AUTO_APPROVE,0.15,0.26499420338039853,ord_0036877,3173600,captured,False
rr_0007316,cus_2530d27d172934fb,False,3154314,0.21571601860854392,0.08571428571428572,VERIFY,inconclusive,0.1048951048951049,RETURN_FIRST,0.0,0.384731868943915,ord_0036880,3578100,captured,False
rr_0007317,cus_8dca8430b6f16d6a,False,1411978,0.0002144304175415213,1e-06,AUTO_APPROVE,consistent,1e-06,AUTO_APPROVE,0.1,0.0005296764946231544,ord_0036887,3062000,captured,False
rr_0007318,cus_b156bee89c572632,False,259672,0.003939686620361071,1e-06,AUTO_APPROVE,consistent,1e-06,AUTO_APPROVE,0.15,0.5493533063815771,ord_0036891,456000,captured,False
rr_0007319,cus_85e0a8f753713292,False,1131962,0.6481633995411312,0.17857142857142858,VERIFY,consistent,0.02316375335874424,AUTO_APPROVE,0.15,0.7370453945435946,ord_0036894,1389400,captured,False
rr_0007320,cus_df9721b099ddf829,False,2852167,0.028608862767349995,0.017857142857142856,AUTO_APPROVE,consistent,0.0019793465426276163,AUTO_APPROVE,0.0,0.017831686177152545,ord_0036898,4079600,captured,False
rr_0007321,cus_179688968fd5b757,False,5711591,0.4358948079481653,0.12903225806451613,VERIFY,consistent,0.015903002651414404,AUTO_APPROVE,0.15,0.32758460286425933,ord_0036900,6631400,captured,False
rr_0007322,cus_e278fecceb866edf,False,2026239,0.10098390247955157,0.0392156862745098,AUTO_APPROVE,consistent,0.004432508937619314,AUTO_APPROVE,0.5,0.16303121197445222,ord_0036903,2439900,captured,False
rr_0007323,cus_96045bcde49cc135,False,2486719,0.00018168049826389494,1e-06,AUTO_APPROVE,consistent,1e-06,AUTO_APPROVE,0.30000000000000004,0.0042281248643408305,ord_0036904,3974300,captured,False
rr_0007324,cus_6bda212f8d41d326,False,1499839,0.00022703772257551405,1e-06,AUTO_APPROVE,consistent,1e-06,AUTO_APPROVE,0.0,0.034241886928698784,ord_0036906,2222600,captured,False
rr_0007325,cus_dac0a21852a6594e,False,36856857,0.0044526205363831645,1e-06,AUTO_APPROVE,inconclusive,1.2499996875000778e-06,AUTO_APPROVE,0.0,0.14636619144821608,ord_0036909,38729600,captured,False
rr_0007326,cus_73f610cdbb26fd6c,False,757472,0.00024785870782251707,1e-06,AUTO_APPROVE,consistent,1e-06,AUTO_APPROVE,0.1,0.00014566701795355624,ord_0036911,1669200,captured,False
rr_0007327,cus_229ed25c09490f4a,True,5421080,0.24968910213457968,0.08571428571428572,VERIFY,inconclusive,0.1048951048951049,RETURN_FIRST,0.15,0.4682594870408957,ord_0036912,7545000,captured,False
rr_0007328,cus_dc66be2d3853b235,False,1140030,6.467738076446636e-05,1e-06,AUTO_APPROVE,consistent,1e-06,AUTO_APPROVE,0.0,0.0010738729073806006,ord_0036916,2079900,captured,False
rr_0007329,cus_976603b8e9133def,False,1256055,0.00020743024915098216,1e-06,AUTO_APPROVE,consistent,1e-06,AUTO_APPROVE,0.1,0.005450203659142778,ord_0036917,2691000,captured,False
rr_0007330,cus_84781149a39b7b97,False,816793,0.00021776492172768757,1e-06,AUTO_APPROVE,consistent,1e-06,AUTO_APPROVE,0.5,0.0060159979732491795,ord_0036920,1488200,captured,False
rr_0007331,cus_52b4b7a4b7959cce,False,2018016,0.00048399183173897047,1e-06,AUTO_APPROVE,consistent,1e-06,AUTO_APPROVE,0.0,0.5694656958655658,ord_0036923,2915400,captured,False
rr_0007332,cus_afa05de07d7a9504,False,2013014,0.0008293109469278006,1e-06,AUTO_APPROVE,consistent,1e-06,AUTO_APPROVE,0.15,0.09472201096973024,ord_0036926,3702500,captured,False
rr_0007333,cus_bc49668841d6e031,False,1162381,0.007164548206690992,1e-06,AUTO_APPROVE,consistent,1e-06,AUTO_APPROVE,0.0,0.029830512057602548,ord_0036929,1623400,captured,False
rr_0007334,cus_1068684a19fdd373,False,2259727,0.4548408154987402,0.12903225806451613,VERIFY,consistent,0.015903002651414404,AUTO_APPROVE,0.15,0.4876997757223514,ord_0036931,2680800,captured,False
rr_0007335,cus_6c6b93265b1eff53,False,1658440,0.08074496710332285,0.0392156862745098,AUTO_APPROVE,inconclusive,0.04854368932038835,AUTO_APPROVE,0.0,0.3420109755263476,ord_0036932,1874800,captured,False
rr_0007336,cus_4914cd6e6208155b,False,4912074,0.026299970866374422,0.017857142857142856,AUTO_APPROVE,consistent,0.0019793465426276163,AUTO_APPROVE,0.0,0.11374987881606416,ord_0036933,6375000,captured,False
rr_0007337,cus_4914cd6e6208155b,False,2054275,0.007615417160011326,1e-06,AUTO_APPROVE,consistent,1e-06,AUTO_APPROVE,0.0,0.5483671897048978,ord_0036934,2134500,captured,False
rr_0007338,cus_35fbcf6335266030,False,555704,0.0006010656848076713,1e-06,AUTO_APPROVE,inconsistent,2.2897734911559113e-05,AUTO_APPROVE,0.1,0.0003754674933007894,ord_0036938,1494300,captured,False
rr_0007339,cus_d87e226df9bd402d,False,4833512,0.00038369246363389146,1e-06,AUTO_APPROVE,consistent,1e-06,AUTO_APPROVE,0.0,0.0432631163797682,ord_0036941,8274200,captured,False
rr_0007340,cus_b922387331709e53,False,493908,0.0007605936608056447,1e-06,AUTO_APPROVE,consistent,1e-06,AUTO_APPROVE,0.0,0.00061924806551451,ord_0036948,2067200,captured,False
rr_0007341,cus_fe3bbfeeb0955618,False,1001570,0.00033375841855645135,1e-06,AUTO_APPROVE,consistent,1e-06,AUTO_APPROVE,0.0,0.010862597351869525,ord_0036949,1510400,captured,False
rr_0007342,cus_dceba2839e68f0e7,False,3005814,0.0006971192674194017,1e-06,AUTO_APPROVE,consistent,1e-06,AUTO_APPROVE,0.15,0.019327387898583008,ord_0036952,7435800,captured,False
rr_0007343,cus_ca847c9609668478,False,1134724,0.0007246927480734993,1e-06,AUTO_APPROVE,consistent,1e-06,AUTO_APPROVE,0.15,0.4359805958312748,ord_0036953,1773000,captured,False
rr_0007344,cus_7e993316998c8284,False,992786,0.00023153055688433072,1e-06,AUTO_APPROVE,consistent,1e-06,AUTO_APPROVE,0.1,0.0053570360742383515,ord_0036954,3867400,captured,False
rr_0007345,cus_fb675843dc4bcc04,False,2277929,0.030797794957648113,0.017857142857142856,AUTO_APPROVE,consistent,0.0019793465426276163,AUTO_APPROVE,0.0,0.07195679260775932,ord_0036962,3010400,captured,False
rr_0007346,cus_5dc38bcc55daa81a,False,1616491,0.09653510968375723,0.0392156862745098,AUTO_APPROVE,consistent,0.004432508937619314,AUTO_APPROVE,0.0,0.7975227042816297,ord_0036970,1706400,captured,False
rr_0007347,cus_c4ac746ec97c0996,False,643253,0.0005395131735019221,1e-06,AUTO_APPROVE,consistent,1e-06,AUTO_APPROVE,0.25,0.011226068292325583,ord_0036974,1920000,captured,False
rr_0007348,cus_208eb00302cbf797,False,27561634,0.004976439055865022,1e-06,AUTO_APPROVE,consistent,1e-06,AUTO_APPROVE,0.0,0.09563295571143786,ord_0036976,33467300,captured,False
rr_0007349,cus_2d0c7b949dd54796,False,3873408,0.0004008844877526345,1e-06,AUTO_APPROVE,consistent,1e-06,AUTO_APPROVE,0.0,0.01451617775537715,ord_0036977,5644300,captured,False
rr_0007350,cus_a14db3b7e2673c19,False,757671,0.0002537101864631023,1e-06,AUTO_APPROVE,inconclusive,1.2499996875000778e-06,AUTO_APPROVE,0.0,0.0012961920445781984,ord_0036978,1723300,captured,False
rr_0007351,cus_4491f8e44be68f69,False,4333817,0.06042416245171074,0.0392156862745098,AUTO_APPROVE,consistent,0.004432508937619314,AUTO_APPROVE,0.0,0.3769352201426488,ord_0036982,4915700,captured,False
rr_0007352,cus_8ee2910a5afabfcb,False,465355,0.0009980190226261886,1e-06,AUTO_APPROVE,consistent,1e-06,AUTO_APPROVE,0.65,0.02671965499891482,ord_0036984,947400,captured,False
rr_0007353,cus_1dff302f59336dc9,False,4241192,0.036509355088384876,0.017857142857142856,AUTO_APPROVE,consistent,0.0019793465426276163,AUTO_APPROVE,0.1,0.30577984117076196,ord_0036987,4848000,captured,False
rr_0007354,cus_dce2a8f1255163b3,False,487750,6.711550303220032e-05,1e-06,AUTO_APPROVE,consistent,1e-06,AUTO_APPROVE,0.0,0.00031818391487449125,ord_0036989,1326400,captured,False
rr_0007355,cus_5ef7dfcb8ce91aba,False,1242816,0.20068006398571234,0.08571428571428572,VERIFY,consistent,0.010122729367085073,AUTO_APPROVE,0.0,0.6266174740405054,ord_0036991,1381600,captured,False
rr_0007356,cus_2a85566c54f7ba66,False,2490416,0.000426570676907423,1e-06,AUTO_APPROVE,consistent,1e-06,AUTO_APPROVE,0.0,0.020260765122625892,ord_0036992,4182900,captured,False
rr_0007357,cus_eae4b24c8f9a6216,False,1303789,0.00023474786589152072,1e-06,AUTO_APPROVE,consistent,1e-06,AUTO_APPROVE,0.1,0.00050959399837267,ord_0037000,3272200,captured,False
rr_0007358,cus_282b8132feb87c5c,False,3262642,0.4836546256036557,0.12903225806451613,VERIFY,consistent,0.015903002651414404,AUTO_APPROVE,0.15,0.9060990329744599,ord_0037009,3506400,captured,False
rr_0007359,cus_f29675a326aecffe,False,795075,0.0003290522672540427,1e-06,AUTO_APPROVE,consistent,1e-06,AUTO_APPROVE,0.0,0.0020901600917876866,ord_0037012,1512800,captured,False
rr_0007360,cus_4beca9e3b90ed4f2,False,3607790,0.00028880218555647633,1e-06,AUTO_APPROVE,consistent,1e-06,AUTO_APPROVE,0.1,2.4076207062129762e-05,ord_0037013,10952900,captured,False
rr_0007361,cus_3d60e98f32884432,False,4009379,0.00033219505754036014,1e-06,AUTO_APPROVE,consistent,1e-06,AUTO_APPROVE,0.0,0.0009930898091049497,ord_0037027,7863600,captured,False
rr_0007362,cus_0b70e00e32c214f2,False,1208544,0.00017716633778587065,1e-06,AUTO_APPROVE,consistent,1e-06,AUTO_APPROVE,0.0,0.006109452073899013,ord_0037030,3772800,captured,False
rr_0007363,cus_389a62bcbf25164a,False,2206033,0.43392601243110607,0.12903225806451613,VERIFY,consistent,0.015903002651414404,AUTO_APPROVE,0.15,0.27254540540362227,ord_0037031,3084800,captured,False
rr_0007364,cus_a588ad5de3ca1b6c,False,11103305,0.3119994556774198,0.12903225806451613,VERIFY,consistent,0.015903002651414404,AUTO_APPROVE,0.15,0.5787784462088077,ord_0037034,12063000,captured,False
rr_0007365,cus_ff83e5a2e065d661,True,1414931,0.9990243270483015,0.999999,MANUAL_REVIEW,inconclusive,0.999999,MANUAL_REVIEW,0.35,0.9754619289304105,ord_0037036,1356000,captured,True
rr_0007366,cus_5cebd3c5848ebb69,False,3209181,0.00071297063534436,1e-06,AUTO_APPROVE,consistent,1e-06,AUTO_APPROVE,0.0,0.04515929419098626,ord_0037039,5168500,captured,False
rr_0007367,cus_464969cf58a3c9be,False,4195324,0.00030383474993967146,1e-06,AUTO_APPROVE,consistent,1e-06,AUTO_APPROVE,0.0,0.001067065041918231,ord_0037052,18336900,captured,False
rr_0007368,cus_e8a3892db8713645,False,448019,0.00033568925922532644,1e-06,AUTO_APPROVE,inconclusive,1.2499996875000778e-06,AUTO_APPROVE,0.0,0.00038004378624224974,ord_0037070,910400,captured,False
rr_0007369,cus_18cab5b4bddb47df,False,4460003,0.08843723234788531,0.0392156862745098,AUTO_APPROVE,consistent,0.004432508937619314,AUTO_APPROVE,0.0,0.048283139481139055,ord_0037074,5984600,captured,False
rr_0007370,cus_436ef3dad5cec208,False,2340155,0.025707667995595353,0.017857142857142856,AUTO_APPROVE,consistent,0.0019793465426276163,AUTO_APPROVE,0.0,0.041194103176865386,ord_0037080,3060000,captured,False
rr_0007371,cus_94a0a90c7118f09f,True,3977179,0.627621943008463,0.17857142857142858,VERIFY,inconsistent,0.8327165442709169,RETURN_FIRST,0.15,0.9948897401180328,ord_0037084,4504000,captured,False
rr_0007372,cus_eec5315bd75c95b9,False,3446895,0.0001859108839983169,1e-06,AUTO_APPROVE,consistent,1e-06,AUTO_APPROVE,0.0,0.009134136780420816,ord_0037093,7189900,captured,False
rr_0007373,cus_69708050d625555d,False,2611989,0.007996508375674243,1e-06,AUTO_APPROVE,consistent,1e-06,AUTO_APPROVE,0.1,0.400789058269744,ord_0037095,2713600,captured,False
rr_0007374,cus_d8e46ef1b0279232,False,279388,0.00023987974978886045,1e-06,AUTO_APPROVE,consistent,1e-06,AUTO_APPROVE,0.0,0.0008998593590326605,ord_0037104,991800,captured,False
rr_0007375,cus_bc5d2613bcec489d,True,2424865,0.27733258633330504,0.12903225806451613,VERIFY,inconsistent,0.7723304710434816,RETURN_FIRST,0.0,0.03328064703589067,ord_0037110,3111900,captured,False
rr_0007376,cus_66ad5b94049a0648,False,24357933,0.0005173186117285752,1e-06,AUTO_APPROVE,consistent,1e-06,AUTO_APPROVE,0.30000000000000004,0.0001927506970477442,ord_0037119,70595400,captured,False
rr_0007377,cus_66ad5b94049a0648,False,7395125,0.0003451667213390662,1e-06,AUTO_APPROVE,consistent,1e-06,AUTO_APPROVE,0.1,2.9986122869285723e-05,ord_0037120,25060000,captured,False
rr_0007378,cus_24f928bcd93b170c,False,1490178,0.0006287814506246562,1e-06,AUTO_APPROVE,consistent,1e-06,AUTO_APPROVE,0.1,1.7804337090704103e-05,ord_0037124,5504400,captured,False
rr_0007379,cus_340b024e7c086686,False,3755896,0.4613022993064224,0.12903225806451613,VERIFY,consistent,0.015903002651414404,AUTO_APPROVE,0.15,0.3582059411541531,ord_0037128,4266000,captured,False
rr_0007380,cus_7f9d8a6205c36489,False,2723026,0.000554779404631005,1e-06,AUTO_APPROVE,consistent,1e-06,AUTO_APPROVE,0.44999999999999996,0.06068973253156374,ord_0037130,4380800,captured,False
rr_0007381,cus_bd86cd284e3b2f3d,False,2716397,0.05253701185863831,0.017857142857142856,AUTO_APPROVE,consistent,0.0019793465426276163,AUTO_APPROVE,0.0,0.09080717885514634,ord_0037132,3452600,captured,False
rr_0007382,cus_a7486364fbe7c2b6,False,2780058,0.023712112982740233,0.017857142857142856,AUTO_APPROVE,consistent,0.0019793465426276163,AUTO_APPROVE,0.0,0.12170393558326598,ord_0037133,3079600,captured,False
rr_0007383,cus_9c6355b212e7bb5d,False,2767496,0.0003099066158331153,1e-06,AUTO_APPROVE,consistent,1e-06,AUTO_APPROVE,0.0,0.0008336144255202876,ord_0037146,6634900,captured,False
rr_0007384,cus_d718c8d03a990030,False,1444433,0.0014080528703298636,1e-06,AUTO_APPROVE,consistent,1e-06,AUTO_APPROVE,0.0,0.19512749164169202,ord_0037157,1475900,captured,False
rr_0007385,cus_90503cdc7d795471,False,1057949,0.0007345823665357478,1e-06,AUTO_APPROVE,consistent,1e-06,AUTO_APPROVE,0.0,0.0006978054883247164,ord_0037158,1854400,captured,False
rr_0007386,cus_90503cdc7d795471,False,132635,0.06614060853645112,0.0392156862745098,AUTO_APPROVE,inconsistent,0.48310313006980515,AUTO_APPROVE,0.0,0.1151317604654222,ord_0037159,149500,captured,False
rr_0007387,cus_d03b4f57e29356f1,False,11135696,0.824573841729741,0.5,VERIFY,consistent,0.09835176015736281,AUTO_APPROVE,0.0,0.46107988540046047,ord_0037161,12963700,captured,False
rr_0007388,cus_9354eb89c8534314,True,3412214,0.13098173437381047,0.0392156862745098,AUTO_APPROVE,consistent,0.004432508937619314,AUTO_APPROVE,0.15,0.0833019985066557,ord_0037166,4825900,captured,False
rr_0007389,cus_004db9bc4534e673,False,5499816,0.0006697224940374993,1e-06,AUTO_APPROVE,consistent,1e-06,AUTO_APPROVE,0.0,0.2839555196655574,ord_0037169,6136800,captured,False
rr_0007390,cus_8ee2910a5afabfcb,False,621221,0.00042942665852018457,1e-06,AUTO_APPROVE,consistent,1e-06,AUTO_APPROVE,0.30000000000000004,0.009054274708408284,ord_0037176,976300,captured,False
rr_0007391,cus_41a3a54e56d201da,False,1472754,0.025391383746920314,0.017857142857142856,AUTO_APPROVE,consistent,0.0019793465426276163,AUTO_APPROVE,0.0,0.009165831286178393,ord_0037179,2094800,captured,False
rr_0007392,cus_3cab0cfea41d0ef4,False,546603,0.00043022950590907816,1e-06,AUTO_APPROVE,consistent,1e-06,AUTO_APPROVE,0.1,2.2156938006744183e-05,ord_0037181,2075000,captured,False
rr_0007393,cus_9d922a0651432669,False,36535864,0.5800598694921403,0.17857142857142858,VERIFY,consistent,0.02316375335874424,AUTO_APPROVE,0.15,0.699535217702897,ord_0037186,46383900,captured,False
rr_0007394,cus_d1f18a0958bc11bf,False,608965,0.00019188398250573154,1e-06,AUTO_APPROVE,consistent,1e-06,AUTO_APPROVE,0.0,0.0001568923193842167,ord_0037187,1825500,captured,False
rr_0007395,cus_7828775fc7bf5574,False,1191570,0.000692262712051646,1e-06,AUTO_APPROVE,consistent,1e-06,AUTO_APPROVE,0.1,0.0020075372729312785,ord_0037190,4151800,captured,False
rr_0007396,cus_8b52ee0e6a41ba91,False,5341048,0.00010163624688576812,1e-06,AUTO_APPROVE,consistent,1e-06,AUTO_APPROVE,0.0,2.666640535188038e-05,ord_0037196,14950600,captured,False
rr_0007397,cus_c86515353e47ab4f,False,5059778,0.36664300106935294,0.12903225806451613,VERIFY,consistent,0.015903002651414404,AUTO_APPROVE,0.25,0.8315439964673906,ord_0037204,5259200,captured,False
rr_0007398,cus_17b44ca66f03d834,False,3108066,0.0002664581220119188,1e-06,AUTO_APPROVE,consistent,1e-06,AUTO_APPROVE,0.0,0.0010231835354029706,ord_0037208,7709200,captured,False
rr_0007399,cus_83349759f5f92935,False,37580819,0.023137480679158978,0.017857142857142856,AUTO_APPROVE,consistent,0.0019793465426276163,AUTO_APPROVE,0.0,0.03135916577676848,ord_0037216,38937900,captured,False
rr_0007400,cus_95d245a3fd1482ad,False,1108803,0.11222128703049165,0.0392156862745098,AUTO_APPROVE,inconclusive,0.04854368932038835,AUTO_APPROVE,0.1,0.023252363918783815,ord_0037220,1288800,captured,False
rr_0007401,cus_d174b22a46105d54,False,419333,0.0002788797343622595,1e-06,AUTO_APPROVE,consistent,1e-06,AUTO_APPROVE,0.30000000000000004,8.22567661318591e-05,ord_0037222,1101400,captured,False
rr_0007402,cus_b5ad34f3acc9f993,False,1873252,0.00024641726694065694,1e-06,AUTO_APPROVE,consistent,1e-06,AUTO_APPROVE,0.0,0.0022789155977951904,ord_0037223,4396600,captured,False
rr_0007403,cus_31d1b7446de57217,True,797255,0.9996429381857009,0.999999,MANUAL_REVIEW,inconsistent,0.999999,MANUAL_REVIEW,0.6,0.9893611835166892,ord_0037224,720000,captured,True
rr_0007404,cus_515542cfe2311149,False,1649821,0.0002824169207341573,1e-06,AUTO_APPROVE,consistent,1e-06,AUTO_APPROVE,0.0,0.04019819045103095,ord_0037227,2454000,captured,False
rr_0007405,cus_1439f45728a413de,False,377025,0.00027859555831029966,1e-06,AUTO_APPROVE,consistent,1e-06,AUTO_APPROVE,0.0,4.683964069184426e-05,ord_0037234,1254000,captured,False
rr_0007406,cus_b6df0b5c90b39882,False,8193167,0.02457165263117819,0.017857142857142856,AUTO_APPROVE,consistent,0.0019793465426276163,AUTO_APPROVE,0.0,0.4871308362812781,ord_0037236,8432900,captured,False
rr_0007407,cus_13e0435f979a0ff7,False,40038869,0.04969121545135917,0.017857142857142856,AUTO_APPROVE,consistent,0.0019793465426276163,AUTO_APPROVE,0.1,0.18825031749785506,ord_0037240,43580000,captured,False
rr_0007408,cus_3122277a7c41ddee,False,676540,0.0005199051455435208,1e-06,AUTO_APPROVE,consistent,1e-06,AUTO_APPROVE,0.0,0.02703538886273995,ord_0037248,1311400,captured,False
rr_0007409,cus_7ab4bf31b74a1bc3,True,3761624,0.9997992485571425,0.999999,MANUAL_REVIEW,inconsistent,0.999999,MANUAL_REVIEW,0.5,0.9932524471987146,ord_0037249,3522300,captured,True
rr_0007410,cus_3c45a6413cb7936a,False,882518,0.00019113794369985876,1e-06,AUTO_APPROVE,consistent,1e-06,AUTO_APPROVE,0.0,0.00033005108097146227,ord_0037250,2373100,captured,False
rr_0007411,cus_f2b6ca695c0e855b,False,9834086,0.01096852166772291,0.017857142857142856,AUTO_APPROVE,consistent,0.0019793465426276163,AUTO_APPROVE,0.0,0.6759275809342941,ord_0037257,10138600,captured,False
rr_0007412,cus_f2b6ca695c0e855b,False,127544,0.00035934954926273926,1e-06,AUTO_APPROVE,consistent,1e-06,AUTO_APPROVE,0.0,0.00018558548221434047,ord_0037259,404600,captured,False
rr_0007413,cus_d4c1f878aa3714ae,False,1622802,0.06734842197811804,0.0392156862745098,AUTO_APPROVE,consistent,0.004432508937619314,AUTO_APPROVE,0.0,0.34843402035014853,ord_0037267,1822300,captured,False
rr_0007414,cus_e278fecceb866edf,True,5240304,0.996878071734189,0.999999,MANUAL_REVIEW,inconsistent,0.999999,MANUAL_REVIEW,0.7000000000000001,0.9489525505689236,ord_0037268,4696500,captured,True
rr_0007415,cus_3d16c05dbc4c0851,False,5796848,0.0008080053304417714,1e-06,AUTO_APPROVE,consistent,1e-06,AUTO_APPROVE,0.15,0.005918358445723716,ord_0037270,18559900,captured,False
rr_0007416,cus_354fe2888a44bc97,False,432685,0.0005342305669393337,1e-06,AUTO_APPROVE,consistent,1e-06,AUTO_APPROVE,0.0,0.0019047760707276342,ord_0037276,1084000,captured,False
rr_0007417,cus_91a08501e607107b,False,637987,0.000822306402472042,1e-06,AUTO_APPROVE,consistent,1e-06,AUTO_APPROVE,0.15,0.0021470528679570266,ord_0037278,2667600,captured,False
rr_0007418,cus_04935591c2c90b93,False,2707266,0.00027451556342749734,1e-06,AUTO_APPROVE,consistent,1e-06,AUTO_APPROVE,0.0,0.002624205512279512,ord_0037284,5791500,captured,False
rr_0007419,cus_14fa7b0c72984b94,False,766170,0.00022943938561344773,1e-06,AUTO_APPROVE,consistent,1e-06,AUTO_APPROVE,0.0,0.00011766236668107195,ord_0037288,3003800,captured,False
rr_0007420,cus_6f3947f89cef1f6e,False,21473130,0.03179568612306889,0.017857142857142856,AUTO_APPROVE,consistent,0.0019793465426276163,AUTO_APPROVE,0.0,0.03105009712299691,ord_0037291,25810700,captured,False
rr_0007421,cus_bc6e2fcb8749b007,False,2955541,0.07482373495128293,0.0392156862745098,AUTO_APPROVE,consistent,0.004432508937619314,AUTO_APPROVE,0.0,0.24057881611368256,ord_0037294,3146600,captured,False
rr_0007422,cus_23fcb3dbbbfb5315,True,681858,0.7341483511998081,0.5,VERIFY,inconsistent,0.958155907987277,RETURN_FIRST,0.15,0.7829008591746643,ord_0037301,776400,captured,False
rr_0007423,cus_0c68d9282bcf6b20,True,2397800,0.9914526622428715,0.999999,MANUAL_REVIEW,inconsistent,0.999999,MANUAL_REVIEW,0.15,0.36684107418593187,ord_0037303,3296800,captured,False
rr_0007424,cus_e49988ef2cd55c50,False,226896,0.0009081537597425045,1e-06,AUTO_APPROVE,consistent,1e-06,AUTO_APPROVE,0.15,0.0027366839326751725,ord_0037310,759800,captured,False
rr_0007425,cus_c4043df4e16b0585,False,1326349,0.0003319237562880902,1e-06,AUTO_APPROVE,consistent,1e-06,AUTO_APPROVE,0.0,0.0006000536006511054,ord_0037326,2326500,captured,False
rr_0007426,cus_e32fab61040e20b9,False,2452794,0.6573967157810486,0.17857142857142858,VERIFY,consistent,0.02316375335874424,AUTO_APPROVE,0.15,0.9264599761311303,ord_0037328,2925800,captured,False
rr_0007427,cus_96045bcde49cc135,False,1763235,0.0002479192820119636,1e-06,AUTO_APPROVE,consistent,1e-06,AUTO_APPROVE,0.1,0.0006922641317272714,ord_0037329,3708000,captured,False
rr_0007428,cus_4d938eea39522654,False,541521,0.00034061079846620123,1e-06,AUTO_APPROVE,consistent,1e-06,AUTO_APPROVE,0.1,2.5987077632751248e-05,ord_0037339,2036000,captured,False
rr_0007429,cus_be4ae3fa1cc34e2b,False,27775512,0.00015846759480001065,1e-06,AUTO_APPROVE,consistent,1e-06,AUTO_APPROVE,0.0,0.05738606973705866,ord_0037341,43657500,captured,False
rr_0007430,cus_ffe74a992c04163a,False,979740,0.013496705984561515,0.017857142857142856,AUTO_APPROVE,consistent,0.0019793465426276163,AUTO_APPROVE,0.0,0.07680963096587656,ord_0037345,1205400,captured,False
rr_0007431,cus_4a742b6054b4d99d,False,338928,0.00023530106315683216,1e-06,AUTO_APPROVE,inconclusive,1.2499996875000778e-06,AUTO_APPROVE,0.0,0.00026547016733996216,ord_0037347,1553700,captured,False
rr_0007432,cus_ffe74a992c04163a,False,990256,0.0001893914463330981,1e-06,AUTO_APPROVE,consistent,1e-06,AUTO_APPROVE,0.2,0.015246363970746997,ord_0037348,1471000,captured,False
rr_0007433,cus_70bd2ba7b6e40ca5,False,328046,0.00039219544363625086,1e-06,AUTO_APPROVE,consistent,1e-06,AUTO_APPROVE,0.0,0.0010283824465181126,ord_0037350,1329500,captured,False
rr_0007434,cus_0b24c1609ca8d2d9,False,5373039,0.024244376085393884,0.017857142857142856,AUTO_APPROVE,consistent,0.0019793465426276163,AUTO_APPROVE,0.0,0.2658387033727695,ord_0037359,6821700,captured,False
rr_0007435,cus_6fa482edf76859fb,False,385570,0.00031459523580346777,1e-06,AUTO_APPROVE,consistent,1e-06,AUTO_APPROVE,0.1,0.000418357702932702,ord_0037371,1564300,captured,False
rr_0007436,cus_b39c5d3b7907bee9,False,2794264,0.000842092390624485,1e-06,AUTO_APPROVE,consistent,1e-06,AUTO_APPROVE,0.0,0.00040978064391694,ord_0037376,7543800,captured,False
rr_0007437,cus_1468e23ed7d1bf0e,False,131605,0.012439904613102631,0.017857142857142856,AUTO_APPROVE,consistent,0.0019793465426276163,AUTO_APPROVE,0.1,0.09599838863026336,ord_0037378,158000,captured,False
rr_0007438,cus_6a3fa9de2aeda5c6,False,40148424,0.056967054728218,0.030928525881085897,AUTO_APPROVE,inconclusive,0.038364021691907196,AUTO_APPROVE,0.0,0.07015562997717721,ord_0037383,46886500,captured,False
rr_0007439,cus_ac5f635b418c896f,False,848052,0.000219186805200671,1e-06,AUTO_APPROVE,consistent,1e-06,AUTO_APPROVE,0.0,0.03537062950724237,ord_0037384,1224000,captured,False
rr_0007440,cus_f3671488f1fb9fd7,False,2952456,0.04494915716201407,0.017857142857142856,AUTO_APPROVE,consistent,0.0019793465426276163,AUTO_APPROVE,0.1,0.3093330449292508,ord_0037391,3026200,captured,False
rr_0007441,cus_0053b6c5c83a4b7d,False,2799645,0.018592642683239596,0.017857142857142856,AUTO_APPROVE,consistent,0.0019793465426276163,AUTO_APPROVE,0.1,0.011473058292611145,ord_0037405,3599000,captured,False
rr_0007442,cus_e0e8b19b21187822,False,3053180,0.0004303905399451605,1e-06,AUTO_APPROVE,consistent,1e-06,AUTO_APPROVE,0.15,0.10129598663852685,ord_0037411,4918600,captured,False
rr_0007443,cus_fe024a9081e37e27,False,3044118,0.019570292293223802,0.017857142857142856,AUTO_APPROVE,consistent,0.0019793465426276163,AUTO_APPROVE,0.1,0.18249940869537537,ord_0037415,3157200,captured,False
rr_0007444,cus_f944227a588206d9,False,1289747,0.7293263955451794,0.5,VERIFY,consistent,0.09835176015736281,AUTO_APPROVE,0.15,0.09124701726311685,ord_0037418,1764000,captured,False
rr_0007445,cus_40d0615e206c6c75,False,31805842,0.12013262406723985,0.0392156862745098,AUTO_APPROVE,consistent,0.004432508937619314,AUTO_APPROVE,0.5,0.051091319166849926,ord_0037421,40411800,captured,False
rr_0007446,cus_7e629cd26f4932f6,True,4968291,0.9866607579469765,0.999999,MANUAL_REVIEW,inconsistent,0.999999,MANUAL_REVIEW,0.4,0.9914497673333688,ord_0037424,5015600,captured,False
rr_0007447,cus_ccdd740541027c2d,False,16172,0.0002423937422115341,1e-06,AUTO_APPROVE,consistent,1e-06,AUTO_APPROVE,0.0,0.00011094104379370703,ord_0037426,50000,captured,False
rr_0007448,cus_31cef819e3bc453c,False,47679,0.00030988638775783403,1e-06,AUTO_APPROVE,consistent,1e-06,AUTO_APPROVE,0.0,0.020009441646936736,ord_0037427,75000,captured,False
rr_0007449,cus_e352a49fc217ab3d,False,2492868,0.0019939804971755583,1e-06,AUTO_APPROVE,consistent,1e-06,AUTO_APPROVE,0.0,0.007198080931859299,ord_0037428,3143800,captured,False
rr_0007450,cus_e3a30967d9b6f276,False,1745120,0.0007575180350386063,1e-06,AUTO_APPROVE,inconclusive,1.2499996875000778e-06,AUTO_APPROVE,0.15,0.12023351236798793,ord_0037437,2735100,captured,False
rr_0007451,cus_72e770761e0b5ca2,False,1566693,0.6300577843365442,0.17857142857142858,VERIFY,consistent,0.02316375335874424,AUTO_APPROVE,0.0,0.06825013191434247,ord_0037439,1805100,captured,False
rr_0007452,cus_d5bdf474761d37ba,False,675390,0.0004001891486919593,1e-06,AUTO_APPROVE,consistent,1e-06,AUTO_APPROVE,0.0,0.0011633026286911158,ord_0037441,3129100,captured,False
rr_0007453,cus_4821959772e28c29,False,4041241,0.008207800347831626,1e-06,AUTO_APPROVE,consistent,1e-06,AUTO_APPROVE,0.0,0.03694327303575196,ord_0037447,4455600,captured,False
rr_0007454,cus_079641d830f5a00e,False,2053636,0.0006537606683578805,1e-06,AUTO_APPROVE,consistent,1e-06,AUTO_APPROVE,0.0,0.0016147641972026122,ord_0037448,4163600,captured,False
rr_0007455,cus_cd46f8b50ddd9672,False,2625064,0.011243833478717307,0.017857142857142856,AUTO_APPROVE,consistent,0.0019793465426276163,AUTO_APPROVE,0.0,0.04825477883015161,ord_0037449,3164400,captured,False
rr_0007456,cus_6d7c4c305ce7a7ce,False,3905324,0.46031540223019657,0.12903225806451613,VERIFY,consistent,0.015903002651414404,AUTO_APPROVE,0.0,0.5604260207323611,ord_0037451,4330000,captured,False
rr_0007457,cus_e1d56b800b4a707c,False,1019393,0.0002502949449898121,1e-06,AUTO_APPROVE,consistent,1e-06,AUTO_APPROVE,0.0,0.0001959835376872915,ord_0037466,3081000,captured,False
rr_0007458,cus_39a47e1d27e96808,True,2942001,0.9997221187837702,0.999999,MANUAL_REVIEW,inconsistent,0.999999,MANUAL_REVIEW,0.5,0.9989968607333986,ord_0037487,2798000,captured,True
rr_0007459,cus_39a47e1d27e96808,False,130101,0.0001438392767729781,1e-06,AUTO_APPROVE,consistent,1e-06,AUTO_APPROVE,0.0,1.4310704819958194e-05,ord_0037488,399500,captured,False
rr_0007460,cus_1b3403efa26bfa5b,False,12252392,0.0005036486743744208,1e-06,AUTO_APPROVE,consistent,1e-06,AUTO_APPROVE,0.65,0.001651449785295267,ord_0037489,20684900,captured,False
rr_0007461,cus_b8e9669d07e42c60,False,999693,0.0004680487167753862,1e-06,AUTO_APPROVE,inconsistent,2.2897734911559113e-05,AUTO_APPROVE,0.0,0.0024031687875034472,ord_0037504,1872600,captured,False
rr_0007462,cus_881450ef296c8b8d,False,1618658,0.0545263958740472,0.017857142857142856,AUTO_APPROVE,consistent,0.0019793465426276163,AUTO_APPROVE,0.0,0.7538771764324873,ord_0037510,1734400,captured,False
rr_0007463,cus_00433017c25b41bd,False,1544491,0.0003072066295480147,1e-06,AUTO_APPROVE,consistent,1e-06,AUTO_APPROVE,0.0,0.0021898930831421816,ord_0037513,6154900,captured,False
rr_0007464,cus_31f59074fa7bfebe,False,1153939,0.006283249083133182,1e-06,AUTO_APPROVE,consistent,1e-06,AUTO_APPROVE,0.0,0.040538421530538,ord_0037523,1354500,captured,False
rr_0007465,cus_dceba2839e68f0e7,True,3334106,0.9995895561974868,0.999999,MANUAL_REVIEW,inconsistent,0.999999,MANUAL_REVIEW,0.35,0.9802061870213502,ord_0037529,3193000,captured,True
rr_0007466,cus_e5678a86277b87af,False,2117688,0.0002276949602090401,1e-06,AUTO_APPROVE,consistent,1e-06,AUTO_APPROVE,0.0,0.0008938912634324368,ord_0037535,5371000,captured,False
rr_0007467,cus_010343ee66dcf09f,False,1508555,0.00015883236695642076,1e-06,AUTO_APPROVE,consistent,1e-06,AUTO_APPROVE,0.0,0.0001035659127795605,ord_0037536,3925700,captured,False
rr_0007468,cus_f969b09914d56a16,False,1425391,0.00040860585280484517,1e-06,AUTO_APPROVE,consistent,1e-06,AUTO_APPROVE,0.15,0.026025577261675946,ord_0037560,2567600,captured,False
rr_0007469,cus_d174b22a46105d54,False,843229,0.047885536340837344,0.017857142857142856,AUTO_APPROVE,consistent,0.0019793465426276163,AUTO_APPROVE,0.5,0.05642680572060834,ord_0037561,1008000,captured,False
rr_0007470,cus_dbab1284b66b5ccb,False,2097680,0.00026002480720683585,1e-06,AUTO_APPROVE,consistent,1e-06,AUTO_APPROVE,0.0,0.007377157480239284,ord_0037564,3156500,captured,False
rr_0007471,cus_6e41e6e5ca83f8c1,False,1603351,0.05042580867679218,0.017857142857142856,AUTO_APPROVE,consistent,0.0019793465426276163,AUTO_APPROVE,0.0,0.20306948356316298,ord_0037572,1616400,captured,False
rr_0007472,cus_d3c1cf4b5b09df41,True,4356055,0.994942878761887,0.999999,MANUAL_REVIEW,inconclusive,0.999999,MANUAL_REVIEW,0.2,0.8597578919126109,ord_0037583,3943800,captured,True
rr_0007473,cus_5b1ce362ceefe0fd,False,534594,0.00026177444836679377,1e-06,AUTO_APPROVE,consistent,1e-06,AUTO_APPROVE,0.0,5.713383114560014e-05,ord_0037594,2202500,captured,False
rr_0007474,cus_7655940a907ddb0b,False,964445,0.00011494800926831777,1e-06,AUTO_APPROVE,inconsistent,2.2897734911559113e-05,AUTO_APPROVE,0.0,0.0009089576207894052,ord_0037595,2607000,captured,False
rr_0007475,cus_ca553ca6b884c7d7,False,883815,0.0002268265937944788,1e-06,AUTO_APPROVE,consistent,1e-06,AUTO_APPROVE,0.0,0.00036986131432827546,ord_0037601,2719500,captured,False
rr_0007476,cus_f0756a6a08ec425d,False,32217660,0.00029277471412887467,1e-06,AUTO_APPROVE,consistent,1e-06,AUTO_APPROVE,0.0,0.003149047057504792,ord_0037605,46621700,captured,False
rr_0007477,cus_cfb3347abfba4542,False,705270,0.47587610502565447,0.12903225806451613,VERIFY,consistent,0.015903002651414404,AUTO_APPROVE,0.15,0.48097655748280027,ord_0037607,916600,captured,False
rr_0007478,cus_a7e49300b2664017,False,6030546,0.00024744751331669474,1e-06,AUTO_APPROVE,consistent,1e-06,AUTO_APPROVE,0.0,0.021696096667602926,ord_0037613,9384000,captured,False
rr_0007479,cus_6a63788c5ade349d,False,4776813,0.0003473442637728309,1e-06,AUTO_APPROVE,inconsistent,2.2897734911559113e-05,AUTO_APPROVE,0.1,6.90740714365607e-05,ord_0037619,11676000,captured,False
rr_0007480,cus_a6bcd568e7ee8065,True,7764723,0.9993448666599473,0.999999,MANUAL_REVIEW,inconsistent,0.999999,MANUAL_REVIEW,0.35,0.999425376784668,ord_0037621,6572900,captured,True
rr_0007481,cus_37af50dc12557d01,False,3743874,0.00018029508077375953,1e-06,AUTO_APPROVE,consistent,1e-06,AUTO_APPROVE,0.0,0.006925753221371449,ord_0037622,5919100,captured,False
rr_0007482,cus_b21578bbd4cb1bec,False,2744664,0.013292820315302009,0.017857142857142856,AUTO_APPROVE,consistent,0.0019793465426276163,AUTO_APPROVE,0.0,0.29928157656956417,ord_0037627,3322300,captured,False
rr_0007483,cus_2c5059a743d5675a,False,1775862,0.00017694265213579567,1e-06,AUTO_APPROVE,consistent,1e-06,AUTO_APPROVE,0.0,0.01162474264692878,ord_0037631,3039300,captured,False
rr_0007484,cus_f210eb0827185391,False,928406,0.0006854030725933981,1e-06,AUTO_APPROVE,consistent,1e-06,AUTO_APPROVE,0.15,0.7716652099036517,ord_0037633,1358600,captured,False
rr_0007485,cus_7c74b79017cc293b,False,473795,0.0004439630428486773,1e-06,AUTO_APPROVE,consistent,1e-06,AUTO_APPROVE,0.0,0.0003943876508053848,ord_0037637,1628200,captured,False
rr_0007486,cus_fe024a9081e37e27,False,201015,0.00034363532551179364,1e-06,AUTO_APPROVE,consistent,1e-06,AUTO_APPROVE,0.1,0.03055238067709271,ord_0037638,346500,captured,False
rr_0007487,cus_79c27e2b93dc169c,False,1557615,0.00026987176092698796,1e-06,AUTO_APPROVE,inconclusive,1.2499996875000778e-06,AUTO_APPROVE,0.1,0.08210218704200858,ord_0037639,2246600,captured,False
rr_0007488,cus_d467de47c211ff7e,False,1100439,0.0008482061742189908,1e-06,AUTO_APPROVE,consistent,1e-06,AUTO_APPROVE,0.15,0.010473052015819483,ord_0037645,3324600,captured,False
rr_0007489,cus_79c1e67eee401fd2,True,1734749,0.5487480198938861,0.17857142857142858,VERIFY,inconsistent,0.8327165442709169,RETURN_FIRST,0.15,0.47656596176785826,ord_0037648,2422200,captured,False
rr_0007490,cus_4e6d6f12a4fb2590,False,3239265,0.0003511437369298055,1e-06,AUTO_APPROVE,consistent,1e-06,AUTO_APPROVE,0.0,0.08184855257488467,ord_0037650,4769900,captured,False
rr_0007491,cus_8398cb4198a2f3d9,False,317097,0.0015283423033668397,1e-06,AUTO_APPROVE,consistent,1e-06,AUTO_APPROVE,0.0,0.0005872250896170483,ord_0037652,1084300,captured,False
rr_0007492,cus_7972005def6f8231,False,2987817,0.037176693586585104,0.017857142857142856,AUTO_APPROVE,consistent,0.0019793465426276163,AUTO_APPROVE,0.0,0.06494898940717395,ord_0037657,4043700,captured,False
rr_0007493,cus_beb1c9e333ecb103,False,1592555,0.39037461259237033,0.12903225806451613,VERIFY,consistent,0.015903002651414404,AUTO_APPROVE,0.15,0.350430517309042,ord_0037659,2149100,captured,False
rr_0007494,cus_ded824033d2e19ee,True,1077598,0.4112901213852603,0.12903225806451613,VERIFY,inconsistent,0.7723304710434816,RETURN_FIRST,0.15,0.10789326392280774,ord_0037664,1409400,captured,False
rr_0007495,cus_cfeed642582dc1f7,False,1017363,0.00027276426231951625,1e-06,AUTO_APPROVE,consistent,1e-06,AUTO_APPROVE,0.1,0.008671033249529616,ord_0037676,2471500,captured,False
rr_0007496,cus_96e1e5123b0af5bb,False,561135,0.00038293324214788737,1e-06,AUTO_APPROVE,consistent,1e-06,AUTO_APPROVE,0.0,0.0003435259548982796,ord_0037681,2757400,captured,False
rr_0007497,cus_ba340a96a73b8354,False,1174521,0.004426694903852951,1e-06,AUTO_APPROVE,consistent,1e-06,AUTO_APPROVE,0.0,0.02872353486721177,ord_0037682,1430400,captured,False
rr_0007498,cus_b084f98ed94709cc,False,1035438,0.00037534643386041757,1e-06,AUTO_APPROVE,consistent,1e-06,AUTO_APPROVE,0.0,0.019178310372961728,ord_0037687,1797800,captured,False
rr_0007499,cus_9cc86d6d1eebd815,False,2527830,0.03720455835268219,0.017857142857142856,AUTO_APPROVE,consistent,0.0019793465426276163,AUTO_APPROVE,0.0,0.002807539826881834,ord_0037689,3552300,captured,False
rr_0007500,cus_87fe446eb20ce62b,False,1344953,0.00033344828621186624,1e-06,AUTO_APPROVE,inconclusive,1.2499996875000778e-06,AUTO_APPROVE,0.0,0.0031825330505470223,ord_0037692,3336900,captured,False
rr_0007501,cus_1b3403efa26bfa5b,False,673317,0.0015786886797103104,1e-06,AUTO_APPROVE,consistent,1e-06,AUTO_APPROVE,0.65,0.008811635980116323,ord_0037705,1078000,captured,False
rr_0007502,cus_29cf64343ab1a905,False,3183606,0.00023551845824066513,1e-06,AUTO_APPROVE,inconsistent,2.2897734911559113e-05,AUTO_APPROVE,0.0,0.02846539313241985,ord_0037712,8359700,captured,False
rr_0007503,cus_f5fc54138e072d8c,False,1029659,0.000258874761072332,1e-06,AUTO_APPROVE,consistent,1e-06,AUTO_APPROVE,0.0,0.0066423764826666,ord_0037722,2500400,captured,False
rr_0007504,cus_1c9f72b14f4ae6d3,True,902029,0.9974858882261118,0.999999,MANUAL_REVIEW,inconsistent,0.999999,MANUAL_REVIEW,0.3,0.9824249672333164,ord_0037738,945600,captured,False
rr_0007505,cus_514a234f1a955a19,False,1262098,8.974828448799487e-05,1e-06,AUTO_APPROVE,consistent,1e-06,AUTO_APPROVE,0.0,0.00039537016245173834,ord_0037740,3136200,captured,False
rr_0007506,cus_c04f1783cfeaa4d4,False,854422,0.0005058187243472777,1e-06,AUTO_APPROVE,consistent,1e-06,AUTO_APPROVE,0.0,0.2323343314806081,ord_0037741,1399200,captured,False
rr_0007507,cus_7cde4bf855e841fb,False,422205,0.00026499639464673964,1e-06,AUTO_APPROVE,consistent,1e-06,AUTO_APPROVE,0.0,0.002216654761359869,ord_0037745,1206600,captured,False
rr_0007508,cus_7cad106fc69fa26e,False,2985899,0.00030806924149541173,1e-06,AUTO_APPROVE,inconclusive,1.2499996875000778e-06,AUTO_APPROVE,0.0,0.0008312824959631239,ord_0037748,6439600,captured,False
rr_0007509,cus_c99ec38a80915443,False,5000355,0.9729229807403471,0.999999,MANUAL_REVIEW,consistent,0.9999908324886693,MANUAL_REVIEW,0.3,0.7217335289489474,ord_0037750,6391600,captured,False
rr_0007510,cus_8d7fdee4cc207bc3,False,1226597,0.015279488817057084,0.017857142857142856,AUTO_APPROVE,consistent,0.0019793465426276163,AUTO_APPROVE,0.0,0.03395331301043784,ord_0037751,1480700,captured,False
rr_0007511,cus_5dc32a70082c3418,False,1287986,0.021083866455054594,0.017857142857142856,AUTO_APPROVE,consistent,0.0019793465426276163,AUTO_APPROVE,0.0,0.12034846181508074,ord_0037754,1705600,captured,False
rr_0007512,cus_9b20b4be838ec9ae,True,3942070,0.20527044932724461,0.08571428571428572,VERIFY,inconsistent,0.6822077314739403,RETURN_FIRST,0.15,0.20964076663109082,ord_0037756,4703300,captured,False
rr_0007513,cus_9b20b4be838ec9ae,False,187718,0.0003078293272832074,1e-06,AUTO_APPROVE,inconclusive,1.2499996875000778e-06,AUTO_APPROVE,0.2,0.0012090373387548187,ord_0037758,300000,captured,False
rr_0007514,cus_58bd9aeee586dbab,False,125633,0.00030706412563068957,1e-06,AUTO_APPROVE,consistent,1e-06,AUTO_APPROVE,0.0,0.06963176414421522,ord_0037761,210000,captured,False
rr_0007515,cus_7ca596803bff0a1d,False,1378336,0.0006566971471391293,1e-06,AUTO_APPROVE,consistent,1e-06,AUTO_APPROVE,0.30000000000000004,0.0017766228640007052,ord_0037765,2325000,captured,False
rr_0007516,cus_7f9d8a6205c36489,False,3319884,0.00030329125810892255,1e-06,AUTO_APPROVE,consistent,1e-06,AUTO_APPROVE,0.65,0.0004104223428181547,ord_0037766,8872500,captured,False
rr_0007517,cus_818adca9d305cd38,True,5341456,0.9972249231966057,0.999999,MANUAL_REVIEW,inconsistent,0.999999,MANUAL_REVIEW,0.2,0.8220637238018846,ord_0037768,4980600,captured,True
rr_0007518,cus_3383a909948d6a42,False,1907739,0.0003452523281810792,1e-06,AUTO_APPROVE,consistent,1e-06,AUTO_APPROVE,0.0,0.03695637782167072,ord_0037769,3632000,captured,False
rr_0007519,cus_946b854f0788f263,False,182655,0.00168585504982572,1e-06,AUTO_APPROVE,consistent,1e-06,AUTO_APPROVE,0.15,0.04411313424649442,ord_0037771,551600,captured,False
rr_0007520,cus_a8a0f5d3d4c8f1d0,False,707169,0.0003935823289087986,1e-06,AUTO_APPROVE,consistent,1e-06,AUTO_APPROVE,0.1,0.0002773981755192998,ord_0037781,2014400,captured,False
rr_0007521,cus_4beca9e3b90ed4f2,False,1321729,0.0001677249873870338,1e-06,AUTO_APPROVE,consistent,1e-06,AUTO_APPROVE,0.30000000000000004,0.004105620952817988,ord_0037788,3561000,captured,False
rr_0007522,cus_cedbedf94ad7abe0,False,1847656,0.00020066000546952587,1e-06,AUTO_APPROVE,consistent,1e-06,AUTO_APPROVE,0.0,0.007963019458572567,ord_0037790,2730400,captured,False
rr_0007523,cus_cfa79f753632dace,False,1367662,8.379760329664136e-05,1e-06,AUTO_APPROVE,consistent,1e-06,AUTO_APPROVE,0.0,0.002609370048894581,ord_0037793,2238500,captured,False
rr_0007524,cus_534d539d66ae52e7,False,778652,0.00029473382308478656,1e-06,AUTO_APPROVE,consistent,1e-06,AUTO_APPROVE,0.0,5.9230832404538886e-05,ord_0037800,3703600,captured,False
rr_0007525,cus_de03403f06db04bf,False,478749,0.00034648011927002547,1e-06,AUTO_APPROVE,consistent,1e-06,AUTO_APPROVE,0.0,0.0004593873766677023,ord_0037805,2389900,captured,False
rr_0007526,cus_2c8f0a2c838ff3a4,False,10059417,0.029714491526345328,0.017857142857142856,AUTO_APPROVE,consistent,0.0019793465426276163,AUTO_APPROVE,0.1,0.3353082664968982,ord_0037827,11155200,captured,False
rr_0007527,cus_942e884c09919bed,False,2723344,0.0002314301745111771,1e-06,AUTO_APPROVE,consistent,1e-06,AUTO_APPROVE,0.0,0.02204880307728868,ord_0037829,4979700,captured,False
rr_0007528,cus_a14db3b7e2673c19,False,148525,0.000615149055937436,1e-06,AUTO_APPROVE,consistent,1e-06,AUTO_APPROVE,0.15,0.08241985513841252,ord_0037832,235500,captured,False
rr_0007529,cus_55c80b7bebf4812f,False,2471973,0.00027888493408190993,1e-06,AUTO_APPROVE,consistent,1e-06,AUTO_APPROVE,0.0,0.0019551267281799818,ord_0037839,4957800,captured,False
rr_0007530,cus_9878fa50aee7fef0,False,1511043,7.084940854538268e-05,1e-06,AUTO_APPROVE,consistent,1e-06,AUTO_APPROVE,0.1,0.04399932436090907,ord_0037841,2209400,captured,False
rr_0007531,cus_2f550d25dac1a2f5,False,2060448,0.024187178371551366,0.017857142857142856,AUTO_APPROVE,consistent,0.0019793465426276163,AUTO_APPROVE,0.0,0.21072685911640962,ord_0037843,2519700,captured,False
rr_0007532,cus_446ba88a98cdf1b9,False,1672548,0.1461603678344088,0.08571428571428572,VERIFY,consistent,0.010122729367085073,AUTO_APPROVE,0.0,0.5281355639878113,ord_0037850,1711900,captured,False
rr_0007533,cus_6373e9702d334631,False,1538585,0.0005661023656160725,1e-06,AUTO_APPROVE,consistent,1e-06,AUTO_APPROVE,0.0,0.0013690295351841302,ord_0037852,4119800,captured,False
rr_0007534,cus_6373e9702d334631,False,37007,0.0003447754350072259,1e-06,AUTO_APPROVE,consistent,1e-06,AUTO_APPROVE,0.0,0.012714367251383942,ord_0037853,69600,captured,False
rr_0007535,cus_6fb0ba3dac42efa5,False,3164245,0.01038192175709657,0.017857142857142856,AUTO_APPROVE,consistent,0.0019793465426276163,AUTO_APPROVE,0.0,0.20427463383607242,ord_0037860,3286500,captured,False
rr_0007536,cus_1b3403efa26bfa5b,False,3213748,0.0003221097307273601,1e-06,AUTO_APPROVE,consistent,1e-06,AUTO_APPROVE,0.5,0.00012740500744267875,ord_0037868,7594800,captured,False
rr_0007537,cus_308a55ea0aa76ce4,False,892445,0.19477069060346958,0.08571428571428572,VERIFY,consistent,0.010122729367085073,AUTO_APPROVE,0.0,0.5241810106898621,ord_0037871,990000,captured,False
rr_0007538,cus_7d72ddfd6fb58e39,False,4331168,0.012204424014281188,0.017857142857142856,AUTO_APPROVE,consistent,0.0019793465426276163,AUTO_APPROVE,0.0,0.025904116730796643,ord_0037874,6164800,captured,False
rr_0007539,cus_0c2007e291b33560,False,1846074,0.00025921854309633887,1e-06,AUTO_APPROVE,consistent,1e-06,AUTO_APPROVE,0.0,0.02651785251777114,ord_0037879,3275600,captured,False
rr_0007540,cus_0c2007e291b33560,False,216271,0.01662430525552294,0.017857142857142856,AUTO_APPROVE,consistent,0.0019793465426276163,AUTO_APPROVE,0.0,0.2163086493435112,ord_0037882,257000,captured,False
rr_0007541,cus_ecc3775a35f3a0ee,True,52625282,0.9992424461517835,0.999999,MANUAL_REVIEW,inconsistent,0.999999,MANUAL_REVIEW,0.35,0.8079205025113635,ord_0037887,48084800,captured,True
rr_0007542,cus_ff2317b71ee862c7,False,2081640,0.0007418559637892405,1e-06,AUTO_APPROVE,consistent,1e-06,AUTO_APPROVE,0.1,0.005855130463751159,ord_0037892,3114400,captured,False
rr_0007543,cus_9f90d1f3035be8be,False,3042274,0.3542577142363723,0.12903225806451613,VERIFY,consistent,0.015903002651414404,AUTO_APPROVE,0.0,0.4652756555640289,ord_0037894,3053800,captured,False
rr_0007544,cus_5cb05bb7eacb70b5,False,3040358,0.0004750414688892685,1e-06,AUTO_APPROVE,consistent,1e-06,AUTO_APPROVE,0.25,0.11924234962376222,ord_0037895,4925100,captured,False
rr_0007545,cus_a68696fa7008b468,False,5966949,0.025715647771962443,0.017857142857142856,AUTO_APPROVE,consistent,0.0019793465426276163,AUTO_APPROVE,0.0,0.1323604983681261,ord_0037897,6199000,captured,False
rr_0007546,cus_646d196de542b5d4,True,1818884,0.0690395350410823,0.0392156862745098,AUTO_APPROVE,inconclusive,0.04854368932038835,AUTO_APPROVE,0.15,0.6806617942658629,ord_0037902,2446600,captured,False
rr_0007547,cus_3529161894d56697,False,162157,0.0003291156634715318,1e-06,AUTO_APPROVE,consistent,1e-06,AUTO_APPROVE,0.0,0.0040215725054098105,ord_0037907,300000,captured,False
rr_0007548,cus_f029be624d8e3cf0,False,1422924,0.17262906801242847,0.08571428571428572,VERIFY,consistent,0.010122729367085073,AUTO_APPROVE,0.1,0.426539537203027,ord_0037915,1432000,captured,False
rr_0007549,cus_ca553ca6b884c7d7,True,3394499,0.5045997771099319,0.12903225806451613,VERIFY,inconsistent,0.7723304710434816,RETURN_FIRST,0.15,0.4642923233159006,ord_0037916,3636200,captured,False
rr_0007550,cus_bbbd5cde6bf22192,False,5688071,0.0006449395934701141,1e-06,AUTO_APPROVE,inconsistent,2.2897734911559113e-05,AUTO_APPROVE,0.0,0.0009785742176769989,ord_0037924,8436400,captured,False
rr_0007551,cus_7b4b643c16e4e293,False,2902023,0.0002231735082312111,1e-06,AUTO_APPROVE,consistent,1e-06,AUTO_APPROVE,0.1,0.006622842589580848,ord_0037932,4608000,captured,False
rr_0007552,cus_8ed8505388ad5324,True,4617727,0.9794683924455205,0.999999,MANUAL_REVIEW,inconsistent,0.999999,MANUAL_REVIEW,0.3,0.8886746362021843,ord_0037941,6123900,captured,False
rr_0007553,cus_98c49d9e75b906a2,False,3764297,0.00026612117957333685,1e-06,AUTO_APPROVE,consistent,1e-06,AUTO_APPROVE,0.0,0.03987028554015327,ord_0037944,6313500,captured,False
rr_0007554,cus_14fa7b0c72984b94,False,681613,0.0002569170909984587,1e-06,AUTO_APPROVE,consistent,1e-06,AUTO_APPROVE,0.0,0.002202554125235358,ord_0037948,1318000,captured,False
rr_0007555,cus_3fa2d98ffdd1c357,False,918227,0.0003278271894060866,1e-06,AUTO_APPROVE,consistent,1e-06,AUTO_APPROVE,0.0,0.0016278560608247116,ord_0037960,1515000,captured,False
rr_0007556,cus_08f5d047b8d019ee,False,2294958,0.005878426430724816,1e-06,AUTO_APPROVE,inconclusive,1.2499996875000778e-06,AUTO_APPROVE,0.1,0.04110453924498985,ord_0037967,2822500,captured,False
rr_0007557,cus_87bbe26796fbdd24,False,872533,0.00026882539977530345,1e-06,AUTO_APPROVE,consistent,1e-06,AUTO_APPROVE,0.0,0.0016951016411121838,ord_0037969,1653000,captured,False
rr_0007558,cus_523db6e25c3adadc,False,739251,0.00018884651454358762,1e-06,AUTO_APPROVE,consistent,1e-06,AUTO_APPROVE,0.0,0.003127469483818854,ord_0037971,1296000,captured,False
rr_0007559,cus_943b2e85c51813fd,False,639134,0.00020418745180306297,1e-06,AUTO_APPROVE,consistent,1e-06,AUTO_APPROVE,0.0,0.0037931860253584675,ord_0037972,1661500,captured,False
rr_0007560,cus_57a4524b73c5f863,False,497753,0.0008872621985873251,1e-06,AUTO_APPROVE,consistent,1e-06,AUTO_APPROVE,0.15,0.0009183857194472249,ord_0037974,1319500,captured,False
rr_0007561,cus_df921be8d7056452,False,4409775,0.22735845337438956,0.08571428571428572,VERIFY,consistent,0.010122729367085073,AUTO_APPROVE,0.44999999999999996,0.16079530791817778,ord_0037979,6168000,captured,False
rr_0007562,cus_cc8c581673263748,False,556215,0.36388654071430465,0.12903225806451613,VERIFY,consistent,0.015903002651414404,AUTO_APPROVE,0.15,0.9097742364966791,ord_0037982,590000,captured,False
rr_0007563,cus_55a60e1593098400,False,1680445,0.34508103295793197,0.12903225806451613,VERIFY,consistent,0.015903002651414404,AUTO_APPROVE,0.25,0.6343559941573932,ord_0037986,1861800,captured,False
rr_0007564,cus_1680d1adf13a69af,False,15657914,0.11269128636636513,0.0392156862745098,AUTO_APPROVE,consistent,0.004432508937619314,AUTO_APPROVE,0.0,0.23764228081066457,ord_0037994,17940500,captured,False
rr_0007565,cus_89c9495d3597ce1d,False,1101663,0.05455820286862277,0.017857142857142856,AUTO_APPROVE,consistent,0.0019793465426276163,AUTO_APPROVE,0.0,0.10733515015654775,ord_0037996,1304900,captured,False
rr_0007566,cus_25af97598a75fea7,False,258788,0.000696173482600503,1e-06,AUTO_APPROVE,consistent,1e-06,AUTO_APPROVE,0.15,0.005124934947545189,ord_0037997,468000,captured,False
rr_0007567,cus_6f84c110a960bca6,False,293707,0.00036013890945439274,1e-06,AUTO_APPROVE,consistent,1e-06,AUTO_APPROVE,0.0,0.011751835603989725,ord_0038000,519500,captured,False
rr_0007568,cus_216ac3d1e6c0c88e,False,1705731,0.0831779420291755,0.0392156862745098,AUTO_APPROVE,consistent,0.004432508937619314,AUTO_APPROVE,0.1,0.003378663203010829,ord_0038002,2397200,captured,False
rr_0007569,cus_5127c1f63bcc473a,False,1017367,0.20458711964167914,0.08571428571428572,VERIFY,consistent,0.010122729367085073,AUTO_APPROVE,0.0,0.3353792817454203,ord_0038010,1428800,captured,False
rr_0007570,cus_9f8a5b103147aeed,False,2477768,0.0011945553012544013,1e-06,AUTO_APPROVE,inconclusive,1.2499996875000778e-06,AUTO_APPROVE,0.15,0.001513546697681982,ord_0038016,6047300,captured,False
rr_0007571,cus_6e50b839fec6b3a9,False,2672671,0.022064087545990686,0.017857142857142856,AUTO_APPROVE,consistent,0.0019793465426276163,AUTO_APPROVE,0.1,0.06335334712152721,ord_0038017,3428300,captured,False
rr_0007572,cus_b68403fdf8f3e047,False,2250305,0.014562351232827545,0.017857142857142856,AUTO_APPROVE,consistent,0.0019793465426276163,AUTO_APPROVE,0.0,0.18772516252842392,ord_0038020,2803000,captured,False
rr_0007573,cus_b5d0d73b7c3be7a4,False,2122813,0.00029118454516371354,1e-06,AUTO_APPROVE,inconclusive,1.2499996875000778e-06,AUTO_APPROVE,0.0,0.0031785060464817032,ord_0038024,3526300,captured,False
rr_0007574,cus_818299037e2c38c4,False,855614,0.06516871815951164,0.0392156862745098,AUTO_APPROVE,consistent,0.004432508937619314,AUTO_APPROVE,0.1,0.8718653289907355,ord_0038036,924000,captured,False
rr_0007575,cus_321c2d137861e45f,True,1334947,0.03083847965673552,0.017857142857142856,AUTO_APPROVE,inconsistent,0.2939506388065649,AUTO_APPROVE,0.0,0.3572427277038934,ord_0038043,1431400,captured,False
rr_0007576,cus_d174b22a46105d54,False,652411,0.00023301454578495543,1e-06,AUTO_APPROVE,consistent,1e-06,AUTO_APPROVE,0.5,0.0003160590383065734,ord_0038051,1291400,captured,False
rr_0007577,cus_fca5da493f189b4f,False,1335131,0.8471229551204035,0.5,VERIFY,consistent,0.09835176015736281,AUTO_APPROVE,0.15,0.8971720101010716,ord_0038054,1513700,captured,False
rr_0007578,cus_b28b44ff9a8bee81,False,125387,0.00024353101686397556,1e-06,AUTO_APPROVE,consistent,1e-06,AUTO_APPROVE,0.0,0.0016523078159198156,ord_0038058,304500,captured,False
rr_0007579,cus_2c6461c048eec86f,False,11162647,0.3199062687608399,0.12903225806451613,VERIFY,consistent,0.015903002651414404,AUTO_APPROVE,0.0,0.3887582112052581,ord_0038070,11858500,captured,False
rr_0007580,cus_d6e0804d78c690cf,False,564695,0.5240805447301029,0.17857142857142858,VERIFY,consistent,0.02316375335874424,AUTO_APPROVE,0.15,0.09019066838841376,ord_0038076,720000,captured,False
rr_0007581,cus_8393eab832100959,False,333095,0.00030099921908146346,1e-06,AUTO_APPROVE,consistent,1e-06,AUTO_APPROVE,0.0,3.9858214687257375e-05,ord_0038078,1526400,captured,False
rr_0007582,cus_7655940a907ddb0b,False,1763181,0.00011300606885345074,1e-06,AUTO_APPROVE,consistent,1e-06,AUTO_APPROVE,0.2,0.00010637917515866107,ord_0038082,4659200,captured,False
rr_0007583,cus_500e7d52b45b90f3,False,2209807,0.2195502829194004,0.08571428571428572,VERIFY,consistent,0.010122729367085073,AUTO_APPROVE,0.0,0.7578246229821881,ord_0038086,2289900,captured,False
rr_0007584,cus_c67ca0428e5c471a,False,2012581,0.00011139827671392851,1e-06,AUTO_APPROVE,consistent,1e-06,AUTO_APPROVE,0.0,0.0024774593353321436,ord_0038087,3559800,captured,False
rr_0007585,cus_1b3403efa26bfa5b,False,3179354,0.00037162426272918176,1e-06,AUTO_APPROVE,inconclusive,1.2499996875000778e-06,AUTO_APPROVE,0.5,0.0001810701083050122,ord_0038094,7855600,captured,False
rr_0007586,cus_aef7e736106b0206,False,8386079,0.00024782699374937525,1e-06,AUTO_APPROVE,consistent,1e-06,AUTO_APPROVE,0.1,9.266260936564891e-05,ord_0038103,20680900,captured,False
rr_0007587,cus_8f4f0b4af5afb4e2,True,5921652,0.9994818366006089,0.999999,MANUAL_REVIEW,inconsistent,0.999999,MANUAL_REVIEW,0.5,0.9436564653850615,ord_0038105,5712400,captured,True
rr_0007588,cus_4c55cc07384088fd,False,15776,0.0008923759787788877,1e-06,AUTO_APPROVE,consistent,1e-06,AUTO_APPROVE,0.15,0.001801028385371298,ord_0038106,42500,captured,False
rr_0007589,cus_df921be8d7056452,False,1125491,0.0003116361100605832,1e-06,AUTO_APPROVE,consistent,1e-06,AUTO_APPROVE,0.1,0.0027685155743085717,ord_0038109,4501200,captured,False
rr_0007590,cus_d9c861d9b3930794,False,2211671,0.00013674592912970736,1e-06,AUTO_APPROVE,consistent,1e-06,AUTO_APPROVE,0.0,0.0004378245827631964,ord_0038116,4376700,captured,False
rr_0007591,cus_b7ee677613033527,False,2318727,0.7138371116213972,0.2327161058747097,VERIFY,inconsistent,0.8741347119418618,RETURN_FIRST,0.15,0.3316536710019025,ord_0038117,2554000,captured,False
rr_0007592,cus_a2b153b8a586450b,False,2953799,0.46605818218809236,0.12903225806451613,VERIFY,consistent,0.015903002651414404,AUTO_APPROVE,0.15,0.9858249542518127,ord_0038123,3116100,captured,False
rr_0007593,cus_e6d960a643694771,True,1776907,0.9985402603134643,0.999999,MANUAL_REVIEW,inconsistent,0.999999,MANUAL_REVIEW,0.35,0.9945278959158816,ord_0038124,1582400,captured,True
rr_0007594,cus_5c0b21b718340f29,False,5063559,0.0004683766735415592,1e-06,AUTO_APPROVE,consistent,1e-06,AUTO_APPROVE,0.1,0.00452178976581104,ord_0038130,9861700,captured,False
rr_0007595,cus_d7879bf6ebbaa2a3,False,797767,0.00022522936033835157,1e-06,AUTO_APPROVE,consistent,1e-06,AUTO_APPROVE,0.0,0.00012402454527470714,ord_0038131,3196400,captured,False
rr_0007596,cus_b18b02f8eb877c8f,False,3209137,0.0005378711457786899,1e-06,AUTO_APPROVE,consistent,1e-06,AUTO_APPROVE,0.0,0.0046698506173214,ord_0038134,7226900,captured,False
rr_0007597,cus_bbfe82382b088b62,False,738401,0.0003994234026824832,1e-06,AUTO_APPROVE,consistent,1e-06,AUTO_APPROVE,0.0,0.0015463276487250749,ord_0038138,3153300,captured,False
rr_0007598,cus_04e1a9cec8e28875,False,1075934,0.0001856849038453821,1e-06,AUTO_APPROVE,consistent,1e-06,AUTO_APPROVE,0.1,0.0034958611757675852,ord_0038140,2118000,captured,False
rr_0007599,cus_c950d8a6d0f7d30a,True,1751605,0.9935202287204142,0.999999,MANUAL_REVIEW,inconsistent,0.999999,MANUAL_REVIEW,0.3,0.8227937904501285,ord_0038160,1921900,captured,False
rr_0007600,cus_4b7f38cbbce0630e,False,260287,0.0007741913438927617,1e-06,AUTO_APPROVE,consistent,1e-06,AUTO_APPROVE,0.15,0.0017447929494998065,ord_0038162,1077000,captured,False
rr_0007601,cus_4281b966438a95b4,False,1342146,0.0034846946860392883,1e-06,AUTO_APPROVE,consistent,1e-06,AUTO_APPROVE,0.0,0.1611055753942917,ord_0038165,1414800,captured,False
rr_0007602,cus_97087d9bf2fb28e0,False,4884072,0.04469163500554012,0.017857142857142856,AUTO_APPROVE,consistent,0.0019793465426276163,AUTO_APPROVE,0.0,0.5181255700873731,ord_0038170,5466400,captured,False
rr_0007603,cus_c6b19ead1421ab80,False,3540877,0.012346157718026373,0.017857142857142856,AUTO_APPROVE,consistent,0.0019793465426276163,AUTO_APPROVE,0.0,0.43566133855054195,ord_0038176,3712000,captured,False
rr_0007604,cus_40f3a2a49bcd30e3,False,4053499,0.11323716068684099,0.0392156862745098,AUTO_APPROVE,consistent,0.004432508937619314,AUTO_APPROVE,0.0,0.3053309044173141,ord_0038185,5076800,captured,False
rr_0007605,cus_dad5a21270e0122e,False,1144215,0.00027355691446112867,1e-06,AUTO_APPROVE,consistent,1e-06,AUTO_APPROVE,0.1,0.020159990726935646,ord_0038190,2949300,captured,False
rr_0007606,cus_c796acd803168f6a,False,60298,0.00028710888549559466,1e-06,AUTO_APPROVE,consistent,1e-06,AUTO_APPROVE,0.0,0.00532547154469909,ord_0038192,105000,captured,False
rr_0007607,cus_5127c1f63bcc473a,False,941499,0.009423268715148318,0.017857142857142856,AUTO_APPROVE,consistent,0.0019793465426276163,AUTO_APPROVE,0.0,0.3352824449880114,ord_0038199,1002000,captured,False
rr_0007608,cus_4b98c6551c7ae1d9,False,437767,0.010622155258082057,0.017857142857142856,AUTO_APPROVE,consistent,0.0019793465426276163,AUTO_APPROVE,0.0,0.04637497486020476,ord_0038201,522000,captured,False
rr_0007609,cus_738d2289724f901b,True,3075189,0.9881077001244181,0.999999,MANUAL_REVIEW,inconsistent,0.999999,MANUAL_REVIEW,0.35,0.8832384757373644,ord_0038205,3070900,captured,True
rr_0007610,cus_76632f1de0fca10f,False,1841064,0.0002560070706473111,1e-06,AUTO_APPROVE,consistent,1e-06,AUTO_APPROVE,0.0,0.0014541535401406435,ord_0038209,3273000,captured,False
rr_0007611,cus_f8c774e7a9ae9f1d,False,12538257,0.005411827521249401,1e-06,AUTO_APPROVE,consistent,1e-06,AUTO_APPROVE,0.0,0.012788546046494896,ord_0038219,17575500,captured,False
rr_0007612,cus_1b3403efa26bfa5b,False,7028707,0.3644111514158563,0.12903225806451613,VERIFY,consistent,0.015903002651414404,AUTO_APPROVE,0.5,0.012410239392460038,ord_0038221,8052000,captured,False
rr_0007613,cus_cac9743ff2d3f3a5,False,2387912,0.0011251067490495239,1e-06,AUTO_APPROVE,consistent,1e-06,AUTO_APPROVE,0.15,0.042372905434749294,ord_0038225,4304800,captured,False
rr_0007614,cus_c260b30653da963e,False,1906189,0.004332034147922106,1e-06,AUTO_APPROVE,consistent,1e-06,AUTO_APPROVE,0.0,0.08379970696670958,ord_0038229,2190100,captured,False
rr_0007615,cus_dcff63cd99ab6c16,True,3073645,0.6317446363330249,0.17857142857142858,VERIFY,inconsistent,0.8327165442709169,RETURN_FIRST,0.25,0.6965631866226675,ord_0038230,3977200,captured,False
rr_0007616,cus_df39cc4a4def9a8a,False,1107233,0.0014774970066364066,1e-06,AUTO_APPROVE,inconsistent,2.2897734911559113e-05,AUTO_APPROVE,0.0,0.0023438090924682796,ord_0038231,2784500,captured,False
rr_0007617,cus_df7df167353d6c73,False,3167055,0.01858749960845742,0.017857142857142856,AUTO_APPROVE,consistent,0.0019793465426276163,AUTO_APPROVE,0.0,0.17016472542448632,ord_0038238,3208900,captured,False
rr_0007618,cus_357448428d464673,False,1071776,0.0011165196633278428,1e-06,AUTO_APPROVE,consistent,1e-06,AUTO_APPROVE,0.0,9.133439620062231e-05,ord_0038239,4007000,captured,False
rr_0007619,cus_2c8f0a2c838ff3a4,False,1898860,0.00011972019398512167,1e-06,AUTO_APPROVE,consistent,1e-06,AUTO_APPROVE,0.1,0.0004783268733981853,ord_0038248,5045000,captured,False
rr_0007620,cus_6fd5a9ae2a8bed83,False,577240,0.0014809207406875121,1e-06,AUTO_APPROVE,consistent,1e-06,AUTO_APPROVE,0.0,0.0010883129395617961,ord_0038257,1494700,captured,False
rr_0007621,cus_d174b22a46105d54,False,505136,0.0005160455899529925,1e-06,AUTO_APPROVE,consistent,1e-06,AUTO_APPROVE,0.65,0.005343705370875322,ord_0038260,1109200,captured,False
rr_0007622,cus_63b2f6a5f596e562,False,1391261,0.00022667710749641704,1e-06,AUTO_APPROVE,consistent,1e-06,AUTO_APPROVE,0.0,0.010381171440132822,ord_0038261,2169000,captured,False
rr_0007623,cus_75466ed9e3f6a6ef,False,4034664,0.0008697770623303393,1e-06,AUTO_APPROVE,inconclusive,1.2499996875000778e-06,AUTO_APPROVE,0.0,0.0013547785019390336,ord_0038271,14375000,captured,False
rr_0007624,cus_d1a4dd50dc4e6bea,False,2267242,0.1458316922535914,0.08571428571428572,VERIFY,inconclusive,0.1048951048951049,RETURN_FIRST,0.0,0.471956862075437,ord_0038273,2513700,captured,False
rr_0007625,cus_4e6af0a899a0f688,False,8223917,0.0002791928438967637,1e-06,AUTO_APPROVE,consistent,1e-06,AUTO_APPROVE,0.0,0.003957315412885774,ord_0038274,26752800,captured,False
rr_0007626,cus_19bc606d411aba43,False,1348511,8.659799979897546e-05,1e-06,AUTO_APPROVE,consistent,1e-06,AUTO_APPROVE,0.0,0.0001640586686402643,ord_0038280,3590400,captured,False
rr_0007627,cus_2257f0f587875472,False,3281077,0.0005357683769731936,1e-06,AUTO_APPROVE,consistent,1e-06,AUTO_APPROVE,0.15,0.024562867548805555,ord_0038283,4921800,captured,False
rr_0007628,cus_eeee187655ff2282,False,1198852,0.5356608376040243,0.17857142857142858,VERIFY,consistent,0.02316375335874424,AUTO_APPROVE,0.15,0.2880451025294709,ord_0038286,1399700,captured,False
rr_0007629,cus_0ca662235c746f98,False,616050,0.0008427578377522433,1e-06,AUTO_APPROVE,consistent,1e-06,AUTO_APPROVE,0.15,0.04680934126834629,ord_0038295,1354300,captured,False
rr_0007630,cus_35f78ef9914c358b,False,3487653,0.0004987615131386213,1e-06,AUTO_APPROVE,consistent,1e-06,AUTO_APPROVE,0.15,0.03639608341136206,ord_0038296,5420300,captured,False
rr_0007631,cus_d467de47c211ff7e,False,561107,0.0010974441832512522,1e-06,AUTO_APPROVE,consistent,1e-06,AUTO_APPROVE,0.0,0.001289997860574394,ord_0038298,2339000,captured,False
rr_0007632,cus_c913146d7c5fbf7c,False,262075,0.00033511483977498503,1e-06,AUTO_APPROVE,consistent,1e-06,AUTO_APPROVE,0.0,0.0001621094820718194,ord_0038315,1200600,captured,False
rr_0007633,cus_4e6af0a899a0f688,False,9716352,0.01003175239698212,0.017857142857142856,AUTO_APPROVE,consistent,0.0019793465426276163,AUTO_APPROVE,0.0,0.3192753529552939,ord_0038316,10909200,captured,False
rr_0007634,cus_436ef3dad5cec208,False,1440695,0.032056268700405705,0.017857142857142856,AUTO_APPROVE,consistent,0.0019793465426276163,AUTO_APPROVE,0.0,0.12859718046548022,ord_0038325,1746000,captured,False
rr_0007635,cus_bab2fdcb8dc78160,False,1866648,0.30939805792319347,0.12903225806451613,VERIFY,consistent,0.015903002651414404,AUTO_APPROVE,0.0,0.5429855830816668,ord_0038333,2056200,captured,False
rr_0007636,cus_4914cd6e6208155b,False,3429741,0.0006489653420628189,1e-06,AUTO_APPROVE,consistent,1e-06,AUTO_APPROVE,0.35,0.012408529004146995,ord_0038335,7875500,captured,False
rr_0007637,cus_3bfe7f1a15fb539a,False,26211325,0.00034875586565390177,1e-06,AUTO_APPROVE,inconsistent,2.2897734911559113e-05,AUTO_APPROVE,0.15,0.01000519160879703,ord_0038336,61675300,captured,False
rr_0007638,cus_4e6af0a899a0f688,False,3198924,0.00023483891284833866,1e-06,AUTO_APPROVE,consistent,1e-06,AUTO_APPROVE,0.2,0.003850188900848514,ord_0038337,7348200,captured,False
rr_0007639,cus_bd40f5af5866282a,False,440137,0.0008303913316007571,1e-06,AUTO_APPROVE,consistent,1e-06,AUTO_APPROVE,0.25,0.0008003316434541225,ord_0038343,1896400,captured,False
rr_0007640,cus_6512a7f01b483372,False,2000028,0.16603518700884498,0.08571428571428572,VERIFY,consistent,0.010122729367085073,AUTO_APPROVE,0.0,0.32572984404398514,ord_0038344,2393100,captured,False
rr_0007641,cus_9691e8c51865f146,False,1099124,0.00032680829738145875,1e-06,AUTO_APPROVE,consistent,1e-06,AUTO_APPROVE,0.0,6.590739243827925e-05,ord_0038345,3578800,captured,False
rr_0007642,cus_fb2ea28e72740b94,False,989423,0.00019072309670151765,1e-06,AUTO_APPROVE,consistent,1e-06,AUTO_APPROVE,0.0,8.984214529786667e-05,ord_0038351,2947200,captured,False
rr_0007643,cus_36284ebc57b5cea7,False,233042,0.00029256705908856844,1e-06,AUTO_APPROVE,consistent,1e-06,AUTO_APPROVE,0.1,1.3008048651574307e-05,ord_0038372,1119100,captured,False
rr_0007644,cus_fb675843dc4bcc04,False,896159,0.0011626095057088884,1e-06,AUTO_APPROVE,consistent,1e-06,AUTO_APPROVE,0.4,0.03364256101048796,ord_0038374,1494000,captured,False
rr_0007645,cus_40d0615e206c6c75,False,6774734,0.03704941973914428,0.017857142857142856,AUTO_APPROVE,consistent,0.0019793465426276163,AUTO_APPROVE,0.5,0.07957059884998655,ord_0038377,7140900,captured,False
rr_0007646,cus_6be3547686e42052,False,161505,0.0003729255460757231,1e-06,AUTO_APPROVE,inconsistent,2.2897734911559113e-05,AUTO_APPROVE,0.0,0.004102565765991062,ord_0038381,300000,captured,False
rr_0007647,cus_5ef16c35b446145c,False,2407666,7.351304376228402e-05,1e-06,AUTO_APPROVE,consistent,1e-06,AUTO_APPROVE,0.0,3.0311561545404623e-05,ord_0038383,6392000,captured,False
rr_0007648,cus_a0bc8eda4ecc910f,False,315146,0.0002407131199138478,1e-06,AUTO_APPROVE,consistent,1e-06,AUTO_APPROVE,0.0,0.004270053003697241,ord_0038387,558100,captured,False
rr_0007649,cus_baf06a5b5aa4bb80,False,781275,0.00030142435514801755,1e-06,AUTO_APPROVE,consistent,1e-06,AUTO_APPROVE,0.0,3.780060704871615e-05,ord_0038396,3461400,captured,False
rr_0007650,cus_c1b89a971cb5910a,False,6074913,0.11465583492065516,0.0392156862745098,AUTO_APPROVE,consistent,0.004432508937619314,AUTO_APPROVE,0.0,0.04169266730398907,ord_0038402,7221400,captured,False
rr_0007651,cus_11accc1b30530ef5,False,1609443,0.43483942524398933,0.12903225806451613,VERIFY,consistent,0.015903002651414404,AUTO_APPROVE,0.0,0.08077912316862847,ord_0038410,2228400,captured,False
rr_0007652,cus_2b986027da7e7706,False,2179571,0.34074341142719183,0.12903225806451613,VERIFY,consistent,0.015903002651414404,AUTO_APPROVE,0.15,0.6849856471665514,ord_0038412,2359600,captured,False
rr_0007653,cus_545f7d4485d3f306,False,1561838,0.00026355627367138077,1e-06,AUTO_APPROVE,consistent,1e-06,AUTO_APPROVE,0.0,0.0058847114606524285,ord_0038418,3519500,captured,False
rr_0007654,cus_545f7d4485d3f306,False,83259,0.00021653365851185508,1e-06,AUTO_APPROVE,consistent,1e-06,AUTO_APPROVE,0.0,0.006127672688266831,ord_0038419,165000,captured,False
rr_0007655,cus_324ba1d59d1eb343,False,1130855,0.08163732149031322,0.0392156862745098,AUTO_APPROVE,consistent,0.004432508937619314,AUTO_APPROVE,0.1,0.2584561394104608,ord_0038423,1187900,captured,False
rr_0007656,cus_52e4cc9976b8d58e,False,2888439,0.00019064105261631391,1e-06,AUTO_APPROVE,consistent,1e-06,AUTO_APPROVE,0.0,0.0034048692358083148,ord_0038425,4661800,captured,False
rr_0007657,cus_d818e5c851d487e0,False,1205534,0.00024223344264015916,1e-06,AUTO_APPROVE,consistent,1e-06,AUTO_APPROVE,0.0,0.018860572888849007,ord_0038428,2213600,captured,False
rr_0007658,cus_4beca9e3b90ed4f2,False,728246,0.00026609141395489996,1e-06,AUTO_APPROVE,consistent,1e-06,AUTO_APPROVE,0.5,0.0012112362782176515,ord_0038443,1050000,captured,False
rr_0007659,cus_1b3403efa26bfa5b,False,1513462,0.15850562715463062,0.08571428571428572,VERIFY,inconsistent,0.6822077314739403,RETURN_FIRST,0.5,0.00958904817417775,ord_0038447,1773300,captured,False
rr_0007660,cus_757d1816fad3048f,False,2913636,0.0697947874741304,0.0392156862745098,AUTO_APPROVE,consistent,0.004432508937619314,AUTO_APPROVE,0.0,0.5553355721297024,ord_0038451,3116600,captured,False
rr_0007661,cus_1ac8d9a2134a0ac2,False,1012875,0.0003314548614865101,1e-06,AUTO_APPROVE,inconsistent,2.2897734911559113e-05,AUTO_APPROVE,0.0,0.012162239315223148,ord_0038455,1944100,captured,False
rr_0007662,cus_66ad5b94049a0648,False,29822221,0.21505491777686042,0.08571428571428572,VERIFY,consistent,0.010122729367085073,AUTO_APPROVE,0.5,0.033307762804302435,ord_0038464,39566800,captured,False
rr_0007663,cus_8650cffe78315026,False,54827,0.0006958204968112543,1e-06,AUTO_APPROVE,consistent,1e-06,AUTO_APPROVE,0.15,0.3173068928887748,ord_0038465,89500,captured,False
rr_0007664,cus_e1a3991a3e5e78a3,False,892699,0.04858039697835005,0.017857142857142856,AUTO_APPROVE,inconclusive,0.022222222222222223,AUTO_APPROVE,0.0,0.044184304865823386,ord_0038468,1028400,captured,False
rr_0007665,cus_e8b551b93e13bfb1,False,45678,0.00012955006597385315,1e-06,AUTO_APPROVE,inconsistent,2.2897734911559113e-05,AUTO_APPROVE,0.0,3.6046395993801565e-05,ord_0038478,165000,captured,False
rr_0007666,cus_0a377573a577db55,False,5745,0.00033997505339525226,1e-06,AUTO_APPROVE,consistent,1e-06,AUTO_APPROVE,0.1,0.00075150827957642,ord_0038481,16500,captured,False
rr_0007667,cus_e278fecceb866edf,False,1031686,0.0004054338805532569,1e-06,AUTO_APPROVE,consistent,1e-06,AUTO_APPROVE,0.5,0.003548760546893349,ord_0038482,1647700,captured,False
rr_0007668,cus_02746df7b7ccabb5,False,2825972,0.03347941913551765,0.017857142857142856,AUTO_APPROVE,consistent,0.0019793465426276163,AUTO_APPROVE,0.1,0.6862506946502658,ord_0038489,3415400,captured,False
rr_0007669,cus_dca6b381c5da3a5b,False,5739486,0.0002576999583133342,1e-06,AUTO_APPROVE,consistent,1e-06,AUTO_APPROVE,0.0,0.07312641796977568,ord_0038490,8528100,captured,False
rr_0007670,cus_fb86ee95ed6c7675,False,1506679,0.00020248150819679087,1e-06,AUTO_APPROVE,consistent,1e-06,AUTO_APPROVE,0.0,0.009092435651455656,ord_0038492,3540000,captured,False
rr_0007671,cus_ed68a76983191b7f,False,321291,0.0007823445963269684,1e-06,AUTO_APPROVE,consistent,1e-06,AUTO_APPROVE,0.1,0.0019460017464441716,ord_0038494,850000,captured,False
rr_0007672,cus_0183ac6a01783603,True,959302,0.32958234601636494,0.12903225806451613,VERIFY,inconsistent,0.7723304710434816,RETURN_FIRST,0.15,0.8662540833130815,ord_0038499,1164600,captured,False
rr_0007673,cus_b674d939a8633ff1,False,2047361,0.00025289276809181314,1e-06,AUTO_APPROVE,consistent,1e-06,AUTO_APPROVE,0.0,0.0005424715320228412,ord_0038501,4371200,captured,False
rr_0007674,cus_514a234f1a955a19,False,5142518,0.07767294774668468,0.0392156862745098,AUTO_APPROVE,consistent,0.004432508937619314,AUTO_APPROVE,0.15,0.9417870398917392,ord_0038505,5301600,captured,False
rr_0007675,cus_800c13fb975c9a5b,False,2119591,0.0007774748670840617,1e-06,AUTO_APPROVE,consistent,1e-06,AUTO_APPROVE,0.15,0.19314186427964292,ord_0038507,3668000,captured,False
rr_0007676,cus_daee08e751ec353c,True,6461699,0.9993411507542779,0.999999,MANUAL_REVIEW,inconsistent,0.999999,MANUAL_REVIEW,0.35,0.9593750904307407,ord_0038508,5963600,captured,True
rr_0007677,cus_31eb3611f4b8f536,False,1857364,0.00021900254576684615,1e-06,AUTO_APPROVE,consistent,1e-06,AUTO_APPROVE,0.0,0.16066294605781173,ord_0038511,3789000,captured,False
rr_0007678,cus_63ffb12cec17f560,False,826546,0.0002650692361485149,1e-06,AUTO_APPROVE,consistent,1e-06,AUTO_APPROVE,0.0,0.0040025699220911,ord_0038527,2138000,captured,False
rr_0007679,cus_a9502cb84f29f537,False,929238,0.00020139314738998172,1e-06,AUTO_APPROVE,inconclusive,1.2499996875000778e-06,AUTO_APPROVE,0.0,0.00016871241460589094,ord_0038544,3987000,captured,False
rr_0007680,cus_6ec010efef56d6a7,False,2909634,0.017550405867696735,0.017857142857142856,AUTO_APPROVE,consistent,0.0019793465426276163,AUTO_APPROVE,0.0,0.09024575690311462,ord_0038547,3806400,captured,False
rr_0007681,cus_80e0215615ce529f,True,4029452,0.9981402115854182,0.999999,MANUAL_REVIEW,inconsistent,0.999999,MANUAL_REVIEW,0.3,0.9956578133734831,ord_0038550,4074000,captured,False
rr_0007682,cus_e278fecceb866edf,False,152136,0.0003758895062354499,1e-06,AUTO_APPROVE,consistent,1e-06,AUTO_APPROVE,0.5,0.0003254372573729557,ord_0038554,342900,captured,False
rr_0007683,cus_11b51c527464cd10,False,2604743,0.048852404036872424,0.017857142857142856,AUTO_APPROVE,consistent,0.0019793465426276163,AUTO_APPROVE,0.0,0.028003595275932807,ord_0038560,3325500,captured,False
rr_0007684,cus_f95619fc9eb67a61,False,1124502,0.0007475889461591555,1e-06,AUTO_APPROVE,inconclusive,1.2499996875000778e-06,AUTO_APPROVE,0.15,0.15403792390634083,ord_0038568,2128500,captured,False
rr_0007685,cus_8adcd7715b2a494d,False,946772,0.0003657951769191852,1e-06,AUTO_APPROVE,consistent,1e-06,AUTO_APPROVE,0.0,0.001269754804398614,ord_0038579,2793600,captured,False
rr_0007686,cus_103e73101bd1d3a3,False,1009993,0.0002751289783957844,1e-06,AUTO_APPROVE,consistent,1e-06,AUTO_APPROVE,0.0,0.01359247907538771,ord_0038585,1625000,captured,False
rr_0007687,cus_4b4afa5bff80a2b0,False,101305,0.00034208277193301215,1e-06,AUTO_APPROVE,consistent,1e-06,AUTO_APPROVE,0.0,3.509102162888433e-05,ord_0038603,372400,captured,False
rr_0007688,cus_4b4afa5bff80a2b0,False,1107773,0.00043086419808317507,1e-06,AUTO_APPROVE,consistent,1e-06,AUTO_APPROVE,0.15,0.016240200074282212,ord_0038604,3397300,captured,False
rr_0007689,cus_e0c7278a88d211ec,False,555399,0.0003228299959759782,1e-06,AUTO_APPROVE,consistent,1e-06,AUTO_APPROVE,0.0,0.0019097173820138795,ord_0038605,2403900,captured,False
rr_0007690,cus_c222ed64b14d6b97,False,521252,0.03721195585971268,0.017857142857142856,AUTO_APPROVE,consistent,0.0019793465426276163,AUTO_APPROVE,0.0,0.07646858483346519,ord_0038606,710000,captured,False
rr_0007691,cus_07e56d416d35039f,False,3035932,0.5991201385860209,0.17857142857142858,VERIFY,consistent,0.02316375335874424,AUTO_APPROVE,0.15,0.8448285674364051,ord_0038617,3407000,captured,False
rr_0007692,cus_3122277a7c41ddee,False,782584,0.000654688574410554,1e-06,AUTO_APPROVE,consistent,1e-06,AUTO_APPROVE,0.15,0.00941586073675654,ord_0038628,1491500,captured,False
rr_0007693,cus_36427c6b07756e7d,False,343430,0.036508192455016165,0.017857142857142856,AUTO_APPROVE,consistent,0.0019793465426276163,AUTO_APPROVE,0.0,0.4202593770199526,ord_0038635,394800,captured,False
rr_0007694,cus_e094e57d1fcee4d4,False,2936990,0.013953043883297125,0.017857142857142856,AUTO_APPROVE,consistent,0.0019793465426276163,AUTO_APPROVE,0.0,0.08098325651930036,ord_0038639,3343700,captured,False
rr_0007695,cus_a6bf829324544abb,False,1040429,0.011696611056511754,0.017857142857142856,AUTO_APPROVE,consistent,0.0019793465426276163,AUTO_APPROVE,0.0,0.4193744484516723,ord_0038659,1216600,captured,False
rr_0007696,cus_e278fecceb866edf,False,637084,0.0003941866862499991,1e-06,AUTO_APPROVE,consistent,1e-06,AUTO_APPROVE,0.5,0.00028956154958926936,ord_0038664,1705200,captured,False
rr_0007697,cus_9cc86d6d1eebd815,False,1134866,0.057342989098412865,0.0392156862745098,AUTO_APPROVE,inconsistent,0.48310313006980515,AUTO_APPROVE,0.0,0.02276477358305883,ord_0038675,1379700,captured,False
rr_0007698,cus_8ee2910a5afabfcb,False,1117708,5.281845847052044e-05,1e-06,AUTO_APPROVE,consistent,1e-06,AUTO_APPROVE,0.5,0.00023191588918103102,ord_0038676,1950000,captured,False
rr_0007699,cus_6ad5f7579fa0b528,False,283718,0.0004069159003899284,1e-06,AUTO_APPROVE,consistent,1e-06,AUTO_APPROVE,0.0,0.001681378820475986,ord_0038678,660000,captured,False
rr_0007700,cus_a6319c5f7a092260,False,1376073,0.40793043579740607,0.12903225806451613,VERIFY,consistent,0.015903002651414404,AUTO_APPROVE,0.15,0.9668294493786994,ord_0038682,1444300,captured,False
rr_0007701,cus_bbba1b2dc00e5f52,False,972997,0.00021777398801635123,1e-06,AUTO_APPROVE,consistent,1e-06,AUTO_APPROVE,0.0,0.00024679722146381933,ord_0038683,1871400,captured,False
rr_0007702,cus_8d61dc8e3e136d98,True,10731998,0.9997592102100269,0.999999,MANUAL_REVIEW,inconsistent,0.999999,MANUAL_REVIEW,0.5,0.9990890047389854,ord_0038689,9631800,captured,True
rr_0007703,cus_e350ce046d7cb27e,False,120477,0.00011951930911081024,1e-06,AUTO_APPROVE,consistent,1e-06,AUTO_APPROVE,0.0,0.0010965900459750575,ord_0038690,354000,captured,False
rr_0007704,cus_362a13d5beb16257,False,1025946,0.0006545630174308099,1e-06,AUTO_APPROVE,consistent,1e-06,AUTO_APPROVE,0.15,0.014414116481147111,ord_0038693,3181700,captured,False
rr_0007705,cus_70fe1a4802d5171d,False,3248575,0.13741785660298375,0.08571428571428572,VERIFY,consistent,0.010122729367085073,AUTO_APPROVE,0.30000000000000004,0.2589739439570892,ord_0038706,4080000,captured,False
rr_0007706,cus_dbae1c2a6130536f,False,467985,0.0004672853152420125,1e-06,AUTO_APPROVE,consistent,1e-06,AUTO_APPROVE,0.0,0.002332902791396713,ord_0038707,1252200,captured,False
rr_0007707,cus_7da366cb7b9f8b91,False,235195,0.0007530959291463022,1e-06,AUTO_APPROVE,consistent,1e-06,AUTO_APPROVE,0.15,0.012012279806478225,ord_0038709,566000,captured,False
rr_0007708,cus_eec5315bd75c95b9,False,5599729,0.8685393738186736,0.5,VERIFY,consistent,0.09835176015736281,AUTO_APPROVE,0.15,0.1832173118824983,ord_0038711,7065000,captured,False
rr_0007709,cus_e278fecceb866edf,False,2174118,0.00031169530966709255,1e-06,AUTO_APPROVE,inconsistent,2.2897734911559113e-05,AUTO_APPROVE,0.5,0.00033211956615093817,ord_0038717,3641300,captured,False
rr_0007710,cus_adb9ddde8751e322,False,79522,0.00035645382525807386,1e-06,AUTO_APPROVE,consistent,1e-06,AUTO_APPROVE,0.0,0.0058848857664853165,ord_0038722,124600,captured,False
rr_0007711,cus_df921be8d7056452,False,2807061,0.022306649929950264,0.017857142857142856,AUTO_APPROVE,inconsistent,0.2939506388065649,AUTO_APPROVE,0.1,0.04038273938119442,ord_0038728,3088600,captured,False
rr_0007712,cus_4666230c42da39d2,False,2103747,0.0002473334743146158,1e-06,AUTO_APPROVE,consistent,1e-06,AUTO_APPROVE,0.0,0.007626966363225879,ord_0038733,3315200,captured,False
rr_0007713,cus_6216a6f950910c3e,False,1348534,0.0002912603371415613,1e-06,AUTO_APPROVE,consistent,1e-06,AUTO_APPROVE,0.0,0.00024789539930992956,ord_0038734,4608600,captured,False
rr_0007714,cus_cedbedf94ad7abe0,False,1825652,0.025558017236237133,0.017857142857142856,AUTO_APPROVE,consistent,0.0019793465426276163,AUTO_APPROVE,0.0,0.08781200224554092,ord_0038736,2087000,captured,False
rr_0007715,cus_abfc7621637299c2,False,1948300,0.0001900817256696706,1e-06,AUTO_APPROVE,consistent,1e-06,AUTO_APPROVE,0.0,0.001376617594723677,ord_0038738,3509000,captured,False
rr_0007716,cus_8321ffa6cb336550,False,2598108,0.06554717092944616,0.0392156862745098,AUTO_APPROVE,consistent,0.004432508937619314,AUTO_APPROVE,0.0,0.08760497881428185,ord_0038741,3086400,captured,False
rr_0007717,cus_baae9a5de2847645,False,1068066,0.00019724201992215212,1e-06,AUTO_APPROVE,consistent,1e-06,AUTO_APPROVE,0.0,0.0005676425890444593,ord_0038743,2744000,captured,False
rr_0007718,cus_ef2a91c0be9059af,False,1091920,0.00022083903437260753,1e-06,AUTO_APPROVE,consistent,1e-06,AUTO_APPROVE,0.0,0.019855196473606916,ord_0038756,1821500,captured,False
rr_0007719,cus_3a30b117c22e1071,False,868583,0.00021633414467714485,1e-06,AUTO_APPROVE,consistent,1e-06,AUTO_APPROVE,0.1,0.0009908707348886179,ord_0038761,1560900,captured,False
rr_0007720,cus_0d9139281124d88e,False,40126314,0.02062865536103759,0.017857142857142856,AUTO_APPROVE,consistent,0.0019793465426276163,AUTO_APPROVE,0.0,0.025651162204592574,ord_0038764,46881900,captured,False
rr_0007721,cus_bc9705367cde714d,True,317948,0.5537228514149376,0.17857142857142858,VERIFY,inconsistent,0.8327165442709169,RETURN_FIRST,0.15,0.34409514044439987,ord_0038777,382000,captured,False
rr_0007722,cus_08c8b5f1a12432f6,False,1049580,0.0007735740731212572,1e-06,AUTO_APPROVE,inconclusive,1.2499996875000778e-06,AUTO_APPROVE,0.15,0.020448159472985356,ord_0038779,2655600,captured,False
rr_0007723,cus_68ae151f530925dc,False,3769585,0.023471556521600982,0.017857142857142856,AUTO_APPROVE,consistent,0.0019793465426276163,AUTO_APPROVE,0.1,0.09745557637504937,ord_0038785,4263700,captured,False
rr_0007724,cus_acc94d21ea11eb16,False,1572391,0.0007081022836270821,1e-06,AUTO_APPROVE,consistent,1e-06,AUTO_APPROVE,0.25,0.015441114715063506,ord_0038793,3101100,captured,False
rr_0007725,cus_e781b9a8a51f7401,False,4754216,0.4257664917973019,0.12903225806451613,VERIFY,consistent,0.015903002651414404,AUTO_APPROVE,0.0,0.12619600238299153,ord_0038800,5538900,captured,False
rr_0007726,cus_37af50dc12557d01,False,745422,0.00014905868639400843,1e-06,AUTO_APPROVE,consistent,1e-06,AUTO_APPROVE,0.0,5.5209353592259035e-05,ord_0038801,3488400,captured,False
rr_0007727,cus_a4543a100f8c475d,False,1860943,0.0038562722562916723,1e-06,AUTO_APPROVE,consistent,1e-06,AUTO_APPROVE,0.0,0.04978944675636735,ord_0038811,2087100,captured,False
rr_0007728,cus_3709f73b2b5ceb62,False,5682522,0.8466878694066983,0.5,VERIFY,consistent,0.09835176015736281,AUTO_APPROVE,0.15,0.9652857467983446,ord_0038817,5983700,captured,False
rr_0007729,cus_0183ac6a01783603,True,1772641,0.9993924021723632,0.999999,MANUAL_REVIEW,inconsistent,0.999999,MANUAL_REVIEW,0.44999999999999996,0.9925326546476317,ord_0038819,1679600,captured,True
rr_0007730,cus_220911512467c92e,False,592257,0.0006239478146677073,1e-06,AUTO_APPROVE,consistent,1e-06,AUTO_APPROVE,0.0,0.0012177791865625313,ord_0038820,2312000,captured,False
rr_0007731,cus_b48c4f5b98f91d98,False,3631521,0.03095188588840735,0.017857142857142856,AUTO_APPROVE,consistent,0.0019793465426276163,AUTO_APPROVE,0.0,0.004704461500596956,ord_0038823,4709000,captured,False
rr_0007732,cus_dcd6b91c8ab0c55d,False,1378844,0.0003815503731346197,1e-06,AUTO_APPROVE,inconsistent,2.2897734911559113e-05,AUTO_APPROVE,0.0,0.004628983421564361,ord_0038836,3877800,captured,False
rr_0007733,cus_6222de5e7935a66e,False,3481695,0.0012761986582624342,1e-06,AUTO_APPROVE,consistent,1e-06,AUTO_APPROVE,0.0,0.0018804642676783648,ord_0038839,6886200,captured,False
rr_0007734,cus_31d1b7446de57217,False,7701712,0.00030267545768939433,1e-06,AUTO_APPROVE,consistent,1e-06,AUTO_APPROVE,0.30000000000000004,0.001192542779289221,ord_0038847,21239200,captured,False
rr_0007735,cus_6608cb5a27403b1e,False,2183015,0.0008119162262520495,1e-06,AUTO_APPROVE,consistent,1e-06,AUTO_APPROVE,0.15,0.4913115617004812,ord_0038854,3594900,captured,False
rr_0007736,cus_8438b3e161d47482,False,101380,0.00016619747718935634,1e-06,AUTO_APPROVE,consistent,1e-06,AUTO_APPROVE,0.0,0.0064175392647382945,ord_0038859,165000,captured,False
rr_0007737,cus_8ee2910a5afabfcb,False,2579113,0.010529457891846106,0.017857142857142856,AUTO_APPROVE,consistent,0.0019793465426276163,AUTO_APPROVE,0.5,0.0552731782095906,ord_0038864,3098200,captured,False
rr_0007738,cus_d05f4c6f3557410f,False,2632972,0.00024275159437550854,1e-06,AUTO_APPROVE,consistent,1e-06,AUTO_APPROVE,0.0,0.008311570787418707,ord_0038866,4714000,captured,False
rr_0007739,cus_09e5307dc6edf8bc,False,3858049,0.0003727015601785035,1e-06,AUTO_APPROVE,consistent,1e-06,AUTO_APPROVE,0.0,0.04058137478369847,ord_0038872,5667600,captured,False
rr_0007740,cus_39a47e1d27e96808,False,620544,0.00015966510776019855,1e-06,AUTO_APPROVE,consistent,1e-06,AUTO_APPROVE,0.1,2.8562296216284688e-05,ord_0038873,2147600,captured,False
rr_0007741,cus_0673aded7d9571e1,False,278955,0.0003112106880713297,1e-06,AUTO_APPROVE,consistent,1e-06,AUTO_APPROVE,0.0,0.0007065209417927889,ord_0038874,699900,captured,False
rr_0007742,cus_f029be624d8e3cf0,False,80810,0.0010965054793281375,1e-06,AUTO_APPROVE,consistent,1e-06,AUTO_APPROVE,0.25,0.6859016641235992,ord_0038878,150000,captured,False
rr_0007743,cus_93575d917e449c2e,False,1709196,0.000835155133358354,1e-06,AUTO_APPROVE,consistent,1e-06,AUTO_APPROVE,0.25,0.012559037612650193,ord_0038884,4859600,captured,False
rr_0007744,cus_24f928bcd93b170c,False,4805933,0.1548386079033914,0.08571428571428572,VERIFY,consistent,0.010122729367085073,AUTO_APPROVE,0.65,0.16959919222470698,ord_0038890,6054000,captured,False
rr_0007745,cus_24f928bcd93b170c,False,1061927,0.03216217107304915,0.017857142857142856,AUTO_APPROVE,consistent,0.0019793465426276163,AUTO_APPROVE,0.5,0.005459983884112149,ord_0038891,1399200,captured,False
rr_0007746,cus_6ac09c686a58fff0,True,5570640,0.9992632692514335,0.999999,MANUAL_REVIEW,inconsistent,0.999999,MANUAL_REVIEW,0.35,0.8327803419496411,ord_0038892,5272000,captured,True
rr_0007747,cus_6de3f9b3f323366c,False,424852,0.0006875235247243562,1e-06,AUTO_APPROVE,consistent,1e-06,AUTO_APPROVE,0.15,0.0013258469567599784,ord_0038895,1121700,captured,False
rr_0007748,cus_ca7717ca4d04e2e7,False,913221,0.002904322377941394,1e-06,AUTO_APPROVE,consistent,1e-06,AUTO_APPROVE,0.15,0.07889416821456502,ord_0038897,2133000,captured,False
rr_0007749,cus_6ec538ecb0642b8a,False,3333643,0.000442968650093572,1e-06,AUTO_APPROVE,consistent,1e-06,AUTO_APPROVE,0.0,0.0009771900178061656,ord_0038903,7300800,captured,False
rr_0007750,cus_6ec538ecb0642b8a,False,485694,0.00024468600313682043,1e-06,AUTO_APPROVE,consistent,1e-06,AUTO_APPROVE,0.0,0.00014283250966357587,ord_0038904,2420400,captured,False
rr_0007751,cus_5984225ff24e04bb,False,1678905,0.0010568722100727154,1e-06,AUTO_APPROVE,consistent,1e-06,AUTO_APPROVE,0.0,0.0032450576082376768,ord_0038912,3095100,captured,False
rr_0007752,cus_94fd3e1bcfa77dba,False,327729,0.0003927537882739344,1e-06,AUTO_APPROVE,consistent,1e-06,AUTO_APPROVE,0.0,0.0020562393196507946,ord_0038916,710900,captured,False
rr_0007753,cus_17df4606b9990f11,True,1943385,0.9989424935366435,0.999999,MANUAL_REVIEW,consistent,0.9999908324886693,MANUAL_REVIEW,0.44999999999999996,0.7875734963683473,ord_0038919,1784000,captured,True
rr_0007754,cus_ee9a3c9822e6285e,False,2954437,0.16316035771295784,0.08571428571428572,VERIFY,inconclusive,0.1048951048951049,RETURN_FIRST,0.1,0.6591204984780287,ord_0038921,3012000,captured,False
rr_0007755,cus_c8bf3069a2ce10f2,False,991354,0.0004345738206308483,1e-06,AUTO_APPROVE,consistent,1e-06,AUTO_APPROVE,0.1,0.004271463682003782,ord_0038928,4911200,captured,False
rr_0007756,cus_1ed84fc10339951a,False,1420851,0.0003436309669952577,1e-06,AUTO_APPROVE,consistent,1e-06,AUTO_APPROVE,0.0,0.004342105803733143,ord_0038933,2790500,captured,False
rr_0007757,cus_a5c417d88579d2e5,False,2417709,0.4129604193457616,0.12903225806451613,VERIFY,consistent,0.015903002651414404,AUTO_APPROVE,0.15,0.37590634882290075,ord_0038937,3013200,captured,False
rr_0007758,cus_9402a64a942d4be0,False,2082300,0.006179292034299474,1e-06,AUTO_APPROVE,consistent,1e-06,AUTO_APPROVE,0.0,0.11214351380062276,ord_0038942,2625000,captured,False
rr_0007759,cus_5fa24fa4ebcaa691,False,68016,0.00021754958550761428,1e-06,AUTO_APPROVE,consistent,1e-06,AUTO_APPROVE,0.0,3.401193667345295e-05,ord_0038946,298800,captured,False
rr_0007760,cus_5fa24fa4ebcaa691,False,151957,0.0006660003792407111,1e-06,AUTO_APPROVE,consistent,1e-06,AUTO_APPROVE,0.15,0.0006549862357404421,ord_0038947,442000,captured,False
rr_0007761,cus_86966cbc36a3af65,True,11634823,0.99940926406765,0.999999,MANUAL_REVIEW,inconsistent,0.999999,MANUAL_REVIEW,0.35,0.9713476232703112,ord_0038949,11447500,captured,True
rr_0007762,cus_423390a5b28575eb,False,263255,0.00048021181020380257,1e-06,AUTO_APPROVE,consistent,1e-06,AUTO_APPROVE,0.0,0.00026006200627103624,ord_0038956,930000,captured,False
rr_0007763,cus_f25ee0c3ecedeb80,False,1349008,0.00023958051452859473,1e-06,AUTO_APPROVE,consistent,1e-06,AUTO_APPROVE,0.1,0.0026044632865669043,ord_0038957,1971000,captured,False
rr_0007764,cus_5348a57510327efd,False,516017,0.00048126754749234206,1e-06,AUTO_APPROVE,consistent,1e-06,AUTO_APPROVE,0.0,0.014191916908800926,ord_0038959,1079000,captured,False
rr_0007765,cus_3f3144c2a7b41b27,False,717215,0.0005246692381385939,1e-06,AUTO_APPROVE,consistent,1e-06,AUTO_APPROVE,0.0,0.013496286349119329,ord_0038965,1471500,captured,False
rr_0007766,cus_5187b87a8c37ad94,False,63630,0.8181844473257515,0.5,VERIFY,consistent,0.09835176015736281,AUTO_APPROVE,0.15,0.564406750658376,ord_0038968,70600,captured,False
rr_0007767,cus_7655940a907ddb0b,False,2460117,0.00017186343973968725,1e-06,AUTO_APPROVE,consistent,1e-06,AUTO_APPROVE,0.2,0.07100557457218132,ord_0038972,3749000,captured,False
rr_0007768,cus_90fbf655fe58d625,False,2976241,0.0003928856273656161,1e-06,AUTO_APPROVE,consistent,1e-06,AUTO_APPROVE,0.1,0.0016177346136925634,ord_0038980,8076800,captured,False
rr_0007769,cus_bb7ff92a60b40f01,False,1206398,0.0005348032139893835,1e-06,AUTO_APPROVE,inconsistent,2.2897734911559113e-05,AUTO_APPROVE,0.0,0.0002902368528866893,ord_0038981,2144500,captured,False
rr_0007770,cus_859322cac246249f,False,140477,0.0005400889105746603,1e-06,AUTO_APPROVE,consistent,1e-06,AUTO_APPROVE,0.0,0.008996514824986833,ord_0038982,218500,captured,False
rr_0007771,cus_1d255cf94f6084d4,False,77004,0.0002446394917038136,1e-06,AUTO_APPROVE,consistent,1e-06,AUTO_APPROVE,0.0,0.001559555748393202,ord_0038984,124800,captured,False
rr_0007772,cus_fb9b54c933bb4db1,True,4914282,0.9822379545118425,0.999999,MANUAL_REVIEW,inconsistent,0.999999,MANUAL_REVIEW,0.4,0.9743996296887688,ord_0038989,6968000,captured,False
rr_0007773,cus_8da146c2486117eb,False,2401120,0.000557693643562859,1e-06,AUTO_APPROVE,consistent,1e-06,AUTO_APPROVE,0.0,0.02621923404881818,ord_0038990,4165800,captured,False
rr_0007774,cus_7d674e89493b7480,False,1132529,0.00027669638194682453,1e-06,AUTO_APPROVE,consistent,1e-06,AUTO_APPROVE,0.0,0.0002436437350320944,ord_0038994,3677800,captured,False
rr_0007775,cus_3cab0cfea41d0ef4,False,374423,0.00040452853082007965,1e-06,AUTO_APPROVE,consistent,1e-06,AUTO_APPROVE,0.30000000000000004,0.01225435811600909,ord_0038999,645600,captured,False
rr_0007776,cus_0f23a32da9097955,True,2091380,0.6501146176265097,0.17857142857142858,VERIFY,inconsistent,0.8327165442709169,RETURN_FIRST,0.15,0.8188687141858967,ord_0039006,2311800,captured,False
rr_0007777,cus_2589e42b80473522,False,1991843,0.027594246823865156,0.017857142857142856,AUTO_APPROVE,consistent,0.0019793465426276163,AUTO_APPROVE,0.0,0.03282073344627684,ord_0039017,2628000,captured,False
rr_0007778,cus_0f23a32da9097955,False,215303,0.000250654114800748,1e-06,AUTO_APPROVE,consistent,1e-06,AUTO_APPROVE,0.0,0.00014470143047740652,ord_0039018,696500,captured,False
rr_0007779,cus_e78f6a3ac3bc3c90,True,35888,0.037865007254159214,0.017857142857142856,AUTO_APPROVE,inconsistent,0.2939506388065649,AUTO_APPROVE,0.1,0.0687264800361526,ord_0039023,46800,captured,False
rr_0007780,cus_f431c9e9821e4485,False,9390061,0.06038870278780465,0.0392156862745098,AUTO_APPROVE,consistent,0.004432508937619314,AUTO_APPROVE,0.0,0.4322353353628616,ord_0039025,9675000,captured,False
rr_0007781,cus_39f3ab276aa51e3b,False,1374259,0.000312277628202647,1e-06,AUTO_APPROVE,consistent,1e-06,AUTO_APPROVE,0.0,0.03573181101148322,ord_0039031,2017800,captured,False
rr_0007782,cus_e1caada07903dc8e,False,162048,0.010092649209614666,0.017857142857142856,AUTO_APPROVE,consistent,0.0019793465426276163,AUTO_APPROVE,0.0,0.07569043698650559,ord_0039037,164000,captured,False
rr_0007783,cus_ea7c3b9ef8d51340,False,1575508,0.07857567124971276,0.0392156862745098,AUTO_APPROVE,consistent,0.004432508937619314,AUTO_APPROVE,0.0,0.11117448434078565,ord_0039043,1790000,captured,False
rr_0007784,cus_d0d98897d2550be4,False,3320279,0.0783654289499889,0.0392156862745098,AUTO_APPROVE,inconsistent,0.48310313006980515,AUTO_APPROVE,0.0,0.12897695544127685,ord_0039047,3920600,captured,False
rr_0007785,cus_39809b79e6767cf7,False,348811,0.000317425776238917,1e-06,AUTO_APPROVE,consistent,1e-06,AUTO_APPROVE,0.1,0.0001172725319248849,ord_0039048,1291500,captured,False
rr_0007786,cus_b5e85491d65e3746,False,2222640,0.0009874701320901342,1e-06,AUTO_APPROVE,consistent,1e-06,AUTO_APPROVE,0.15,0.14054734852411097,ord_0039051,3446200,captured,False
rr_0007787,cus_db79016bd6d0f9a5,False,904200,0.0001903511142041919,1e-06,AUTO_APPROVE,consistent,1e-06,AUTO_APPROVE,0.1,5.6617909141894556e-05,ord_0039053,3274800,captured,False
rr_0007788,cus_4f607a827b4672f9,False,32390987,0.31909164993551287,0.12903225806451613,VERIFY,consistent,0.015903002651414404,AUTO_APPROVE,0.1,0.1502455674625327,ord_0039055,36516000,captured,False
rr_0007789,cus_be31a7cf7fb01d2c,False,2522368,0.024021870612487388,0.017857142857142856,AUTO_APPROVE,consistent,0.0019793465426276163,AUTO_APPROVE,0.0,0.81210452436377,ord_0039061,2616800,captured,False
rr_0007790,cus_a4a9bd3617f31abc,False,34594316,0.0015559004435417205,1e-06,AUTO_APPROVE,consistent,1e-06,AUTO_APPROVE,0.0,0.11116396889867329,ord_0039066,47890200,captured,False
rr_0007791,cus_8ee2910a5afabfcb,True,1211141,0.5878869777340803,0.17857142857142858,VERIFY,inconsistent,0.8327165442709169,RETURN_FIRST,0.65,0.993525465942855,ord_0039067,1231500,captured,False
rr_0007792,cus_e4372a665a04e0a1,False,2677721,0.045451906659678555,0.017857142857142856,AUTO_APPROVE,consistent,0.0019793465426276163,AUTO_APPROVE,0.1,0.7404463874951355,ord_0039068,2836400,captured,False
rr_0007793,cus_e278fecceb866edf,False,273410,0.4000981536341213,0.12903225806451613,VERIFY,consistent,0.015903002651414404,AUTO_APPROVE,0.65,0.2247134628064273,ord_0039071,341200,captured,False
rr_0007794,cus_e278fecceb866edf,False,374065,0.0004333988272538936,1e-06,AUTO_APPROVE,consistent,1e-06,AUTO_APPROVE,0.5,0.0003287500899356771,ord_0039072,782200,captured,False
rr_0007795,cus_7e1ab8da43f885c9,False,870742,0.0002206501172646441,1e-06,AUTO_APPROVE,consistent,1e-06,AUTO_APPROVE,0.0,0.0035212259438903368,ord_0039082,2883600,captured,False
rr_0007796,cus_96045bcde49cc135,False,6142750,0.16704259198645535,0.08571428571428572,VERIFY,consistent,0.010122729367085073,AUTO_APPROVE,0.5,0.047931606519509694,ord_0039102,7607100,captured,False
rr_0007797,cus_7f4ce92982bda180,False,24123730,0.16107677714181393,0.08571428571428572,VERIFY,consistent,0.010122729367085073,AUTO_APPROVE,0.0,0.4605877751059467,ord_0039106,27393800,captured,False
rr_0007798,cus_baae9a5de2847645,True,1440270,0.5548154310635603,0.17857142857142858,VERIFY,inconsistent,0.8327165442709169,RETURN_FIRST,0.15,0.6850601679905659,ord_0039108,1692000,captured,False
rr_0007799,cus_89c6f573cbd537b6,True,3007218,0.9991473147005723,0.999999,MANUAL_REVIEW,inconsistent,0.999999,MANUAL_REVIEW,0.35,0.9893193995771606,ord_0039114,2860100,captured,True
rr_0007800,cus_65d52cb3add8840d,False,451349,0.00032885479690381416,1e-06,AUTO_APPROVE,consistent,1e-06,AUTO_APPROVE,0.0,0.009324175046328058,ord_0039116,1175400,captured,False
rr_0007801,cus_0312dc3fdc4fbb69,True,1492132,0.03049903922383714,0.017857142857142856,AUTO_APPROVE,inconsistent,0.2939506388065649,AUTO_APPROVE,0.0,0.20678824386558634,ord_0039119,1638500,captured,False
rr_0007802,cus_e3a4718f88e2057b,False,922110,0.0004033174213755565,1e-06,AUTO_APPROVE,consistent,1e-06,AUTO_APPROVE,0.0,0.09342421693964284,ord_0039125,1601800,captured,False
rr_0007803,cus_5c755d61a13b17df,True,2605718,0.3769357757015197,0.12903225806451613,VERIFY,inconsistent,0.7723304710434816,RETURN_FIRST,0.15,0.7445341219414942,ord_0039129,3275100,captured,False
rr_0007804,cus_da27f1a90865d351,False,514393,0.0002850269654496711,1e-06,AUTO_APPROVE,inconclusive,1.2499996875000778e-06,AUTO_APPROVE,0.0,0.00907248086280841,ord_0039134,842400,captured,False
rr_0007805,cus_5f8e768ebc1a44f4,True,1689710,0.97539597209154,0.999999,MANUAL_REVIEW,inconsistent,0.999999,MANUAL_REVIEW,0.3,0.932200343494718,ord_0039141,2064500,captured,False
rr_0007806,cus_1ce2e32638149406,False,28467574,0.039491538371194145,0.017857142857142856,AUTO_APPROVE,inconclusive,0.022222222222222223,AUTO_APPROVE,0.0,0.1007377428207189,ord_0039142,39825500,captured,False
rr_0007807,cus_71e81b34d14042fe,False,301042,0.01786317634868133,0.017857142857142856,AUTO_APPROVE,consistent,0.0019793465426276163,AUTO_APPROVE,0.0,0.05409542660527935,ord_0039147,320700,captured,False
rr_0007808,cus_1b3403efa26bfa5b,False,2223616,9.059524052721064e-05,1e-06,AUTO_APPROVE,consistent,1e-06,AUTO_APPROVE,0.5,2.1891394914339915e-05,ord_0039156,4829600,captured,False
rr_0007809,cus_88e8be9a398b893c,False,22836641,0.0003476088531095593,1e-06,AUTO_APPROVE,consistent,1e-06,AUTO_APPROVE,0.15,0.006097355244435221,ord_0039157,67690600,captured,False
rr_0007810,cus_aa7a096dbf7bb4ad,True,33053175,0.9987871573834944,0.999999,MANUAL_REVIEW,inconsistent,0.999999,MANUAL_REVIEW,0.35,0.9928364317894223,ord_0039161,31271800,captured,True
rr_0007811,cus_47f02979a70fcafc,True,575089,0.9989889190905025,0.999999,MANUAL_REVIEW,inconsistent,0.999999,MANUAL_REVIEW,0.35,0.9988521422722516,ord_0039164,560000,captured,True
rr_0007812,cus_9f7042f156349c78,False,6483552,0.0006363566896172465,1e-06,AUTO_APPROVE,consistent,1e-06,AUTO_APPROVE,0.25,0.09428115251672341,ord_0039165,13191600,captured,False
rr_0007813,cus_95df1aafa4aa1188,False,7655858,0.0014337357968541747,1e-06,AUTO_APPROVE,consistent,1e-06,AUTO_APPROVE,0.0,0.010047709097133923,ord_0039169,9912000,captured,False
rr_0007814,cus_1538a300bc8219c7,True,2376909,0.9989653257358543,0.999999,MANUAL_REVIEW,inconsistent,0.999999,MANUAL_REVIEW,0.35,0.9788312342214146,ord_0039173,2205800,captured,True
rr_0007815,cus_83dd3d2680c812c1,False,803787,0.5949728732918468,0.17857142857142858,VERIFY,consistent,0.02316375335874424,AUTO_APPROVE,0.15,0.2012364382855332,ord_0039175,1096800,captured,False
rr_0007816,cus_f96473bafb6d975c,False,8650500,0.04289601099224438,0.017857142857142856,AUTO_APPROVE,consistent,0.0019793465426276163,AUTO_APPROVE,0.0,0.25814489704915133,ord_0039181,10753600,captured,False
rr_0007817,cus_9b20b4be838ec9ae,True,2590312,0.9993991113803035,0.999999,MANUAL_REVIEW,inconsistent,0.999999,MANUAL_REVIEW,0.5,0.9905091110282829,ord_0039182,2515900,captured,True
rr_0007818,cus_56a08e1442441ffb,False,637841,0.08670727189401402,0.0392156862745098,AUTO_APPROVE,consistent,0.004432508937619314,AUTO_APPROVE,0.0,0.33358138365703077,ord_0039185,755100,captured,False
rr_0007819,cus_436ef3dad5cec208,False,1254835,0.0011321297819595448,1e-06,AUTO_APPROVE,consistent,1e-06,AUTO_APPROVE,0.35,0.004658970638245689,ord_0039187,4029600,captured,False
rr_0007820,cus_ef2a12a0d3c9b74f,False,2511329,0.007770833762216593,1e-06,AUTO_APPROVE,consistent,1e-06,AUTO_APPROVE,0.0,0.00611958603829238,ord_0039191,3022800,captured,False
rr_0007821,cus_817c7d4e99e1e7fe,False,3581364,0.0530203247914534,0.017857142857142856,AUTO_APPROVE,consistent,0.0019793465426276163,AUTO_APPROVE,0.0,0.08368451810826469,ord_0039200,3737400,captured,False
rr_0007822,cus_79c27e2b93dc169c,False,21444896,0.22178827371777562,0.08571428571428572,VERIFY,consistent,0.010122729367085073,AUTO_APPROVE,0.25,0.6844928068869135,ord_0039207,22515100,captured,False
rr_0007823,cus_bbee854bf075d573,False,274521,0.00031140101582162943,1e-06,AUTO_APPROVE,consistent,1e-06,AUTO_APPROVE,0.0,3.895221197765923e-05,ord_0039210,1127600,captured,False
rr_0007824,cus_3ce7abedb0143a18,False,341633,0.0010194407031518889,1e-06,AUTO_APPROVE,consistent,1e-06,AUTO_APPROVE,0.1,0.019184114127027006,ord_0039228,679300,captured,False
rr_0007825,cus_bc44fcf148237a1a,False,1227186,0.006661080386224101,1e-06,AUTO_APPROVE,consistent,1e-06,AUTO_APPROVE,0.0,0.01875105705451641,ord_0039242,1731500,captured,False
rr_0007826,cus_30d23c47a38f645f,False,374339,0.056221192115979826,0.017857142857142856,AUTO_APPROVE,consistent,0.0019793465426276163,AUTO_APPROVE,0.0,0.38238489061200076,ord_0039248,412500,captured,False
rr_0007827,cus_769380570c4e2b98,True,2240163,0.9768838256034547,0.999999,MANUAL_REVIEW,inconsistent,0.999999,MANUAL_REVIEW,0.3,0.9749610321080782,ord_0039250,2662600,captured,False
rr_0007828,cus_c48f18ae49a5eabd,False,396663,0.00035109430804553763,1e-06,AUTO_APPROVE,consistent,1e-06,AUTO_APPROVE,0.0,0.0007398194290308161,ord_0039252,1485400,captured,False
rr_0007829,cus_4002e7df3360a689,False,1507387,8.128907937733308e-05,1e-06,AUTO_APPROVE,consistent,1e-06,AUTO_APPROVE,0.0,0.004551531284879619,ord_0039254,2296200,captured,False
rr_0007830,cus_bab2fdcb8dc78160,False,2055783,0.0002748880216590622,1e-06,AUTO_APPROVE,consistent,1e-06,AUTO_APPROVE,0.0,0.010301345666246053,ord_0039256,3047000,captured,False
rr_0007831,cus_be026aa05de3dc0e,False,7873272,0.013783126609805957,0.017857142857142856,AUTO_APPROVE,consistent,0.0019793465426276163,AUTO_APPROVE,0.0,0.023323880805323792,ord_0039261,11217900,captured,False
rr_0007832,cus_349b44b3867c6a11,False,995295,0.0002861198790740765,1e-06,AUTO_APPROVE,consistent,1e-06,AUTO_APPROVE,0.0,0.010166952849889756,ord_0039263,1646800,captured,False
rr_0007833,cus_24f928bcd93b170c,False,2954486,0.0001431107725631554,1e-06,AUTO_APPROVE,consistent,1e-06,AUTO_APPROVE,0.30000000000000004,0.001807722862323452,ord_0039265,5457800,captured,False
rr_0007834,cus_f2b3f89fc8b0db47,False,1012620,0.06267166373028418,0.0392156862745098,AUTO_APPROVE,inconclusive,0.04854368932038835,AUTO_APPROVE,0.1,0.028130183369581556,ord_0039268,1138800,captured,False
rr_0007835,cus_661eb23a53d0fe4d,False,5176966,0.035458825160522366,0.017857142857142856,AUTO_APPROVE,consistent,0.0019793465426276163,AUTO_APPROVE,0.1,0.7471825189892856,ord_0039271,5259000,captured,False
rr_0007836,cus_4beca9e3b90ed4f2,False,2438031,0.08165292297749943,0.0392156862745098,AUTO_APPROVE,inconclusive,0.04854368932038835,AUTO_APPROVE,0.30000000000000004,0.00876922752531654,ord_0039280,3008400,captured,False
rr_0007837,cus_08d0ea28e49e042b,False,2892260,0.2535466956852546,0.09380675293281515,VERIFY,consistent,0.011165594414427537,AUTO_APPROVE,0.25,0.856466162163741,ord_0039281,2895200,captured,False
rr_0007838,cus_55ed08bff931f678,False,3714672,0.009677697073301569,0.017857142857142856,AUTO_APPROVE,consistent,0.0019793465426276163,AUTO_APPROVE,0.1,0.17394178239607472,ord_0039282,4225200,captured,False
rr_0007839,cus_57c85f4e7b6a4ca2,False,44084340,0.00026226982220507126,1e-06,AUTO_APPROVE,consistent,1e-06,AUTO_APPROVE,0.0,0.008066442964037652,ord_0039283,72257800,captured,False
rr_0007840,cus_dd40372984717f05,False,1965872,0.0006092877772909821,1e-06,AUTO_APPROVE,consistent,1e-06,AUTO_APPROVE,0.15,0.05520920379575508,ord_0039284,3629100,captured,False
rr_0007841,cus_2d25a5b52f0d9fc4,False,9357162,0.07386123081415644,0.0392156862745098,AUTO_APPROVE,consistent,0.004432508937619314,AUTO_APPROVE,0.0,0.021002196480978196,ord_0039285,12746900,captured,False
rr_0007842,cus_7336e97f200b1ec7,False,3200783,0.04986516321738821,0.017857142857142856,AUTO_APPROVE,consistent,0.0019793465426276163,AUTO_APPROVE,0.1,0.27912414629923954,ord_0039286,3939200,captured,False
rr_0007843,cus_895fc8a71bd84ca3,False,1095017,0.00021790560263136848,1e-06,AUTO_APPROVE,consistent,1e-06,AUTO_APPROVE,0.0,0.00042725316449476525,ord_0039288,2770200,captured,False
rr_0007844,cus_01e6afbd82a821ef,False,2865802,0.044277684704111094,0.017857142857142856,AUTO_APPROVE,consistent,0.0019793465426276163,AUTO_APPROVE,0.0,0.07342451694822459,ord_0039290,3619700,captured,False
rr_0007845,cus_a69605df927e62d8,False,682833,0.0001549577435205272,1e-06,AUTO_APPROVE,consistent,1e-06,AUTO_APPROVE,0.0,0.001295997992427847,ord_0039296,1224600,captured,False
rr_0007846,cus_e807d918e87bfa0f,False,2507468,0.0002943032396611216,1e-06,AUTO_APPROVE,consistent,1e-06,AUTO_APPROVE,0.1,0.005110908690602994,ord_0039297,4648800,captured,False
rr_0007847,cus_8b52ee0e6a41ba91,True,4128320,0.6488531129611714,0.17857142857142858,VERIFY,inconsistent,0.8327165442709169,RETURN_FIRST,0.15,0.7725458499308641,ord_0039298,4773300,captured,False
rr_0007848,cus_7f9d8a6205c36489,False,3318763,0.00025695475004060975,1e-06,AUTO_APPROVE,consistent,1e-06,AUTO_APPROVE,0.5,0.00026478520885677293,ord_0039301,6185100,captured,False
rr_0007849,cus_68a311afd18da879,False,1860100,0.0002912517833480984,1e-06,AUTO_APPROVE,consistent,1e-06,AUTO_APPROVE,0.0,0.00022283787966378437,ord_0039302,4749500,captured,False
rr_0007850,cus_17b44ca66f03d834,True,559196,0.9985262085245618,0.999999,MANUAL_REVIEW,inconsistent,0.999999,MANUAL_REVIEW,0.35,0.9916510404372936,ord_0039307,511800,captured,True
rr_0007851,cus_4e6d6f12a4fb2590,False,1034482,0.00020312753629344777,1e-06,AUTO_APPROVE,consistent,1e-06,AUTO_APPROVE,0.0,0.0021962705782121016,ord_0039309,1794000,captured,False
rr_0007852,cus_592a9ab458ead5a8,False,6613433,0.008474489944660065,1e-06,AUTO_APPROVE,consistent,1e-06,AUTO_APPROVE,0.0,0.18750680254403698,ord_0039312,8624900,captured,False
rr_0007853,cus_e278fecceb866edf,False,48524,0.015791319504219282,0.017857142857142856,AUTO_APPROVE,consistent,0.0019793465426276163,AUTO_APPROVE,0.5,0.0682865404614068,ord_0039313,54500,captured,False
rr_0007854,cus_529a84c76f2f892c,False,68570,0.00047984253824366493,1e-06,AUTO_APPROVE,consistent,1e-06,AUTO_APPROVE,0.0,0.009212920076860217,ord_0039314,165300,captured,False
rr_0007855,cus_1647b4f31a5a140b,False,185815,0.011514691381649941,0.017857142857142856,AUTO_APPROVE,consistent,0.0019793465426276163,AUTO_APPROVE,0.0,0.38165589498362024,ord_0039321,229400,captured,False
rr_0007856,cus_738c936f0c5d3903,True,7505300,0.9988649862350234,0.999999,MANUAL_REVIEW,inconsistent,0.999999,MANUAL_REVIEW,0.44999999999999996,0.9962460836659164,ord_0039327,6762000,captured,True
rr_0007857,cus_1dbecf9720e2b88c,True,609250,0.4229463908724272,0.12903225806451613,VERIFY,inconsistent,0.7723304710434816,RETURN_FIRST,0.25,0.9858298603476984,ord_0039330,813600,captured,False
rr_0007858,cus_1dbecf9720e2b88c,False,2248761,0.00012896125554177408,1e-06,AUTO_APPROVE,inconclusive,1.2499996875000778e-06,AUTO_APPROVE,0.5,0.00024055180361337472,ord_0039331,7200000,captured,False
rr_0007859,cus_1dbecf9720e2b88c,False,1073028,0.2801574720317488,0.12903225806451613,VERIFY,consistent,0.015903002651414404,AUTO_APPROVE,0.65,0.9096429156739144,ord_0039332,1293600,captured,False
rr_0007860,cus_7e46d1b3b872f86f,False,223445,0.03643850778680473,0.017857142857142856,AUTO_APPROVE,consistent,0.0019793465426276163,AUTO_APPROVE,0.1,0.5543218719116363,ord_0039336,249600,captured,False
rr_0007861,cus_e86b0ff05d0fcf5b,False,13826358,0.3162984279844569,0.12903225806451613,VERIFY,consistent,0.015903002651414404,AUTO_APPROVE,0.25,0.5541702046302385,ord_0039337,18526800,captured,False
rr_0007862,cus_d2f094e3de03fcc0,False,5043638,0.0006311865419634723,1e-06,AUTO_APPROVE,consistent,1e-06,AUTO_APPROVE,0.15,0.07741863818201974,ord_0039338,9754300,captured,False
rr_0007863,cus_ccad6c8cb1074273,False,713685,0.0010534927952741354,1e-06,AUTO_APPROVE,consistent,1e-06,AUTO_APPROVE,0.15,0.04081406586671582,ord_0039362,1987600,captured,False
rr_0007864,cus_0053b6c5c83a4b7d,False,2098285,0.0007593989900628703,1e-06,AUTO_APPROVE,consistent,1e-06,AUTO_APPROVE,0.25,0.12066048072920645,ord_0039364,3098400,captured,False
rr_0007865,cus_61b930cd798781c4,False,995467,0.3904451138597009,0.12903225806451613,VERIFY,consistent,0.015903002651414404,AUTO_APPROVE,0.0,0.5247043091074104,ord_0039367,1083300,captured,False
rr_0007866,cus_df3483b03bdfbd49,False,2775295,0.00012822823626495262,1e-06,AUTO_APPROVE,consistent,1e-06,AUTO_APPROVE,0.0,0.0004583775046514911,ord_0039372,5384600,captured,False
rr_0007867,cus_621e861ae8070e4d,True,2944990,0.9989241991612136,0.999999,MANUAL_REVIEW,inconsistent,0.999999,MANUAL_REVIEW,0.44999999999999996,0.9011350121660806,ord_0039373,2649900,captured,True
rr_0007868,cus_7f9d8a6205c36489,False,352275,0.00019776312312717113,1e-06,AUTO_APPROVE,consistent,1e-06,AUTO_APPROVE,0.5,0.00015220634253991277,ord_0039376,1137900,captured,False
rr_0007869,cus_03c22028e6537667,False,417903,0.0003331663721576087,1e-06,AUTO_APPROVE,consistent,1e-06,AUTO_APPROVE,0.0,1.1028255109202379e-05,ord_0039382,1920800,captured,False
rr_0007870,cus_3b7e5006d9899837,False,81235,0.00029486175226642883,1e-06,AUTO_APPROVE,consistent,1e-06,AUTO_APPROVE,0.0,0.013084182560141369,ord_0039383,165000,captured,False
rr_0007871,cus_208850eadcb4489c,False,1506952,0.0006673987867656841,1e-06,AUTO_APPROVE,consistent,1e-06,AUTO_APPROVE,0.1,0.0002686603024377946,ord_0039395,6608400,captured,False
rr_0007872,cus_df921be8d7056452,False,1931099,0.00036233881092564816,1e-06,AUTO_APPROVE,consistent,1e-06,AUTO_APPROVE,0.44999999999999996,0.013256556672250772,ord_0039423,3312800,captured,False
rr_0007873,cus_c374ccfed85b2e89,False,3032733,0.0055375024536002794,1e-06,AUTO_APPROVE,consistent,1e-06,AUTO_APPROVE,0.1,0.11476828643632885,ord_0039431,3394500,captured,False
rr_0007874,cus_73b3e98831085594,False,1734920,0.038312334972797873,0.017857142857142856,AUTO_APPROVE,consistent,0.0019793465426276163,AUTO_APPROVE,0.0,0.16060340753989438,ord_0039432,2072800,captured,False
rr_0007875,cus_9f8a5b103147aeed,False,8018328,0.03295863893405902,0.017857142857142856,AUTO_APPROVE,consistent,0.0019793465426276163,AUTO_APPROVE,0.0,0.4629968151418645,ord_0039435,8632000,captured,False
rr_0007876,cus_0f822858f6326c41,False,2364597,0.026524955334076495,0.017857142857142856,AUTO_APPROVE,consistent,0.0019793465426276163,AUTO_APPROVE,0.1,0.31514797861642546,ord_0039436,3048000,captured,False
rr_0007877,cus_edc2cda0ba95f4e1,False,2770824,0.0003073167487522705,1e-06,AUTO_APPROVE,consistent,1e-06,AUTO_APPROVE,0.15,0.06051026526863668,ord_0039453,6356800,captured,False
rr_0007878,cus_97e181905b26fe22,False,1211231,0.00019448453566170323,1e-06,AUTO_APPROVE,consistent,1e-06,AUTO_APPROVE,0.0,0.0015047615636331307,ord_0039458,2855800,captured,False
rr_0007879,cus_291eeeb467397d11,True,2654323,0.056612500961479954,0.017857142857142856,AUTO_APPROVE,consistent,0.0019793465426276163,AUTO_APPROVE,0.0,0.3778786001656252,ord_0039461,3613500,captured,False
rr_0007880,cus_83e772de67ebf69a,True,2235569,0.005942685925008564,1e-06,AUTO_APPROVE,inconsistent,2.2897734911559113e-05,AUTO_APPROVE,0.0,0.04028578858824933,ord_0039468,2793700,captured,False
rr_0007881,cus_12c4909d90e15016,False,36971,0.0003753438437453399,1e-06,AUTO_APPROVE,consistent,1e-06,AUTO_APPROVE,0.0,0.002057772704325427,ord_0039473,79500,captured,False
rr_0007882,cus_a061fb52f47f96c1,False,287128,0.00035941308809388277,1e-06,AUTO_APPROVE,consistent,1e-06,AUTO_APPROVE,0.0,2.63777350140694e-05,ord_0039480,1240100,captured,False
rr_0007883,cus_7688d4740e78cfaf,False,528507,0.0002490203907385373,1e-06,AUTO_APPROVE,consistent,1e-06,AUTO_APPROVE,0.0,0.0023896544264485025,ord_0039484,963000,captured,False
rr_0007884,cus_8ed586ff62da32b4,False,1611123,0.0003447570420375149,1e-06,AUTO_APPROVE,inconclusive,1.2499996875000778e-06,AUTO_APPROVE,0.0,0.007409266658571863,ord_0039490,3107300,captured,False
rr_0007885,cus_23a61b67491013ec,False,5276171,0.0003046516601189178,1e-06,AUTO_APPROVE,consistent,1e-06,AUTO_APPROVE,0.1,0.011675614983057405,ord_0039492,7780400,captured,False
rr_0007886,cus_9d5ea351c025cb7b,False,748685,0.00014476914128826177,1e-06,AUTO_APPROVE,consistent,1e-06,AUTO_APPROVE,0.0,9.900207900406065e-06,ord_0039498,3694400,captured,False
rr_0007887,cus_f969b09914d56a16,False,853061,0.0003328305512059638,1e-06,AUTO_APPROVE,consistent,1e-06,AUTO_APPROVE,0.0,0.0032638576487901685,ord_0039499,1949800,captured,False
rr_0007888,cus_6246907736ba5214,False,3301929,0.0002298487913180055,1e-06,AUTO_APPROVE,consistent,1e-06,AUTO_APPROVE,0.0,0.004968058829969901,ord_0039500,6152800,captured,False
rr_0007889,cus_97106dce06396733,False,300362,0.0004092983167201398,1e-06,AUTO_APPROVE,consistent,1e-06,AUTO_APPROVE,0.0,0.0002387106058157529,ord_0039502,1218000,captured,False
rr_0007890,cus_2c5059a743d5675a,False,1370453,0.0006591300845117716,1e-06,AUTO_APPROVE,consistent,1e-06,AUTO_APPROVE,0.15,0.4061195375516114,ord_0039506,2029500,captured,False
rr_0007891,cus_e88cd56a8ada1634,False,1433953,0.000208368473528005,1e-06,AUTO_APPROVE,consistent,1e-06,AUTO_APPROVE,0.0,0.00033095199400786263,ord_0039509,3231000,captured,False
rr_0007892,cus_943b2e85c51813fd,False,41147,0.022702315340490192,0.017857142857142856,AUTO_APPROVE,consistent,0.0019793465426276163,AUTO_APPROVE,0.2,0.253139463932967,ord_0039512,50000,captured,False
rr_0007893,cus_91a105a787589284,False,904744,0.04699697022993929,0.017857142857142856,AUTO_APPROVE,inconclusive,0.022222222222222223,AUTO_APPROVE,0.0,0.027705307742341943,ord_0039513,1168400,captured,False
rr_0007894,cus_6a125244c99f716c,False,2714980,0.0004801917510942166,1e-06,AUTO_APPROVE,consistent,1e-06,AUTO_APPROVE,0.15,0.0005548401423837565,ord_0039521,7551200,captured,False
rr_0007895,cus_d02064fe3c78433b,False,447229,0.014092420430416624,0.017857142857142856,AUTO_APPROVE,consistent,0.0019793465426276163,AUTO_APPROVE,0.0,0.03632277103823463,ord_0039522,527400,captured,False
rr_0007896,cus_60e9fde12b9d589b,False,8453279,0.00033495862443760205,1e-06,AUTO_APPROVE,consistent,1e-06,AUTO_APPROVE,0.0,0.0031880142337525046,ord_0039523,18548300,captured,False
rr_0007897,cus_184306e1b0030e56,False,1650761,0.07445489877261394,0.0392156862745098,AUTO_APPROVE,consistent,0.004432508937619314,AUTO_APPROVE,0.0,0.5703654273336211,ord_0039529,1780400,captured,False
rr_0007898,cus_42edadb0c5725213,True,1555539,0.9993313005785505,0.999999,MANUAL_REVIEW,inconsistent,0.999999,MANUAL_REVIEW,0.35,0.9974333144340726,ord_0039534,1470100,captured,True
rr_0007899,cus_1647b4f31a5a140b,False,1963662,0.0003000768696585514,1e-06,AUTO_APPROVE,consistent,1e-06,AUTO_APPROVE,0.0,0.00023620299094367735,ord_0039542,4465700,captured,False
rr_0007900,cus_a4408217b0823832,False,838872,0.0004056185746518278,1e-06,AUTO_APPROVE,consistent,1e-06,AUTO_APPROVE,0.0,0.0014803673487842122,ord_0039543,2152500,captured,False
rr_0007901,cus_642ad14c322068dc,False,2096961,0.00017719454863183526,1e-06,AUTO_APPROVE,inconsistent,2.2897734911559113e-05,AUTO_APPROVE,0.0,0.00020804704610889523,ord_0039547,7758400,captured,False
rr_0007902,cus_d9f1e5ed7aa79e68,False,95020,0.0003190838977303372,1e-06,AUTO_APPROVE,consistent,1e-06,AUTO_APPROVE,0.0,0.0005606912962359975,ord_0039549,220500,captured,False
rr_0007903,cus_ec31df8c6a2b38d9,False,16583572,0.00019569563212371266,1e-06,AUTO_APPROVE,consistent,1e-06,AUTO_APPROVE,0.2,0.00029844590933485713,ord_0039560,54019800,captured,False
rr_0007904,cus_75466ed9e3f6a6ef,False,1828412,0.000130886340089331,1e-06,AUTO_APPROVE,consistent,1e-06,AUTO_APPROVE,0.2,0.0017358204992674593,ord_0039565,3783600,captured,False
rr_0007905,cus_8ed8505388ad5324,False,4344276,0.6422322629989077,0.17857142857142858,VERIFY,consistent,0.02316375335874424,AUTO_APPROVE,0.1,0.03304154718621023,ord_0039574,5910100,captured,False
rr_0007906,cus_8011f5708a372f7a,False,2412299,0.07403876882656035,0.0392156862745098,AUTO_APPROVE,consistent,0.004432508937619314,AUTO_APPROVE,0.0,0.0544189358420036,ord_0039582,3289500,captured,False
rr_0007907,cus_3e0fcf127489d5e3,False,1834992,0.00017151072050522172,1e-06,AUTO_APPROVE,consistent,1e-06,AUTO_APPROVE,0.0,0.02848947480962074,ord_0039588,3907100,captured,False
rr_0007908,cus_39fa4d648842ffb1,False,22386,0.000382549594277252,1e-06,AUTO_APPROVE,consistent,1e-06,AUTO_APPROVE,0.0,0.00030943796602150446,ord_0039596,67000,captured,False
rr_0007909,cus_c15495da300dce65,False,4143999,0.13337238328419648,0.0392156862745098,AUTO_APPROVE,inconsistent,0.48310313006980515,AUTO_APPROVE,0.1,0.48934572195408216,ord_0039601,5075500,captured,False
rr_0007910,cus_abae2bc1bfe2e15e,False,4458456,0.17301043523067322,0.08571428571428572,VERIFY,inconsistent,0.6822077314739403,RETURN_FIRST,0.0,0.5184591087699093,ord_0039603,5349600,captured,False
rr_0007911,cus_9a06d6c5496eb6c2,False,29852,0.0002635147501974287,1e-06,AUTO_APPROVE,consistent,1e-06,AUTO_APPROVE,0.0,0.0033665528344917458,ord_0039607,45400,captured,False
rr_0007912,cus_b6b48214824947e7,False,3104118,0.17551630359860854,0.08571428571428572,VERIFY,consistent,0.010122729367085073,AUTO_APPROVE,0.0,0.5809285856248896,ord_0039621,3190800,captured,False
rr_0007913,cus_f573a28e1fe34845,False,460866,0.00034462233040343334,1e-06,AUTO_APPROVE,inconsistent,2.2897734911559113e-05,AUTO_APPROVE,0.0,0.00039357609873876437,ord_0039626,2004500,captured,False
rr_0007914,cus_d6900b4aa7ea41f1,False,91488,0.7719504366856493,0.5,VERIFY,consistent,0.09835176015736281,AUTO_APPROVE,0.15,0.7483842358961351,ord_0039627,99500,captured,False
rr_0007915,cus_be06ccf843d11196,False,2595509,0.0004246977979779842,1e-06,AUTO_APPROVE,consistent,1e-06,AUTO_APPROVE,0.0,0.0005439491031071662,ord_0039634,4971100,captured,False
rr_0007916,cus_be06ccf843d11196,False,247726,0.026229293950847124,0.017857142857142856,AUTO_APPROVE,consistent,0.0019793465426276163,AUTO_APPROVE,0.0,0.2696821870856557,ord_0039635,312000,captured,False
rr_0007917,cus_e86b0ff05d0fcf5b,True,5640595,0.4403337014172026,0.12903225806451613,VERIFY,inconsistent,0.7723304710434816,RETURN_FIRST,0.25,0.9058969769479073,ord_0039638,7910400,captured,False
rr_0007918,cus_b768bd1805c16f78,False,460988,0.0003472919270550231,1e-06,AUTO_APPROVE,consistent,1e-06,AUTO_APPROVE,0.0,0.006455637953221091,ord_0039643,1161000,captured,False
rr_0007919,cus_478cae824a9c109c,False,104940,0.00020503649449950284,1e-06,AUTO_APPROVE,consistent,1e-06,AUTO_APPROVE,0.0,0.00025142952540451255,ord_0039644,330000,captured,False
rr_0007920,cus_334f1bae790ae36f,False,6756146,0.1647408560403704,0.08571428571428572,VERIFY,consistent,0.010122729367085073,AUTO_APPROVE,0.0,0.37753093429179124,ord_0039661,7303800,captured,False
rr_0007921,cus_6856342b22c510a7,False,4103370,0.03704969009206488,0.017857142857142856,AUTO_APPROVE,consistent,0.0019793465426276163,AUTO_APPROVE,0.0,0.06463516641168107,ord_0039664,4719000,captured,False
rr_0007922,cus_35c70a8f20fd48e9,False,820332,0.00033424025036225797,1e-06,AUTO_APPROVE,consistent,1e-06,AUTO_APPROVE,0.0,0.0001492227258845107,ord_0039670,4051300,captured,False
rr_0007923,cus_fb86ee95ed6c7675,False,2540660,0.03774201986139137,0.017857142857142856,AUTO_APPROVE,consistent,0.0019793465426276163,AUTO_APPROVE,0.0,0.24243637624311828,ord_0039675,3487200,captured,False
rr_0007924,cus_d174b22a46105d54,False,479908,0.0003317832774360035,1e-06,AUTO_APPROVE,consistent,1e-06,AUTO_APPROVE,0.5,3.148433406593743e-05,ord_0039682,2161900,captured,False
rr_0007925,cus_40d0615e206c6c75,False,3561653,0.09883602621400395,0.0392156862745098,AUTO_APPROVE,consistent,0.004432508937619314,AUTO_APPROVE,0.5,0.04442292257447183,ord_0039683,4293600,captured,False
rr_0007926,cus_da70530400656c36,False,828359,0.00014060292670171678,1e-06,AUTO_APPROVE,consistent,1e-06,AUTO_APPROVE,0.0,0.000295965211177462,ord_0039703,3900900,captured,False
rr_0007927,cus_b0d1dbf080bf1368,False,2904926,8.805213193975471e-05,1e-06,AUTO_APPROVE,consistent,1e-06,AUTO_APPROVE,0.0,0.0003604145519091374,ord_0039708,7066400,captured,False
rr_0007928,cus_db95da80e5ed904d,False,2062437,0.000666212660047452,1e-06,AUTO_APPROVE,inconsistent,2.2897734911559113e-05,AUTO_APPROVE,0.0,0.45784179611866826,ord_0039709,2103500,captured,False
rr_0007929,cus_8cf76b22c2560fac,False,343402,0.0007663947676514902,1e-06,AUTO_APPROVE,consistent,1e-06,AUTO_APPROVE,0.15,0.0014986983102438039,ord_0039713,1242000,captured,False
rr_0007930,cus_c50a51d8e904625d,False,5241292,0.07843854078894757,0.0392156862745098,AUTO_APPROVE,consistent,0.004432508937619314,AUTO_APPROVE,0.0,0.7415608885417785,ord_0039715,5290400,captured,False
rr_0007931,cus_85aec5d2f3a81676,False,5382662,0.19139129254498533,0.08571428571428572,VERIFY,consistent,0.010122729367085073,AUTO_APPROVE,0.0,0.03320505959590614,ord_0039716,6627000,captured,False
rr_0007932,cus_b5d9f144ba64b69b,False,16619059,0.00019464408895118634,1e-06,AUTO_APPROVE,consistent,1e-06,AUTO_APPROVE,0.0,0.0011862120632028803,ord_0039719,61140300,captured,False
rr_0007933,cus_6572986ecb0e6f87,False,1354483,0.9731917948506081,0.999999,MANUAL_REVIEW,consistent,0.9999908324886693,MANUAL_REVIEW,0.15,0.9808543543049176,ord_0039724,1787000,captured,False
rr_0007934,cus_1b3403efa26bfa5b,False,6115569,0.0008599049091932449,1e-06,AUTO_APPROVE,consistent,1e-06,AUTO_APPROVE,0.5,0.0002555799484755559,ord_0039736,11867800,captured,False
rr_0007935,cus_14fa7b0c72984b94,False,1295995,0.00026181178508556354,1e-06,AUTO_APPROVE,consistent,1e-06,AUTO_APPROVE,0.2,0.003919282945811889,ord_0039741,2214400,captured,False
rr_0007936,cus_d6d3625b4a2f78f8,False,1306342,0.0002933348348219664,1e-06,AUTO_APPROVE,consistent,1e-06,AUTO_APPROVE,0.15,0.00020911083286047775,ord_0039742,6306000,captured,False
rr_0007937,cus_4d938eea39522654,False,570312,0.0006888361468026041,1e-06,AUTO_APPROVE,consistent,1e-06,AUTO_APPROVE,0.25,0.009815638911841512,ord_0039743,1755000,captured,False
rr_0007938,cus_25fc57551381a0e0,False,3358626,0.7742784801845347,0.5,VERIFY,consistent,0.09835176015736281,AUTO_APPROVE,0.25,0.9639461212653937,ord_0039750,3419700,captured,False
rr_0007939,cus_b4000e184b1090cc,False,3149330,0.5815358810788505,0.17857142857142858,VERIFY,consistent,0.02316375335874424,AUTO_APPROVE,0.15,0.8859120233575368,ord_0039754,3960000,captured,False
rr_0007940,cus_82438e1dca294974,False,1659649,0.032956001323127065,0.017857142857142856,AUTO_APPROVE,consistent,0.0019793465426276163,AUTO_APPROVE,0.0,0.1264233010481711,ord_0039758,1930800,captured,False
rr_0007941,cus_4da878ffb5529bff,True,2522096,0.21167395269864042,0.08571428571428572,VERIFY,inconclusive,0.1048951048951049,RETURN_FIRST,0.15,0.2035163782902251,ord_0039760,3357700,captured,False
rr_0007942,cus_070709c130d67d41,False,4681563,0.001105004014971155,1e-06,AUTO_APPROVE,consistent,1e-06,AUTO_APPROVE,0.0,0.0026775790004680477,ord_0039769,20460000,captured,False
rr_0007943,cus_330e0143ae2f5ec1,False,1122427,0.00043754690424005396,1e-06,AUTO_APPROVE,consistent,1e-06,AUTO_APPROVE,0.3,0.37327790005676537,ord_0039776,2097300,captured,False
rr_0007944,cus_bbba1b2dc00e5f52,False,683372,0.00026580376148473096,1e-06,AUTO_APPROVE,consistent,1e-06,AUTO_APPROVE,0.0,3.497954354723613e-05,ord_0039781,3403900,captured,False
rr_0007945,cus_1733af2edb3a647a,False,696927,0.0005556329733426452,1e-06,AUTO_APPROVE,consistent,1e-06,AUTO_APPROVE,0.0,0.012708243330943919,ord_0039786,1257500,captured,False
rr_0007946,cus_7502ecea5e899fbc,False,4260256,0.00040524159832078607,1e-06,AUTO_APPROVE,inconclusive,1.2499996875000778e-06,AUTO_APPROVE,0.0,0.16703769442924926,ord_0039788,6284800,captured,False
rr_0007947,cus_2a65fbd6e8fffc75,False,2919683,0.2069429200788362,0.08571428571428572,VERIFY,consistent,0.010122729367085073,AUTO_APPROVE,0.0,0.575887572268704,ord_0039789,3209300,captured,False
rr_0007948,cus_82fe4775f9ebd708,False,2362891,0.0002502316787142018,1e-06,AUTO_APPROVE,consistent,1e-06,AUTO_APPROVE,0.0,0.0011133988658442414,ord_0039791,5618400,captured,False
rr_0007949,cus_2f713c7301c21c22,False,1208973,0.008164842117748254,1e-06,AUTO_APPROVE,consistent,1e-06,AUTO_APPROVE,0.0,0.05606241951624961,ord_0039796,1527500,captured,False
rr_0007950,cus_d8ff39cf656b0d84,False,352777,0.3308607649015658,0.12903225806451613,VERIFY,consistent,0.015903002651414404,AUTO_APPROVE,0.15,0.7421037184911057,ord_0039800,404000,captured,False
rr_0007951,cus_43a820cd64537266,False,1465664,0.00019724548510689001,1e-06,AUTO_APPROVE,inconsistent,2.2897734911559113e-05,AUTO_APPROVE,0.0,0.00016488777866069577,ord_0039805,5589900,captured,False
rr_0007952,cus_3aca6ceebc1feaf8,False,1397290,0.00026235211331746445,1e-06,AUTO_APPROVE,consistent,1e-06,AUTO_APPROVE,0.0,0.0006483266124073451,ord_0039806,4385000,captured,False
rr_0007953,cus_3bb01ec14bb4e7de,False,542908,0.0017292700022666211,1e-06,AUTO_APPROVE,consistent,1e-06,AUTO_APPROVE,0.15,0.001789634928808655,ord_0039808,2656800,captured,False
rr_0007954,cus_8dca8430b6f16d6a,True,2658655,0.8522572971798683,0.5,VERIFY,inconsistent,0.958155907987277,RETURN_FIRST,0.25,0.47732275588840833,ord_0039809,3572000,captured,False
rr_0007955,cus_7ca596803bff0a1d,False,3336002,0.0005145408700254915,1e-06,AUTO_APPROVE,consistent,1e-06,AUTO_APPROVE,0.65,0.008826832491831908,ord_0039818,5758800,captured,False
rr_0007956,cus_6bda212f8d41d326,False,3902586,0.36514755245306485,0.12903225806451613,VERIFY,consistent,0.015903002651414404,AUTO_APPROVE,0.0,0.78776206422656,ord_0039823,4005800,captured,False
rr_0007957,cus_f1e7c32ec1ff7a48,False,1334569,0.0005019702280469459,1e-06,AUTO_APPROVE,consistent,1e-06,AUTO_APPROVE,0.25,0.015004040768809623,ord_0039827,2478000,captured,False
rr_0007958,cus_1ccc80436deddf6c,False,1167721,0.00018454235597648039,1e-06,AUTO_APPROVE,inconclusive,1.2499996875000778e-06,AUTO_APPROVE,0.0,0.0003958022350395973,ord_0039833,3122200,captured,False
rr_0007959,cus_33c49ae92c9030e2,False,27859,0.0010239731221880592,1e-06,AUTO_APPROVE,consistent,1e-06,AUTO_APPROVE,0.15,0.003825231531756671,ord_0039834,124800,captured,False
rr_0007960,cus_36793ae0ed4c079a,False,136154,0.00038814199118551403,1e-06,AUTO_APPROVE,consistent,1e-06,AUTO_APPROVE,0.0,0.0032677034168732333,ord_0039836,236100,captured,False
rr_0007961,cus_15f866cb9b836cc3,False,671496,0.000549399890380755,1e-06,AUTO_APPROVE,consistent,1e-06,AUTO_APPROVE,0.0,0.000337845971294715,ord_0039844,2754000,captured,False
rr_0007962,cus_9d838c18dead53c2,False,737276,0.10438570461427786,0.0392156862745098,AUTO_APPROVE,consistent,0.004432508937619314,AUTO_APPROVE,0.0,0.2491152952347398,ord_0039845,836000,captured,False
rr_0007963,cus_1e92bfd116aacd93,False,1296825,0.0010952828124204757,1e-06,AUTO_APPROVE,consistent,1e-06,AUTO_APPROVE,0.25,0.0011247112849094736,ord_0039850,5378900,captured,False
rr_0007964,cus_1e92bfd116aacd93,False,166131,0.02639033722830815,0.017857142857142856,AUTO_APPROVE,consistent,0.0019793465426276163,AUTO_APPROVE,0.1,0.013524932229776942,ord_0039852,198000,captured,False
rr_0007965,cus_5cb05bb7eacb70b5,False,2126254,0.00023444591440809515,1e-06,AUTO_APPROVE,consistent,1e-06,AUTO_APPROVE,0.1,0.00787322633677315,ord_0039855,3753800,captured,False
rr_0007966,cus_17649b61b2da1c4a,False,40483857,0.14071658361571254,0.08571428571428572,VERIFY,consistent,0.010122729367085073,AUTO_APPROVE,0.0,0.15149891192169238,ord_0039856,53705500,captured,False
rr_0007967,cus_d798d9217d88e0d1,False,974781,0.00044432499806939743,1e-06,AUTO_APPROVE,consistent,1e-06,AUTO_APPROVE,0.0,0.0434552013361393,ord_0039859,1525800,captured,False
rr_0007968,cus_208850eadcb4489c,True,5035946,0.07962082754667273,0.0392156862745098,AUTO_APPROVE,inconclusive,0.04854368932038835,AUTO_APPROVE,0.25,0.409556550981373,ord_0039866,6926700,captured,False
rr_0007969,cus_02166feba18f3efd,False,676584,0.03272119840684971,0.017857142857142856,AUTO_APPROVE,consistent,0.0019793465426276163,AUTO_APPROVE,0.0,0.0427467987468732,ord_0039869,944800,captured,False
rr_0007970,cus_75466ed9e3f6a6ef,False,930819,0.036275163969713815,0.017857142857142856,AUTO_APPROVE,consistent,0.0019793465426276163,AUTO_APPROVE,0.0,0.2387368949777209,ord_0039872,1039500,captured,False
rr_0007971,cus_7ca596803bff0a1d,False,843337,0.00036246771115616537,1e-06,AUTO_APPROVE,consistent,1e-06,AUTO_APPROVE,0.30000000000000004,5.088185284050508e-05,ord_0039876,2506000,captured,False
rr_0007972,cus_2636e9beb2b48394,True,977996,0.9930809064071218,0.999999,MANUAL_REVIEW,consistent,0.9999908324886693,MANUAL_REVIEW,0.2,0.6841757661871553,ord_0039881,939000,captured,True
rr_0007973,cus_169dadfd1d9519fb,False,1481316,0.0002560830642217388,1e-06,AUTO_APPROVE,consistent,1e-06,AUTO_APPROVE,0.0,0.09545824598151871,ord_0039886,2125100,captured,False
rr_0007974,cus_55ca05e580dbc79f,False,1405535,0.4481023369875217,0.12903225806451613,VERIFY,consistent,0.015903002651414404,AUTO_APPROVE,0.15,0.16157380471352936,ord_0039888,1940700,captured,False
rr_0007975,cus_8321ffa6cb336550,False,2537752,0.005249830049666895,1e-06,AUTO_APPROVE,consistent,1e-06,AUTO_APPROVE,0.0,0.028181604014832527,ord_0039890,3194500,captured,False
rr_0007976,cus_3122277a7c41ddee,False,28754,0.00026709098625432055,1e-06,AUTO_APPROVE,consistent,1e-06,AUTO_APPROVE,0.0,0.0011680471579659458,ord_0039893,118000,captured,False
rr_0007977,cus_3122277a7c41ddee,False,1139419,0.055523892355978245,0.017857142857142856,AUTO_APPROVE,consistent,0.0019793465426276163,AUTO_APPROVE,0.2,0.136170916880278,ord_0039894,1231200,captured,False
rr_0007978,cus_44b6926814b7c589,False,2980596,0.9721970187155285,0.999999,MANUAL_REVIEW,consistent,0.9999908324886693,MANUAL_REVIEW,0.4,0.46696502752161434,ord_0039901,4030300,captured,False
rr_0007979,cus_ebb98b9a4967ca1e,False,2209622,0.00029256730345876206,1e-06,AUTO_APPROVE,consistent,1e-06,AUTO_APPROVE,0.0,0.009601871826429314,ord_0039904,3658000,captured,False
rr_0007980,cus_5b38afadbd101619,False,745977,0.0003461825756366524,1e-06,AUTO_APPROVE,consistent,1e-06,AUTO_APPROVE,0.0,0.0008991016879380308,ord_0039907,2383000,captured,False
rr_0007981,cus_f6408eb4f341faf0,False,9473599,0.020564621599073327,0.017857142857142856,AUTO_APPROVE,consistent,0.0019793465426276163,AUTO_APPROVE,0.0,0.24026951223630455,ord_0039908,10909500,captured,False
rr_0007982,cus_164a03c7ee262689,False,1488980,0.0009766388364003797,1e-06,AUTO_APPROVE,consistent,1e-06,AUTO_APPROVE,0.1,0.0016562236714191025,ord_0039913,2951000,captured,False
rr_0007983,cus_4b4afa5bff80a2b0,False,2166735,0.047010095992366344,0.017857142857142856,AUTO_APPROVE,consistent,0.0019793465426276163,AUTO_APPROVE,0.2,0.23639774377341444,ord_0039914,2941800,captured,False
rr_0007984,cus_78ca35ef89c55402,False,2745368,0.00010354301022553988,1e-06,AUTO_APPROVE,consistent,1e-06,AUTO_APPROVE,0.25,0.014148327955012982,ord_0039920,3957800,captured,False
rr_0007985,cus_9354eb89c8534314,False,1557736,0.0002131751370898952,1e-06,AUTO_APPROVE,consistent,1e-06,AUTO_APPROVE,0.1,0.0017906275812045382,ord_0039932,3028600,captured,False
rr_0007986,cus_ab9dd691868a537c,False,46966820,0.01028535237624488,0.017857142857142856,AUTO_APPROVE,consistent,0.0019793465426276163,AUTO_APPROVE,0.0,0.005765177626415364,ord_0039934,66375900,captured,False
rr_0007987,cus_b8989a476ce86926,False,710255,0.0005655774434035959,1e-06,AUTO_APPROVE,consistent,1e-06,AUTO_APPROVE,0.0,9.234944267113916e-05,ord_0039935,3493500,captured,False
rr_0007988,cus_71e1180b2ee1c1fe,True,7717204,0.9997905498128918,0.999999,MANUAL_REVIEW,inconsistent,0.999999,MANUAL_REVIEW,0.6,0.9875656043531074,ord_0039941,7289200,captured,True
rr_0007989,cus_7d9985200ab69361,False,64060015,0.000362775239645875,1e-06,AUTO_APPROVE,consistent,1e-06,AUTO_APPROVE,0.30000000000000004,0.008533884538083274,ord_0039946,103638200,captured,False
rr_0007990,cus_1dbecf9720e2b88c,False,8145746,0.08089026007005613,0.0392156862745098,AUTO_APPROVE,consistent,0.004432508937619314,AUTO_APPROVE,0.30000000000000004,0.4598114562635434,ord_0039948,8640000,captured,False
rr_0007991,cus_615d3b6101aa0247,False,960658,0.00022138446702558884,1e-06,AUTO_APPROVE,consistent,1e-06,AUTO_APPROVE,0.0,0.007126073038736981,ord_0039949,1508400,captured,False
rr_0007992,cus_85356ea2e0d393a7,False,984521,0.00026552756616565493,1e-06,AUTO_APPROVE,consistent,1e-06,AUTO_APPROVE,0.0,2.914003115730359e-05,ord_0039953,4476500,captured,False
rr_0007993,cus_8f5f3fa2597b97e9,False,632750,0.0009719799076633506,1e-06,AUTO_APPROVE,consistent,1e-06,AUTO_APPROVE,0.25,0.0012396144928652653,ord_0039958,2917800,captured,False
rr_0007994,cus_5a026430b317adcd,True,234452,0.40694716305886863,0.12903225806451613,VERIFY,inconsistent,0.7723304710434816,RETURN_FIRST,0.15,0.9769343475900009,ord_0039960,295000,captured,False
rr_0007995,cus_d8ff39cf656b0d84,False,2213173,0.015227799837751483,0.017857142857142856,AUTO_APPROVE,inconclusive,0.022222222222222223,AUTO_APPROVE,0.0,0.0636490634416322,ord_0039961,2423000,captured,False
rr_0007996,cus_7866fcca6df438df,False,35563026,0.00021766208451849607,1e-06,AUTO_APPROVE,consistent,1e-06,AUTO_APPROVE,0.0,0.001739349715668674,ord_0039971,76892300,captured,False
rr_0007997,cus_262ce3566421a463,False,8715051,0.01607567404987361,0.017857142857142856,AUTO_APPROVE,consistent,0.0019793465426276163,AUTO_APPROVE,0.1,0.07279584641953633,ord_0039975,12039000,captured,False
rr_0007998,cus_40d0615e206c6c75,False,1601765,6.025160500586243e-05,1e-06,AUTO_APPROVE,consistent,1e-06,AUTO_APPROVE,0.65,0.0004158530120240022,ord_0039987,4946000,captured,False
rr_0007999,cus_e278fecceb866edf,False,636244,0.00036055524816729073,1e-06,AUTO_APPROVE,inconclusive,1.2499996875000778e-06,AUTO_APPROVE,0.5,0.008028273706688167,ord_0039993,941100,captured,False
