refund_request_id,label_simulated,stage_a_action,verification_result,posterior_probability,final_action,exceeds_original_captured_amount,verifier_result_in_flow,posterior_risk_band,execution_status,ground_truth_class
rr_0006320,False,AUTO_APPROVE,consistent,0.004432508937619314,AUTO_APPROVE,False,NOT_REQUESTED,NOT_APPLICABLE,NOT_OBSERVED_V1_BATCH,SIMULATED_LEGITIMATE
rr_0006337,False,AUTO_APPROVE,consistent,1e-06,AUTO_APPROVE,False,NOT_REQUESTED,NOT_APPLICABLE,NOT_OBSERVED_V1_BATCH,SIMULATED_LEGITIMATE
rr_0006340,False,AUTO_APPROVE,consistent,1e-06,AUTO_APPROVE,False,NOT_REQUESTED,NOT_APPLICABLE,NOT_OBSERVED_V1_BATCH,SIMULATED_LEGITIMATE
rr_0006343,False,AUTO_APPROVE,consistent,1e-06,AUTO_APPROVE,False,NOT_REQUESTED,NOT_APPLICABLE,NOT_OBSERVED_V1_BATCH,SIMULATED_LEGITIMATE
rr_0006345,False,AUTO_APPROVE,inconclusive,0.022222222222222223,AUTO_APPROVE,False,NOT_REQUESTED,NOT_APPLICABLE,NOT_OBSERVED_V1_BATCH,SIMULATED_LEGITIMATE
rr_0006346,False,AUTO_APPROVE,consistent,0.0019793465426276163,AUTO_APPROVE,False,NOT_REQUESTED,NOT_APPLICABLE,NOT_OBSERVED_V1_BATCH,SIMULATED_LEGITIMATE
rr_0006347,False,AUTO_APPROVE,consistent,0.0018945899907631882,AUTO_APPROVE,False,NOT_REQUESTED,NOT_APPLICABLE,NOT_OBSERVED_V1_BATCH,SIMULATED_LEGITIMATE
rr_0006348,False,AUTO_APPROVE,consistent,0.004432508937619314,AUTO_APPROVE,False,NOT_REQUESTED,NOT_APPLICABLE,NOT_OBSERVED_V1_BATCH,SIMULATED_LEGITIMATE
rr_0006358,False,AUTO_APPROVE,consistent,1e-06,AUTO_APPROVE,False,NOT_REQUESTED,NOT_APPLICABLE,NOT_OBSERVED_V1_BATCH,SIMULATED_LEGITIMATE
rr_0006366,False,AUTO_APPROVE,consistent,1e-06,AUTO_APPROVE,False,NOT_REQUESTED,NOT_APPLICABLE,NOT_OBSERVED_V1_BATCH,SIMULATED_LEGITIMATE
rr_0006369,False,AUTO_APPROVE,consistent,1e-06,AUTO_APPROVE,False,NOT_REQUESTED,NOT_APPLICABLE,NOT_OBSERVED_V1_BATCH,SIMULATED_LEGITIMATE
rr_0006371,False,AUTO_APPROVE,consistent,1e-06,AUTO_APPROVE,False,NOT_REQUESTED,NOT_APPLICABLE,NOT_OBSERVED_V1_BATCH,SIMULATED_LEGITIMATE
rr_0006372,False,AUTO_APPROVE,consistent,1e-06,AUTO_APPROVE,False,NOT_REQUESTED,NOT_APPLICABLE,NOT_OBSERVED_V1_BATCH,SIMULATED_LEGITIMATE
rr_0006373,False,AUTO_APPROVE,consistent,1e-06,AUTO_APPROVE,False,NOT_REQUESTED,NOT_APPLICABLE,NOT_OBSERVED_V1_BATCH,SIMULATED_LEGITIMATE
rr_0006374,False,AUTO_APPROVE,consistent,1e-06,AUTO_APPROVE,False,NOT_REQUESTED,NOT_APPLICABLE,NOT_OBSERVED_V1_BATCH,SIMULATED_LEGITIMATE
rr_0006376,False,AUTO_APPROVE,inconclusive,1.2499996875000778e-06,AUTO_APPROVE,False,NOT_REQUESTED,NOT_APPLICABLE,NOT_OBSERVED_V1_BATCH,SIMULATED_LEGITIMATE
rr_0006377,False,AUTO_APPROVE,consistent,0.004432508937619314,AUTO_APPROVE,False,NOT_REQUESTED,NOT_APPLICABLE,NOT_OBSERVED_V1_BATCH,SIMULATED_LEGITIMATE
rr_0006378,False,AUTO_APPROVE,consistent,0.0019793465426276163,AUTO_APPROVE,False,NOT_REQUESTED,NOT_APPLICABLE,NOT_OBSERVED_V1_BATCH,SIMULATED_LEGITIMATE
rr_0006379,False,AUTO_APPROVE,consistent,1e-06,AUTO_APPROVE,False,NOT_REQUESTED,NOT_APPLICABLE,NOT_OBSERVED_V1_BATCH,SIMULATED_LEGITIMATE
rr_0006380,False,AUTO_APPROVE,consistent,1e-06,AUTO_APPROVE,False,NOT_REQUESTED,NOT_APPLICABLE,NOT_OBSERVED_V1_BATCH,SIMULATED_LEGITIMATE
rr_0006383,False,AUTO_APPROVE,consistent,0.0019793465426276163,AUTO_APPROVE,False,NOT_REQUESTED,NOT_APPLICABLE,NOT_OBSERVED_V1_BATCH,SIMULATED_LEGITIMATE
rr_0006387,False,VERIFY,consistent,0.015903002651414404,AUTO_APPROVE,False,consistent,LOW,NOT_OBSERVED_V1_BATCH,SIMULATED_LEGITIMATE
rr_0006389,False,AUTO_APPROVE,consistent,0.0019793465426276163,AUTO_APPROVE,False,NOT_REQUESTED,NOT_APPLICABLE,NOT_OBSERVED_V1_BATCH,SIMULATED_LEGITIMATE
rr_0006391,False,AUTO_APPROVE,inconclusive,1.2499996875000778e-06,AUTO_APPROVE,False,NOT_REQUESTED,NOT_APPLICABLE,NOT_OBSERVED_V1_BATCH,SIMULATED_LEGITIMATE
rr_0006394,False,AUTO_APPROVE,consistent,1e-06,AUTO_APPROVE,False,NOT_REQUESTED,NOT_APPLICABLE,NOT_OBSERVED_V1_BATCH,SIMULATED_LEGITIMATE
rr_0006395,False,AUTO_APPROVE,consistent,0.0019793465426276163,AUTO_APPROVE,False,NOT_REQUESTED,NOT_APPLICABLE,NOT_OBSERVED_V1_BATCH,SIMULATED_LEGITIMATE
rr_0006396,True,VERIFY,inconsistent,0.9913413302587675,RETURN_FIRST,False,inconsistent,MIDDLE,NOT_OBSERVED_V1_BATCH,SIMULATED_ABUSE
rr_0006397,False,AUTO_APPROVE,inconsistent,2.2897734911559113e-05,AUTO_APPROVE,False,NOT_REQUESTED,NOT_APPLICABLE,NOT_OBSERVED_V1_BATCH,SIMULATED_LEGITIMATE
rr_0006400,False,AUTO_APPROVE,consistent,1e-06,AUTO_APPROVE,False,NOT_REQUESTED,NOT_APPLICABLE,NOT_OBSERVED_V1_BATCH,SIMULATED_LEGITIMATE
rr_0006404,True,AUTO_APPROVE,inconsistent,0.48310313006980515,AUTO_APPROVE,False,NOT_REQUESTED,NOT_APPLICABLE,NOT_OBSERVED_V1_BATCH,SIMULATED_ABUSE
rr_0006406,False,AUTO_APPROVE,consistent,0.0019793465426276163,AUTO_APPROVE,False,NOT_REQUESTED,NOT_APPLICABLE,NOT_OBSERVED_V1_BATCH,SIMULATED_LEGITIMATE
rr_0006407,False,AUTO_APPROVE,consistent,1e-06,AUTO_APPROVE,False,NOT_REQUESTED,NOT_APPLICABLE,NOT_OBSERVED_V1_BATCH,SIMULATED_LEGITIMATE
rr_0006410,False,AUTO_APPROVE,consistent,1e-06,AUTO_APPROVE,False,NOT_REQUESTED,NOT_APPLICABLE,NOT_OBSERVED_V1_BATCH,SIMULATED_LEGITIMATE
rr_0006411,False,AUTO_APPROVE,consistent,1e-06,AUTO_APPROVE,False,NOT_REQUESTED,NOT_APPLICABLE,NOT_OBSERVED_V1_BATCH,SIMULATED_LEGITIMATE
rr_0006412,False,AUTO_APPROVE,consistent,1e-06,AUTO_APPROVE,False,NOT_REQUESTED,NOT_APPLICABLE,NOT_OBSERVED_V1_BATCH,SIMULATED_LEGITIMATE
rr_0006415,False,AUTO_APPROVE,consistent,1e-06,AUTO_APPROVE,False,NOT_REQUESTED,NOT_APPLICABLE,NOT_OBSERVED_V1_BATCH,SIMULATED_LEGITIMATE
rr_0006416,False,AUTO_APPROVE,consistent,1e-06,AUTO_APPROVE,False,NOT_REQUESTED,NOT_APPLICABLE,NOT_OBSERVED_V1_BATCH,SIMULATED_LEGITIMATE
rr_0006418,False,AUTO_APPROVE,consistent,1e-06,AUTO_APPROVE,False,NOT_REQUESTED,NOT_APPLICABLE,NOT_OBSERVED_V1_BATCH,SIMULATED_LEGITIMATE
rr_0006420,False,AUTO_APPROVE,consistent,1e-06,AUTO_APPROVE,False,NOT_REQUESTED,NOT_APPLICABLE,NOT_OBSERVED_V1_BATCH,SIMULATED_LEGITIMATE
rr_0006421,False,AUTO_APPROVE,consistent,1e-06,AUTO_APPROVE,False,NOT_REQUESTED,NOT_APPLICABLE,NOT_OBSERVED_V1_BATCH,SIMULATED_LEGITIMATE
rr_0006423,False,AUTO_APPROVE,consistent,1e-06,AUTO_APPROVE,False,NOT_REQUESTED,NOT_APPLICABLE,NOT_OBSERVED_V1_BATCH,SIMULATED_LEGITIMATE
rr_0006426,False,VERIFY,consistent,0.015903002651414404,AUTO_APPROVE,False,consistent,LOW,NOT_OBSERVED_V1_BATCH,SIMULATED_LEGITIMATE
rr_0006427,False,AUTO_APPROVE,consistent,1e-06,AUTO_APPROVE,False,NOT_REQUESTED,NOT_APPLICABLE,NOT_OBSERVED_V1_BATCH,SIMULATED_LEGITIMATE
rr_0006428,False,AUTO_APPROVE,inconclusive,1.2499996875000778e-06,AUTO_APPROVE,False,NOT_REQUESTED,NOT_APPLICABLE,NOT_OBSERVED_V1_BATCH,SIMULATED_LEGITIMATE
rr_0006430,False,AUTO_APPROVE,consistent,0.0019793465426276163,AUTO_APPROVE,False,NOT_REQUESTED,NOT_APPLICABLE,NOT_OBSERVED_V1_BATCH,SIMULATED_LEGITIMATE
rr_0006433,False,AUTO_APPROVE,consistent,1e-06,AUTO_APPROVE,False,NOT_REQUESTED,NOT_APPLICABLE,NOT_OBSERVED_V1_BATCH,SIMULATED_LEGITIMATE
rr_0006435,False,VERIFY,consistent,0.09835176015736281,AUTO_APPROVE,False,consistent,MIDDLE,NOT_OBSERVED_V1_BATCH,SIMULATED_LEGITIMATE
rr_0006436,False,AUTO_APPROVE,consistent,1e-06,AUTO_APPROVE,False,NOT_REQUESTED,NOT_APPLICABLE,NOT_OBSERVED_V1_BATCH,SIMULATED_LEGITIMATE
rr_0006437,False,AUTO_APPROVE,consistent,1e-06,AUTO_APPROVE,False,NOT_REQUESTED,NOT_APPLICABLE,NOT_OBSERVED_V1_BATCH,SIMULATED_LEGITIMATE
rr_0006439,False,AUTO_APPROVE,consistent,0.0019793465426276163,AUTO_APPROVE,False,NOT_REQUESTED,NOT_APPLICABLE,NOT_OBSERVED_V1_BATCH,SIMULATED_LEGITIMATE
rr_0006440,False,AUTO_APPROVE,consistent,1e-06,AUTO_APPROVE,False,NOT_REQUESTED,NOT_APPLICABLE,NOT_OBSERVED_V1_BATCH,SIMULATED_LEGITIMATE
rr_0006442,False,AUTO_APPROVE,consistent,0.0019793465426276163,AUTO_APPROVE,False,NOT_REQUESTED,NOT_APPLICABLE,NOT_OBSERVED_V1_BATCH,SIMULATED_LEGITIMATE
rr_0006443,False,AUTO_APPROVE,consistent,1e-06,AUTO_APPROVE,False,NOT_REQUESTED,NOT_APPLICABLE,NOT_OBSERVED_V1_BATCH,SIMULATED_LEGITIMATE
rr_0006444,False,AUTO_APPROVE,consistent,1e-06,AUTO_APPROVE,False,NOT_REQUESTED,NOT_APPLICABLE,NOT_OBSERVED_V1_BATCH,SIMULATED_LEGITIMATE
rr_0006446,False,AUTO_APPROVE,consistent,1e-06,AUTO_APPROVE,False,NOT_REQUESTED,NOT_APPLICABLE,NOT_OBSERVED_V1_BATCH,SIMULATED_LEGITIMATE
rr_0006447,False,AUTO_APPROVE,consistent,1e-06,AUTO_APPROVE,False,NOT_REQUESTED,NOT_APPLICABLE,NOT_OBSERVED_V1_BATCH,SIMULATED_LEGITIMATE
rr_0006450,False,AUTO_APPROVE,consistent,1e-06,AUTO_APPROVE,False,NOT_REQUESTED,NOT_APPLICABLE,NOT_OBSERVED_V1_BATCH,SIMULATED_LEGITIMATE
rr_0006453,False,AUTO_APPROVE,consistent,1e-06,AUTO_APPROVE,False,NOT_REQUESTED,NOT_APPLICABLE,NOT_OBSERVED_V1_BATCH,SIMULATED_LEGITIMATE
rr_0006455,False,AUTO_APPROVE,consistent,1e-06,AUTO_APPROVE,False,NOT_REQUESTED,NOT_APPLICABLE,NOT_OBSERVED_V1_BATCH,SIMULATED_LEGITIMATE
rr_0006456,False,AUTO_APPROVE,consistent,1e-06,AUTO_APPROVE,False,NOT_REQUESTED,NOT_APPLICABLE,NOT_OBSERVED_V1_BATCH,SIMULATED_LEGITIMATE
rr_0006457,False,AUTO_APPROVE,consistent,1e-06,AUTO_APPROVE,False,NOT_REQUESTED,NOT_APPLICABLE,NOT_OBSERVED_V1_BATCH,SIMULATED_LEGITIMATE
rr_0006458,False,AUTO_APPROVE,consistent,1e-06,AUTO_APPROVE,False,NOT_REQUESTED,NOT_APPLICABLE,NOT_OBSERVED_V1_BATCH,SIMULATED_LEGITIMATE
rr_0006459,False,AUTO_APPROVE,consistent,1e-06,AUTO_APPROVE,False,NOT_REQUESTED,NOT_APPLICABLE,NOT_OBSERVED_V1_BATCH,SIMULATED_LEGITIMATE
rr_0006460,False,AUTO_APPROVE,consistent,1e-06,AUTO_APPROVE,False,NOT_REQUESTED,NOT_APPLICABLE,NOT_OBSERVED_V1_BATCH,SIMULATED_LEGITIMATE
rr_0006462,False,AUTO_APPROVE,consistent,1e-06,AUTO_APPROVE,False,NOT_REQUESTED,NOT_APPLICABLE,NOT_OBSERVED_V1_BATCH,SIMULATED_LEGITIMATE
rr_0006463,False,AUTO_APPROVE,consistent,0.0019793465426276163,AUTO_APPROVE,False,NOT_REQUESTED,NOT_APPLICABLE,NOT_OBSERVED_V1_BATCH,SIMULATED_LEGITIMATE
rr_0006464,False,AUTO_APPROVE,consistent,0.004432508937619314,AUTO_APPROVE,False,NOT_REQUESTED,NOT_APPLICABLE,NOT_OBSERVED_V1_BATCH,SIMULATED_LEGITIMATE
rr_0006465,True,AUTO_APPROVE,inconsistent,0.48310313006980515,AUTO_APPROVE,False,NOT_REQUESTED,NOT_APPLICABLE,NOT_OBSERVED_V1_BATCH,SIMULATED_ABUSE
rr_0006466,False,AUTO_APPROVE,consistent,1e-06,AUTO_APPROVE,False,NOT_REQUESTED,NOT_APPLICABLE,NOT_OBSERVED_V1_BATCH,SIMULATED_LEGITIMATE
rr_0006467,False,AUTO_APPROVE,consistent,1e-06,AUTO_APPROVE,False,NOT_REQUESTED,NOT_APPLICABLE,NOT_OBSERVED_V1_BATCH,SIMULATED_LEGITIMATE
rr_0006469,False,AUTO_APPROVE,inconsistent,2.2897734911559113e-05,AUTO_APPROVE,False,NOT_REQUESTED,NOT_APPLICABLE,NOT_OBSERVED_V1_BATCH,SIMULATED_LEGITIMATE
rr_0006470,False,AUTO_APPROVE,consistent,1e-06,AUTO_APPROVE,False,NOT_REQUESTED,NOT_APPLICABLE,NOT_OBSERVED_V1_BATCH,SIMULATED_LEGITIMATE
rr_0006471,False,VERIFY,consistent,0.015903002651414404,AUTO_APPROVE,False,consistent,LOW,NOT_OBSERVED_V1_BATCH,SIMULATED_LEGITIMATE
rr_0006472,False,AUTO_APPROVE,consistent,1e-06,AUTO_APPROVE,False,NOT_REQUESTED,NOT_APPLICABLE,NOT_OBSERVED_V1_BATCH,SIMULATED_LEGITIMATE
rr_0006473,False,AUTO_APPROVE,consistent,0.0019793465426276163,AUTO_APPROVE,False,NOT_REQUESTED,NOT_APPLICABLE,NOT_OBSERVED_V1_BATCH,SIMULATED_LEGITIMATE
rr_0006474,False,AUTO_APPROVE,consistent,0.0019793465426276163,AUTO_APPROVE,False,NOT_REQUESTED,NOT_APPLICABLE,NOT_OBSERVED_V1_BATCH,SIMULATED_LEGITIMATE
rr_0006475,False,AUTO_APPROVE,consistent,1e-06,AUTO_APPROVE,False,NOT_REQUESTED,NOT_APPLICABLE,NOT_OBSERVED_V1_BATCH,SIMULATED_LEGITIMATE
rr_0006476,False,VERIFY,consistent,0.010122729367085073,AUTO_APPROVE,False,consistent,LOW,NOT_OBSERVED_V1_BATCH,SIMULATED_LEGITIMATE
rr_0006477,False,AUTO_APPROVE,consistent,1e-06,AUTO_APPROVE,False,NOT_REQUESTED,NOT_APPLICABLE,NOT_OBSERVED_V1_BATCH,SIMULATED_LEGITIMATE
rr_0006478,False,AUTO_APPROVE,consistent,0.0019793465426276163,AUTO_APPROVE,False,NOT_REQUESTED,NOT_APPLICABLE,NOT_OBSERVED_V1_BATCH,SIMULATED_LEGITIMATE
rr_0006479,False,VERIFY,consistent,0.015903002651414404,AUTO_APPROVE,False,consistent,LOW,NOT_OBSERVED_V1_BATCH,SIMULATED_LEGITIMATE
rr_0006480,False,AUTO_APPROVE,inconclusive,0.022222222222222223,AUTO_APPROVE,False,NOT_REQUESTED,NOT_APPLICABLE,NOT_OBSERVED_V1_BATCH,SIMULATED_LEGITIMATE
rr_0006481,False,AUTO_APPROVE,consistent,1e-06,AUTO_APPROVE,False,NOT_REQUESTED,NOT_APPLICABLE,NOT_OBSERVED_V1_BATCH,SIMULATED_LEGITIMATE
rr_0006482,True,VERIFY,inconsistent,0.999999,RETURN_FIRST,True,inconsistent,HIGH,NOT_OBSERVED_V1_BATCH,SIMULATED_ABUSE
rr_0006483,True,MANUAL_REVIEW,inconsistent,0.999999,MANUAL_REVIEW,True,NOT_REQUESTED,NOT_APPLICABLE,NOT_OBSERVED_V1_BATCH,SIMULATED_ABUSE
rr_0006484,False,AUTO_APPROVE,consistent,0.004432508937619314,AUTO_APPROVE,False,NOT_REQUESTED,NOT_APPLICABLE,NOT_OBSERVED_V1_BATCH,SIMULATED_LEGITIMATE
rr_0006486,False,AUTO_APPROVE,consistent,1e-06,AUTO_APPROVE,False,NOT_REQUESTED,NOT_APPLICABLE,NOT_OBSERVED_V1_BATCH,SIMULATED_LEGITIMATE
rr_0006487,False,AUTO_APPROVE,consistent,1e-06,AUTO_APPROVE,False,NOT_REQUESTED,NOT_APPLICABLE,NOT_OBSERVED_V1_BATCH,SIMULATED_LEGITIMATE
rr_0006488,False,AUTO_APPROVE,consistent,0.0019793465426276163,AUTO_APPROVE,False,NOT_REQUESTED,NOT_APPLICABLE,NOT_OBSERVED_V1_BATCH,SIMULATED_LEGITIMATE
rr_0006489,False,AUTO_APPROVE,consistent,1e-06,AUTO_APPROVE,False,NOT_REQUESTED,NOT_APPLICABLE,NOT_OBSERVED_V1_BATCH,SIMULATED_LEGITIMATE
rr_0006490,False,AUTO_APPROVE,consistent,1e-06,AUTO_APPROVE,False,NOT_REQUESTED,NOT_APPLICABLE,NOT_OBSERVED_V1_BATCH,SIMULATED_LEGITIMATE
rr_0006491,False,AUTO_APPROVE,consistent,1e-06,AUTO_APPROVE,False,NOT_REQUESTED,NOT_APPLICABLE,NOT_OBSERVED_V1_BATCH,SIMULATED_LEGITIMATE
rr_0006492,False,AUTO_APPROVE,consistent,1e-06,AUTO_APPROVE,False,NOT_REQUESTED,NOT_APPLICABLE,NOT_OBSERVED_V1_BATCH,SIMULATED_LEGITIMATE
rr_0006493,False,AUTO_APPROVE,consistent,1e-06,AUTO_APPROVE,False,NOT_REQUESTED,NOT_APPLICABLE,NOT_OBSERVED_V1_BATCH,SIMULATED_LEGITIMATE
rr_0006494,False,AUTO_APPROVE,consistent,1e-06,AUTO_APPROVE,False,NOT_REQUESTED,NOT_APPLICABLE,NOT_OBSERVED_V1_BATCH,SIMULATED_LEGITIMATE
rr_0006495,False,AUTO_APPROVE,consistent,1e-06,AUTO_APPROVE,False,NOT_REQUESTED,NOT_APPLICABLE,NOT_OBSERVED_V1_BATCH,SIMULATED_LEGITIMATE
rr_0006496,False,AUTO_APPROVE,consistent,1e-06,AUTO_APPROVE,False,NOT_REQUESTED,NOT_APPLICABLE,NOT_OBSERVED_V1_BATCH,SIMULATED_LEGITIMATE
rr_0006497,False,AUTO_APPROVE,consistent,1e-06,AUTO_APPROVE,False,NOT_REQUESTED,NOT_APPLICABLE,NOT_OBSERVED_V1_BATCH,SIMULATED_LEGITIMATE
rr_0006498,False,VERIFY,consistent,0.015903002651414404,AUTO_APPROVE,False,consistent,LOW,NOT_OBSERVED_V1_BATCH,SIMULATED_LEGITIMATE
rr_0006499,False,AUTO_APPROVE,consistent,1e-06,AUTO_APPROVE,False,NOT_REQUESTED,NOT_APPLICABLE,NOT_OBSERVED_V1_BATCH,SIMULATED_LEGITIMATE
rr_0006500,False,AUTO_APPROVE,consistent,1e-06,AUTO_APPROVE,False,NOT_REQUESTED,NOT_APPLICABLE,NOT_OBSERVED_V1_BATCH,SIMULATED_LEGITIMATE
rr_0006501,False,AUTO_APPROVE,consistent,0.004432508937619314,AUTO_APPROVE,False,NOT_REQUESTED,NOT_APPLICABLE,NOT_OBSERVED_V1_BATCH,SIMULATED_LEGITIMATE
rr_0006502,False,AUTO_APPROVE,consistent,1e-06,AUTO_APPROVE,False,NOT_REQUESTED,NOT_APPLICABLE,NOT_OBSERVED_V1_BATCH,SIMULATED_LEGITIMATE
rr_0006503,False,AUTO_APPROVE,consistent,1e-06,AUTO_APPROVE,False,NOT_REQUESTED,NOT_APPLICABLE,NOT_OBSERVED_V1_BATCH,SIMULATED_LEGITIMATE
rr_0006504,False,AUTO_APPROVE,consistent,1e-06,AUTO_APPROVE,False,NOT_REQUESTED,NOT_APPLICABLE,NOT_OBSERVED_V1_BATCH,SIMULATED_LEGITIMATE
rr_0006505,False,AUTO_APPROVE,consistent,0.0019793465426276163,AUTO_APPROVE,False,NOT_REQUESTED,NOT_APPLICABLE,NOT_OBSERVED_V1_BATCH,SIMULATED_LEGITIMATE
rr_0006506,False,AUTO_APPROVE,consistent,1e-06,AUTO_APPROVE,False,NOT_REQUESTED,NOT_APPLICABLE,NOT_OBSERVED_V1_BATCH,SIMULATED_LEGITIMATE
rr_0006507,False,AUTO_APPROVE,consistent,1e-06,AUTO_APPROVE,False,NOT_REQUESTED,NOT_APPLICABLE,NOT_OBSERVED_V1_BATCH,SIMULATED_LEGITIMATE
rr_0006508,False,VERIFY,consistent,0.015903002651414404,AUTO_APPROVE,False,consistent,LOW,NOT_OBSERVED_V1_BATCH,SIMULATED_LEGITIMATE
rr_0006509,False,AUTO_APPROVE,consistent,0.004432508937619314,AUTO_APPROVE,False,NOT_REQUESTED,NOT_APPLICABLE,NOT_OBSERVED_V1_BATCH,SIMULATED_LEGITIMATE
rr_0006510,False,AUTO_APPROVE,consistent,1e-06,AUTO_APPROVE,False,NOT_REQUESTED,NOT_APPLICABLE,NOT_OBSERVED_V1_BATCH,SIMULATED_LEGITIMATE
rr_0006511,False,AUTO_APPROVE,consistent,0.004432508937619314,AUTO_APPROVE,False,NOT_REQUESTED,NOT_APPLICABLE,NOT_OBSERVED_V1_BATCH,SIMULATED_LEGITIMATE
rr_0006512,False,AUTO_APPROVE,consistent,1e-06,AUTO_APPROVE,False,NOT_REQUESTED,NOT_APPLICABLE,NOT_OBSERVED_V1_BATCH,SIMULATED_LEGITIMATE
rr_0006513,False,AUTO_APPROVE,consistent,1e-06,AUTO_APPROVE,False,NOT_REQUESTED,NOT_APPLICABLE,NOT_OBSERVED_V1_BATCH,SIMULATED_LEGITIMATE
rr_0006514,False,AUTO_APPROVE,consistent,1e-06,AUTO_APPROVE,False,NOT_REQUESTED,NOT_APPLICABLE,NOT_OBSERVED_V1_BATCH,SIMULATED_LEGITIMATE
rr_0006515,False,AUTO_APPROVE,inconclusive,1.2499996875000778e-06,AUTO_APPROVE,False,NOT_REQUESTED,NOT_APPLICABLE,NOT_OBSERVED_V1_BATCH,SIMULATED_LEGITIMATE
rr_0006516,True,MANUAL_REVIEW,inconsistent,0.999999,MANUAL_REVIEW,True,NOT_REQUESTED,NOT_APPLICABLE,NOT_OBSERVED_V1_BATCH,SIMULATED_ABUSE
rr_0006517,True,VERIFY,consistent,0.015903002651414404,AUTO_APPROVE,False,consistent,LOW,NOT_OBSERVED_V1_BATCH,SIMULATED_ABUSE
rr_0006518,False,AUTO_APPROVE,consistent,1e-06,AUTO_APPROVE,False,NOT_REQUESTED,NOT_APPLICABLE,NOT_OBSERVED_V1_BATCH,SIMULATED_LEGITIMATE
rr_0006519,False,VERIFY,inconsistent,0.6822077314739403,RETURN_FIRST,False,inconsistent,MIDDLE,NOT_OBSERVED_V1_BATCH,SIMULATED_LEGITIMATE
rr_0006520,False,AUTO_APPROVE,consistent,1e-06,AUTO_APPROVE,False,NOT_REQUESTED,NOT_APPLICABLE,NOT_OBSERVED_V1_BATCH,SIMULATED_LEGITIMATE
rr_0006521,False,AUTO_APPROVE,inconclusive,0.022222222222222223,AUTO_APPROVE,False,NOT_REQUESTED,NOT_APPLICABLE,NOT_OBSERVED_V1_BATCH,SIMULATED_LEGITIMATE
rr_0006522,True,MANUAL_REVIEW,inconsistent,0.999999,MANUAL_REVIEW,True,NOT_REQUESTED,NOT_APPLICABLE,NOT_OBSERVED_V1_BATCH,SIMULATED_ABUSE
rr_0006523,False,AUTO_APPROVE,consistent,1e-06,AUTO_APPROVE,False,NOT_REQUESTED,NOT_APPLICABLE,NOT_OBSERVED_V1_BATCH,SIMULATED_LEGITIMATE
rr_0006524,False,AUTO_APPROVE,consistent,1e-06,AUTO_APPROVE,False,NOT_REQUESTED,NOT_APPLICABLE,NOT_OBSERVED_V1_BATCH,SIMULATED_LEGITIMATE
rr_0006525,False,AUTO_APPROVE,consistent,0.004432508937619314,AUTO_APPROVE,False,NOT_REQUESTED,NOT_APPLICABLE,NOT_OBSERVED_V1_BATCH,SIMULATED_LEGITIMATE
rr_0006526,False,AUTO_APPROVE,consistent,1e-06,AUTO_APPROVE,False,NOT_REQUESTED,NOT_APPLICABLE,NOT_OBSERVED_V1_BATCH,SIMULATED_LEGITIMATE
rr_0006527,False,AUTO_APPROVE,inconclusive,0.022222222222222223,AUTO_APPROVE,False,NOT_REQUESTED,NOT_APPLICABLE,NOT_OBSERVED_V1_BATCH,SIMULATED_LEGITIMATE
rr_0006528,False,VERIFY,consistent,0.015903002651414404,AUTO_APPROVE,False,consistent,LOW,NOT_OBSERVED_V1_BATCH,SIMULATED_LEGITIMATE
rr_0006529,False,AUTO_APPROVE,consistent,1e-06,AUTO_APPROVE,False,NOT_REQUESTED,NOT_APPLICABLE,NOT_OBSERVED_V1_BATCH,SIMULATED_LEGITIMATE
rr_0006530,True,AUTO_APPROVE,inconsistent,0.48310313006980515,AUTO_APPROVE,False,NOT_REQUESTED,NOT_APPLICABLE,NOT_OBSERVED_V1_BATCH,SIMULATED_ABUSE
rr_0006531,False,AUTO_APPROVE,consistent,0.004432508937619314,AUTO_APPROVE,False,NOT_REQUESTED,NOT_APPLICABLE,NOT_OBSERVED_V1_BATCH,SIMULATED_LEGITIMATE
rr_0006532,False,AUTO_APPROVE,consistent,1e-06,AUTO_APPROVE,False,NOT_REQUESTED,NOT_APPLICABLE,NOT_OBSERVED_V1_BATCH,SIMULATED_LEGITIMATE
rr_0006533,False,VERIFY,consistent,0.015903002651414404,AUTO_APPROVE,False,consistent,LOW,NOT_OBSERVED_V1_BATCH,SIMULATED_LEGITIMATE
rr_0006534,False,VERIFY,consistent,0.010122729367085073,AUTO_APPROVE,False,consistent,LOW,NOT_OBSERVED_V1_BATCH,SIMULATED_LEGITIMATE
rr_0006535,False,AUTO_APPROVE,consistent,1e-06,AUTO_APPROVE,False,NOT_REQUESTED,NOT_APPLICABLE,NOT_OBSERVED_V1_BATCH,SIMULATED_LEGITIMATE
rr_0006536,False,AUTO_APPROVE,consistent,1e-06,AUTO_APPROVE,False,NOT_REQUESTED,NOT_APPLICABLE,NOT_OBSERVED_V1_BATCH,SIMULATED_LEGITIMATE
rr_0006537,False,AUTO_APPROVE,consistent,1e-06,AUTO_APPROVE,False,NOT_REQUESTED,NOT_APPLICABLE,NOT_OBSERVED_V1_BATCH,SIMULATED_LEGITIMATE
rr_0006538,False,AUTO_APPROVE,consistent,1e-06,AUTO_APPROVE,False,NOT_REQUESTED,NOT_APPLICABLE,NOT_OBSERVED_V1_BATCH,SIMULATED_LEGITIMATE
rr_0006539,False,AUTO_APPROVE,consistent,1e-06,AUTO_APPROVE,False,NOT_REQUESTED,NOT_APPLICABLE,NOT_OBSERVED_V1_BATCH,SIMULATED_LEGITIMATE
rr_0006540,False,AUTO_APPROVE,inconsistent,2.2897734911559113e-05,AUTO_APPROVE,False,NOT_REQUESTED,NOT_APPLICABLE,NOT_OBSERVED_V1_BATCH,SIMULATED_LEGITIMATE
rr_0006541,False,AUTO_APPROVE,consistent,1e-06,AUTO_APPROVE,False,NOT_REQUESTED,NOT_APPLICABLE,NOT_OBSERVED_V1_BATCH,SIMULATED_LEGITIMATE
rr_0006542,False,AUTO_APPROVE,consistent,1e-06,AUTO_APPROVE,False,NOT_REQUESTED,NOT_APPLICABLE,NOT_OBSERVED_V1_BATCH,SIMULATED_LEGITIMATE
rr_0006543,False,AUTO_APPROVE,consistent,1e-06,AUTO_APPROVE,False,NOT_REQUESTED,NOT_APPLICABLE,NOT_OBSERVED_V1_BATCH,SIMULATED_LEGITIMATE
rr_0006544,False,AUTO_APPROVE,consistent,1e-06,AUTO_APPROVE,False,NOT_REQUESTED,NOT_APPLICABLE,NOT_OBSERVED_V1_BATCH,SIMULATED_LEGITIMATE
rr_0006545,False,AUTO_APPROVE,consistent,1e-06,AUTO_APPROVE,False,NOT_REQUESTED,NOT_APPLICABLE,NOT_OBSERVED_V1_BATCH,SIMULATED_LEGITIMATE
rr_0006546,False,AUTO_APPROVE,consistent,0.004432508937619314,AUTO_APPROVE,False,NOT_REQUESTED,NOT_APPLICABLE,NOT_OBSERVED_V1_BATCH,SIMULATED_LEGITIMATE
rr_0006547,False,AUTO_APPROVE,consistent,1e-06,AUTO_APPROVE,False,NOT_REQUESTED,NOT_APPLICABLE,NOT_OBSERVED_V1_BATCH,SIMULATED_LEGITIMATE
rr_0006548,True,AUTO_APPROVE,inconsistent,0.48310313006980515,AUTO_APPROVE,False,NOT_REQUESTED,NOT_APPLICABLE,NOT_OBSERVED_V1_BATCH,SIMULATED_ABUSE
rr_0006549,False,AUTO_APPROVE,consistent,1e-06,AUTO_APPROVE,False,NOT_REQUESTED,NOT_APPLICABLE,NOT_OBSERVED_V1_BATCH,SIMULATED_LEGITIMATE
rr_0006550,False,AUTO_APPROVE,consistent,1e-06,AUTO_APPROVE,False,NOT_REQUESTED,NOT_APPLICABLE,NOT_OBSERVED_V1_BATCH,SIMULATED_LEGITIMATE
rr_0006551,False,AUTO_APPROVE,consistent,0.0019793465426276163,AUTO_APPROVE,False,NOT_REQUESTED,NOT_APPLICABLE,NOT_OBSERVED_V1_BATCH,SIMULATED_LEGITIMATE
rr_0006552,False,VERIFY,consistent,0.09835176015736281,AUTO_APPROVE,False,consistent,MIDDLE,NOT_OBSERVED_V1_BATCH,SIMULATED_LEGITIMATE
rr_0006553,False,AUTO_APPROVE,consistent,1e-06,AUTO_APPROVE,False,NOT_REQUESTED,NOT_APPLICABLE,NOT_OBSERVED_V1_BATCH,SIMULATED_LEGITIMATE
rr_0006554,False,AUTO_APPROVE,inconsistent,2.2897734911559113e-05,AUTO_APPROVE,False,NOT_REQUESTED,NOT_APPLICABLE,NOT_OBSERVED_V1_BATCH,SIMULATED_LEGITIMATE
rr_0006555,False,AUTO_APPROVE,consistent,0.004432508937619314,AUTO_APPROVE,False,NOT_REQUESTED,NOT_APPLICABLE,NOT_OBSERVED_V1_BATCH,SIMULATED_LEGITIMATE
rr_0006556,False,AUTO_APPROVE,consistent,1e-06,AUTO_APPROVE,False,NOT_REQUESTED,NOT_APPLICABLE,NOT_OBSERVED_V1_BATCH,SIMULATED_LEGITIMATE
rr_0006557,False,VERIFY,consistent,0.015903002651414404,AUTO_APPROVE,False,consistent,LOW,NOT_OBSERVED_V1_BATCH,SIMULATED_LEGITIMATE
rr_0006558,False,AUTO_APPROVE,consistent,1e-06,AUTO_APPROVE,False,NOT_REQUESTED,NOT_APPLICABLE,NOT_OBSERVED_V1_BATCH,SIMULATED_LEGITIMATE
rr_0006559,False,AUTO_APPROVE,inconclusive,0.022222222222222223,AUTO_APPROVE,False,NOT_REQUESTED,NOT_APPLICABLE,NOT_OBSERVED_V1_BATCH,SIMULATED_LEGITIMATE
rr_0006560,True,MANUAL_REVIEW,inconsistent,0.999999,MANUAL_REVIEW,True,NOT_REQUESTED,NOT_APPLICABLE,NOT_OBSERVED_V1_BATCH,SIMULATED_ABUSE
rr_0006561,False,AUTO_APPROVE,consistent,1e-06,AUTO_APPROVE,False,NOT_REQUESTED,NOT_APPLICABLE,NOT_OBSERVED_V1_BATCH,SIMULATED_LEGITIMATE
rr_0006562,False,AUTO_APPROVE,consistent,1e-06,AUTO_APPROVE,False,NOT_REQUESTED,NOT_APPLICABLE,NOT_OBSERVED_V1_BATCH,SIMULATED_LEGITIMATE
rr_0006563,False,AUTO_APPROVE,consistent,1e-06,AUTO_APPROVE,False,NOT_REQUESTED,NOT_APPLICABLE,NOT_OBSERVED_V1_BATCH,SIMULATED_LEGITIMATE
rr_0006564,False,AUTO_APPROVE,consistent,1e-06,AUTO_APPROVE,False,NOT_REQUESTED,NOT_APPLICABLE,NOT_OBSERVED_V1_BATCH,SIMULATED_LEGITIMATE
rr_0006565,False,AUTO_APPROVE,consistent,1e-06,AUTO_APPROVE,False,NOT_REQUESTED,NOT_APPLICABLE,NOT_OBSERVED_V1_BATCH,SIMULATED_LEGITIMATE
rr_0006566,False,AUTO_APPROVE,consistent,0.004432508937619314,AUTO_APPROVE,False,NOT_REQUESTED,NOT_APPLICABLE,NOT_OBSERVED_V1_BATCH,SIMULATED_LEGITIMATE
rr_0006567,False,AUTO_APPROVE,consistent,1e-06,AUTO_APPROVE,False,NOT_REQUESTED,NOT_APPLICABLE,NOT_OBSERVED_V1_BATCH,SIMULATED_LEGITIMATE
rr_0006568,False,AUTO_APPROVE,consistent,1e-06,AUTO_APPROVE,False,NOT_REQUESTED,NOT_APPLICABLE,NOT_OBSERVED_V1_BATCH,SIMULATED_LEGITIMATE
rr_0006569,False,AUTO_APPROVE,consistent,1e-06,AUTO_APPROVE,False,NOT_REQUESTED,NOT_APPLICABLE,NOT_OBSERVED_V1_BATCH,SIMULATED_LEGITIMATE
rr_0006570,False,AUTO_APPROVE,consistent,1e-06,AUTO_APPROVE,False,NOT_REQUESTED,NOT_APPLICABLE,NOT_OBSERVED_V1_BATCH,SIMULATED_LEGITIMATE
rr_0006571,False,VERIFY,consistent,0.010122729367085073,AUTO_APPROVE,False,consistent,LOW,NOT_OBSERVED_V1_BATCH,SIMULATED_LEGITIMATE
rr_0006572,False,VERIFY,consistent,0.02316375335874424,AUTO_APPROVE,False,consistent,LOW,NOT_OBSERVED_V1_BATCH,SIMULATED_LEGITIMATE
rr_0006573,False,AUTO_APPROVE,inconclusive,1.2499996875000778e-06,AUTO_APPROVE,False,NOT_REQUESTED,NOT_APPLICABLE,NOT_OBSERVED_V1_BATCH,SIMULATED_LEGITIMATE
rr_0006574,False,AUTO_APPROVE,consistent,1e-06,AUTO_APPROVE,False,NOT_REQUESTED,NOT_APPLICABLE,NOT_OBSERVED_V1_BATCH,SIMULATED_LEGITIMATE
rr_0006575,False,AUTO_APPROVE,consistent,0.004432508937619314,AUTO_APPROVE,False,NOT_REQUESTED,NOT_APPLICABLE,NOT_OBSERVED_V1_BATCH,SIMULATED_LEGITIMATE
rr_0006576,True,VERIFY,inconsistent,0.6822077314739403,RETURN_FIRST,False,inconsistent,MIDDLE,NOT_OBSERVED_V1_BATCH,SIMULATED_ABUSE
rr_0006577,True,MANUAL_REVIEW,inconclusive,0.999999,MANUAL_REVIEW,True,NOT_REQUESTED,NOT_APPLICABLE,NOT_OBSERVED_V1_BATCH,SIMULATED_ABUSE
rr_0006578,False,AUTO_APPROVE,consistent,1e-06,AUTO_APPROVE,False,NOT_REQUESTED,NOT_APPLICABLE,NOT_OBSERVED_V1_BATCH,SIMULATED_LEGITIMATE
rr_0006579,False,AUTO_APPROVE,consistent,1e-06,AUTO_APPROVE,False,NOT_REQUESTED,NOT_APPLICABLE,NOT_OBSERVED_V1_BATCH,SIMULATED_LEGITIMATE
rr_0006580,False,AUTO_APPROVE,consistent,1e-06,AUTO_APPROVE,False,NOT_REQUESTED,NOT_APPLICABLE,NOT_OBSERVED_V1_BATCH,SIMULATED_LEGITIMATE
rr_0006581,False,VERIFY,consistent,0.010122729367085073,AUTO_APPROVE,False,consistent,LOW,NOT_OBSERVED_V1_BATCH,SIMULATED_LEGITIMATE
rr_0006582,False,AUTO_APPROVE,consistent,1e-06,AUTO_APPROVE,False,NOT_REQUESTED,NOT_APPLICABLE,NOT_OBSERVED_V1_BATCH,SIMULATED_LEGITIMATE
rr_0006583,False,AUTO_APPROVE,consistent,1e-06,AUTO_APPROVE,False,NOT_REQUESTED,NOT_APPLICABLE,NOT_OBSERVED_V1_BATCH,SIMULATED_LEGITIMATE
rr_0006584,False,AUTO_APPROVE,consistent,1e-06,AUTO_APPROVE,False,NOT_REQUESTED,NOT_APPLICABLE,NOT_OBSERVED_V1_BATCH,SIMULATED_LEGITIMATE
rr_0006585,False,AUTO_APPROVE,consistent,0.0019793465426276163,AUTO_APPROVE,False,NOT_REQUESTED,NOT_APPLICABLE,NOT_OBSERVED_V1_BATCH,SIMULATED_LEGITIMATE
rr_0006586,False,AUTO_APPROVE,consistent,1e-06,AUTO_APPROVE,False,NOT_REQUESTED,NOT_APPLICABLE,NOT_OBSERVED_V1_BATCH,SIMULATED_LEGITIMATE
rr_0006587,False,AUTO_APPROVE,inconsistent,2.2897734911559113e-05,AUTO_APPROVE,False,NOT_REQUESTED,NOT_APPLICABLE,NOT_OBSERVED_V1_BATCH,SIMULATED_LEGITIMATE
rr_0006588,False,VERIFY,consistent,0.015903002651414404,AUTO_APPROVE,False,consistent,LOW,NOT_OBSERVED_V1_BATCH,SIMULATED_LEGITIMATE
rr_0006589,True,AUTO_APPROVE,inconsistent,0.2939506388065649,AUTO_APPROVE,False,NOT_REQUESTED,NOT_APPLICABLE,NOT_OBSERVED_V1_BATCH,SIMULATED_ABUSE
rr_0006590,False,AUTO_APPROVE,consistent,1e-06,AUTO_APPROVE,False,NOT_REQUESTED,NOT_APPLICABLE,NOT_OBSERVED_V1_BATCH,SIMULATED_LEGITIMATE
rr_0006591,False,AUTO_APPROVE,consistent,0.0019793465426276163,AUTO_APPROVE,False,NOT_REQUESTED,NOT_APPLICABLE,NOT_OBSERVED_V1_BATCH,SIMULATED_LEGITIMATE
rr_0006592,False,AUTO_APPROVE,consistent,0.0019793465426276163,AUTO_APPROVE,False,NOT_REQUESTED,NOT_APPLICABLE,NOT_OBSERVED_V1_BATCH,SIMULATED_LEGITIMATE
rr_0006593,True,AUTO_APPROVE,inconsistent,0.2939506388065649,AUTO_APPROVE,False,NOT_REQUESTED,NOT_APPLICABLE,NOT_OBSERVED_V1_BATCH,SIMULATED_ABUSE
rr_0006594,False,AUTO_APPROVE,consistent,1e-06,AUTO_APPROVE,False,NOT_REQUESTED,NOT_APPLICABLE,NOT_OBSERVED_V1_BATCH,SIMULATED_LEGITIMATE
rr_0006595,False,AUTO_APPROVE,consistent,1e-06,AUTO_APPROVE,False,NOT_REQUESTED,NOT_APPLICABLE,NOT_OBSERVED_V1_BATCH,SIMULATED_LEGITIMATE
rr_0006596,False,AUTO_APPROVE,consistent,0.0019793465426276163,AUTO_APPROVE,False,NOT_REQUESTED,NOT_APPLICABLE,NOT_OBSERVED_V1_BATCH,SIMULATED_LEGITIMATE
rr_0006597,False,AUTO_APPROVE,consistent,1e-06,AUTO_APPROVE,False,NOT_REQUESTED,NOT_APPLICABLE,NOT_OBSERVED_V1_BATCH,SIMULATED_LEGITIMATE
rr_0006598,False,AUTO_APPROVE,consistent,1e-06,AUTO_APPROVE,False,NOT_REQUESTED,NOT_APPLICABLE,NOT_OBSERVED_V1_BATCH,SIMULATED_LEGITIMATE
rr_0006599,False,AUTO_APPROVE,consistent,0.004432508937619314,AUTO_APPROVE,False,NOT_REQUESTED,NOT_APPLICABLE,NOT_OBSERVED_V1_BATCH,SIMULATED_LEGITIMATE
rr_0006600,False,AUTO_APPROVE,consistent,0.004432508937619314,AUTO_APPROVE,False,NOT_REQUESTED,NOT_APPLICABLE,NOT_OBSERVED_V1_BATCH,SIMULATED_LEGITIMATE
rr_0006601,False,VERIFY,consistent,0.010122729367085073,AUTO_APPROVE,False,consistent,LOW,NOT_OBSERVED_V1_BATCH,SIMULATED_LEGITIMATE
rr_0006602,False,AUTO_APPROVE,consistent,1e-06,AUTO_APPROVE,False,NOT_REQUESTED,NOT_APPLICABLE,NOT_OBSERVED_V1_BATCH,SIMULATED_LEGITIMATE
rr_0006603,False,AUTO_APPROVE,inconsistent,0.2939506388065649,AUTO_APPROVE,False,NOT_REQUESTED,NOT_APPLICABLE,NOT_OBSERVED_V1_BATCH,SIMULATED_LEGITIMATE
rr_0006604,False,AUTO_APPROVE,consistent,1e-06,AUTO_APPROVE,False,NOT_REQUESTED,NOT_APPLICABLE,NOT_OBSERVED_V1_BATCH,SIMULATED_LEGITIMATE
rr_0006605,False,AUTO_APPROVE,consistent,1e-06,AUTO_APPROVE,False,NOT_REQUESTED,NOT_APPLICABLE,NOT_OBSERVED_V1_BATCH,SIMULATED_LEGITIMATE
rr_0006606,False,AUTO_APPROVE,consistent,1e-06,AUTO_APPROVE,False,NOT_REQUESTED,NOT_APPLICABLE,NOT_OBSERVED_V1_BATCH,SIMULATED_LEGITIMATE
rr_0006607,False,AUTO_APPROVE,consistent,1e-06,AUTO_APPROVE,False,NOT_REQUESTED,NOT_APPLICABLE,NOT_OBSERVED_V1_BATCH,SIMULATED_LEGITIMATE
rr_0006608,False,VERIFY,consistent,0.015804004897074477,AUTO_APPROVE,False,consistent,LOW,NOT_OBSERVED_V1_BATCH,SIMULATED_LEGITIMATE
rr_0006609,False,VERIFY,inconclusive,0.8620689655172414,RETURN_FIRST,False,inconclusive,MIDDLE,NOT_OBSERVED_V1_BATCH,SIMULATED_LEGITIMATE
rr_0006610,False,VERIFY,consistent,0.010122729367085073,AUTO_APPROVE,False,consistent,LOW,NOT_OBSERVED_V1_BATCH,SIMULATED_LEGITIMATE
rr_0006611,False,AUTO_APPROVE,consistent,1e-06,AUTO_APPROVE,False,NOT_REQUESTED,NOT_APPLICABLE,NOT_OBSERVED_V1_BATCH,SIMULATED_LEGITIMATE
rr_0006612,False,AUTO_APPROVE,inconsistent,2.2897734911559113e-05,AUTO_APPROVE,False,NOT_REQUESTED,NOT_APPLICABLE,NOT_OBSERVED_V1_BATCH,SIMULATED_LEGITIMATE
rr_0006613,False,AUTO_APPROVE,consistent,1e-06,AUTO_APPROVE,False,NOT_REQUESTED,NOT_APPLICABLE,NOT_OBSERVED_V1_BATCH,SIMULATED_LEGITIMATE
rr_0006614,False,AUTO_APPROVE,consistent,1e-06,AUTO_APPROVE,False,NOT_REQUESTED,NOT_APPLICABLE,NOT_OBSERVED_V1_BATCH,SIMULATED_LEGITIMATE
rr_0006615,False,AUTO_APPROVE,consistent,1e-06,AUTO_APPROVE,False,NOT_REQUESTED,NOT_APPLICABLE,NOT_OBSERVED_V1_BATCH,SIMULATED_LEGITIMATE
rr_0006616,True,MANUAL_REVIEW,inconsistent,0.999999,MANUAL_REVIEW,True,NOT_REQUESTED,NOT_APPLICABLE,NOT_OBSERVED_V1_BATCH,SIMULATED_ABUSE
rr_0006617,True,VERIFY,inconsistent,0.6822077314739403,RETURN_FIRST,False,inconsistent,MIDDLE,NOT_OBSERVED_V1_BATCH,SIMULATED_ABUSE
rr_0006618,False,AUTO_APPROVE,consistent,1e-06,AUTO_APPROVE,False,NOT_REQUESTED,NOT_APPLICABLE,NOT_OBSERVED_V1_BATCH,SIMULATED_LEGITIMATE
rr_0006619,False,AUTO_APPROVE,consistent,1e-06,AUTO_APPROVE,False,NOT_REQUESTED,NOT_APPLICABLE,NOT_OBSERVED_V1_BATCH,SIMULATED_LEGITIMATE
rr_0006620,False,AUTO_APPROVE,consistent,1e-06,AUTO_APPROVE,False,NOT_REQUESTED,NOT_APPLICABLE,NOT_OBSERVED_V1_BATCH,SIMULATED_LEGITIMATE
rr_0006621,False,AUTO_APPROVE,consistent,0.004432508937619314,AUTO_APPROVE,False,NOT_REQUESTED,NOT_APPLICABLE,NOT_OBSERVED_V1_BATCH,SIMULATED_LEGITIMATE
rr_0006622,False,AUTO_APPROVE,consistent,1e-06,AUTO_APPROVE,False,NOT_REQUESTED,NOT_APPLICABLE,NOT_OBSERVED_V1_BATCH,SIMULATED_LEGITIMATE
rr_0006623,False,VERIFY,consistent,0.010122729367085073,AUTO_APPROVE,False,consistent,LOW,NOT_OBSERVED_V1_BATCH,SIMULATED_LEGITIMATE
rr_0006624,False,AUTO_APPROVE,consistent,1e-06,AUTO_APPROVE,False,NOT_REQUESTED,NOT_APPLICABLE,NOT_OBSERVED_V1_BATCH,SIMULATED_LEGITIMATE
rr_0006625,False,AUTO_APPROVE,consistent,1e-06,AUTO_APPROVE,False,NOT_REQUESTED,NOT_APPLICABLE,NOT_OBSERVED_V1_BATCH,SIMULATED_LEGITIMATE
rr_0006626,False,VERIFY,consistent,0.09835176015736281,AUTO_APPROVE,False,consistent,MIDDLE,NOT_OBSERVED_V1_BATCH,SIMULATED_LEGITIMATE
rr_0006627,False,AUTO_APPROVE,consistent,0.0019793465426276163,AUTO_APPROVE,False,NOT_REQUESTED,NOT_APPLICABLE,NOT_OBSERVED_V1_BATCH,SIMULATED_LEGITIMATE
rr_0006628,False,AUTO_APPROVE,consistent,1e-06,AUTO_APPROVE,False,NOT_REQUESTED,NOT_APPLICABLE,NOT_OBSERVED_V1_BATCH,SIMULATED_LEGITIMATE
rr_0006629,False,AUTO_APPROVE,consistent,1e-06,AUTO_APPROVE,False,NOT_REQUESTED,NOT_APPLICABLE,NOT_OBSERVED_V1_BATCH,SIMULATED_LEGITIMATE
rr_0006630,False,AUTO_APPROVE,inconclusive,1.2499996875000778e-06,AUTO_APPROVE,False,NOT_REQUESTED,NOT_APPLICABLE,NOT_OBSERVED_V1_BATCH,SIMULATED_LEGITIMATE
rr_0006631,False,VERIFY,consistent,0.010122729367085073,AUTO_APPROVE,False,consistent,LOW,NOT_OBSERVED_V1_BATCH,SIMULATED_LEGITIMATE
rr_0006632,False,AUTO_APPROVE,consistent,1e-06,AUTO_APPROVE,False,NOT_REQUESTED,NOT_APPLICABLE,NOT_OBSERVED_V1_BATCH,SIMULATED_LEGITIMATE
rr_0006633,False,AUTO_APPROVE,consistent,1e-06,AUTO_APPROVE,False,NOT_REQUESTED,NOT_APPLICABLE,NOT_OBSERVED_V1_BATCH,SIMULATED_LEGITIMATE
rr_0006634,False,VERIFY,consistent,0.015903002651414404,AUTO_APPROVE,False,consistent,LOW,NOT_OBSERVED_V1_BATCH,SIMULATED_LEGITIMATE
rr_0006635,False,AUTO_APPROVE,consistent,1e-06,AUTO_APPROVE,False,NOT_REQUESTED,NOT_APPLICABLE,NOT_OBSERVED_V1_BATCH,SIMULATED_LEGITIMATE
rr_0006636,False,AUTO_APPROVE,consistent,0.0019793465426276163,AUTO_APPROVE,False,NOT_REQUESTED,NOT_APPLICABLE,NOT_OBSERVED_V1_BATCH,SIMULATED_LEGITIMATE
rr_0006637,False,AUTO_APPROVE,consistent,1e-06,AUTO_APPROVE,False,NOT_REQUESTED,NOT_APPLICABLE,NOT_OBSERVED_V1_BATCH,SIMULATED_LEGITIMATE
rr_0006638,False,AUTO_APPROVE,inconclusive,1.2499996875000778e-06,AUTO_APPROVE,False,NOT_REQUESTED,NOT_APPLICABLE,NOT_OBSERVED_V1_BATCH,SIMULATED_LEGITIMATE
rr_0006639,False,AUTO_APPROVE,consistent,1e-06,AUTO_APPROVE,False,NOT_REQUESTED,NOT_APPLICABLE,NOT_OBSERVED_V1_BATCH,SIMULATED_LEGITIMATE
rr_0006640,False,AUTO_APPROVE,consistent,0.0019793465426276163,AUTO_APPROVE,False,NOT_REQUESTED,NOT_APPLICABLE,NOT_OBSERVED_V1_BATCH,SIMULATED_LEGITIMATE
rr_0006641,False,AUTO_APPROVE,consistent,1e-06,AUTO_APPROVE,False,NOT_REQUESTED,NOT_APPLICABLE,NOT_OBSERVED_V1_BATCH,SIMULATED_LEGITIMATE
rr_0006642,False,AUTO_APPROVE,consistent,1e-06,AUTO_APPROVE,False,NOT_REQUESTED,NOT_APPLICABLE,NOT_OBSERVED_V1_BATCH,SIMULATED_LEGITIMATE
rr_0006643,False,AUTO_APPROVE,consistent,0.0019793465426276163,AUTO_APPROVE,False,NOT_REQUESTED,NOT_APPLICABLE,NOT_OBSERVED_V1_BATCH,SIMULATED_LEGITIMATE
rr_0006644,False,AUTO_APPROVE,consistent,0.0019793465426276163,AUTO_APPROVE,False,NOT_REQUESTED,NOT_APPLICABLE,NOT_OBSERVED_V1_BATCH,SIMULATED_LEGITIMATE
rr_0006645,False,AUTO_APPROVE,consistent,1e-06,AUTO_APPROVE,False,NOT_REQUESTED,NOT_APPLICABLE,NOT_OBSERVED_V1_BATCH,SIMULATED_LEGITIMATE
rr_0006646,False,AUTO_APPROVE,consistent,1e-06,AUTO_APPROVE,False,NOT_REQUESTED,NOT_APPLICABLE,NOT_OBSERVED_V1_BATCH,SIMULATED_LEGITIMATE
rr_0006647,False,AUTO_APPROVE,consistent,1e-06,AUTO_APPROVE,False,NOT_REQUESTED,NOT_APPLICABLE,NOT_OBSERVED_V1_BATCH,SIMULATED_LEGITIMATE
rr_0006648,False,AUTO_APPROVE,consistent,0.0019793465426276163,AUTO_APPROVE,False,NOT_REQUESTED,NOT_APPLICABLE,NOT_OBSERVED_V1_BATCH,SIMULATED_LEGITIMATE
rr_0006649,False,AUTO_APPROVE,consistent,1e-06,AUTO_APPROVE,False,NOT_REQUESTED,NOT_APPLICABLE,NOT_OBSERVED_V1_BATCH,SIMULATED_LEGITIMATE
rr_0006650,False,AUTO_APPROVE,consistent,1e-06,AUTO_APPROVE,False,NOT_REQUESTED,NOT_APPLICABLE,NOT_OBSERVED_V1_BATCH,SIMULATED_LEGITIMATE
rr_0006651,False,AUTO_APPROVE,consistent,1e-06,AUTO_APPROVE,False,NOT_REQUESTED,NOT_APPLICABLE,NOT_OBSERVED_V1_BATCH,SIMULATED_LEGITIMATE
rr_0006652,False,AUTO_APPROVE,consistent,1e-06,AUTO_APPROVE,False,NOT_REQUESTED,NOT_APPLICABLE,NOT_OBSERVED_V1_BATCH,SIMULATED_LEGITIMATE
rr_0006653,True,VERIFY,inconsistent,0.8327165442709169,RETURN_FIRST,False,inconsistent,MIDDLE,NOT_OBSERVED_V1_BATCH,SIMULATED_ABUSE
rr_0006654,False,AUTO_APPROVE,consistent,0.0019793465426276163,AUTO_APPROVE,False,NOT_REQUESTED,NOT_APPLICABLE,NOT_OBSERVED_V1_BATCH,SIMULATED_LEGITIMATE
rr_0006655,False,AUTO_APPROVE,consistent,1e-06,AUTO_APPROVE,False,NOT_REQUESTED,NOT_APPLICABLE,NOT_OBSERVED_V1_BATCH,SIMULATED_LEGITIMATE
rr_0006656,False,AUTO_APPROVE,consistent,1e-06,AUTO_APPROVE,False,NOT_REQUESTED,NOT_APPLICABLE,NOT_OBSERVED_V1_BATCH,SIMULATED_LEGITIMATE
rr_0006657,False,AUTO_APPROVE,consistent,1e-06,AUTO_APPROVE,False,NOT_REQUESTED,NOT_APPLICABLE,NOT_OBSERVED_V1_BATCH,SIMULATED_LEGITIMATE
rr_0006658,False,AUTO_APPROVE,consistent,1e-06,AUTO_APPROVE,False,NOT_REQUESTED,NOT_APPLICABLE,NOT_OBSERVED_V1_BATCH,SIMULATED_LEGITIMATE
rr_0006659,False,AUTO_APPROVE,consistent,1e-06,AUTO_APPROVE,False,NOT_REQUESTED,NOT_APPLICABLE,NOT_OBSERVED_V1_BATCH,SIMULATED_LEGITIMATE
rr_0006660,False,AUTO_APPROVE,inconclusive,1.2499996875000778e-06,AUTO_APPROVE,False,NOT_REQUESTED,NOT_APPLICABLE,NOT_OBSERVED_V1_BATCH,SIMULATED_LEGITIMATE
rr_0006661,False,AUTO_APPROVE,inconsistent,2.2897734911559113e-05,AUTO_APPROVE,False,NOT_REQUESTED,NOT_APPLICABLE,NOT_OBSERVED_V1_BATCH,SIMULATED_LEGITIMATE
rr_0006662,False,AUTO_APPROVE,consistent,1e-06,AUTO_APPROVE,False,NOT_REQUESTED,NOT_APPLICABLE,NOT_OBSERVED_V1_BATCH,SIMULATED_LEGITIMATE
rr_0006663,False,AUTO_APPROVE,consistent,0.004432508937619314,AUTO_APPROVE,False,NOT_REQUESTED,NOT_APPLICABLE,NOT_OBSERVED_V1_BATCH,SIMULATED_LEGITIMATE
rr_0006664,False,AUTO_APPROVE,consistent,0.004432508937619314,AUTO_APPROVE,False,NOT_REQUESTED,NOT_APPLICABLE,NOT_OBSERVED_V1_BATCH,SIMULATED_LEGITIMATE
rr_0006665,False,AUTO_APPROVE,consistent,1e-06,AUTO_APPROVE,False,NOT_REQUESTED,NOT_APPLICABLE,NOT_OBSERVED_V1_BATCH,SIMULATED_LEGITIMATE
rr_0006666,False,AUTO_APPROVE,consistent,1e-06,AUTO_APPROVE,False,NOT_REQUESTED,NOT_APPLICABLE,NOT_OBSERVED_V1_BATCH,SIMULATED_LEGITIMATE
rr_0006667,False,AUTO_APPROVE,consistent,1e-06,AUTO_APPROVE,False,NOT_REQUESTED,NOT_APPLICABLE,NOT_OBSERVED_V1_BATCH,SIMULATED_LEGITIMATE
rr_0006668,False,AUTO_APPROVE,consistent,1e-06,AUTO_APPROVE,False,NOT_REQUESTED,NOT_APPLICABLE,NOT_OBSERVED_V1_BATCH,SIMULATED_LEGITIMATE
rr_0006669,False,AUTO_APPROVE,consistent,1e-06,AUTO_APPROVE,False,NOT_REQUESTED,NOT_APPLICABLE,NOT_OBSERVED_V1_BATCH,SIMULATED_LEGITIMATE
rr_0006670,False,AUTO_APPROVE,consistent,1e-06,AUTO_APPROVE,False,NOT_REQUESTED,NOT_APPLICABLE,NOT_OBSERVED_V1_BATCH,SIMULATED_LEGITIMATE
rr_0006671,False,AUTO_APPROVE,consistent,1e-06,AUTO_APPROVE,False,NOT_REQUESTED,NOT_APPLICABLE,NOT_OBSERVED_V1_BATCH,SIMULATED_LEGITIMATE
rr_0006672,False,AUTO_APPROVE,inconclusive,1.2499996875000778e-06,AUTO_APPROVE,False,NOT_REQUESTED,NOT_APPLICABLE,NOT_OBSERVED_V1_BATCH,SIMULATED_LEGITIMATE
rr_0006673,False,AUTO_APPROVE,consistent,1e-06,AUTO_APPROVE,False,NOT_REQUESTED,NOT_APPLICABLE,NOT_OBSERVED_V1_BATCH,SIMULATED_LEGITIMATE
rr_0006674,False,AUTO_APPROVE,consistent,0.0019793465426276163,AUTO_APPROVE,False,NOT_REQUESTED,NOT_APPLICABLE,NOT_OBSERVED_V1_BATCH,SIMULATED_LEGITIMATE
rr_0006675,False,AUTO_APPROVE,consistent,1e-06,AUTO_APPROVE,False,NOT_REQUESTED,NOT_APPLICABLE,NOT_OBSERVED_V1_BATCH,SIMULATED_LEGITIMATE
rr_0006676,True,VERIFY,inconsistent,0.958155907987277,RETURN_FIRST,False,inconsistent,MIDDLE,NOT_OBSERVED_V1_BATCH,SIMULATED_ABUSE
rr_0006677,False,AUTO_APPROVE,inconsistent,2.2897734911559113e-05,AUTO_APPROVE,False,NOT_REQUESTED,NOT_APPLICABLE,NOT_OBSERVED_V1_BATCH,SIMULATED_LEGITIMATE
rr_0006678,False,AUTO_APPROVE,inconsistent,2.2897734911559113e-05,AUTO_APPROVE,False,NOT_REQUESTED,NOT_APPLICABLE,NOT_OBSERVED_V1_BATCH,SIMULATED_LEGITIMATE
rr_0006679,False,AUTO_APPROVE,consistent,0.0019793465426276163,AUTO_APPROVE,False,NOT_REQUESTED,NOT_APPLICABLE,NOT_OBSERVED_V1_BATCH,SIMULATED_LEGITIMATE
rr_0006680,False,AUTO_APPROVE,consistent,0.0019793465426276163,AUTO_APPROVE,False,NOT_REQUESTED,NOT_APPLICABLE,NOT_OBSERVED_V1_BATCH,SIMULATED_LEGITIMATE
rr_0006681,False,AUTO_APPROVE,inconsistent,0.48310313006980515,AUTO_APPROVE,False,NOT_REQUESTED,NOT_APPLICABLE,NOT_OBSERVED_V1_BATCH,SIMULATED_LEGITIMATE
rr_0006682,False,AUTO_APPROVE,consistent,1e-06,AUTO_APPROVE,False,NOT_REQUESTED,NOT_APPLICABLE,NOT_OBSERVED_V1_BATCH,SIMULATED_LEGITIMATE
rr_0006683,False,AUTO_APPROVE,consistent,1e-06,AUTO_APPROVE,False,NOT_REQUESTED,NOT_APPLICABLE,NOT_OBSERVED_V1_BATCH,SIMULATED_LEGITIMATE
rr_0006684,False,AUTO_APPROVE,consistent,1e-06,AUTO_APPROVE,False,NOT_REQUESTED,NOT_APPLICABLE,NOT_OBSERVED_V1_BATCH,SIMULATED_LEGITIMATE
rr_0006685,False,AUTO_APPROVE,consistent,1e-06,AUTO_APPROVE,False,NOT_REQUESTED,NOT_APPLICABLE,NOT_OBSERVED_V1_BATCH,SIMULATED_LEGITIMATE
rr_0006686,False,AUTO_APPROVE,consistent,0.0019793465426276163,AUTO_APPROVE,False,NOT_REQUESTED,NOT_APPLICABLE,NOT_OBSERVED_V1_BATCH,SIMULATED_LEGITIMATE
rr_0006687,False,AUTO_APPROVE,consistent,1e-06,AUTO_APPROVE,False,NOT_REQUESTED,NOT_APPLICABLE,NOT_OBSERVED_V1_BATCH,SIMULATED_LEGITIMATE
rr_0006688,False,AUTO_APPROVE,consistent,0.0019793465426276163,AUTO_APPROVE,False,NOT_REQUESTED,NOT_APPLICABLE,NOT_OBSERVED_V1_BATCH,SIMULATED_LEGITIMATE
rr_0006689,False,AUTO_APPROVE,consistent,1e-06,AUTO_APPROVE,False,NOT_REQUESTED,NOT_APPLICABLE,NOT_OBSERVED_V1_BATCH,SIMULATED_LEGITIMATE
rr_0006690,False,AUTO_APPROVE,consistent,1e-06,AUTO_APPROVE,False,NOT_REQUESTED,NOT_APPLICABLE,NOT_OBSERVED_V1_BATCH,SIMULATED_LEGITIMATE
rr_0006691,False,VERIFY,consistent,0.02316375335874424,AUTO_APPROVE,False,consistent,LOW,NOT_OBSERVED_V1_BATCH,SIMULATED_LEGITIMATE
rr_0006692,False,AUTO_APPROVE,consistent,1e-06,AUTO_APPROVE,False,NOT_REQUESTED,NOT_APPLICABLE,NOT_OBSERVED_V1_BATCH,SIMULATED_LEGITIMATE
rr_0006693,False,AUTO_APPROVE,consistent,1e-06,AUTO_APPROVE,False,NOT_REQUESTED,NOT_APPLICABLE,NOT_OBSERVED_V1_BATCH,SIMULATED_LEGITIMATE
rr_0006694,False,VERIFY,consistent,0.010122729367085073,AUTO_APPROVE,False,consistent,LOW,NOT_OBSERVED_V1_BATCH,SIMULATED_LEGITIMATE
rr_0006695,False,VERIFY,inconclusive,0.1048951048951049,RETURN_FIRST,False,inconclusive,MIDDLE,NOT_OBSERVED_V1_BATCH,SIMULATED_LEGITIMATE
rr_0006696,False,AUTO_APPROVE,consistent,1e-06,AUTO_APPROVE,False,NOT_REQUESTED,NOT_APPLICABLE,NOT_OBSERVED_V1_BATCH,SIMULATED_LEGITIMATE
rr_0006697,False,AUTO_APPROVE,consistent,1e-06,AUTO_APPROVE,False,NOT_REQUESTED,NOT_APPLICABLE,NOT_OBSERVED_V1_BATCH,SIMULATED_LEGITIMATE
rr_0006698,False,AUTO_APPROVE,consistent,0.0019793465426276163,AUTO_APPROVE,False,NOT_REQUESTED,NOT_APPLICABLE,NOT_OBSERVED_V1_BATCH,SIMULATED_LEGITIMATE
rr_0006699,False,AUTO_APPROVE,consistent,1e-06,AUTO_APPROVE,False,NOT_REQUESTED,NOT_APPLICABLE,NOT_OBSERVED_V1_BATCH,SIMULATED_LEGITIMATE
rr_0006700,False,AUTO_APPROVE,consistent,1e-06,AUTO_APPROVE,False,NOT_REQUESTED,NOT_APPLICABLE,NOT_OBSERVED_V1_BATCH,SIMULATED_LEGITIMATE
rr_0006701,False,AUTO_APPROVE,consistent,1e-06,AUTO_APPROVE,False,NOT_REQUESTED,NOT_APPLICABLE,NOT_OBSERVED_V1_BATCH,SIMULATED_LEGITIMATE
rr_0006702,False,AUTO_APPROVE,consistent,1e-06,AUTO_APPROVE,False,NOT_REQUESTED,NOT_APPLICABLE,NOT_OBSERVED_V1_BATCH,SIMULATED_LEGITIMATE
rr_0006703,False,VERIFY,consistent,0.010122729367085073,AUTO_APPROVE,False,consistent,LOW,NOT_OBSERVED_V1_BATCH,SIMULATED_LEGITIMATE
rr_0006704,False,AUTO_APPROVE,inconclusive,1.2499996875000778e-06,AUTO_APPROVE,False,NOT_REQUESTED,NOT_APPLICABLE,NOT_OBSERVED_V1_BATCH,SIMULATED_LEGITIMATE
rr_0006705,False,AUTO_APPROVE,consistent,1e-06,AUTO_APPROVE,False,NOT_REQUESTED,NOT_APPLICABLE,NOT_OBSERVED_V1_BATCH,SIMULATED_LEGITIMATE
rr_0006706,False,AUTO_APPROVE,consistent,0.0019793465426276163,AUTO_APPROVE,False,NOT_REQUESTED,NOT_APPLICABLE,NOT_OBSERVED_V1_BATCH,SIMULATED_LEGITIMATE
rr_0006707,False,AUTO_APPROVE,consistent,1e-06,AUTO_APPROVE,False,NOT_REQUESTED,NOT_APPLICABLE,NOT_OBSERVED_V1_BATCH,SIMULATED_LEGITIMATE
rr_0006708,False,AUTO_APPROVE,inconclusive,0.022222222222222223,AUTO_APPROVE,False,NOT_REQUESTED,NOT_APPLICABLE,NOT_OBSERVED_V1_BATCH,SIMULATED_LEGITIMATE
rr_0006709,True,MANUAL_REVIEW,inconclusive,0.999999,MANUAL_REVIEW,True,NOT_REQUESTED,NOT_APPLICABLE,NOT_OBSERVED_V1_BATCH,SIMULATED_ABUSE
rr_0006710,False,AUTO_APPROVE,consistent,0.0019793465426276163,AUTO_APPROVE,False,NOT_REQUESTED,NOT_APPLICABLE,NOT_OBSERVED_V1_BATCH,SIMULATED_LEGITIMATE
rr_0006711,False,VERIFY,consistent,0.09835176015736281,AUTO_APPROVE,False,consistent,MIDDLE,NOT_OBSERVED_V1_BATCH,SIMULATED_LEGITIMATE
rr_0006712,False,AUTO_APPROVE,consistent,1e-06,AUTO_APPROVE,False,NOT_REQUESTED,NOT_APPLICABLE,NOT_OBSERVED_V1_BATCH,SIMULATED_LEGITIMATE
rr_0006713,False,AUTO_APPROVE,consistent,0.004432508937619314,AUTO_APPROVE,False,NOT_REQUESTED,NOT_APPLICABLE,NOT_OBSERVED_V1_BATCH,SIMULATED_LEGITIMATE
rr_0006714,False,AUTO_APPROVE,consistent,1e-06,AUTO_APPROVE,False,NOT_REQUESTED,NOT_APPLICABLE,NOT_OBSERVED_V1_BATCH,SIMULATED_LEGITIMATE
rr_0006715,False,AUTO_APPROVE,consistent,1e-06,AUTO_APPROVE,False,NOT_REQUESTED,NOT_APPLICABLE,NOT_OBSERVED_V1_BATCH,SIMULATED_LEGITIMATE
rr_0006716,False,AUTO_APPROVE,consistent,1e-06,AUTO_APPROVE,False,NOT_REQUESTED,NOT_APPLICABLE,NOT_OBSERVED_V1_BATCH,SIMULATED_LEGITIMATE
rr_0006717,False,AUTO_APPROVE,consistent,1e-06,AUTO_APPROVE,False,NOT_REQUESTED,NOT_APPLICABLE,NOT_OBSERVED_V1_BATCH,SIMULATED_LEGITIMATE
rr_0006718,False,AUTO_APPROVE,consistent,0.0019793465426276163,AUTO_APPROVE,False,NOT_REQUESTED,NOT_APPLICABLE,NOT_OBSERVED_V1_BATCH,SIMULATED_LEGITIMATE
rr_0006719,False,AUTO_APPROVE,inconclusive,1.2499996875000778e-06,AUTO_APPROVE,False,NOT_REQUESTED,NOT_APPLICABLE,NOT_OBSERVED_V1_BATCH,SIMULATED_LEGITIMATE
rr_0006720,False,AUTO_APPROVE,consistent,1e-06,AUTO_APPROVE,False,NOT_REQUESTED,NOT_APPLICABLE,NOT_OBSERVED_V1_BATCH,SIMULATED_LEGITIMATE
rr_0006721,False,AUTO_APPROVE,consistent,0.0019793465426276163,AUTO_APPROVE,False,NOT_REQUESTED,NOT_APPLICABLE,NOT_OBSERVED_V1_BATCH,SIMULATED_LEGITIMATE
rr_0006722,False,AUTO_APPROVE,consistent,1e-06,AUTO_APPROVE,False,NOT_REQUESTED,NOT_APPLICABLE,NOT_OBSERVED_V1_BATCH,SIMULATED_LEGITIMATE
rr_0006723,False,AUTO_APPROVE,consistent,1e-06,AUTO_APPROVE,False,NOT_REQUESTED,NOT_APPLICABLE,NOT_OBSERVED_V1_BATCH,SIMULATED_LEGITIMATE
rr_0006724,False,AUTO_APPROVE,inconsistent,2.2897734911559113e-05,AUTO_APPROVE,False,NOT_REQUESTED,NOT_APPLICABLE,NOT_OBSERVED_V1_BATCH,SIMULATED_LEGITIMATE
rr_0006725,False,AUTO_APPROVE,consistent,0.004432508937619314,AUTO_APPROVE,False,NOT_REQUESTED,NOT_APPLICABLE,NOT_OBSERVED_V1_BATCH,SIMULATED_LEGITIMATE
rr_0006726,False,AUTO_APPROVE,consistent,1e-06,AUTO_APPROVE,False,NOT_REQUESTED,NOT_APPLICABLE,NOT_OBSERVED_V1_BATCH,SIMULATED_LEGITIMATE
rr_0006727,False,AUTO_APPROVE,consistent,0.004432508937619314,AUTO_APPROVE,False,NOT_REQUESTED,NOT_APPLICABLE,NOT_OBSERVED_V1_BATCH,SIMULATED_LEGITIMATE
rr_0006728,False,AUTO_APPROVE,consistent,0.0019793465426276163,AUTO_APPROVE,False,NOT_REQUESTED,NOT_APPLICABLE,NOT_OBSERVED_V1_BATCH,SIMULATED_LEGITIMATE
rr_0006729,False,VERIFY,consistent,0.010122729367085073,AUTO_APPROVE,False,consistent,LOW,NOT_OBSERVED_V1_BATCH,SIMULATED_LEGITIMATE
rr_0006730,False,AUTO_APPROVE,consistent,1e-06,AUTO_APPROVE,False,NOT_REQUESTED,NOT_APPLICABLE,NOT_OBSERVED_V1_BATCH,SIMULATED_LEGITIMATE
rr_0006731,False,AUTO_APPROVE,consistent,1e-06,AUTO_APPROVE,False,NOT_REQUESTED,NOT_APPLICABLE,NOT_OBSERVED_V1_BATCH,SIMULATED_LEGITIMATE
rr_0006732,False,AUTO_APPROVE,consistent,1e-06,AUTO_APPROVE,False,NOT_REQUESTED,NOT_APPLICABLE,NOT_OBSERVED_V1_BATCH,SIMULATED_LEGITIMATE
rr_0006733,True,MANUAL_REVIEW,inconclusive,0.999999,MANUAL_REVIEW,True,NOT_REQUESTED,NOT_APPLICABLE,NOT_OBSERVED_V1_BATCH,SIMULATED_ABUSE
rr_0006734,True,VERIFY,inconsistent,0.8327165442709169,RETURN_FIRST,False,inconsistent,MIDDLE,NOT_OBSERVED_V1_BATCH,SIMULATED_ABUSE
rr_0006735,False,AUTO_APPROVE,consistent,1e-06,AUTO_APPROVE,False,NOT_REQUESTED,NOT_APPLICABLE,NOT_OBSERVED_V1_BATCH,SIMULATED_LEGITIMATE
rr_0006736,False,AUTO_APPROVE,consistent,1e-06,AUTO_APPROVE,False,NOT_REQUESTED,NOT_APPLICABLE,NOT_OBSERVED_V1_BATCH,SIMULATED_LEGITIMATE
rr_0006737,False,AUTO_APPROVE,consistent,1e-06,AUTO_APPROVE,False,NOT_REQUESTED,NOT_APPLICABLE,NOT_OBSERVED_V1_BATCH,SIMULATED_LEGITIMATE
rr_0006738,False,AUTO_APPROVE,consistent,1e-06,AUTO_APPROVE,False,NOT_REQUESTED,NOT_APPLICABLE,NOT_OBSERVED_V1_BATCH,SIMULATED_LEGITIMATE
rr_0006739,False,AUTO_APPROVE,consistent,1e-06,AUTO_APPROVE,False,NOT_REQUESTED,NOT_APPLICABLE,NOT_OBSERVED_V1_BATCH,SIMULATED_LEGITIMATE
rr_0006740,False,AUTO_APPROVE,consistent,0.0019793465426276163,AUTO_APPROVE,False,NOT_REQUESTED,NOT_APPLICABLE,NOT_OBSERVED_V1_BATCH,SIMULATED_LEGITIMATE
rr_0006741,False,AUTO_APPROVE,consistent,1e-06,AUTO_APPROVE,False,NOT_REQUESTED,NOT_APPLICABLE,NOT_OBSERVED_V1_BATCH,SIMULATED_LEGITIMATE
rr_0006742,False,AUTO_APPROVE,consistent,0.0019793465426276163,AUTO_APPROVE,False,NOT_REQUESTED,NOT_APPLICABLE,NOT_OBSERVED_V1_BATCH,SIMULATED_LEGITIMATE
rr_0006743,False,AUTO_APPROVE,consistent,1e-06,AUTO_APPROVE,False,NOT_REQUESTED,NOT_APPLICABLE,NOT_OBSERVED_V1_BATCH,SIMULATED_LEGITIMATE
rr_0006744,False,AUTO_APPROVE,consistent,1e-06,AUTO_APPROVE,False,NOT_REQUESTED,NOT_APPLICABLE,NOT_OBSERVED_V1_BATCH,SIMULATED_LEGITIMATE
rr_0006745,False,VERIFY,consistent,0.010122729367085073,AUTO_APPROVE,False,consistent,LOW,NOT_OBSERVED_V1_BATCH,SIMULATED_LEGITIMATE
rr_0006746,False,AUTO_APPROVE,consistent,1e-06,AUTO_APPROVE,False,NOT_REQUESTED,NOT_APPLICABLE,NOT_OBSERVED_V1_BATCH,SIMULATED_LEGITIMATE
rr_0006747,False,AUTO_APPROVE,consistent,1e-06,AUTO_APPROVE,False,NOT_REQUESTED,NOT_APPLICABLE,NOT_OBSERVED_V1_BATCH,SIMULATED_LEGITIMATE
rr_0006748,False,AUTO_APPROVE,consistent,1e-06,AUTO_APPROVE,False,NOT_REQUESTED,NOT_APPLICABLE,NOT_OBSERVED_V1_BATCH,SIMULATED_LEGITIMATE
rr_0006749,False,AUTO_APPROVE,consistent,1e-06,AUTO_APPROVE,False,NOT_REQUESTED,NOT_APPLICABLE,NOT_OBSERVED_V1_BATCH,SIMULATED_LEGITIMATE
rr_0006750,True,VERIFY,inconsistent,0.9913413302587675,RETURN_FIRST,False,inconsistent,MIDDLE,NOT_OBSERVED_V1_BATCH,SIMULATED_ABUSE
rr_0006751,False,AUTO_APPROVE,consistent,1e-06,AUTO_APPROVE,False,NOT_REQUESTED,NOT_APPLICABLE,NOT_OBSERVED_V1_BATCH,SIMULATED_LEGITIMATE
rr_0006752,False,VERIFY,inconclusive,0.2136752136752137,RETURN_FIRST,False,inconclusive,MIDDLE,NOT_OBSERVED_V1_BATCH,SIMULATED_LEGITIMATE
rr_0006753,False,AUTO_APPROVE,consistent,1e-06,AUTO_APPROVE,False,NOT_REQUESTED,NOT_APPLICABLE,NOT_OBSERVED_V1_BATCH,SIMULATED_LEGITIMATE
rr_0006754,False,AUTO_APPROVE,consistent,1e-06,AUTO_APPROVE,False,NOT_REQUESTED,NOT_APPLICABLE,NOT_OBSERVED_V1_BATCH,SIMULATED_LEGITIMATE
rr_0006755,False,AUTO_APPROVE,consistent,0.0019793465426276163,AUTO_APPROVE,False,NOT_REQUESTED,NOT_APPLICABLE,NOT_OBSERVED_V1_BATCH,SIMULATED_LEGITIMATE
rr_0006756,True,VERIFY,consistent,0.02316375335874424,AUTO_APPROVE,False,consistent,LOW,NOT_OBSERVED_V1_BATCH,SIMULATED_ABUSE
rr_0006757,False,AUTO_APPROVE,inconclusive,1.2499996875000778e-06,AUTO_APPROVE,False,NOT_REQUESTED,NOT_APPLICABLE,NOT_OBSERVED_V1_BATCH,SIMULATED_LEGITIMATE
rr_0006758,False,AUTO_APPROVE,consistent,1e-06,AUTO_APPROVE,False,NOT_REQUESTED,NOT_APPLICABLE,NOT_OBSERVED_V1_BATCH,SIMULATED_LEGITIMATE
rr_0006759,False,AUTO_APPROVE,consistent,1e-06,AUTO_APPROVE,False,NOT_REQUESTED,NOT_APPLICABLE,NOT_OBSERVED_V1_BATCH,SIMULATED_LEGITIMATE
rr_0006760,False,AUTO_APPROVE,consistent,1e-06,AUTO_APPROVE,False,NOT_REQUESTED,NOT_APPLICABLE,NOT_OBSERVED_V1_BATCH,SIMULATED_LEGITIMATE
rr_0006761,False,AUTO_APPROVE,consistent,0.004432508937619314,AUTO_APPROVE,False,NOT_REQUESTED,NOT_APPLICABLE,NOT_OBSERVED_V1_BATCH,SIMULATED_LEGITIMATE
rr_0006762,False,AUTO_APPROVE,consistent,1e-06,AUTO_APPROVE,False,NOT_REQUESTED,NOT_APPLICABLE,NOT_OBSERVED_V1_BATCH,SIMULATED_LEGITIMATE
rr_0006763,True,MANUAL_REVIEW,inconsistent,0.999999,MANUAL_REVIEW,False,NOT_REQUESTED,NOT_APPLICABLE,NOT_OBSERVED_V1_BATCH,SIMULATED_ABUSE
rr_0006764,True,VERIFY,consistent,0.09835176015736281,AUTO_APPROVE,False,consistent,MIDDLE,NOT_OBSERVED_V1_BATCH,SIMULATED_ABUSE
rr_0006765,False,AUTO_APPROVE,consistent,1e-06,AUTO_APPROVE,False,NOT_REQUESTED,NOT_APPLICABLE,NOT_OBSERVED_V1_BATCH,SIMULATED_LEGITIMATE
rr_0006766,False,AUTO_APPROVE,consistent,1e-06,AUTO_APPROVE,False,NOT_REQUESTED,NOT_APPLICABLE,NOT_OBSERVED_V1_BATCH,SIMULATED_LEGITIMATE
rr_0006767,False,AUTO_APPROVE,consistent,1e-06,AUTO_APPROVE,False,NOT_REQUESTED,NOT_APPLICABLE,NOT_OBSERVED_V1_BATCH,SIMULATED_LEGITIMATE
rr_0006768,False,AUTO_APPROVE,consistent,1e-06,AUTO_APPROVE,False,NOT_REQUESTED,NOT_APPLICABLE,NOT_OBSERVED_V1_BATCH,SIMULATED_LEGITIMATE
rr_0006769,False,AUTO_APPROVE,consistent,1e-06,AUTO_APPROVE,False,NOT_REQUESTED,NOT_APPLICABLE,NOT_OBSERVED_V1_BATCH,SIMULATED_LEGITIMATE
rr_0006770,False,AUTO_APPROVE,consistent,1e-06,AUTO_APPROVE,False,NOT_REQUESTED,NOT_APPLICABLE,NOT_OBSERVED_V1_BATCH,SIMULATED_LEGITIMATE
rr_0006771,False,VERIFY,consistent,0.09835176015736281,AUTO_APPROVE,False,consistent,MIDDLE,NOT_OBSERVED_V1_BATCH,SIMULATED_LEGITIMATE
rr_0006772,False,AUTO_APPROVE,consistent,1e-06,AUTO_APPROVE,False,NOT_REQUESTED,NOT_APPLICABLE,NOT_OBSERVED_V1_BATCH,SIMULATED_LEGITIMATE
rr_0006773,False,AUTO_APPROVE,consistent,0.0019793465426276163,AUTO_APPROVE,False,NOT_REQUESTED,NOT_APPLICABLE,NOT_OBSERVED_V1_BATCH,SIMULATED_LEGITIMATE
rr_0006774,False,AUTO_APPROVE,consistent,0.004432508937619314,AUTO_APPROVE,False,NOT_REQUESTED,NOT_APPLICABLE,NOT_OBSERVED_V1_BATCH,SIMULATED_LEGITIMATE
rr_0006775,False,VERIFY,inconsistent,0.958155907987277,RETURN_FIRST,False,inconsistent,MIDDLE,NOT_OBSERVED_V1_BATCH,SIMULATED_LEGITIMATE
rr_0006776,False,AUTO_APPROVE,consistent,0.0019793465426276163,AUTO_APPROVE,False,NOT_REQUESTED,NOT_APPLICABLE,NOT_OBSERVED_V1_BATCH,SIMULATED_LEGITIMATE
rr_0006777,False,AUTO_APPROVE,consistent,1e-06,AUTO_APPROVE,False,NOT_REQUESTED,NOT_APPLICABLE,NOT_OBSERVED_V1_BATCH,SIMULATED_LEGITIMATE
rr_0006778,False,AUTO_APPROVE,consistent,1e-06,AUTO_APPROVE,False,NOT_REQUESTED,NOT_APPLICABLE,NOT_OBSERVED_V1_BATCH,SIMULATED_LEGITIMATE
rr_0006779,False,AUTO_APPROVE,consistent,1e-06,AUTO_APPROVE,False,NOT_REQUESTED,NOT_APPLICABLE,NOT_OBSERVED_V1_BATCH,SIMULATED_LEGITIMATE
rr_0006780,True,VERIFY,inconsistent,0.958155907987277,RETURN_FIRST,False,inconsistent,MIDDLE,NOT_OBSERVED_V1_BATCH,SIMULATED_ABUSE
rr_0006781,False,AUTO_APPROVE,consistent,0.0019793465426276163,AUTO_APPROVE,False,NOT_REQUESTED,NOT_APPLICABLE,NOT_OBSERVED_V1_BATCH,SIMULATED_LEGITIMATE
rr_0006782,False,AUTO_APPROVE,consistent,1e-06,AUTO_APPROVE,False,NOT_REQUESTED,NOT_APPLICABLE,NOT_OBSERVED_V1_BATCH,SIMULATED_LEGITIMATE
rr_0006783,False,AUTO_APPROVE,consistent,0.0019793465426276163,AUTO_APPROVE,False,NOT_REQUESTED,NOT_APPLICABLE,NOT_OBSERVED_V1_BATCH,SIMULATED_LEGITIMATE
rr_0006784,False,AUTO_APPROVE,consistent,1e-06,AUTO_APPROVE,False,NOT_REQUESTED,NOT_APPLICABLE,NOT_OBSERVED_V1_BATCH,SIMULATED_LEGITIMATE
rr_0006785,False,AUTO_APPROVE,consistent,1e-06,AUTO_APPROVE,False,NOT_REQUESTED,NOT_APPLICABLE,NOT_OBSERVED_V1_BATCH,SIMULATED_LEGITIMATE
rr_0006786,False,AUTO_APPROVE,inconsistent,2.2897734911559113e-05,AUTO_APPROVE,False,NOT_REQUESTED,NOT_APPLICABLE,NOT_OBSERVED_V1_BATCH,SIMULATED_LEGITIMATE
rr_0006787,False,AUTO_APPROVE,consistent,1e-06,AUTO_APPROVE,False,NOT_REQUESTED,NOT_APPLICABLE,NOT_OBSERVED_V1_BATCH,SIMULATED_LEGITIMATE
rr_0006788,True,VERIFY,inconsistent,0.9913413302587675,RETURN_FIRST,False,inconsistent,MIDDLE,NOT_OBSERVED_V1_BATCH,SIMULATED_ABUSE
rr_0006789,False,AUTO_APPROVE,consistent,0.0019793465426276163,AUTO_APPROVE,False,NOT_REQUESTED,NOT_APPLICABLE,NOT_OBSERVED_V1_BATCH,SIMULATED_LEGITIMATE
rr_0006790,False,AUTO_APPROVE,consistent,1e-06,AUTO_APPROVE,False,NOT_REQUESTED,NOT_APPLICABLE,NOT_OBSERVED_V1_BATCH,SIMULATED_LEGITIMATE
rr_0006791,False,AUTO_APPROVE,inconclusive,1.2499996875000778e-06,AUTO_APPROVE,False,NOT_REQUESTED,NOT_APPLICABLE,NOT_OBSERVED_V1_BATCH,SIMULATED_LEGITIMATE
rr_0006792,False,AUTO_APPROVE,consistent,1e-06,AUTO_APPROVE,False,NOT_REQUESTED,NOT_APPLICABLE,NOT_OBSERVED_V1_BATCH,SIMULATED_LEGITIMATE
rr_0006793,False,AUTO_APPROVE,consistent,1e-06,AUTO_APPROVE,False,NOT_REQUESTED,NOT_APPLICABLE,NOT_OBSERVED_V1_BATCH,SIMULATED_LEGITIMATE
rr_0006794,False,AUTO_APPROVE,consistent,1e-06,AUTO_APPROVE,False,NOT_REQUESTED,NOT_APPLICABLE,NOT_OBSERVED_V1_BATCH,SIMULATED_LEGITIMATE
rr_0006795,False,VERIFY,consistent,0.09835176015736281,AUTO_APPROVE,False,consistent,MIDDLE,NOT_OBSERVED_V1_BATCH,SIMULATED_LEGITIMATE
rr_0006796,True,MANUAL_REVIEW,inconsistent,0.999999,MANUAL_REVIEW,True,NOT_REQUESTED,NOT_APPLICABLE,NOT_OBSERVED_V1_BATCH,SIMULATED_ABUSE
rr_0006797,False,VERIFY,consistent,0.02316375335874424,AUTO_APPROVE,False,consistent,LOW,NOT_OBSERVED_V1_BATCH,SIMULATED_LEGITIMATE
rr_0006798,False,VERIFY,consistent,0.010122729367085073,AUTO_APPROVE,False,consistent,LOW,NOT_OBSERVED_V1_BATCH,SIMULATED_LEGITIMATE
rr_0006799,False,AUTO_APPROVE,consistent,1e-06,AUTO_APPROVE,False,NOT_REQUESTED,NOT_APPLICABLE,NOT_OBSERVED_V1_BATCH,SIMULATED_LEGITIMATE
rr_0006800,False,AUTO_APPROVE,consistent,1e-06,AUTO_APPROVE,False,NOT_REQUESTED,NOT_APPLICABLE,NOT_OBSERVED_V1_BATCH,SIMULATED_LEGITIMATE
rr_0006801,False,AUTO_APPROVE,consistent,0.0019793465426276163,AUTO_APPROVE,False,NOT_REQUESTED,NOT_APPLICABLE,NOT_OBSERVED_V1_BATCH,SIMULATED_LEGITIMATE
rr_0006802,False,AUTO_APPROVE,consistent,1e-06,AUTO_APPROVE,False,NOT_REQUESTED,NOT_APPLICABLE,NOT_OBSERVED_V1_BATCH,SIMULATED_LEGITIMATE
rr_0006803,False,AUTO_APPROVE,consistent,1e-06,AUTO_APPROVE,False,NOT_REQUESTED,NOT_APPLICABLE,NOT_OBSERVED_V1_BATCH,SIMULATED_LEGITIMATE
rr_0006804,False,AUTO_APPROVE,inconclusive,1.2499996875000778e-06,AUTO_APPROVE,False,NOT_REQUESTED,NOT_APPLICABLE,NOT_OBSERVED_V1_BATCH,SIMULATED_LEGITIMATE
rr_0006805,False,AUTO_APPROVE,consistent,0.0019793465426276163,AUTO_APPROVE,False,NOT_REQUESTED,NOT_APPLICABLE,NOT_OBSERVED_V1_BATCH,SIMULATED_LEGITIMATE
rr_0006806,False,AUTO_APPROVE,inconclusive,1.2499996875000778e-06,AUTO_APPROVE,False,NOT_REQUESTED,NOT_APPLICABLE,NOT_OBSERVED_V1_BATCH,SIMULATED_LEGITIMATE
rr_0006807,False,AUTO_APPROVE,consistent,0.0019793465426276163,AUTO_APPROVE,False,NOT_REQUESTED,NOT_APPLICABLE,NOT_OBSERVED_V1_BATCH,SIMULATED_LEGITIMATE
rr_0006808,False,AUTO_APPROVE,consistent,1e-06,AUTO_APPROVE,False,NOT_REQUESTED,NOT_APPLICABLE,NOT_OBSERVED_V1_BATCH,SIMULATED_LEGITIMATE
rr_0006809,False,VERIFY,consistent,0.09835176015736281,AUTO_APPROVE,False,consistent,MIDDLE,NOT_OBSERVED_V1_BATCH,SIMULATED_LEGITIMATE
rr_0006810,False,VERIFY,consistent,0.09835176015736281,AUTO_APPROVE,False,consistent,MIDDLE,NOT_OBSERVED_V1_BATCH,SIMULATED_LEGITIMATE
rr_0006811,False,AUTO_APPROVE,consistent,1e-06,AUTO_APPROVE,False,NOT_REQUESTED,NOT_APPLICABLE,NOT_OBSERVED_V1_BATCH,SIMULATED_LEGITIMATE
rr_0006812,False,AUTO_APPROVE,consistent,1e-06,AUTO_APPROVE,False,NOT_REQUESTED,NOT_APPLICABLE,NOT_OBSERVED_V1_BATCH,SIMULATED_LEGITIMATE
rr_0006813,False,AUTO_APPROVE,consistent,1e-06,AUTO_APPROVE,False,NOT_REQUESTED,NOT_APPLICABLE,NOT_OBSERVED_V1_BATCH,SIMULATED_LEGITIMATE
rr_0006814,False,VERIFY,consistent,0.015903002651414404,AUTO_APPROVE,False,consistent,LOW,NOT_OBSERVED_V1_BATCH,SIMULATED_LEGITIMATE
rr_0006815,False,AUTO_APPROVE,consistent,1e-06,AUTO_APPROVE,False,NOT_REQUESTED,NOT_APPLICABLE,NOT_OBSERVED_V1_BATCH,SIMULATED_LEGITIMATE
rr_0006816,False,AUTO_APPROVE,consistent,0.004432508937619314,AUTO_APPROVE,False,NOT_REQUESTED,NOT_APPLICABLE,NOT_OBSERVED_V1_BATCH,SIMULATED_LEGITIMATE
rr_0006817,False,AUTO_APPROVE,consistent,1e-06,AUTO_APPROVE,False,NOT_REQUESTED,NOT_APPLICABLE,NOT_OBSERVED_V1_BATCH,SIMULATED_LEGITIMATE
rr_0006818,False,AUTO_APPROVE,consistent,0.004432508937619314,AUTO_APPROVE,False,NOT_REQUESTED,NOT_APPLICABLE,NOT_OBSERVED_V1_BATCH,SIMULATED_LEGITIMATE
rr_0006819,False,AUTO_APPROVE,inconclusive,0.022222222222222223,AUTO_APPROVE,False,NOT_REQUESTED,NOT_APPLICABLE,NOT_OBSERVED_V1_BATCH,SIMULATED_LEGITIMATE
rr_0006820,False,AUTO_APPROVE,consistent,1e-06,AUTO_APPROVE,False,NOT_REQUESTED,NOT_APPLICABLE,NOT_OBSERVED_V1_BATCH,SIMULATED_LEGITIMATE
rr_0006821,False,AUTO_APPROVE,consistent,1e-06,AUTO_APPROVE,False,NOT_REQUESTED,NOT_APPLICABLE,NOT_OBSERVED_V1_BATCH,SIMULATED_LEGITIMATE
rr_0006822,False,AUTO_APPROVE,consistent,1e-06,AUTO_APPROVE,False,NOT_REQUESTED,NOT_APPLICABLE,NOT_OBSERVED_V1_BATCH,SIMULATED_LEGITIMATE
rr_0006823,False,AUTO_APPROVE,consistent,0.0019793465426276163,AUTO_APPROVE,False,NOT_REQUESTED,NOT_APPLICABLE,NOT_OBSERVED_V1_BATCH,SIMULATED_LEGITIMATE
rr_0006824,False,AUTO_APPROVE,consistent,1e-06,AUTO_APPROVE,False,NOT_REQUESTED,NOT_APPLICABLE,NOT_OBSERVED_V1_BATCH,SIMULATED_LEGITIMATE
rr_0006825,False,VERIFY,consistent,0.010122729367085073,AUTO_APPROVE,False,consistent,LOW,NOT_OBSERVED_V1_BATCH,SIMULATED_LEGITIMATE
rr_0006826,False,VERIFY,consistent,0.02316375335874424,AUTO_APPROVE,False,consistent,LOW,NOT_OBSERVED_V1_BATCH,SIMULATED_LEGITIMATE
rr_0006827,False,AUTO_APPROVE,consistent,1e-06,AUTO_APPROVE,False,NOT_REQUESTED,NOT_APPLICABLE,NOT_OBSERVED_V1_BATCH,SIMULATED_LEGITIMATE
rr_0006828,False,AUTO_APPROVE,consistent,1e-06,AUTO_APPROVE,False,NOT_REQUESTED,NOT_APPLICABLE,NOT_OBSERVED_V1_BATCH,SIMULATED_LEGITIMATE
rr_0006829,False,AUTO_APPROVE,consistent,0.004432508937619314,AUTO_APPROVE,False,NOT_REQUESTED,NOT_APPLICABLE,NOT_OBSERVED_V1_BATCH,SIMULATED_LEGITIMATE
rr_0006830,False,AUTO_APPROVE,inconclusive,0.04854368932038835,AUTO_APPROVE,False,NOT_REQUESTED,NOT_APPLICABLE,NOT_OBSERVED_V1_BATCH,SIMULATED_LEGITIMATE
rr_0006831,False,AUTO_APPROVE,consistent,1e-06,AUTO_APPROVE,False,NOT_REQUESTED,NOT_APPLICABLE,NOT_OBSERVED_V1_BATCH,SIMULATED_LEGITIMATE
rr_0006832,True,MANUAL_REVIEW,inconsistent,0.999999,MANUAL_REVIEW,False,NOT_REQUESTED,NOT_APPLICABLE,NOT_OBSERVED_V1_BATCH,SIMULATED_ABUSE
rr_0006833,False,AUTO_APPROVE,consistent,1e-06,AUTO_APPROVE,False,NOT_REQUESTED,NOT_APPLICABLE,NOT_OBSERVED_V1_BATCH,SIMULATED_LEGITIMATE
rr_0006834,False,AUTO_APPROVE,inconsistent,0.48310313006980515,AUTO_APPROVE,False,NOT_REQUESTED,NOT_APPLICABLE,NOT_OBSERVED_V1_BATCH,SIMULATED_LEGITIMATE
rr_0006835,False,AUTO_APPROVE,inconclusive,1.2499996875000778e-06,AUTO_APPROVE,False,NOT_REQUESTED,NOT_APPLICABLE,NOT_OBSERVED_V1_BATCH,SIMULATED_LEGITIMATE
rr_0006836,False,VERIFY,inconsistent,0.6822077314739403,RETURN_FIRST,False,inconsistent,MIDDLE,NOT_OBSERVED_V1_BATCH,SIMULATED_LEGITIMATE
rr_0006837,False,AUTO_APPROVE,consistent,0.0019793465426276163,AUTO_APPROVE,False,NOT_REQUESTED,NOT_APPLICABLE,NOT_OBSERVED_V1_BATCH,SIMULATED_LEGITIMATE
rr_0006838,False,AUTO_APPROVE,consistent,1e-06,AUTO_APPROVE,False,NOT_REQUESTED,NOT_APPLICABLE,NOT_OBSERVED_V1_BATCH,SIMULATED_LEGITIMATE
rr_0006839,False,AUTO_APPROVE,consistent,0.0019793465426276163,AUTO_APPROVE,False,NOT_REQUESTED,NOT_APPLICABLE,NOT_OBSERVED_V1_BATCH,SIMULATED_LEGITIMATE
rr_0006840,False,AUTO_APPROVE,consistent,0.0019793465426276163,AUTO_APPROVE,False,NOT_REQUESTED,NOT_APPLICABLE,NOT_OBSERVED_V1_BATCH,SIMULATED_LEGITIMATE
rr_0006841,True,VERIFY,inconsistent,0.7723304710434816,RETURN_FIRST,False,inconsistent,MIDDLE,NOT_OBSERVED_V1_BATCH,SIMULATED_ABUSE
rr_0006842,False,AUTO_APPROVE,consistent,1e-06,AUTO_APPROVE,False,NOT_REQUESTED,NOT_APPLICABLE,NOT_OBSERVED_V1_BATCH,SIMULATED_LEGITIMATE
rr_0006843,False,VERIFY,consistent,0.02316375335874424,AUTO_APPROVE,False,consistent,LOW,NOT_OBSERVED_V1_BATCH,SIMULATED_LEGITIMATE
rr_0006844,False,VERIFY,consistent,0.010122729367085073,AUTO_APPROVE,False,consistent,LOW,NOT_OBSERVED_V1_BATCH,SIMULATED_LEGITIMATE
rr_0006845,False,AUTO_APPROVE,consistent,1e-06,AUTO_APPROVE,False,NOT_REQUESTED,NOT_APPLICABLE,NOT_OBSERVED_V1_BATCH,SIMULATED_LEGITIMATE
rr_0006846,False,VERIFY,consistent,0.015903002651414404,AUTO_APPROVE,False,consistent,LOW,NOT_OBSERVED_V1_BATCH,SIMULATED_LEGITIMATE
rr_0006847,False,AUTO_APPROVE,consistent,0.004432508937619314,AUTO_APPROVE,False,NOT_REQUESTED,NOT_APPLICABLE,NOT_OBSERVED_V1_BATCH,SIMULATED_LEGITIMATE
rr_0006848,False,AUTO_APPROVE,consistent,1e-06,AUTO_APPROVE,False,NOT_REQUESTED,NOT_APPLICABLE,NOT_OBSERVED_V1_BATCH,SIMULATED_LEGITIMATE
rr_0006849,False,AUTO_APPROVE,consistent,1e-06,AUTO_APPROVE,False,NOT_REQUESTED,NOT_APPLICABLE,NOT_OBSERVED_V1_BATCH,SIMULATED_LEGITIMATE
rr_0006850,True,VERIFY,inconsistent,0.7723304710434816,RETURN_FIRST,False,inconsistent,MIDDLE,NOT_OBSERVED_V1_BATCH,SIMULATED_ABUSE
rr_0006851,False,AUTO_APPROVE,consistent,1e-06,AUTO_APPROVE,False,NOT_REQUESTED,NOT_APPLICABLE,NOT_OBSERVED_V1_BATCH,SIMULATED_LEGITIMATE
rr_0006852,False,AUTO_APPROVE,consistent,1e-06,AUTO_APPROVE,False,NOT_REQUESTED,NOT_APPLICABLE,NOT_OBSERVED_V1_BATCH,SIMULATED_LEGITIMATE
rr_0006853,False,AUTO_APPROVE,consistent,1e-06,AUTO_APPROVE,False,NOT_REQUESTED,NOT_APPLICABLE,NOT_OBSERVED_V1_BATCH,SIMULATED_LEGITIMATE
rr_0006854,False,VERIFY,consistent,0.015903002651414404,AUTO_APPROVE,False,consistent,LOW,NOT_OBSERVED_V1_BATCH,SIMULATED_LEGITIMATE
rr_0006855,False,AUTO_APPROVE,consistent,1e-06,AUTO_APPROVE,False,NOT_REQUESTED,NOT_APPLICABLE,NOT_OBSERVED_V1_BATCH,SIMULATED_LEGITIMATE
rr_0006856,False,AUTO_APPROVE,consistent,0.004432508937619314,AUTO_APPROVE,False,NOT_REQUESTED,NOT_APPLICABLE,NOT_OBSERVED_V1_BATCH,SIMULATED_LEGITIMATE
rr_0006857,True,VERIFY,inconsistent,0.6822077314739403,RETURN_FIRST,False,inconsistent,MIDDLE,NOT_OBSERVED_V1_BATCH,SIMULATED_ABUSE
rr_0006858,False,AUTO_APPROVE,consistent,0.004432508937619314,AUTO_APPROVE,False,NOT_REQUESTED,NOT_APPLICABLE,NOT_OBSERVED_V1_BATCH,SIMULATED_LEGITIMATE
rr_0006859,False,AUTO_APPROVE,consistent,0.0019793465426276163,AUTO_APPROVE,False,NOT_REQUESTED,NOT_APPLICABLE,NOT_OBSERVED_V1_BATCH,SIMULATED_LEGITIMATE
rr_0006860,False,AUTO_APPROVE,consistent,0.0019793465426276163,AUTO_APPROVE,False,NOT_REQUESTED,NOT_APPLICABLE,NOT_OBSERVED_V1_BATCH,SIMULATED_LEGITIMATE
rr_0006861,False,AUTO_APPROVE,consistent,1e-06,AUTO_APPROVE,False,NOT_REQUESTED,NOT_APPLICABLE,NOT_OBSERVED_V1_BATCH,SIMULATED_LEGITIMATE
rr_0006862,False,AUTO_APPROVE,consistent,1e-06,AUTO_APPROVE,False,NOT_REQUESTED,NOT_APPLICABLE,NOT_OBSERVED_V1_BATCH,SIMULATED_LEGITIMATE
rr_0006863,False,AUTO_APPROVE,inconclusive,1.2499996875000778e-06,AUTO_APPROVE,False,NOT_REQUESTED,NOT_APPLICABLE,NOT_OBSERVED_V1_BATCH,SIMULATED_LEGITIMATE
rr_0006864,False,AUTO_APPROVE,consistent,1e-06,AUTO_APPROVE,False,NOT_REQUESTED,NOT_APPLICABLE,NOT_OBSERVED_V1_BATCH,SIMULATED_LEGITIMATE
rr_0006865,False,VERIFY,consistent,0.015903002651414404,AUTO_APPROVE,False,consistent,LOW,NOT_OBSERVED_V1_BATCH,SIMULATED_LEGITIMATE
rr_0006866,True,VERIFY,inconsistent,0.7723304710434816,RETURN_FIRST,False,inconsistent,MIDDLE,NOT_OBSERVED_V1_BATCH,SIMULATED_ABUSE
rr_0006867,False,VERIFY,consistent,0.010122729367085073,AUTO_APPROVE,False,consistent,LOW,NOT_OBSERVED_V1_BATCH,SIMULATED_LEGITIMATE
rr_0006868,False,AUTO_APPROVE,consistent,1e-06,AUTO_APPROVE,False,NOT_REQUESTED,NOT_APPLICABLE,NOT_OBSERVED_V1_BATCH,SIMULATED_LEGITIMATE
rr_0006869,False,AUTO_APPROVE,consistent,1e-06,AUTO_APPROVE,False,NOT_REQUESTED,NOT_APPLICABLE,NOT_OBSERVED_V1_BATCH,SIMULATED_LEGITIMATE
rr_0006870,True,MANUAL_REVIEW,inconsistent,0.999999,MANUAL_REVIEW,False,NOT_REQUESTED,NOT_APPLICABLE,NOT_OBSERVED_V1_BATCH,SIMULATED_ABUSE
rr_0006871,False,AUTO_APPROVE,consistent,1e-06,AUTO_APPROVE,False,NOT_REQUESTED,NOT_APPLICABLE,NOT_OBSERVED_V1_BATCH,SIMULATED_LEGITIMATE
rr_0006872,False,AUTO_APPROVE,consistent,1e-06,AUTO_APPROVE,False,NOT_REQUESTED,NOT_APPLICABLE,NOT_OBSERVED_V1_BATCH,SIMULATED_LEGITIMATE
rr_0006873,False,AUTO_APPROVE,consistent,1e-06,AUTO_APPROVE,False,NOT_REQUESTED,NOT_APPLICABLE,NOT_OBSERVED_V1_BATCH,SIMULATED_LEGITIMATE
rr_0006874,False,AUTO_APPROVE,consistent,1e-06,AUTO_APPROVE,False,NOT_REQUESTED,NOT_APPLICABLE,NOT_OBSERVED_V1_BATCH,SIMULATED_LEGITIMATE
rr_0006875,False,AUTO_APPROVE,consistent,1e-06,AUTO_APPROVE,False,NOT_REQUESTED,NOT_APPLICABLE,NOT_OBSERVED_V1_BATCH,SIMULATED_LEGITIMATE
rr_0006876,True,MANUAL_REVIEW,inconsistent,0.999999,MANUAL_REVIEW,True,NOT_REQUESTED,NOT_APPLICABLE,NOT_OBSERVED_V1_BATCH,SIMULATED_ABUSE
rr_0006877,False,VERIFY,consistent,0.010122729367085073,AUTO_APPROVE,False,consistent,LOW,NOT_OBSERVED_V1_BATCH,SIMULATED_LEGITIMATE
rr_0006878,False,AUTO_APPROVE,consistent,1e-06,AUTO_APPROVE,False,NOT_REQUESTED,NOT_APPLICABLE,NOT_OBSERVED_V1_BATCH,SIMULATED_LEGITIMATE
rr_0006879,False,AUTO_APPROVE,consistent,1e-06,AUTO_APPROVE,False,NOT_REQUESTED,NOT_APPLICABLE,NOT_OBSERVED_V1_BATCH,SIMULATED_LEGITIMATE
rr_0006880,False,AUTO_APPROVE,consistent,0.0019793465426276163,AUTO_APPROVE,False,NOT_REQUESTED,NOT_APPLICABLE,NOT_OBSERVED_V1_BATCH,SIMULATED_LEGITIMATE
rr_0006881,False,VERIFY,consistent,0.010122729367085073,AUTO_APPROVE,False,consistent,LOW,NOT_OBSERVED_V1_BATCH,SIMULATED_LEGITIMATE
rr_0006882,False,AUTO_APPROVE,consistent,1e-06,AUTO_APPROVE,False,NOT_REQUESTED,NOT_APPLICABLE,NOT_OBSERVED_V1_BATCH,SIMULATED_LEGITIMATE
rr_0006883,False,AUTO_APPROVE,consistent,0.0019793465426276163,AUTO_APPROVE,False,NOT_REQUESTED,NOT_APPLICABLE,NOT_OBSERVED_V1_BATCH,SIMULATED_LEGITIMATE
rr_0006884,False,AUTO_APPROVE,consistent,0.0019793465426276163,AUTO_APPROVE,False,NOT_REQUESTED,NOT_APPLICABLE,NOT_OBSERVED_V1_BATCH,SIMULATED_LEGITIMATE
rr_0006885,False,AUTO_APPROVE,consistent,1e-06,AUTO_APPROVE,False,NOT_REQUESTED,NOT_APPLICABLE,NOT_OBSERVED_V1_BATCH,SIMULATED_LEGITIMATE
rr_0006886,False,AUTO_APPROVE,consistent,1e-06,AUTO_APPROVE,False,NOT_REQUESTED,NOT_APPLICABLE,NOT_OBSERVED_V1_BATCH,SIMULATED_LEGITIMATE
rr_0006887,False,AUTO_APPROVE,consistent,1e-06,AUTO_APPROVE,False,NOT_REQUESTED,NOT_APPLICABLE,NOT_OBSERVED_V1_BATCH,SIMULATED_LEGITIMATE
rr_0006888,False,AUTO_APPROVE,inconclusive,0.022222222222222223,AUTO_APPROVE,False,NOT_REQUESTED,NOT_APPLICABLE,NOT_OBSERVED_V1_BATCH,SIMULATED_LEGITIMATE
rr_0006889,False,AUTO_APPROVE,consistent,1e-06,AUTO_APPROVE,False,NOT_REQUESTED,NOT_APPLICABLE,NOT_OBSERVED_V1_BATCH,SIMULATED_LEGITIMATE
rr_0006890,False,AUTO_APPROVE,consistent,1e-06,AUTO_APPROVE,False,NOT_REQUESTED,NOT_APPLICABLE,NOT_OBSERVED_V1_BATCH,SIMULATED_LEGITIMATE
rr_0006891,False,AUTO_APPROVE,consistent,1e-06,AUTO_APPROVE,False,NOT_REQUESTED,NOT_APPLICABLE,NOT_OBSERVED_V1_BATCH,SIMULATED_LEGITIMATE
rr_0006892,True,VERIFY,inconsistent,0.8604591124731518,RETURN_FIRST,False,inconsistent,MIDDLE,NOT_OBSERVED_V1_BATCH,SIMULATED_ABUSE
rr_0006893,False,AUTO_APPROVE,consistent,1e-06,AUTO_APPROVE,False,NOT_REQUESTED,NOT_APPLICABLE,NOT_OBSERVED_V1_BATCH,SIMULATED_LEGITIMATE
rr_0006894,False,AUTO_APPROVE,consistent,1e-06,AUTO_APPROVE,False,NOT_REQUESTED,NOT_APPLICABLE,NOT_OBSERVED_V1_BATCH,SIMULATED_LEGITIMATE
rr_0006895,False,AUTO_APPROVE,consistent,0.004432508937619314,AUTO_APPROVE,False,NOT_REQUESTED,NOT_APPLICABLE,NOT_OBSERVED_V1_BATCH,SIMULATED_LEGITIMATE
rr_0006896,False,AUTO_APPROVE,consistent,1e-06,AUTO_APPROVE,False,NOT_REQUESTED,NOT_APPLICABLE,NOT_OBSERVED_V1_BATCH,SIMULATED_LEGITIMATE
rr_0006897,False,AUTO_APPROVE,consistent,0.004432508937619314,AUTO_APPROVE,False,NOT_REQUESTED,NOT_APPLICABLE,NOT_OBSERVED_V1_BATCH,SIMULATED_LEGITIMATE
rr_0006898,False,AUTO_APPROVE,consistent,1e-06,AUTO_APPROVE,False,NOT_REQUESTED,NOT_APPLICABLE,NOT_OBSERVED_V1_BATCH,SIMULATED_LEGITIMATE
rr_0006899,False,AUTO_APPROVE,consistent,1e-06,AUTO_APPROVE,False,NOT_REQUESTED,NOT_APPLICABLE,NOT_OBSERVED_V1_BATCH,SIMULATED_LEGITIMATE
rr_0006900,True,MANUAL_REVIEW,consistent,0.9999908324886693,MANUAL_REVIEW,True,NOT_REQUESTED,NOT_APPLICABLE,NOT_OBSERVED_V1_BATCH,SIMULATED_ABUSE
rr_0006901,False,AUTO_APPROVE,consistent,1e-06,AUTO_APPROVE,False,NOT_REQUESTED,NOT_APPLICABLE,NOT_OBSERVED_V1_BATCH,SIMULATED_LEGITIMATE
rr_0006902,False,VERIFY,consistent,0.02316375335874424,AUTO_APPROVE,False,consistent,LOW,NOT_OBSERVED_V1_BATCH,SIMULATED_LEGITIMATE
rr_0006903,False,VERIFY,consistent,0.015903002651414404,AUTO_APPROVE,False,consistent,LOW,NOT_OBSERVED_V1_BATCH,SIMULATED_LEGITIMATE
rr_0006904,True,VERIFY,inconsistent,0.9839843950040102,RETURN_FIRST,False,inconsistent,MIDDLE,NOT_OBSERVED_V1_BATCH,SIMULATED_ABUSE
rr_0006905,True,MANUAL_REVIEW,inconsistent,0.999999,MANUAL_REVIEW,True,NOT_REQUESTED,NOT_APPLICABLE,NOT_OBSERVED_V1_BATCH,SIMULATED_ABUSE
rr_0006906,False,AUTO_APPROVE,consistent,1e-06,AUTO_APPROVE,False,NOT_REQUESTED,NOT_APPLICABLE,NOT_OBSERVED_V1_BATCH,SIMULATED_LEGITIMATE
rr_0006907,True,VERIFY,inconsistent,0.7723304710434816,RETURN_FIRST,False,inconsistent,MIDDLE,NOT_OBSERVED_V1_BATCH,SIMULATED_ABUSE
rr_0006908,True,VERIFY,inconsistent,0.6822077314739403,RETURN_FIRST,False,inconsistent,MIDDLE,NOT_OBSERVED_V1_BATCH,SIMULATED_ABUSE
rr_0006909,False,AUTO_APPROVE,consistent,1e-06,AUTO_APPROVE,False,NOT_REQUESTED,NOT_APPLICABLE,NOT_OBSERVED_V1_BATCH,SIMULATED_LEGITIMATE
rr_0006910,False,AUTO_APPROVE,inconclusive,0.022222222222222223,AUTO_APPROVE,False,NOT_REQUESTED,NOT_APPLICABLE,NOT_OBSERVED_V1_BATCH,SIMULATED_LEGITIMATE
rr_0006911,False,AUTO_APPROVE,inconclusive,0.022222222222222223,AUTO_APPROVE,False,NOT_REQUESTED,NOT_APPLICABLE,NOT_OBSERVED_V1_BATCH,SIMULATED_LEGITIMATE
rr_0006912,True,VERIFY,inconsistent,0.8327165442709169,RETURN_FIRST,False,inconsistent,MIDDLE,NOT_OBSERVED_V1_BATCH,SIMULATED_ABUSE
rr_0006913,False,AUTO_APPROVE,consistent,0.0019793465426276163,AUTO_APPROVE,False,NOT_REQUESTED,NOT_APPLICABLE,NOT_OBSERVED_V1_BATCH,SIMULATED_LEGITIMATE
rr_0006914,False,AUTO_APPROVE,consistent,1e-06,AUTO_APPROVE,False,NOT_REQUESTED,NOT_APPLICABLE,NOT_OBSERVED_V1_BATCH,SIMULATED_LEGITIMATE
rr_0006915,False,AUTO_APPROVE,consistent,0.0019793465426276163,AUTO_APPROVE,False,NOT_REQUESTED,NOT_APPLICABLE,NOT_OBSERVED_V1_BATCH,SIMULATED_LEGITIMATE
rr_0006916,False,AUTO_APPROVE,consistent,1e-06,AUTO_APPROVE,False,NOT_REQUESTED,NOT_APPLICABLE,NOT_OBSERVED_V1_BATCH,SIMULATED_LEGITIMATE
rr_0006917,False,AUTO_APPROVE,consistent,1e-06,AUTO_APPROVE,False,NOT_REQUESTED,NOT_APPLICABLE,NOT_OBSERVED_V1_BATCH,SIMULATED_LEGITIMATE
rr_0006918,False,AUTO_APPROVE,consistent,1e-06,AUTO_APPROVE,False,NOT_REQUESTED,NOT_APPLICABLE,NOT_OBSERVED_V1_BATCH,SIMULATED_LEGITIMATE
rr_0006919,False,AUTO_APPROVE,consistent,1e-06,AUTO_APPROVE,False,NOT_REQUESTED,NOT_APPLICABLE,NOT_OBSERVED_V1_BATCH,SIMULATED_LEGITIMATE
rr_0006920,False,AUTO_APPROVE,consistent,1e-06,AUTO_APPROVE,False,NOT_REQUESTED,NOT_APPLICABLE,NOT_OBSERVED_V1_BATCH,SIMULATED_LEGITIMATE
rr_0006921,False,AUTO_APPROVE,consistent,1e-06,AUTO_APPROVE,False,NOT_REQUESTED,NOT_APPLICABLE,NOT_OBSERVED_V1_BATCH,SIMULATED_LEGITIMATE
rr_0006922,False,AUTO_APPROVE,consistent,1e-06,AUTO_APPROVE,False,NOT_REQUESTED,NOT_APPLICABLE,NOT_OBSERVED_V1_BATCH,SIMULATED_LEGITIMATE
rr_0006923,False,VERIFY,consistent,0.015903002651414404,AUTO_APPROVE,False,consistent,LOW,NOT_OBSERVED_V1_BATCH,SIMULATED_LEGITIMATE
rr_0006924,False,AUTO_APPROVE,consistent,0.004432508937619314,AUTO_APPROVE,False,NOT_REQUESTED,NOT_APPLICABLE,NOT_OBSERVED_V1_BATCH,SIMULATED_LEGITIMATE
rr_0006925,False,VERIFY,consistent,0.010122729367085073,AUTO_APPROVE,False,consistent,LOW,NOT_OBSERVED_V1_BATCH,SIMULATED_LEGITIMATE
rr_0006926,False,AUTO_APPROVE,consistent,1e-06,AUTO_APPROVE,False,NOT_REQUESTED,NOT_APPLICABLE,NOT_OBSERVED_V1_BATCH,SIMULATED_LEGITIMATE
rr_0006927,False,AUTO_APPROVE,consistent,1e-06,AUTO_APPROVE,False,NOT_REQUESTED,NOT_APPLICABLE,NOT_OBSERVED_V1_BATCH,SIMULATED_LEGITIMATE
rr_0006928,False,AUTO_APPROVE,consistent,1e-06,AUTO_APPROVE,False,NOT_REQUESTED,NOT_APPLICABLE,NOT_OBSERVED_V1_BATCH,SIMULATED_LEGITIMATE
rr_0006929,False,AUTO_APPROVE,consistent,0.004432508937619314,AUTO_APPROVE,False,NOT_REQUESTED,NOT_APPLICABLE,NOT_OBSERVED_V1_BATCH,SIMULATED_LEGITIMATE
rr_0006930,False,AUTO_APPROVE,consistent,0.004432508937619314,AUTO_APPROVE,False,NOT_REQUESTED,NOT_APPLICABLE,NOT_OBSERVED_V1_BATCH,SIMULATED_LEGITIMATE
rr_0006931,True,MANUAL_REVIEW,inconsistent,0.999999,MANUAL_REVIEW,True,NOT_REQUESTED,NOT_APPLICABLE,NOT_OBSERVED_V1_BATCH,SIMULATED_ABUSE
rr_0006932,False,AUTO_APPROVE,consistent,0.0019793465426276163,AUTO_APPROVE,False,NOT_REQUESTED,NOT_APPLICABLE,NOT_OBSERVED_V1_BATCH,SIMULATED_LEGITIMATE
rr_0006933,False,AUTO_APPROVE,consistent,1e-06,AUTO_APPROVE,False,NOT_REQUESTED,NOT_APPLICABLE,NOT_OBSERVED_V1_BATCH,SIMULATED_LEGITIMATE
rr_0006934,False,AUTO_APPROVE,consistent,1e-06,AUTO_APPROVE,False,NOT_REQUESTED,NOT_APPLICABLE,NOT_OBSERVED_V1_BATCH,SIMULATED_LEGITIMATE
rr_0006935,False,AUTO_APPROVE,consistent,1e-06,AUTO_APPROVE,False,NOT_REQUESTED,NOT_APPLICABLE,NOT_OBSERVED_V1_BATCH,SIMULATED_LEGITIMATE
rr_0006936,False,AUTO_APPROVE,consistent,1e-06,AUTO_APPROVE,False,NOT_REQUESTED,NOT_APPLICABLE,NOT_OBSERVED_V1_BATCH,SIMULATED_LEGITIMATE
rr_0006937,False,AUTO_APPROVE,consistent,1e-06,AUTO_APPROVE,False,NOT_REQUESTED,NOT_APPLICABLE,NOT_OBSERVED_V1_BATCH,SIMULATED_LEGITIMATE
rr_0006938,False,VERIFY,consistent,0.015903002651414404,AUTO_APPROVE,False,consistent,LOW,NOT_OBSERVED_V1_BATCH,SIMULATED_LEGITIMATE
rr_0006939,False,AUTO_APPROVE,inconclusive,1.2499996875000778e-06,AUTO_APPROVE,False,NOT_REQUESTED,NOT_APPLICABLE,NOT_OBSERVED_V1_BATCH,SIMULATED_LEGITIMATE
rr_0006940,False,AUTO_APPROVE,consistent,1e-06,AUTO_APPROVE,False,NOT_REQUESTED,NOT_APPLICABLE,NOT_OBSERVED_V1_BATCH,SIMULATED_LEGITIMATE
rr_0006941,False,AUTO_APPROVE,consistent,1e-06,AUTO_APPROVE,False,NOT_REQUESTED,NOT_APPLICABLE,NOT_OBSERVED_V1_BATCH,SIMULATED_LEGITIMATE
rr_0006942,False,AUTO_APPROVE,consistent,0.004432508937619314,AUTO_APPROVE,False,NOT_REQUESTED,NOT_APPLICABLE,NOT_OBSERVED_V1_BATCH,SIMULATED_LEGITIMATE
rr_0006943,False,VERIFY,consistent,0.015903002651414404,AUTO_APPROVE,False,consistent,LOW,NOT_OBSERVED_V1_BATCH,SIMULATED_LEGITIMATE
rr_0006944,True,VERIFY,inconclusive,0.999999,RETURN_FIRST,True,inconclusive,HIGH,NOT_OBSERVED_V1_BATCH,SIMULATED_ABUSE
rr_0006945,True,MANUAL_REVIEW,inconclusive,0.999999,MANUAL_REVIEW,True,NOT_REQUESTED,NOT_APPLICABLE,NOT_OBSERVED_V1_BATCH,SIMULATED_ABUSE
rr_0006946,False,AUTO_APPROVE,consistent,1e-06,AUTO_APPROVE,False,NOT_REQUESTED,NOT_APPLICABLE,NOT_OBSERVED_V1_BATCH,SIMULATED_LEGITIMATE
rr_0006947,False,AUTO_APPROVE,consistent,1e-06,AUTO_APPROVE,False,NOT_REQUESTED,NOT_APPLICABLE,NOT_OBSERVED_V1_BATCH,SIMULATED_LEGITIMATE
rr_0006948,False,AUTO_APPROVE,consistent,1e-06,AUTO_APPROVE,False,NOT_REQUESTED,NOT_APPLICABLE,NOT_OBSERVED_V1_BATCH,SIMULATED_LEGITIMATE
rr_0006949,False,AUTO_APPROVE,consistent,0.0019793465426276163,AUTO_APPROVE,False,NOT_REQUESTED,NOT_APPLICABLE,NOT_OBSERVED_V1_BATCH,SIMULATED_LEGITIMATE
rr_0006950,True,MANUAL_REVIEW,inconclusive,0.999999,MANUAL_REVIEW,False,NOT_REQUESTED,NOT_APPLICABLE,NOT_OBSERVED_V1_BATCH,SIMULATED_ABUSE
rr_0006951,False,AUTO_APPROVE,consistent,1e-06,AUTO_APPROVE,False,NOT_REQUESTED,NOT_APPLICABLE,NOT_OBSERVED_V1_BATCH,SIMULATED_LEGITIMATE
rr_0006952,False,AUTO_APPROVE,consistent,0.0019793465426276163,AUTO_APPROVE,False,NOT_REQUESTED,NOT_APPLICABLE,NOT_OBSERVED_V1_BATCH,SIMULATED_LEGITIMATE
rr_0006953,False,AUTO_APPROVE,consistent,1e-06,AUTO_APPROVE,False,NOT_REQUESTED,NOT_APPLICABLE,NOT_OBSERVED_V1_BATCH,SIMULATED_LEGITIMATE
rr_0006954,False,AUTO_APPROVE,consistent,1e-06,AUTO_APPROVE,False,NOT_REQUESTED,NOT_APPLICABLE,NOT_OBSERVED_V1_BATCH,SIMULATED_LEGITIMATE
rr_0006955,True,MANUAL_REVIEW,inconsistent,0.999999,MANUAL_REVIEW,True,NOT_REQUESTED,NOT_APPLICABLE,NOT_OBSERVED_V1_BATCH,SIMULATED_ABUSE
rr_0006956,True,VERIFY,inconsistent,0.7723304710434816,RETURN_FIRST,False,inconsistent,MIDDLE,NOT_OBSERVED_V1_BATCH,SIMULATED_ABUSE
rr_0006957,False,AUTO_APPROVE,consistent,1e-06,AUTO_APPROVE,False,NOT_REQUESTED,NOT_APPLICABLE,NOT_OBSERVED_V1_BATCH,SIMULATED_LEGITIMATE
rr_0006958,False,AUTO_APPROVE,consistent,0.004432508937619314,AUTO_APPROVE,False,NOT_REQUESTED,NOT_APPLICABLE,NOT_OBSERVED_V1_BATCH,SIMULATED_LEGITIMATE
rr_0006959,True,VERIFY,inconsistent,0.958155907987277,RETURN_FIRST,False,inconsistent,MIDDLE,NOT_OBSERVED_V1_BATCH,SIMULATED_ABUSE
rr_0006960,True,MANUAL_REVIEW,inconsistent,0.999999,MANUAL_REVIEW,True,NOT_REQUESTED,NOT_APPLICABLE,NOT_OBSERVED_V1_BATCH,SIMULATED_ABUSE
rr_0006961,False,AUTO_APPROVE,consistent,1e-06,AUTO_APPROVE,False,NOT_REQUESTED,NOT_APPLICABLE,NOT_OBSERVED_V1_BATCH,SIMULATED_LEGITIMATE
rr_0006962,False,AUTO_APPROVE,inconsistent,2.2897734911559113e-05,AUTO_APPROVE,False,NOT_REQUESTED,NOT_APPLICABLE,NOT_OBSERVED_V1_BATCH,SIMULATED_LEGITIMATE
rr_0006963,False,AUTO_APPROVE,consistent,1e-06,AUTO_APPROVE,False,NOT_REQUESTED,NOT_APPLICABLE,NOT_OBSERVED_V1_BATCH,SIMULATED_LEGITIMATE
rr_0006964,False,AUTO_APPROVE,consistent,1e-06,AUTO_APPROVE,False,NOT_REQUESTED,NOT_APPLICABLE,NOT_OBSERVED_V1_BATCH,SIMULATED_LEGITIMATE
rr_0006965,False,VERIFY,consistent,0.015903002651414404,AUTO_APPROVE,False,consistent,LOW,NOT_OBSERVED_V1_BATCH,SIMULATED_LEGITIMATE
rr_0006966,False,AUTO_APPROVE,consistent,0.004432508937619314,AUTO_APPROVE,False,NOT_REQUESTED,NOT_APPLICABLE,NOT_OBSERVED_V1_BATCH,SIMULATED_LEGITIMATE
rr_0006967,False,AUTO_APPROVE,consistent,1e-06,AUTO_APPROVE,False,NOT_REQUESTED,NOT_APPLICABLE,NOT_OBSERVED_V1_BATCH,SIMULATED_LEGITIMATE
rr_0006968,False,AUTO_APPROVE,consistent,1e-06,AUTO_APPROVE,False,NOT_REQUESTED,NOT_APPLICABLE,NOT_OBSERVED_V1_BATCH,SIMULATED_LEGITIMATE
rr_0006969,False,AUTO_APPROVE,consistent,1e-06,AUTO_APPROVE,False,NOT_REQUESTED,NOT_APPLICABLE,NOT_OBSERVED_V1_BATCH,SIMULATED_LEGITIMATE
rr_0006970,False,AUTO_APPROVE,consistent,0.004432508937619314,AUTO_APPROVE,False,NOT_REQUESTED,NOT_APPLICABLE,NOT_OBSERVED_V1_BATCH,SIMULATED_LEGITIMATE
rr_0006971,False,VERIFY,consistent,0.3529182689967386,AUTO_APPROVE,False,consistent,MIDDLE,NOT_OBSERVED_V1_BATCH,SIMULATED_LEGITIMATE
rr_0006972,False,AUTO_APPROVE,consistent,0.004432508937619314,AUTO_APPROVE,False,NOT_REQUESTED,NOT_APPLICABLE,NOT_OBSERVED_V1_BATCH,SIMULATED_LEGITIMATE
rr_0006973,False,AUTO_APPROVE,consistent,1e-06,AUTO_APPROVE,False,NOT_REQUESTED,NOT_APPLICABLE,NOT_OBSERVED_V1_BATCH,SIMULATED_LEGITIMATE
rr_0006974,False,VERIFY,consistent,0.015903002651414404,AUTO_APPROVE,False,consistent,LOW,NOT_OBSERVED_V1_BATCH,SIMULATED_LEGITIMATE
rr_0006975,False,AUTO_APPROVE,consistent,1e-06,AUTO_APPROVE,False,NOT_REQUESTED,NOT_APPLICABLE,NOT_OBSERVED_V1_BATCH,SIMULATED_LEGITIMATE
rr_0006976,False,AUTO_APPROVE,consistent,1e-06,AUTO_APPROVE,False,NOT_REQUESTED,NOT_APPLICABLE,NOT_OBSERVED_V1_BATCH,SIMULATED_LEGITIMATE
rr_0006977,False,AUTO_APPROVE,consistent,1e-06,AUTO_APPROVE,False,NOT_REQUESTED,NOT_APPLICABLE,NOT_OBSERVED_V1_BATCH,SIMULATED_LEGITIMATE
rr_0006978,False,AUTO_APPROVE,consistent,1e-06,AUTO_APPROVE,False,NOT_REQUESTED,NOT_APPLICABLE,NOT_OBSERVED_V1_BATCH,SIMULATED_LEGITIMATE
rr_0006979,False,AUTO_APPROVE,consistent,1e-06,AUTO_APPROVE,False,NOT_REQUESTED,NOT_APPLICABLE,NOT_OBSERVED_V1_BATCH,SIMULATED_LEGITIMATE
rr_0006980,False,AUTO_APPROVE,inconclusive,0.022222222222222223,AUTO_APPROVE,False,NOT_REQUESTED,NOT_APPLICABLE,NOT_OBSERVED_V1_BATCH,SIMULATED_LEGITIMATE
rr_0006981,False,AUTO_APPROVE,consistent,1e-06,AUTO_APPROVE,False,NOT_REQUESTED,NOT_APPLICABLE,NOT_OBSERVED_V1_BATCH,SIMULATED_LEGITIMATE
rr_0006982,False,AUTO_APPROVE,consistent,0.0019793465426276163,AUTO_APPROVE,False,NOT_REQUESTED,NOT_APPLICABLE,NOT_OBSERVED_V1_BATCH,SIMULATED_LEGITIMATE
rr_0006983,False,VERIFY,consistent,0.09835176015736281,AUTO_APPROVE,False,consistent,MIDDLE,NOT_OBSERVED_V1_BATCH,SIMULATED_LEGITIMATE
rr_0006984,False,AUTO_APPROVE,consistent,1e-06,AUTO_APPROVE,False,NOT_REQUESTED,NOT_APPLICABLE,NOT_OBSERVED_V1_BATCH,SIMULATED_LEGITIMATE
rr_0006985,False,AUTO_APPROVE,consistent,1e-06,AUTO_APPROVE,False,NOT_REQUESTED,NOT_APPLICABLE,NOT_OBSERVED_V1_BATCH,SIMULATED_LEGITIMATE
rr_0006986,False,AUTO_APPROVE,consistent,1e-06,AUTO_APPROVE,False,NOT_REQUESTED,NOT_APPLICABLE,NOT_OBSERVED_V1_BATCH,SIMULATED_LEGITIMATE
rr_0006987,False,AUTO_APPROVE,inconsistent,2.2897734911559113e-05,AUTO_APPROVE,False,NOT_REQUESTED,NOT_APPLICABLE,NOT_OBSERVED_V1_BATCH,SIMULATED_LEGITIMATE
rr_0006988,True,MANUAL_REVIEW,inconsistent,0.999999,MANUAL_REVIEW,False,NOT_REQUESTED,NOT_APPLICABLE,NOT_OBSERVED_V1_BATCH,SIMULATED_ABUSE
rr_0006989,False,AUTO_APPROVE,consistent,1e-06,AUTO_APPROVE,False,NOT_REQUESTED,NOT_APPLICABLE,NOT_OBSERVED_V1_BATCH,SIMULATED_LEGITIMATE
rr_0006990,True,VERIFY,inconsistent,0.958155907987277,RETURN_FIRST,False,inconsistent,MIDDLE,NOT_OBSERVED_V1_BATCH,SIMULATED_ABUSE
rr_0006991,False,AUTO_APPROVE,consistent,0.004432508937619314,AUTO_APPROVE,False,NOT_REQUESTED,NOT_APPLICABLE,NOT_OBSERVED_V1_BATCH,SIMULATED_LEGITIMATE
rr_0006992,False,AUTO_APPROVE,inconsistent,0.2939506388065649,AUTO_APPROVE,False,NOT_REQUESTED,NOT_APPLICABLE,NOT_OBSERVED_V1_BATCH,SIMULATED_LEGITIMATE
rr_0006993,False,AUTO_APPROVE,consistent,1e-06,AUTO_APPROVE,False,NOT_REQUESTED,NOT_APPLICABLE,NOT_OBSERVED_V1_BATCH,SIMULATED_LEGITIMATE
rr_0006994,False,AUTO_APPROVE,consistent,1e-06,AUTO_APPROVE,False,NOT_REQUESTED,NOT_APPLICABLE,NOT_OBSERVED_V1_BATCH,SIMULATED_LEGITIMATE
rr_0006995,False,AUTO_APPROVE,consistent,1e-06,AUTO_APPROVE,False,NOT_REQUESTED,NOT_APPLICABLE,NOT_OBSERVED_V1_BATCH,SIMULATED_LEGITIMATE
rr_0006996,False,AUTO_APPROVE,inconsistent,2.2897734911559113e-05,AUTO_APPROVE,False,NOT_REQUESTED,NOT_APPLICABLE,NOT_OBSERVED_V1_BATCH,SIMULATED_LEGITIMATE
rr_0006997,False,AUTO_APPROVE,consistent,1e-06,AUTO_APPROVE,False,NOT_REQUESTED,NOT_APPLICABLE,NOT_OBSERVED_V1_BATCH,SIMULATED_LEGITIMATE
rr_0006998,True,MANUAL_REVIEW,consistent,0.9999908324886693,MANUAL_REVIEW,False,NOT_REQUESTED,NOT_APPLICABLE,NOT_OBSERVED_V1_BATCH,SIMULATED_ABUSE
rr_0006999,False,AUTO_APPROVE,consistent,1e-06,AUTO_APPROVE,False,NOT_REQUESTED,NOT_APPLICABLE,NOT_OBSERVED_V1_BATCH,SIMULATED_LEGITIMATE
rr_0007000,False,AUTO_APPROVE,consistent,1e-06,AUTO_APPROVE,False,NOT_REQUESTED,NOT_APPLICABLE,NOT_OBSERVED_V1_BATCH,SIMULATED_LEGITIMATE
rr_0007001,False,VERIFY,consistent,0.010122729367085073,AUTO_APPROVE,False,consistent,LOW,NOT_OBSERVED_V1_BATCH,SIMULATED_LEGITIMATE
rr_0007002,False,AUTO_APPROVE,consistent,0.0019793465426276163,AUTO_APPROVE,False,NOT_REQUESTED,NOT_APPLICABLE,NOT_OBSERVED_V1_BATCH,SIMULATED_LEGITIMATE
rr_0007003,False,AUTO_APPROVE,consistent,0.0019793465426276163,AUTO_APPROVE,False,NOT_REQUESTED,NOT_APPLICABLE,NOT_OBSERVED_V1_BATCH,SIMULATED_LEGITIMATE
rr_0007004,False,VERIFY,consistent,0.010122729367085073,AUTO_APPROVE,False,consistent,LOW,NOT_OBSERVED_V1_BATCH,SIMULATED_LEGITIMATE
rr_0007005,True,MANUAL_REVIEW,consistent,0.9999908324886693,MANUAL_REVIEW,True,NOT_REQUESTED,NOT_APPLICABLE,NOT_OBSERVED_V1_BATCH,SIMULATED_ABUSE
rr_0007006,False,AUTO_APPROVE,consistent,1e-06,AUTO_APPROVE,False,NOT_REQUESTED,NOT_APPLICABLE,NOT_OBSERVED_V1_BATCH,SIMULATED_LEGITIMATE
rr_0007007,False,VERIFY,consistent,0.015903002651414404,AUTO_APPROVE,False,consistent,LOW,NOT_OBSERVED_V1_BATCH,SIMULATED_LEGITIMATE
rr_0007008,False,AUTO_APPROVE,consistent,1e-06,AUTO_APPROVE,False,NOT_REQUESTED,NOT_APPLICABLE,NOT_OBSERVED_V1_BATCH,SIMULATED_LEGITIMATE
rr_0007009,False,AUTO_APPROVE,consistent,0.0019793465426276163,AUTO_APPROVE,False,NOT_REQUESTED,NOT_APPLICABLE,NOT_OBSERVED_V1_BATCH,SIMULATED_LEGITIMATE
rr_0007010,False,VERIFY,consistent,0.010122729367085073,AUTO_APPROVE,False,consistent,LOW,NOT_OBSERVED_V1_BATCH,SIMULATED_LEGITIMATE
rr_0007011,False,AUTO_APPROVE,consistent,1e-06,AUTO_APPROVE,False,NOT_REQUESTED,NOT_APPLICABLE,NOT_OBSERVED_V1_BATCH,SIMULATED_LEGITIMATE
rr_0007012,False,VERIFY,consistent,0.14555661351201302,AUTO_APPROVE,False,consistent,MIDDLE,NOT_OBSERVED_V1_BATCH,SIMULATED_LEGITIMATE
rr_0007013,False,AUTO_APPROVE,consistent,1e-06,AUTO_APPROVE,False,NOT_REQUESTED,NOT_APPLICABLE,NOT_OBSERVED_V1_BATCH,SIMULATED_LEGITIMATE
rr_0007014,False,AUTO_APPROVE,consistent,1e-06,AUTO_APPROVE,False,NOT_REQUESTED,NOT_APPLICABLE,NOT_OBSERVED_V1_BATCH,SIMULATED_LEGITIMATE
rr_0007015,False,AUTO_APPROVE,consistent,1e-06,AUTO_APPROVE,False,NOT_REQUESTED,NOT_APPLICABLE,NOT_OBSERVED_V1_BATCH,SIMULATED_LEGITIMATE
rr_0007016,False,AUTO_APPROVE,inconsistent,2.2897734911559113e-05,AUTO_APPROVE,False,NOT_REQUESTED,NOT_APPLICABLE,NOT_OBSERVED_V1_BATCH,SIMULATED_LEGITIMATE
rr_0007017,False,AUTO_APPROVE,consistent,1e-06,AUTO_APPROVE,False,NOT_REQUESTED,NOT_APPLICABLE,NOT_OBSERVED_V1_BATCH,SIMULATED_LEGITIMATE
rr_0007018,False,AUTO_APPROVE,consistent,1e-06,AUTO_APPROVE,False,NOT_REQUESTED,NOT_APPLICABLE,NOT_OBSERVED_V1_BATCH,SIMULATED_LEGITIMATE
rr_0007019,False,AUTO_APPROVE,consistent,0.0019793465426276163,AUTO_APPROVE,False,NOT_REQUESTED,NOT_APPLICABLE,NOT_OBSERVED_V1_BATCH,SIMULATED_LEGITIMATE
rr_0007020,True,VERIFY,inconclusive,0.15625,RETURN_FIRST,False,inconclusive,MIDDLE,NOT_OBSERVED_V1_BATCH,SIMULATED_ABUSE
rr_0007021,False,AUTO_APPROVE,inconsistent,2.2897734911559113e-05,AUTO_APPROVE,False,NOT_REQUESTED,NOT_APPLICABLE,NOT_OBSERVED_V1_BATCH,SIMULATED_LEGITIMATE
rr_0007022,False,VERIFY,consistent,0.09835176015736281,AUTO_APPROVE,False,consistent,MIDDLE,NOT_OBSERVED_V1_BATCH,SIMULATED_LEGITIMATE
rr_0007023,False,AUTO_APPROVE,consistent,1e-06,AUTO_APPROVE,False,NOT_REQUESTED,NOT_APPLICABLE,NOT_OBSERVED_V1_BATCH,SIMULATED_LEGITIMATE
rr_0007024,False,AUTO_APPROVE,consistent,1e-06,AUTO_APPROVE,False,NOT_REQUESTED,NOT_APPLICABLE,NOT_OBSERVED_V1_BATCH,SIMULATED_LEGITIMATE
rr_0007025,False,AUTO_APPROVE,inconclusive,1.2499996875000778e-06,AUTO_APPROVE,False,NOT_REQUESTED,NOT_APPLICABLE,NOT_OBSERVED_V1_BATCH,SIMULATED_LEGITIMATE
rr_0007026,False,AUTO_APPROVE,consistent,1e-06,AUTO_APPROVE,False,NOT_REQUESTED,NOT_APPLICABLE,NOT_OBSERVED_V1_BATCH,SIMULATED_LEGITIMATE
rr_0007027,False,VERIFY,consistent,0.015903002651414404,AUTO_APPROVE,False,consistent,LOW,NOT_OBSERVED_V1_BATCH,SIMULATED_LEGITIMATE
rr_0007028,True,AUTO_APPROVE,inconsistent,0.48310313006980515,AUTO_APPROVE,False,NOT_REQUESTED,NOT_APPLICABLE,NOT_OBSERVED_V1_BATCH,SIMULATED_ABUSE
rr_0007029,False,AUTO_APPROVE,consistent,1e-06,AUTO_APPROVE,False,NOT_REQUESTED,NOT_APPLICABLE,NOT_OBSERVED_V1_BATCH,SIMULATED_LEGITIMATE
rr_0007030,False,VERIFY,consistent,0.010122729367085073,AUTO_APPROVE,False,consistent,LOW,NOT_OBSERVED_V1_BATCH,SIMULATED_LEGITIMATE
rr_0007031,True,VERIFY,inconsistent,0.7723304710434816,RETURN_FIRST,False,inconsistent,MIDDLE,NOT_OBSERVED_V1_BATCH,SIMULATED_ABUSE
rr_0007032,False,VERIFY,consistent,0.010208652441711397,AUTO_APPROVE,False,consistent,LOW,NOT_OBSERVED_V1_BATCH,SIMULATED_LEGITIMATE
rr_0007033,False,AUTO_APPROVE,consistent,1e-06,AUTO_APPROVE,False,NOT_REQUESTED,NOT_APPLICABLE,NOT_OBSERVED_V1_BATCH,SIMULATED_LEGITIMATE
rr_0007034,False,AUTO_APPROVE,consistent,1e-06,AUTO_APPROVE,False,NOT_REQUESTED,NOT_APPLICABLE,NOT_OBSERVED_V1_BATCH,SIMULATED_LEGITIMATE
rr_0007035,False,AUTO_APPROVE,consistent,1e-06,AUTO_APPROVE,False,NOT_REQUESTED,NOT_APPLICABLE,NOT_OBSERVED_V1_BATCH,SIMULATED_LEGITIMATE
rr_0007036,False,VERIFY,consistent,0.02316375335874424,AUTO_APPROVE,False,consistent,LOW,NOT_OBSERVED_V1_BATCH,SIMULATED_LEGITIMATE
rr_0007037,False,VERIFY,consistent,0.010122729367085073,AUTO_APPROVE,False,consistent,LOW,NOT_OBSERVED_V1_BATCH,SIMULATED_LEGITIMATE
rr_0007038,False,AUTO_APPROVE,consistent,0.0019793465426276163,AUTO_APPROVE,False,NOT_REQUESTED,NOT_APPLICABLE,NOT_OBSERVED_V1_BATCH,SIMULATED_LEGITIMATE
rr_0007039,False,AUTO_APPROVE,consistent,0.004432508937619314,AUTO_APPROVE,False,NOT_REQUESTED,NOT_APPLICABLE,NOT_OBSERVED_V1_BATCH,SIMULATED_LEGITIMATE
rr_0007040,False,AUTO_APPROVE,consistent,0.0019793465426276163,AUTO_APPROVE,False,NOT_REQUESTED,NOT_APPLICABLE,NOT_OBSERVED_V1_BATCH,SIMULATED_LEGITIMATE
rr_0007041,False,AUTO_APPROVE,consistent,1e-06,AUTO_APPROVE,False,NOT_REQUESTED,NOT_APPLICABLE,NOT_OBSERVED_V1_BATCH,SIMULATED_LEGITIMATE
rr_0007042,False,VERIFY,consistent,0.02316375335874424,AUTO_APPROVE,False,consistent,LOW,NOT_OBSERVED_V1_BATCH,SIMULATED_LEGITIMATE
rr_0007043,False,AUTO_APPROVE,consistent,0.0019793465426276163,AUTO_APPROVE,False,NOT_REQUESTED,NOT_APPLICABLE,NOT_OBSERVED_V1_BATCH,SIMULATED_LEGITIMATE
rr_0007044,True,VERIFY,inconsistent,0.958155907987277,RETURN_FIRST,False,inconsistent,MIDDLE,NOT_OBSERVED_V1_BATCH,SIMULATED_ABUSE
rr_0007045,False,AUTO_APPROVE,consistent,1e-06,AUTO_APPROVE,False,NOT_REQUESTED,NOT_APPLICABLE,NOT_OBSERVED_V1_BATCH,SIMULATED_LEGITIMATE
rr_0007046,False,AUTO_APPROVE,consistent,1e-06,AUTO_APPROVE,False,NOT_REQUESTED,NOT_APPLICABLE,NOT_OBSERVED_V1_BATCH,SIMULATED_LEGITIMATE
rr_0007047,False,AUTO_APPROVE,consistent,1e-06,AUTO_APPROVE,False,NOT_REQUESTED,NOT_APPLICABLE,NOT_OBSERVED_V1_BATCH,SIMULATED_LEGITIMATE
rr_0007048,False,AUTO_APPROVE,consistent,0.0019793465426276163,AUTO_APPROVE,False,NOT_REQUESTED,NOT_APPLICABLE,NOT_OBSERVED_V1_BATCH,SIMULATED_LEGITIMATE
rr_0007049,False,AUTO_APPROVE,consistent,0.0019793465426276163,AUTO_APPROVE,False,NOT_REQUESTED,NOT_APPLICABLE,NOT_OBSERVED_V1_BATCH,SIMULATED_LEGITIMATE
rr_0007050,False,AUTO_APPROVE,consistent,1e-06,AUTO_APPROVE,False,NOT_REQUESTED,NOT_APPLICABLE,NOT_OBSERVED_V1_BATCH,SIMULATED_LEGITIMATE
rr_0007051,False,AUTO_APPROVE,consistent,0.0019793465426276163,AUTO_APPROVE,False,NOT_REQUESTED,NOT_APPLICABLE,NOT_OBSERVED_V1_BATCH,SIMULATED_LEGITIMATE
rr_0007052,False,AUTO_APPROVE,consistent,1e-06,AUTO_APPROVE,False,NOT_REQUESTED,NOT_APPLICABLE,NOT_OBSERVED_V1_BATCH,SIMULATED_LEGITIMATE
rr_0007053,False,AUTO_APPROVE,consistent,1e-06,AUTO_APPROVE,False,NOT_REQUESTED,NOT_APPLICABLE,NOT_OBSERVED_V1_BATCH,SIMULATED_LEGITIMATE
rr_0007054,False,AUTO_APPROVE,consistent,1e-06,AUTO_APPROVE,False,NOT_REQUESTED,NOT_APPLICABLE,NOT_OBSERVED_V1_BATCH,SIMULATED_LEGITIMATE
rr_0007055,False,AUTO_APPROVE,consistent,1e-06,AUTO_APPROVE,False,NOT_REQUESTED,NOT_APPLICABLE,NOT_OBSERVED_V1_BATCH,SIMULATED_LEGITIMATE
rr_0007056,False,AUTO_APPROVE,inconclusive,1.2499996875000778e-06,AUTO_APPROVE,False,NOT_REQUESTED,NOT_APPLICABLE,NOT_OBSERVED_V1_BATCH,SIMULATED_LEGITIMATE
rr_0007057,False,VERIFY,consistent,0.010122729367085073,AUTO_APPROVE,False,consistent,LOW,NOT_OBSERVED_V1_BATCH,SIMULATED_LEGITIMATE
rr_0007058,False,AUTO_APPROVE,consistent,1e-06,AUTO_APPROVE,False,NOT_REQUESTED,NOT_APPLICABLE,NOT_OBSERVED_V1_BATCH,SIMULATED_LEGITIMATE
rr_0007059,True,MANUAL_REVIEW,inconsistent,0.999999,MANUAL_REVIEW,False,NOT_REQUESTED,NOT_APPLICABLE,NOT_OBSERVED_V1_BATCH,SIMULATED_ABUSE
rr_0007060,False,AUTO_APPROVE,consistent,1e-06,AUTO_APPROVE,False,NOT_REQUESTED,NOT_APPLICABLE,NOT_OBSERVED_V1_BATCH,SIMULATED_LEGITIMATE
rr_0007061,True,VERIFY,inconsistent,0.958155907987277,RETURN_FIRST,False,inconsistent,MIDDLE,NOT_OBSERVED_V1_BATCH,SIMULATED_ABUSE
rr_0007062,False,AUTO_APPROVE,consistent,1e-06,AUTO_APPROVE,False,NOT_REQUESTED,NOT_APPLICABLE,NOT_OBSERVED_V1_BATCH,SIMULATED_LEGITIMATE
rr_0007063,False,AUTO_APPROVE,consistent,1e-06,AUTO_APPROVE,False,NOT_REQUESTED,NOT_APPLICABLE,NOT_OBSERVED_V1_BATCH,SIMULATED_LEGITIMATE
rr_0007064,False,AUTO_APPROVE,consistent,0.0019793465426276163,AUTO_APPROVE,False,NOT_REQUESTED,NOT_APPLICABLE,NOT_OBSERVED_V1_BATCH,SIMULATED_LEGITIMATE
rr_0007065,True,AUTO_APPROVE,inconsistent,0.48310313006980515,AUTO_APPROVE,False,NOT_REQUESTED,NOT_APPLICABLE,NOT_OBSERVED_V1_BATCH,SIMULATED_ABUSE
rr_0007066,False,AUTO_APPROVE,inconclusive,1.2499996875000778e-06,AUTO_APPROVE,False,NOT_REQUESTED,NOT_APPLICABLE,NOT_OBSERVED_V1_BATCH,SIMULATED_LEGITIMATE
rr_0007067,False,VERIFY,consistent,0.015903002651414404,AUTO_APPROVE,False,consistent,LOW,NOT_OBSERVED_V1_BATCH,SIMULATED_LEGITIMATE
rr_0007068,False,AUTO_APPROVE,consistent,1e-06,AUTO_APPROVE,False,NOT_REQUESTED,NOT_APPLICABLE,NOT_OBSERVED_V1_BATCH,SIMULATED_LEGITIMATE
rr_0007069,False,AUTO_APPROVE,consistent,1e-06,AUTO_APPROVE,False,NOT_REQUESTED,NOT_APPLICABLE,NOT_OBSERVED_V1_BATCH,SIMULATED_LEGITIMATE
rr_0007070,False,AUTO_APPROVE,consistent,1e-06,AUTO_APPROVE,False,NOT_REQUESTED,NOT_APPLICABLE,NOT_OBSERVED_V1_BATCH,SIMULATED_LEGITIMATE
rr_0007071,False,AUTO_APPROVE,consistent,1e-06,AUTO_APPROVE,False,NOT_REQUESTED,NOT_APPLICABLE,NOT_OBSERVED_V1_BATCH,SIMULATED_LEGITIMATE
rr_0007072,False,AUTO_APPROVE,consistent,0.0019793465426276163,AUTO_APPROVE,False,NOT_REQUESTED,NOT_APPLICABLE,NOT_OBSERVED_V1_BATCH,SIMULATED_LEGITIMATE
rr_0007073,False,VERIFY,consistent,0.015903002651414404,AUTO_APPROVE,False,consistent,LOW,NOT_OBSERVED_V1_BATCH,SIMULATED_LEGITIMATE
rr_0007074,False,AUTO_APPROVE,consistent,1e-06,AUTO_APPROVE,False,NOT_REQUESTED,NOT_APPLICABLE,NOT_OBSERVED_V1_BATCH,SIMULATED_LEGITIMATE
rr_0007075,False,AUTO_APPROVE,consistent,1e-06,AUTO_APPROVE,False,NOT_REQUESTED,NOT_APPLICABLE,NOT_OBSERVED_V1_BATCH,SIMULATED_LEGITIMATE
rr_0007076,False,AUTO_APPROVE,consistent,0.0019793465426276163,AUTO_APPROVE,False,NOT_REQUESTED,NOT_APPLICABLE,NOT_OBSERVED_V1_BATCH,SIMULATED_LEGITIMATE
rr_0007077,False,AUTO_APPROVE,consistent,1e-06,AUTO_APPROVE,False,NOT_REQUESTED,NOT_APPLICABLE,NOT_OBSERVED_V1_BATCH,SIMULATED_LEGITIMATE
rr_0007078,False,VERIFY,consistent,0.02316375335874424,AUTO_APPROVE,False,consistent,LOW,NOT_OBSERVED_V1_BATCH,SIMULATED_LEGITIMATE
rr_0007079,False,AUTO_APPROVE,consistent,1e-06,AUTO_APPROVE,False,NOT_REQUESTED,NOT_APPLICABLE,NOT_OBSERVED_V1_BATCH,SIMULATED_LEGITIMATE
rr_0007080,False,AUTO_APPROVE,consistent,1e-06,AUTO_APPROVE,False,NOT_REQUESTED,NOT_APPLICABLE,NOT_OBSERVED_V1_BATCH,SIMULATED_LEGITIMATE
rr_0007081,False,AUTO_APPROVE,consistent,1e-06,AUTO_APPROVE,False,NOT_REQUESTED,NOT_APPLICABLE,NOT_OBSERVED_V1_BATCH,SIMULATED_LEGITIMATE
rr_0007082,False,AUTO_APPROVE,consistent,1e-06,AUTO_APPROVE,False,NOT_REQUESTED,NOT_APPLICABLE,NOT_OBSERVED_V1_BATCH,SIMULATED_LEGITIMATE
rr_0007083,False,AUTO_APPROVE,consistent,1e-06,AUTO_APPROVE,False,NOT_REQUESTED,NOT_APPLICABLE,NOT_OBSERVED_V1_BATCH,SIMULATED_LEGITIMATE
rr_0007084,False,AUTO_APPROVE,consistent,1e-06,AUTO_APPROVE,False,NOT_REQUESTED,NOT_APPLICABLE,NOT_OBSERVED_V1_BATCH,SIMULATED_LEGITIMATE
rr_0007085,False,AUTO_APPROVE,consistent,0.0019793465426276163,AUTO_APPROVE,False,NOT_REQUESTED,NOT_APPLICABLE,NOT_OBSERVED_V1_BATCH,SIMULATED_LEGITIMATE
rr_0007086,False,AUTO_APPROVE,consistent,0.0019793465426276163,AUTO_APPROVE,False,NOT_REQUESTED,NOT_APPLICABLE,NOT_OBSERVED_V1_BATCH,SIMULATED_LEGITIMATE
rr_0007087,False,AUTO_APPROVE,consistent,1e-06,AUTO_APPROVE,False,NOT_REQUESTED,NOT_APPLICABLE,NOT_OBSERVED_V1_BATCH,SIMULATED_LEGITIMATE
rr_0007088,False,AUTO_APPROVE,consistent,0.0019793465426276163,AUTO_APPROVE,False,NOT_REQUESTED,NOT_APPLICABLE,NOT_OBSERVED_V1_BATCH,SIMULATED_LEGITIMATE
rr_0007089,False,AUTO_APPROVE,consistent,0.0019793465426276163,AUTO_APPROVE,False,NOT_REQUESTED,NOT_APPLICABLE,NOT_OBSERVED_V1_BATCH,SIMULATED_LEGITIMATE
rr_0007090,False,AUTO_APPROVE,consistent,1e-06,AUTO_APPROVE,False,NOT_REQUESTED,NOT_APPLICABLE,NOT_OBSERVED_V1_BATCH,SIMULATED_LEGITIMATE
rr_0007091,False,VERIFY,consistent,0.02316375335874424,AUTO_APPROVE,False,consistent,LOW,NOT_OBSERVED_V1_BATCH,SIMULATED_LEGITIMATE
rr_0007092,False,AUTO_APPROVE,inconsistent,2.2897734911559113e-05,AUTO_APPROVE,False,NOT_REQUESTED,NOT_APPLICABLE,NOT_OBSERVED_V1_BATCH,SIMULATED_LEGITIMATE
rr_0007093,False,AUTO_APPROVE,consistent,1e-06,AUTO_APPROVE,False,NOT_REQUESTED,NOT_APPLICABLE,NOT_OBSERVED_V1_BATCH,SIMULATED_LEGITIMATE
rr_0007094,False,AUTO_APPROVE,consistent,0.0019793465426276163,AUTO_APPROVE,False,NOT_REQUESTED,NOT_APPLICABLE,NOT_OBSERVED_V1_BATCH,SIMULATED_LEGITIMATE
rr_0007095,False,AUTO_APPROVE,consistent,0.004432508937619314,AUTO_APPROVE,False,NOT_REQUESTED,NOT_APPLICABLE,NOT_OBSERVED_V1_BATCH,SIMULATED_LEGITIMATE
rr_0007096,False,AUTO_APPROVE,consistent,1e-06,AUTO_APPROVE,False,NOT_REQUESTED,NOT_APPLICABLE,NOT_OBSERVED_V1_BATCH,SIMULATED_LEGITIMATE
rr_0007097,False,AUTO_APPROVE,consistent,1e-06,AUTO_APPROVE,False,NOT_REQUESTED,NOT_APPLICABLE,NOT_OBSERVED_V1_BATCH,SIMULATED_LEGITIMATE
rr_0007098,False,VERIFY,consistent,0.010122729367085073,AUTO_APPROVE,False,consistent,LOW,NOT_OBSERVED_V1_BATCH,SIMULATED_LEGITIMATE
rr_0007099,False,AUTO_APPROVE,consistent,1e-06,AUTO_APPROVE,False,NOT_REQUESTED,NOT_APPLICABLE,NOT_OBSERVED_V1_BATCH,SIMULATED_LEGITIMATE
rr_0007100,False,AUTO_APPROVE,consistent,1e-06,AUTO_APPROVE,False,NOT_REQUESTED,NOT_APPLICABLE,NOT_OBSERVED_V1_BATCH,SIMULATED_LEGITIMATE
rr_0007101,False,AUTO_APPROVE,consistent,1e-06,AUTO_APPROVE,False,NOT_REQUESTED,NOT_APPLICABLE,NOT_OBSERVED_V1_BATCH,SIMULATED_LEGITIMATE
rr_0007102,False,AUTO_APPROVE,consistent,1e-06,AUTO_APPROVE,False,NOT_REQUESTED,NOT_APPLICABLE,NOT_OBSERVED_V1_BATCH,SIMULATED_LEGITIMATE
rr_0007103,False,AUTO_APPROVE,inconsistent,2.2897734911559113e-05,AUTO_APPROVE,False,NOT_REQUESTED,NOT_APPLICABLE,NOT_OBSERVED_V1_BATCH,SIMULATED_LEGITIMATE
rr_0007104,False,AUTO_APPROVE,consistent,1e-06,AUTO_APPROVE,False,NOT_REQUESTED,NOT_APPLICABLE,NOT_OBSERVED_V1_BATCH,SIMULATED_LEGITIMATE
rr_0007105,False,AUTO_APPROVE,consistent,1e-06,AUTO_APPROVE,False,NOT_REQUESTED,NOT_APPLICABLE,NOT_OBSERVED_V1_BATCH,SIMULATED_LEGITIMATE
rr_0007106,False,AUTO_APPROVE,consistent,1e-06,AUTO_APPROVE,False,NOT_REQUESTED,NOT_APPLICABLE,NOT_OBSERVED_V1_BATCH,SIMULATED_LEGITIMATE
rr_0007107,False,AUTO_APPROVE,consistent,1e-06,AUTO_APPROVE,False,NOT_REQUESTED,NOT_APPLICABLE,NOT_OBSERVED_V1_BATCH,SIMULATED_LEGITIMATE
rr_0007108,False,AUTO_APPROVE,consistent,1e-06,AUTO_APPROVE,False,NOT_REQUESTED,NOT_APPLICABLE,NOT_OBSERVED_V1_BATCH,SIMULATED_LEGITIMATE
rr_0007109,False,AUTO_APPROVE,consistent,0.0019793465426276163,AUTO_APPROVE,False,NOT_REQUESTED,NOT_APPLICABLE,NOT_OBSERVED_V1_BATCH,SIMULATED_LEGITIMATE
rr_0007110,True,MANUAL_REVIEW,inconsistent,0.999999,MANUAL_REVIEW,True,NOT_REQUESTED,NOT_APPLICABLE,NOT_OBSERVED_V1_BATCH,SIMULATED_ABUSE
rr_0007111,False,AUTO_APPROVE,inconsistent,2.2897734911559113e-05,AUTO_APPROVE,False,NOT_REQUESTED,NOT_APPLICABLE,NOT_OBSERVED_V1_BATCH,SIMULATED_LEGITIMATE
rr_0007112,False,VERIFY,consistent,0.02316375335874424,AUTO_APPROVE,False,consistent,LOW,NOT_OBSERVED_V1_BATCH,SIMULATED_LEGITIMATE
rr_0007113,False,VERIFY,inconclusive,0.15625,RETURN_FIRST,False,inconclusive,MIDDLE,NOT_OBSERVED_V1_BATCH,SIMULATED_LEGITIMATE
rr_0007114,False,VERIFY,consistent,0.010122729367085073,AUTO_APPROVE,False,consistent,LOW,NOT_OBSERVED_V1_BATCH,SIMULATED_LEGITIMATE
rr_0007115,False,AUTO_APPROVE,consistent,1e-06,AUTO_APPROVE,False,NOT_REQUESTED,NOT_APPLICABLE,NOT_OBSERVED_V1_BATCH,SIMULATED_LEGITIMATE
rr_0007116,False,AUTO_APPROVE,consistent,1e-06,AUTO_APPROVE,False,NOT_REQUESTED,NOT_APPLICABLE,NOT_OBSERVED_V1_BATCH,SIMULATED_LEGITIMATE
rr_0007117,False,AUTO_APPROVE,consistent,1e-06,AUTO_APPROVE,False,NOT_REQUESTED,NOT_APPLICABLE,NOT_OBSERVED_V1_BATCH,SIMULATED_LEGITIMATE
rr_0007118,False,AUTO_APPROVE,consistent,1e-06,AUTO_APPROVE,False,NOT_REQUESTED,NOT_APPLICABLE,NOT_OBSERVED_V1_BATCH,SIMULATED_LEGITIMATE
rr_0007119,False,AUTO_APPROVE,consistent,1e-06,AUTO_APPROVE,False,NOT_REQUESTED,NOT_APPLICABLE,NOT_OBSERVED_V1_BATCH,SIMULATED_LEGITIMATE
rr_0007120,False,AUTO_APPROVE,consistent,0.004432508937619314,AUTO_APPROVE,False,NOT_REQUESTED,NOT_APPLICABLE,NOT_OBSERVED_V1_BATCH,SIMULATED_LEGITIMATE
rr_0007121,False,AUTO_APPROVE,consistent,1e-06,AUTO_APPROVE,False,NOT_REQUESTED,NOT_APPLICABLE,NOT_OBSERVED_V1_BATCH,SIMULATED_LEGITIMATE
rr_0007122,False,VERIFY,consistent,0.02316375335874424,AUTO_APPROVE,False,consistent,LOW,NOT_OBSERVED_V1_BATCH,SIMULATED_LEGITIMATE
rr_0007123,False,AUTO_APPROVE,consistent,1e-06,AUTO_APPROVE,False,NOT_REQUESTED,NOT_APPLICABLE,NOT_OBSERVED_V1_BATCH,SIMULATED_LEGITIMATE
rr_0007124,False,AUTO_APPROVE,inconclusive,1.2499996875000778e-06,AUTO_APPROVE,False,NOT_REQUESTED,NOT_APPLICABLE,NOT_OBSERVED_V1_BATCH,SIMULATED_LEGITIMATE
rr_0007125,False,VERIFY,consistent,0.015903002651414404,AUTO_APPROVE,False,consistent,LOW,NOT_OBSERVED_V1_BATCH,SIMULATED_LEGITIMATE
rr_0007126,False,VERIFY,consistent,0.015903002651414404,AUTO_APPROVE,False,consistent,LOW,NOT_OBSERVED_V1_BATCH,SIMULATED_LEGITIMATE
rr_0007127,False,AUTO_APPROVE,consistent,1e-06,AUTO_APPROVE,False,NOT_REQUESTED,NOT_APPLICABLE,NOT_OBSERVED_V1_BATCH,SIMULATED_LEGITIMATE
rr_0007128,False,AUTO_APPROVE,consistent,1e-06,AUTO_APPROVE,False,NOT_REQUESTED,NOT_APPLICABLE,NOT_OBSERVED_V1_BATCH,SIMULATED_LEGITIMATE
rr_0007129,False,AUTO_APPROVE,consistent,0.004432508937619314,AUTO_APPROVE,False,NOT_REQUESTED,NOT_APPLICABLE,NOT_OBSERVED_V1_BATCH,SIMULATED_LEGITIMATE
rr_0007130,False,VERIFY,consistent,0.015903002651414404,AUTO_APPROVE,False,consistent,LOW,NOT_OBSERVED_V1_BATCH,SIMULATED_LEGITIMATE
rr_0007131,False,AUTO_APPROVE,consistent,1e-06,AUTO_APPROVE,False,NOT_REQUESTED,NOT_APPLICABLE,NOT_OBSERVED_V1_BATCH,SIMULATED_LEGITIMATE
rr_0007132,False,VERIFY,consistent,0.02316375335874424,AUTO_APPROVE,False,consistent,LOW,NOT_OBSERVED_V1_BATCH,SIMULATED_LEGITIMATE
rr_0007133,False,AUTO_APPROVE,consistent,1e-06,AUTO_APPROVE,False,NOT_REQUESTED,NOT_APPLICABLE,NOT_OBSERVED_V1_BATCH,SIMULATED_LEGITIMATE
rr_0007134,False,AUTO_APPROVE,consistent,0.0019793465426276163,AUTO_APPROVE,False,NOT_REQUESTED,NOT_APPLICABLE,NOT_OBSERVED_V1_BATCH,SIMULATED_LEGITIMATE
rr_0007135,False,VERIFY,consistent,0.015903002651414404,AUTO_APPROVE,False,consistent,LOW,NOT_OBSERVED_V1_BATCH,SIMULATED_LEGITIMATE
rr_0007136,False,AUTO_APPROVE,consistent,1e-06,AUTO_APPROVE,False,NOT_REQUESTED,NOT_APPLICABLE,NOT_OBSERVED_V1_BATCH,SIMULATED_LEGITIMATE
rr_0007137,False,AUTO_APPROVE,consistent,1e-06,AUTO_APPROVE,False,NOT_REQUESTED,NOT_APPLICABLE,NOT_OBSERVED_V1_BATCH,SIMULATED_LEGITIMATE
rr_0007138,False,AUTO_APPROVE,inconsistent,0.2939506388065649,AUTO_APPROVE,False,NOT_REQUESTED,NOT_APPLICABLE,NOT_OBSERVED_V1_BATCH,SIMULATED_LEGITIMATE
rr_0007139,False,AUTO_APPROVE,consistent,1e-06,AUTO_APPROVE,False,NOT_REQUESTED,NOT_APPLICABLE,NOT_OBSERVED_V1_BATCH,SIMULATED_LEGITIMATE
rr_0007140,False,AUTO_APPROVE,consistent,1e-06,AUTO_APPROVE,False,NOT_REQUESTED,NOT_APPLICABLE,NOT_OBSERVED_V1_BATCH,SIMULATED_LEGITIMATE
rr_0007141,False,AUTO_APPROVE,consistent,1e-06,AUTO_APPROVE,False,NOT_REQUESTED,NOT_APPLICABLE,NOT_OBSERVED_V1_BATCH,SIMULATED_LEGITIMATE
rr_0007142,False,AUTO_APPROVE,consistent,1e-06,AUTO_APPROVE,False,NOT_REQUESTED,NOT_APPLICABLE,NOT_OBSERVED_V1_BATCH,SIMULATED_LEGITIMATE
rr_0007143,False,AUTO_APPROVE,consistent,1e-06,AUTO_APPROVE,False,NOT_REQUESTED,NOT_APPLICABLE,NOT_OBSERVED_V1_BATCH,SIMULATED_LEGITIMATE
rr_0007144,True,VERIFY,inconsistent,0.966358062686905,RETURN_FIRST,False,inconsistent,MIDDLE,NOT_OBSERVED_V1_BATCH,SIMULATED_ABUSE
rr_0007145,False,AUTO_APPROVE,consistent,1e-06,AUTO_APPROVE,False,NOT_REQUESTED,NOT_APPLICABLE,NOT_OBSERVED_V1_BATCH,SIMULATED_LEGITIMATE
rr_0007146,True,VERIFY,inconsistent,0.6822077314739403,RETURN_FIRST,False,inconsistent,MIDDLE,NOT_OBSERVED_V1_BATCH,SIMULATED_ABUSE
rr_0007147,False,AUTO_APPROVE,consistent,1e-06,AUTO_APPROVE,False,NOT_REQUESTED,NOT_APPLICABLE,NOT_OBSERVED_V1_BATCH,SIMULATED_LEGITIMATE
rr_0007148,False,AUTO_APPROVE,inconsistent,2.2897734911559113e-05,AUTO_APPROVE,False,NOT_REQUESTED,NOT_APPLICABLE,NOT_OBSERVED_V1_BATCH,SIMULATED_LEGITIMATE
rr_0007149,False,AUTO_APPROVE,consistent,1e-06,AUTO_APPROVE,False,NOT_REQUESTED,NOT_APPLICABLE,NOT_OBSERVED_V1_BATCH,SIMULATED_LEGITIMATE
rr_0007150,False,AUTO_APPROVE,consistent,0.0019793465426276163,AUTO_APPROVE,False,NOT_REQUESTED,NOT_APPLICABLE,NOT_OBSERVED_V1_BATCH,SIMULATED_LEGITIMATE
rr_0007151,False,AUTO_APPROVE,consistent,0.0019793465426276163,AUTO_APPROVE,False,NOT_REQUESTED,NOT_APPLICABLE,NOT_OBSERVED_V1_BATCH,SIMULATED_LEGITIMATE
rr_0007152,True,MANUAL_REVIEW,inconsistent,0.999999,MANUAL_REVIEW,False,NOT_REQUESTED,NOT_APPLICABLE,NOT_OBSERVED_V1_BATCH,SIMULATED_ABUSE
rr_0007153,False,AUTO_APPROVE,consistent,1e-06,AUTO_APPROVE,False,NOT_REQUESTED,NOT_APPLICABLE,NOT_OBSERVED_V1_BATCH,SIMULATED_LEGITIMATE
rr_0007154,False,AUTO_APPROVE,consistent,1e-06,AUTO_APPROVE,False,NOT_REQUESTED,NOT_APPLICABLE,NOT_OBSERVED_V1_BATCH,SIMULATED_LEGITIMATE
rr_0007155,True,VERIFY,inconsistent,0.7507212508497502,RETURN_FIRST,False,inconsistent,MIDDLE,NOT_OBSERVED_V1_BATCH,SIMULATED_ABUSE
rr_0007156,False,VERIFY,consistent,0.010122729367085073,AUTO_APPROVE,False,consistent,LOW,NOT_OBSERVED_V1_BATCH,SIMULATED_LEGITIMATE
rr_0007157,False,AUTO_APPROVE,consistent,0.004432508937619314,AUTO_APPROVE,False,NOT_REQUESTED,NOT_APPLICABLE,NOT_OBSERVED_V1_BATCH,SIMULATED_LEGITIMATE
rr_0007158,True,MANUAL_REVIEW,inconclusive,0.999999,MANUAL_REVIEW,False,NOT_REQUESTED,NOT_APPLICABLE,NOT_OBSERVED_V1_BATCH,SIMULATED_ABUSE
rr_0007159,False,VERIFY,consistent,0.015903002651414404,AUTO_APPROVE,False,consistent,LOW,NOT_OBSERVED_V1_BATCH,SIMULATED_LEGITIMATE
rr_0007160,False,VERIFY,consistent,0.015903002651414404,AUTO_APPROVE,False,consistent,LOW,NOT_OBSERVED_V1_BATCH,SIMULATED_LEGITIMATE
rr_0007161,False,AUTO_APPROVE,consistent,1e-06,AUTO_APPROVE,False,NOT_REQUESTED,NOT_APPLICABLE,NOT_OBSERVED_V1_BATCH,SIMULATED_LEGITIMATE
rr_0007162,False,AUTO_APPROVE,consistent,0.0019793465426276163,AUTO_APPROVE,False,NOT_REQUESTED,NOT_APPLICABLE,NOT_OBSERVED_V1_BATCH,SIMULATED_LEGITIMATE
rr_0007163,False,AUTO_APPROVE,consistent,1e-06,AUTO_APPROVE,False,NOT_REQUESTED,NOT_APPLICABLE,NOT_OBSERVED_V1_BATCH,SIMULATED_LEGITIMATE
rr_0007164,True,MANUAL_REVIEW,inconsistent,0.999999,MANUAL_REVIEW,False,NOT_REQUESTED,NOT_APPLICABLE,NOT_OBSERVED_V1_BATCH,SIMULATED_ABUSE
rr_0007165,False,AUTO_APPROVE,consistent,1e-06,AUTO_APPROVE,False,NOT_REQUESTED,NOT_APPLICABLE,NOT_OBSERVED_V1_BATCH,SIMULATED_LEGITIMATE
rr_0007166,False,AUTO_APPROVE,consistent,0.0019793465426276163,AUTO_APPROVE,False,NOT_REQUESTED,NOT_APPLICABLE,NOT_OBSERVED_V1_BATCH,SIMULATED_LEGITIMATE
rr_0007167,False,AUTO_APPROVE,consistent,1e-06,AUTO_APPROVE,False,NOT_REQUESTED,NOT_APPLICABLE,NOT_OBSERVED_V1_BATCH,SIMULATED_LEGITIMATE
rr_0007168,False,AUTO_APPROVE,consistent,1e-06,AUTO_APPROVE,False,NOT_REQUESTED,NOT_APPLICABLE,NOT_OBSERVED_V1_BATCH,SIMULATED_LEGITIMATE
rr_0007169,False,AUTO_APPROVE,consistent,1e-06,AUTO_APPROVE,False,NOT_REQUESTED,NOT_APPLICABLE,NOT_OBSERVED_V1_BATCH,SIMULATED_LEGITIMATE
rr_0007170,False,AUTO_APPROVE,consistent,1e-06,AUTO_APPROVE,False,NOT_REQUESTED,NOT_APPLICABLE,NOT_OBSERVED_V1_BATCH,SIMULATED_LEGITIMATE
rr_0007171,False,AUTO_APPROVE,inconclusive,1.2499996875000778e-06,AUTO_APPROVE,False,NOT_REQUESTED,NOT_APPLICABLE,NOT_OBSERVED_V1_BATCH,SIMULATED_LEGITIMATE
rr_0007172,False,AUTO_APPROVE,consistent,0.004432508937619314,AUTO_APPROVE,False,NOT_REQUESTED,NOT_APPLICABLE,NOT_OBSERVED_V1_BATCH,SIMULATED_LEGITIMATE
rr_0007173,False,AUTO_APPROVE,consistent,1e-06,AUTO_APPROVE,False,NOT_REQUESTED,NOT_APPLICABLE,NOT_OBSERVED_V1_BATCH,SIMULATED_LEGITIMATE
rr_0007174,False,AUTO_APPROVE,consistent,0.0019793465426276163,AUTO_APPROVE,False,NOT_REQUESTED,NOT_APPLICABLE,NOT_OBSERVED_V1_BATCH,SIMULATED_LEGITIMATE
rr_0007175,False,AUTO_APPROVE,consistent,0.004432508937619314,AUTO_APPROVE,False,NOT_REQUESTED,NOT_APPLICABLE,NOT_OBSERVED_V1_BATCH,SIMULATED_LEGITIMATE
rr_0007176,False,AUTO_APPROVE,consistent,1e-06,AUTO_APPROVE,False,NOT_REQUESTED,NOT_APPLICABLE,NOT_OBSERVED_V1_BATCH,SIMULATED_LEGITIMATE
rr_0007177,True,VERIFY,inconsistent,0.9913413302587675,RETURN_FIRST,False,inconsistent,MIDDLE,NOT_OBSERVED_V1_BATCH,SIMULATED_ABUSE
rr_0007178,False,AUTO_APPROVE,consistent,1e-06,AUTO_APPROVE,False,NOT_REQUESTED,NOT_APPLICABLE,NOT_OBSERVED_V1_BATCH,SIMULATED_LEGITIMATE
rr_0007179,False,AUTO_APPROVE,consistent,1e-06,AUTO_APPROVE,False,NOT_REQUESTED,NOT_APPLICABLE,NOT_OBSERVED_V1_BATCH,SIMULATED_LEGITIMATE
rr_0007180,False,AUTO_APPROVE,consistent,1e-06,AUTO_APPROVE,False,NOT_REQUESTED,NOT_APPLICABLE,NOT_OBSERVED_V1_BATCH,SIMULATED_LEGITIMATE
rr_0007181,False,AUTO_APPROVE,consistent,0.0019793465426276163,AUTO_APPROVE,False,NOT_REQUESTED,NOT_APPLICABLE,NOT_OBSERVED_V1_BATCH,SIMULATED_LEGITIMATE
rr_0007182,False,AUTO_APPROVE,consistent,1e-06,AUTO_APPROVE,False,NOT_REQUESTED,NOT_APPLICABLE,NOT_OBSERVED_V1_BATCH,SIMULATED_LEGITIMATE
rr_0007183,False,AUTO_APPROVE,consistent,1e-06,AUTO_APPROVE,False,NOT_REQUESTED,NOT_APPLICABLE,NOT_OBSERVED_V1_BATCH,SIMULATED_LEGITIMATE
rr_0007184,False,AUTO_APPROVE,inconclusive,1.2499996875000778e-06,AUTO_APPROVE,False,NOT_REQUESTED,NOT_APPLICABLE,NOT_OBSERVED_V1_BATCH,SIMULATED_LEGITIMATE
rr_0007185,True,MANUAL_REVIEW,inconsistent,0.999999,MANUAL_REVIEW,False,NOT_REQUESTED,NOT_APPLICABLE,NOT_OBSERVED_V1_BATCH,SIMULATED_ABUSE
rr_0007186,False,AUTO_APPROVE,consistent,0.0019793465426276163,AUTO_APPROVE,False,NOT_REQUESTED,NOT_APPLICABLE,NOT_OBSERVED_V1_BATCH,SIMULATED_LEGITIMATE
rr_0007187,False,AUTO_APPROVE,consistent,1e-06,AUTO_APPROVE,False,NOT_REQUESTED,NOT_APPLICABLE,NOT_OBSERVED_V1_BATCH,SIMULATED_LEGITIMATE
rr_0007188,False,VERIFY,consistent,0.010122729367085073,AUTO_APPROVE,False,consistent,LOW,NOT_OBSERVED_V1_BATCH,SIMULATED_LEGITIMATE
rr_0007189,False,AUTO_APPROVE,consistent,1e-06,AUTO_APPROVE,False,NOT_REQUESTED,NOT_APPLICABLE,NOT_OBSERVED_V1_BATCH,SIMULATED_LEGITIMATE
rr_0007190,False,AUTO_APPROVE,consistent,0.0019793465426276163,AUTO_APPROVE,False,NOT_REQUESTED,NOT_APPLICABLE,NOT_OBSERVED_V1_BATCH,SIMULATED_LEGITIMATE
rr_0007191,False,AUTO_APPROVE,consistent,1e-06,AUTO_APPROVE,False,NOT_REQUESTED,NOT_APPLICABLE,NOT_OBSERVED_V1_BATCH,SIMULATED_LEGITIMATE
rr_0007192,True,MANUAL_REVIEW,consistent,0.9999908324886693,MANUAL_REVIEW,False,NOT_REQUESTED,NOT_APPLICABLE,NOT_OBSERVED_V1_BATCH,SIMULATED_ABUSE
rr_0007193,False,AUTO_APPROVE,consistent,1e-06,AUTO_APPROVE,False,NOT_REQUESTED,NOT_APPLICABLE,NOT_OBSERVED_V1_BATCH,SIMULATED_LEGITIMATE
rr_0007194,False,AUTO_APPROVE,consistent,0.004432508937619314,AUTO_APPROVE,False,NOT_REQUESTED,NOT_APPLICABLE,NOT_OBSERVED_V1_BATCH,SIMULATED_LEGITIMATE
rr_0007195,False,AUTO_APPROVE,consistent,1e-06,AUTO_APPROVE,False,NOT_REQUESTED,NOT_APPLICABLE,NOT_OBSERVED_V1_BATCH,SIMULATED_LEGITIMATE
rr_0007196,False,AUTO_APPROVE,consistent,0.0019793465426276163,AUTO_APPROVE,False,NOT_REQUESTED,NOT_APPLICABLE,NOT_OBSERVED_V1_BATCH,SIMULATED_LEGITIMATE
rr_0007197,False,AUTO_APPROVE,consistent,1e-06,AUTO_APPROVE,False,NOT_REQUESTED,NOT_APPLICABLE,NOT_OBSERVED_V1_BATCH,SIMULATED_LEGITIMATE
rr_0007198,False,AUTO_APPROVE,consistent,1e-06,AUTO_APPROVE,False,NOT_REQUESTED,NOT_APPLICABLE,NOT_OBSERVED_V1_BATCH,SIMULATED_LEGITIMATE
rr_0007199,False,AUTO_APPROVE,consistent,1e-06,AUTO_APPROVE,False,NOT_REQUESTED,NOT_APPLICABLE,NOT_OBSERVED_V1_BATCH,SIMULATED_LEGITIMATE
rr_0007200,False,AUTO_APPROVE,consistent,1e-06,AUTO_APPROVE,False,NOT_REQUESTED,NOT_APPLICABLE,NOT_OBSERVED_V1_BATCH,SIMULATED_LEGITIMATE
rr_0007201,False,AUTO_APPROVE,consistent,1e-06,AUTO_APPROVE,False,NOT_REQUESTED,NOT_APPLICABLE,NOT_OBSERVED_V1_BATCH,SIMULATED_LEGITIMATE
rr_0007202,False,AUTO_APPROVE,consistent,1e-06,AUTO_APPROVE,False,NOT_REQUESTED,NOT_APPLICABLE,NOT_OBSERVED_V1_BATCH,SIMULATED_LEGITIMATE
rr_0007203,True,VERIFY,consistent,0.015903002651414404,AUTO_APPROVE,False,consistent,LOW,NOT_OBSERVED_V1_BATCH,SIMULATED_ABUSE
rr_0007204,False,AUTO_APPROVE,consistent,1e-06,AUTO_APPROVE,False,NOT_REQUESTED,NOT_APPLICABLE,NOT_OBSERVED_V1_BATCH,SIMULATED_LEGITIMATE
rr_0007205,False,AUTO_APPROVE,consistent,1e-06,AUTO_APPROVE,False,NOT_REQUESTED,NOT_APPLICABLE,NOT_OBSERVED_V1_BATCH,SIMULATED_LEGITIMATE
rr_0007206,False,AUTO_APPROVE,consistent,0.0019793465426276163,AUTO_APPROVE,False,NOT_REQUESTED,NOT_APPLICABLE,NOT_OBSERVED_V1_BATCH,SIMULATED_LEGITIMATE
rr_0007207,False,AUTO_APPROVE,consistent,1e-06,AUTO_APPROVE,False,NOT_REQUESTED,NOT_APPLICABLE,NOT_OBSERVED_V1_BATCH,SIMULATED_LEGITIMATE
rr_0007208,False,AUTO_APPROVE,consistent,0.004432508937619314,AUTO_APPROVE,False,NOT_REQUESTED,NOT_APPLICABLE,NOT_OBSERVED_V1_BATCH,SIMULATED_LEGITIMATE
rr_0007209,False,AUTO_APPROVE,consistent,0.0019793465426276163,AUTO_APPROVE,False,NOT_REQUESTED,NOT_APPLICABLE,NOT_OBSERVED_V1_BATCH,SIMULATED_LEGITIMATE
rr_0007210,False,AUTO_APPROVE,consistent,1e-06,AUTO_APPROVE,False,NOT_REQUESTED,NOT_APPLICABLE,NOT_OBSERVED_V1_BATCH,SIMULATED_LEGITIMATE
rr_0007211,False,AUTO_APPROVE,consistent,1e-06,AUTO_APPROVE,False,NOT_REQUESTED,NOT_APPLICABLE,NOT_OBSERVED_V1_BATCH,SIMULATED_LEGITIMATE
rr_0007212,True,VERIFY,inconsistent,0.7723304710434816,RETURN_FIRST,False,inconsistent,MIDDLE,NOT_OBSERVED_V1_BATCH,SIMULATED_ABUSE
rr_0007213,False,AUTO_APPROVE,consistent,1e-06,AUTO_APPROVE,False,NOT_REQUESTED,NOT_APPLICABLE,NOT_OBSERVED_V1_BATCH,SIMULATED_LEGITIMATE
rr_0007214,False,AUTO_APPROVE,consistent,1e-06,AUTO_APPROVE,False,NOT_REQUESTED,NOT_APPLICABLE,NOT_OBSERVED_V1_BATCH,SIMULATED_LEGITIMATE
rr_0007215,False,AUTO_APPROVE,consistent,1e-06,AUTO_APPROVE,False,NOT_REQUESTED,NOT_APPLICABLE,NOT_OBSERVED_V1_BATCH,SIMULATED_LEGITIMATE
rr_0007216,False,AUTO_APPROVE,consistent,0.0019793465426276163,AUTO_APPROVE,False,NOT_REQUESTED,NOT_APPLICABLE,NOT_OBSERVED_V1_BATCH,SIMULATED_LEGITIMATE
rr_0007217,False,AUTO_APPROVE,consistent,0.0019793465426276163,AUTO_APPROVE,False,NOT_REQUESTED,NOT_APPLICABLE,NOT_OBSERVED_V1_BATCH,SIMULATED_LEGITIMATE
rr_0007218,False,AUTO_APPROVE,consistent,1e-06,AUTO_APPROVE,False,NOT_REQUESTED,NOT_APPLICABLE,NOT_OBSERVED_V1_BATCH,SIMULATED_LEGITIMATE
rr_0007219,False,AUTO_APPROVE,consistent,0.0019793465426276163,AUTO_APPROVE,False,NOT_REQUESTED,NOT_APPLICABLE,NOT_OBSERVED_V1_BATCH,SIMULATED_LEGITIMATE
rr_0007220,True,VERIFY,inconsistent,0.999999,RETURN_FIRST,True,inconsistent,HIGH,NOT_OBSERVED_V1_BATCH,SIMULATED_ABUSE
rr_0007221,False,AUTO_APPROVE,consistent,1e-06,AUTO_APPROVE,False,NOT_REQUESTED,NOT_APPLICABLE,NOT_OBSERVED_V1_BATCH,SIMULATED_LEGITIMATE
rr_0007222,True,MANUAL_REVIEW,consistent,0.9999908324886693,MANUAL_REVIEW,True,NOT_REQUESTED,NOT_APPLICABLE,NOT_OBSERVED_V1_BATCH,SIMULATED_ABUSE
rr_0007223,False,AUTO_APPROVE,consistent,1e-06,AUTO_APPROVE,False,NOT_REQUESTED,NOT_APPLICABLE,NOT_OBSERVED_V1_BATCH,SIMULATED_LEGITIMATE
rr_0007224,False,AUTO_APPROVE,consistent,1e-06,AUTO_APPROVE,False,NOT_REQUESTED,NOT_APPLICABLE,NOT_OBSERVED_V1_BATCH,SIMULATED_LEGITIMATE
rr_0007225,False,AUTO_APPROVE,inconclusive,1.2499996875000778e-06,AUTO_APPROVE,False,NOT_REQUESTED,NOT_APPLICABLE,NOT_OBSERVED_V1_BATCH,SIMULATED_LEGITIMATE
rr_0007226,False,AUTO_APPROVE,consistent,0.004432508937619314,AUTO_APPROVE,False,NOT_REQUESTED,NOT_APPLICABLE,NOT_OBSERVED_V1_BATCH,SIMULATED_LEGITIMATE
rr_0007227,False,AUTO_APPROVE,consistent,1e-06,AUTO_APPROVE,False,NOT_REQUESTED,NOT_APPLICABLE,NOT_OBSERVED_V1_BATCH,SIMULATED_LEGITIMATE
rr_0007228,False,VERIFY,consistent,0.02316375335874424,AUTO_APPROVE,False,consistent,LOW,NOT_OBSERVED_V1_BATCH,SIMULATED_LEGITIMATE
rr_0007229,False,AUTO_APPROVE,consistent,1e-06,AUTO_APPROVE,False,NOT_REQUESTED,NOT_APPLICABLE,NOT_OBSERVED_V1_BATCH,SIMULATED_LEGITIMATE
rr_0007230,False,AUTO_APPROVE,consistent,1e-06,AUTO_APPROVE,False,NOT_REQUESTED,NOT_APPLICABLE,NOT_OBSERVED_V1_BATCH,SIMULATED_LEGITIMATE
rr_0007231,False,AUTO_APPROVE,consistent,1e-06,AUTO_APPROVE,False,NOT_REQUESTED,NOT_APPLICABLE,NOT_OBSERVED_V1_BATCH,SIMULATED_LEGITIMATE
rr_0007232,False,AUTO_APPROVE,consistent,1e-06,AUTO_APPROVE,False,NOT_REQUESTED,NOT_APPLICABLE,NOT_OBSERVED_V1_BATCH,SIMULATED_LEGITIMATE
rr_0007233,False,AUTO_APPROVE,consistent,1e-06,AUTO_APPROVE,False,NOT_REQUESTED,NOT_APPLICABLE,NOT_OBSERVED_V1_BATCH,SIMULATED_LEGITIMATE
rr_0007234,False,VERIFY,consistent,0.010122729367085073,AUTO_APPROVE,False,consistent,LOW,NOT_OBSERVED_V1_BATCH,SIMULATED_LEGITIMATE
rr_0007235,False,AUTO_APPROVE,consistent,1e-06,AUTO_APPROVE,False,NOT_REQUESTED,NOT_APPLICABLE,NOT_OBSERVED_V1_BATCH,SIMULATED_LEGITIMATE
rr_0007236,False,AUTO_APPROVE,consistent,1e-06,AUTO_APPROVE,False,NOT_REQUESTED,NOT_APPLICABLE,NOT_OBSERVED_V1_BATCH,SIMULATED_LEGITIMATE
rr_0007237,False,AUTO_APPROVE,consistent,1e-06,AUTO_APPROVE,False,NOT_REQUESTED,NOT_APPLICABLE,NOT_OBSERVED_V1_BATCH,SIMULATED_LEGITIMATE
rr_0007238,False,AUTO_APPROVE,consistent,1e-06,AUTO_APPROVE,False,NOT_REQUESTED,NOT_APPLICABLE,NOT_OBSERVED_V1_BATCH,SIMULATED_LEGITIMATE
rr_0007239,False,VERIFY,consistent,0.015903002651414404,AUTO_APPROVE,False,consistent,LOW,NOT_OBSERVED_V1_BATCH,SIMULATED_LEGITIMATE
rr_0007240,False,AUTO_APPROVE,consistent,1e-06,AUTO_APPROVE,False,NOT_REQUESTED,NOT_APPLICABLE,NOT_OBSERVED_V1_BATCH,SIMULATED_LEGITIMATE
rr_0007241,False,AUTO_APPROVE,consistent,1e-06,AUTO_APPROVE,False,NOT_REQUESTED,NOT_APPLICABLE,NOT_OBSERVED_V1_BATCH,SIMULATED_LEGITIMATE
rr_0007242,False,AUTO_APPROVE,consistent,1e-06,AUTO_APPROVE,False,NOT_REQUESTED,NOT_APPLICABLE,NOT_OBSERVED_V1_BATCH,SIMULATED_LEGITIMATE
rr_0007243,False,AUTO_APPROVE,consistent,1e-06,AUTO_APPROVE,False,NOT_REQUESTED,NOT_APPLICABLE,NOT_OBSERVED_V1_BATCH,SIMULATED_LEGITIMATE
rr_0007244,False,AUTO_APPROVE,consistent,1e-06,AUTO_APPROVE,False,NOT_REQUESTED,NOT_APPLICABLE,NOT_OBSERVED_V1_BATCH,SIMULATED_LEGITIMATE
rr_0007245,False,AUTO_APPROVE,inconsistent,2.2897734911559113e-05,AUTO_APPROVE,False,NOT_REQUESTED,NOT_APPLICABLE,NOT_OBSERVED_V1_BATCH,SIMULATED_LEGITIMATE
rr_0007246,False,AUTO_APPROVE,consistent,1e-06,AUTO_APPROVE,False,NOT_REQUESTED,NOT_APPLICABLE,NOT_OBSERVED_V1_BATCH,SIMULATED_LEGITIMATE
rr_0007247,False,AUTO_APPROVE,consistent,1e-06,AUTO_APPROVE,False,NOT_REQUESTED,NOT_APPLICABLE,NOT_OBSERVED_V1_BATCH,SIMULATED_LEGITIMATE
rr_0007248,False,AUTO_APPROVE,consistent,0.0019793465426276163,AUTO_APPROVE,False,NOT_REQUESTED,NOT_APPLICABLE,NOT_OBSERVED_V1_BATCH,SIMULATED_LEGITIMATE
rr_0007249,True,MANUAL_REVIEW,inconsistent,0.999999,MANUAL_REVIEW,True,NOT_REQUESTED,NOT_APPLICABLE,NOT_OBSERVED_V1_BATCH,SIMULATED_ABUSE
rr_0007250,True,MANUAL_REVIEW,inconsistent,0.999999,MANUAL_REVIEW,False,NOT_REQUESTED,NOT_APPLICABLE,NOT_OBSERVED_V1_BATCH,SIMULATED_ABUSE
rr_0007251,False,AUTO_APPROVE,consistent,1e-06,AUTO_APPROVE,False,NOT_REQUESTED,NOT_APPLICABLE,NOT_OBSERVED_V1_BATCH,SIMULATED_LEGITIMATE
rr_0007252,False,VERIFY,consistent,0.09835176015736281,AUTO_APPROVE,False,consistent,MIDDLE,NOT_OBSERVED_V1_BATCH,SIMULATED_LEGITIMATE
rr_0007253,False,VERIFY,consistent,0.015903002651414404,AUTO_APPROVE,False,consistent,LOW,NOT_OBSERVED_V1_BATCH,SIMULATED_LEGITIMATE
rr_0007254,False,AUTO_APPROVE,consistent,1e-06,AUTO_APPROVE,False,NOT_REQUESTED,NOT_APPLICABLE,NOT_OBSERVED_V1_BATCH,SIMULATED_LEGITIMATE
rr_0007255,False,AUTO_APPROVE,consistent,1e-06,AUTO_APPROVE,False,NOT_REQUESTED,NOT_APPLICABLE,NOT_OBSERVED_V1_BATCH,SIMULATED_LEGITIMATE
rr_0007256,False,AUTO_APPROVE,consistent,0.0019793465426276163,AUTO_APPROVE,False,NOT_REQUESTED,NOT_APPLICABLE,NOT_OBSERVED_V1_BATCH,SIMULATED_LEGITIMATE
rr_0007257,False,AUTO_APPROVE,consistent,1e-06,AUTO_APPROVE,False,NOT_REQUESTED,NOT_APPLICABLE,NOT_OBSERVED_V1_BATCH,SIMULATED_LEGITIMATE
rr_0007258,False,VERIFY,consistent,0.010122729367085073,AUTO_APPROVE,False,consistent,LOW,NOT_OBSERVED_V1_BATCH,SIMULATED_LEGITIMATE
rr_0007259,False,AUTO_APPROVE,consistent,1e-06,AUTO_APPROVE,False,NOT_REQUESTED,NOT_APPLICABLE,NOT_OBSERVED_V1_BATCH,SIMULATED_LEGITIMATE
rr_0007260,False,AUTO_APPROVE,consistent,1e-06,AUTO_APPROVE,False,NOT_REQUESTED,NOT_APPLICABLE,NOT_OBSERVED_V1_BATCH,SIMULATED_LEGITIMATE
rr_0007261,False,AUTO_APPROVE,consistent,1e-06,AUTO_APPROVE,False,NOT_REQUESTED,NOT_APPLICABLE,NOT_OBSERVED_V1_BATCH,SIMULATED_LEGITIMATE
rr_0007262,False,AUTO_APPROVE,consistent,0.004432508937619314,AUTO_APPROVE,False,NOT_REQUESTED,NOT_APPLICABLE,NOT_OBSERVED_V1_BATCH,SIMULATED_LEGITIMATE
rr_0007263,False,AUTO_APPROVE,consistent,1e-06,AUTO_APPROVE,False,NOT_REQUESTED,NOT_APPLICABLE,NOT_OBSERVED_V1_BATCH,SIMULATED_LEGITIMATE
rr_0007264,False,AUTO_APPROVE,consistent,1e-06,AUTO_APPROVE,False,NOT_REQUESTED,NOT_APPLICABLE,NOT_OBSERVED_V1_BATCH,SIMULATED_LEGITIMATE
rr_0007265,False,AUTO_APPROVE,consistent,1e-06,AUTO_APPROVE,False,NOT_REQUESTED,NOT_APPLICABLE,NOT_OBSERVED_V1_BATCH,SIMULATED_LEGITIMATE
rr_0007266,False,VERIFY,consistent,0.02316375335874424,AUTO_APPROVE,False,consistent,LOW,NOT_OBSERVED_V1_BATCH,SIMULATED_LEGITIMATE
rr_0007267,False,AUTO_APPROVE,consistent,1e-06,AUTO_APPROVE,False,NOT_REQUESTED,NOT_APPLICABLE,NOT_OBSERVED_V1_BATCH,SIMULATED_LEGITIMATE
rr_0007268,False,AUTO_APPROVE,consistent,0.004432508937619314,AUTO_APPROVE,False,NOT_REQUESTED,NOT_APPLICABLE,NOT_OBSERVED_V1_BATCH,SIMULATED_LEGITIMATE
rr_0007269,False,AUTO_APPROVE,consistent,1e-06,AUTO_APPROVE,False,NOT_REQUESTED,NOT_APPLICABLE,NOT_OBSERVED_V1_BATCH,SIMULATED_LEGITIMATE
rr_0007270,False,AUTO_APPROVE,inconclusive,1.2499996875000778e-06,AUTO_APPROVE,False,NOT_REQUESTED,NOT_APPLICABLE,NOT_OBSERVED_V1_BATCH,SIMULATED_LEGITIMATE
rr_0007271,False,AUTO_APPROVE,consistent,0.0019793465426276163,AUTO_APPROVE,False,NOT_REQUESTED,NOT_APPLICABLE,NOT_OBSERVED_V1_BATCH,SIMULATED_LEGITIMATE
rr_0007272,False,VERIFY,consistent,0.015903002651414404,AUTO_APPROVE,False,consistent,LOW,NOT_OBSERVED_V1_BATCH,SIMULATED_LEGITIMATE
rr_0007273,True,VERIFY,inconsistent,0.7723304710434816,RETURN_FIRST,False,inconsistent,MIDDLE,NOT_OBSERVED_V1_BATCH,SIMULATED_ABUSE
rr_0007274,False,VERIFY,consistent,0.09835176015736281,AUTO_APPROVE,False,consistent,MIDDLE,NOT_OBSERVED_V1_BATCH,SIMULATED_LEGITIMATE
rr_0007275,False,AUTO_APPROVE,inconclusive,1.2499996875000778e-06,AUTO_APPROVE,False,NOT_REQUESTED,NOT_APPLICABLE,NOT_OBSERVED_V1_BATCH,SIMULATED_LEGITIMATE
rr_0007276,False,AUTO_APPROVE,consistent,1e-06,AUTO_APPROVE,False,NOT_REQUESTED,NOT_APPLICABLE,NOT_OBSERVED_V1_BATCH,SIMULATED_LEGITIMATE
rr_0007277,False,VERIFY,consistent,0.015903002651414404,AUTO_APPROVE,False,consistent,LOW,NOT_OBSERVED_V1_BATCH,SIMULATED_LEGITIMATE
rr_0007278,False,AUTO_APPROVE,consistent,1e-06,AUTO_APPROVE,False,NOT_REQUESTED,NOT_APPLICABLE,NOT_OBSERVED_V1_BATCH,SIMULATED_LEGITIMATE
rr_0007279,False,AUTO_APPROVE,consistent,1e-06,AUTO_APPROVE,False,NOT_REQUESTED,NOT_APPLICABLE,NOT_OBSERVED_V1_BATCH,SIMULATED_LEGITIMATE
rr_0007280,False,AUTO_APPROVE,inconclusive,1.2499996875000778e-06,AUTO_APPROVE,False,NOT_REQUESTED,NOT_APPLICABLE,NOT_OBSERVED_V1_BATCH,SIMULATED_LEGITIMATE
rr_0007281,False,AUTO_APPROVE,consistent,1e-06,AUTO_APPROVE,False,NOT_REQUESTED,NOT_APPLICABLE,NOT_OBSERVED_V1_BATCH,SIMULATED_LEGITIMATE
rr_0007282,False,AUTO_APPROVE,consistent,1e-06,AUTO_APPROVE,False,NOT_REQUESTED,NOT_APPLICABLE,NOT_OBSERVED_V1_BATCH,SIMULATED_LEGITIMATE
rr_0007283,False,AUTO_APPROVE,consistent,0.0019793465426276163,AUTO_APPROVE,False,NOT_REQUESTED,NOT_APPLICABLE,NOT_OBSERVED_V1_BATCH,SIMULATED_LEGITIMATE
rr_0007284,True,MANUAL_REVIEW,inconsistent,0.999999,MANUAL_REVIEW,True,NOT_REQUESTED,NOT_APPLICABLE,NOT_OBSERVED_V1_BATCH,SIMULATED_ABUSE
rr_0007285,False,AUTO_APPROVE,consistent,0.0019793465426276163,AUTO_APPROVE,False,NOT_REQUESTED,NOT_APPLICABLE,NOT_OBSERVED_V1_BATCH,SIMULATED_LEGITIMATE
rr_0007286,False,AUTO_APPROVE,consistent,1e-06,AUTO_APPROVE,False,NOT_REQUESTED,NOT_APPLICABLE,NOT_OBSERVED_V1_BATCH,SIMULATED_LEGITIMATE
rr_0007287,False,VERIFY,consistent,0.010122729367085073,AUTO_APPROVE,False,consistent,LOW,NOT_OBSERVED_V1_BATCH,SIMULATED_LEGITIMATE
rr_0007288,False,AUTO_APPROVE,consistent,1e-06,AUTO_APPROVE,False,NOT_REQUESTED,NOT_APPLICABLE,NOT_OBSERVED_V1_BATCH,SIMULATED_LEGITIMATE
rr_0007289,True,MANUAL_REVIEW,inconsistent,0.999999,MANUAL_REVIEW,True,NOT_REQUESTED,NOT_APPLICABLE,NOT_OBSERVED_V1_BATCH,SIMULATED_ABUSE
rr_0007290,False,AUTO_APPROVE,consistent,1e-06,AUTO_APPROVE,False,NOT_REQUESTED,NOT_APPLICABLE,NOT_OBSERVED_V1_BATCH,SIMULATED_LEGITIMATE
rr_0007291,False,AUTO_APPROVE,consistent,1e-06,AUTO_APPROVE,False,NOT_REQUESTED,NOT_APPLICABLE,NOT_OBSERVED_V1_BATCH,SIMULATED_LEGITIMATE
rr_0007292,False,AUTO_APPROVE,consistent,1e-06,AUTO_APPROVE,False,NOT_REQUESTED,NOT_APPLICABLE,NOT_OBSERVED_V1_BATCH,SIMULATED_LEGITIMATE
rr_0007293,False,AUTO_APPROVE,inconclusive,1.2499996875000778e-06,AUTO_APPROVE,False,NOT_REQUESTED,NOT_APPLICABLE,NOT_OBSERVED_V1_BATCH,SIMULATED_LEGITIMATE
rr_0007294,False,VERIFY,consistent,0.010122729367085073,AUTO_APPROVE,False,consistent,LOW,NOT_OBSERVED_V1_BATCH,SIMULATED_LEGITIMATE
rr_0007295,False,AUTO_APPROVE,consistent,0.0019793465426276163,AUTO_APPROVE,False,NOT_REQUESTED,NOT_APPLICABLE,NOT_OBSERVED_V1_BATCH,SIMULATED_LEGITIMATE
rr_0007296,False,AUTO_APPROVE,consistent,1e-06,AUTO_APPROVE,False,NOT_REQUESTED,NOT_APPLICABLE,NOT_OBSERVED_V1_BATCH,SIMULATED_LEGITIMATE
rr_0007297,False,AUTO_APPROVE,consistent,0.0019793465426276163,AUTO_APPROVE,False,NOT_REQUESTED,NOT_APPLICABLE,NOT_OBSERVED_V1_BATCH,SIMULATED_LEGITIMATE
rr_0007298,False,AUTO_APPROVE,consistent,1e-06,AUTO_APPROVE,False,NOT_REQUESTED,NOT_APPLICABLE,NOT_OBSERVED_V1_BATCH,SIMULATED_LEGITIMATE
rr_0007299,False,VERIFY,consistent,0.010122729367085073,AUTO_APPROVE,False,consistent,LOW,NOT_OBSERVED_V1_BATCH,SIMULATED_LEGITIMATE
rr_0007300,False,AUTO_APPROVE,consistent,0.004432508937619314,AUTO_APPROVE,False,NOT_REQUESTED,NOT_APPLICABLE,NOT_OBSERVED_V1_BATCH,SIMULATED_LEGITIMATE
rr_0007301,False,AUTO_APPROVE,consistent,1e-06,AUTO_APPROVE,False,NOT_REQUESTED,NOT_APPLICABLE,NOT_OBSERVED_V1_BATCH,SIMULATED_LEGITIMATE
rr_0007302,False,AUTO_APPROVE,consistent,1e-06,AUTO_APPROVE,False,NOT_REQUESTED,NOT_APPLICABLE,NOT_OBSERVED_V1_BATCH,SIMULATED_LEGITIMATE
rr_0007303,False,AUTO_APPROVE,consistent,1e-06,AUTO_APPROVE,False,NOT_REQUESTED,NOT_APPLICABLE,NOT_OBSERVED_V1_BATCH,SIMULATED_LEGITIMATE
rr_0007304,False,AUTO_APPROVE,consistent,1e-06,AUTO_APPROVE,False,NOT_REQUESTED,NOT_APPLICABLE,NOT_OBSERVED_V1_BATCH,SIMULATED_LEGITIMATE
rr_0007305,False,AUTO_APPROVE,consistent,1e-06,AUTO_APPROVE,False,NOT_REQUESTED,NOT_APPLICABLE,NOT_OBSERVED_V1_BATCH,SIMULATED_LEGITIMATE
rr_0007306,False,AUTO_APPROVE,inconclusive,1.2499996875000778e-06,AUTO_APPROVE,False,NOT_REQUESTED,NOT_APPLICABLE,NOT_OBSERVED_V1_BATCH,SIMULATED_LEGITIMATE
rr_0007307,False,AUTO_APPROVE,consistent,0.0019793465426276163,AUTO_APPROVE,False,NOT_REQUESTED,NOT_APPLICABLE,NOT_OBSERVED_V1_BATCH,SIMULATED_LEGITIMATE
rr_0007308,False,AUTO_APPROVE,consistent,1e-06,AUTO_APPROVE,False,NOT_REQUESTED,NOT_APPLICABLE,NOT_OBSERVED_V1_BATCH,SIMULATED_LEGITIMATE
rr_0007309,False,AUTO_APPROVE,consistent,1e-06,AUTO_APPROVE,False,NOT_REQUESTED,NOT_APPLICABLE,NOT_OBSERVED_V1_BATCH,SIMULATED_LEGITIMATE
rr_0007310,False,AUTO_APPROVE,consistent,0.004432508937619314,AUTO_APPROVE,False,NOT_REQUESTED,NOT_APPLICABLE,NOT_OBSERVED_V1_BATCH,SIMULATED_LEGITIMATE
rr_0007311,False,AUTO_APPROVE,consistent,0.0019793465426276163,AUTO_APPROVE,False,NOT_REQUESTED,NOT_APPLICABLE,NOT_OBSERVED_V1_BATCH,SIMULATED_LEGITIMATE
rr_0007312,False,AUTO_APPROVE,inconclusive,1.2499996875000778e-06,AUTO_APPROVE,False,NOT_REQUESTED,NOT_APPLICABLE,NOT_OBSERVED_V1_BATCH,SIMULATED_LEGITIMATE
rr_0007313,False,AUTO_APPROVE,consistent,1e-06,AUTO_APPROVE,False,NOT_REQUESTED,NOT_APPLICABLE,NOT_OBSERVED_V1_BATCH,SIMULATED_LEGITIMATE
rr_0007314,False,AUTO_APPROVE,consistent,1e-06,AUTO_APPROVE,False,NOT_REQUESTED,NOT_APPLICABLE,NOT_OBSERVED_V1_BATCH,SIMULATED_LEGITIMATE
rr_0007315,False,AUTO_APPROVE,consistent,1e-06,AUTO_APPROVE,False,NOT_REQUESTED,NOT_APPLICABLE,NOT_OBSERVED_V1_BATCH,SIMULATED_LEGITIMATE
rr_0007316,False,VERIFY,inconclusive,0.1048951048951049,RETURN_FIRST,False,inconclusive,MIDDLE,NOT_OBSERVED_V1_BATCH,SIMULATED_LEGITIMATE
rr_0007317,False,AUTO_APPROVE,consistent,1e-06,AUTO_APPROVE,False,NOT_REQUESTED,NOT_APPLICABLE,NOT_OBSERVED_V1_BATCH,SIMULATED_LEGITIMATE
rr_0007318,False,AUTO_APPROVE,consistent,1e-06,AUTO_APPROVE,False,NOT_REQUESTED,NOT_APPLICABLE,NOT_OBSERVED_V1_BATCH,SIMULATED_LEGITIMATE
rr_0007319,False,VERIFY,consistent,0.02316375335874424,AUTO_APPROVE,False,consistent,LOW,NOT_OBSERVED_V1_BATCH,SIMULATED_LEGITIMATE
rr_0007320,False,AUTO_APPROVE,consistent,0.0019793465426276163,AUTO_APPROVE,False,NOT_REQUESTED,NOT_APPLICABLE,NOT_OBSERVED_V1_BATCH,SIMULATED_LEGITIMATE
rr_0007321,False,VERIFY,consistent,0.015903002651414404,AUTO_APPROVE,False,consistent,LOW,NOT_OBSERVED_V1_BATCH,SIMULATED_LEGITIMATE
rr_0007322,False,AUTO_APPROVE,consistent,0.004432508937619314,AUTO_APPROVE,False,NOT_REQUESTED,NOT_APPLICABLE,NOT_OBSERVED_V1_BATCH,SIMULATED_LEGITIMATE
rr_0007323,False,AUTO_APPROVE,consistent,1e-06,AUTO_APPROVE,False,NOT_REQUESTED,NOT_APPLICABLE,NOT_OBSERVED_V1_BATCH,SIMULATED_LEGITIMATE
rr_0007324,False,AUTO_APPROVE,consistent,1e-06,AUTO_APPROVE,False,NOT_REQUESTED,NOT_APPLICABLE,NOT_OBSERVED_V1_BATCH,SIMULATED_LEGITIMATE
rr_0007325,False,AUTO_APPROVE,inconclusive,1.2499996875000778e-06,AUTO_APPROVE,False,NOT_REQUESTED,NOT_APPLICABLE,NOT_OBSERVED_V1_BATCH,SIMULATED_LEGITIMATE
rr_0007326,False,AUTO_APPROVE,consistent,1e-06,AUTO_APPROVE,False,NOT_REQUESTED,NOT_APPLICABLE,NOT_OBSERVED_V1_BATCH,SIMULATED_LEGITIMATE
rr_0007327,True,VERIFY,inconclusive,0.1048951048951049,RETURN_FIRST,False,inconclusive,MIDDLE,NOT_OBSERVED_V1_BATCH,SIMULATED_ABUSE
rr_0007328,False,AUTO_APPROVE,consistent,1e-06,AUTO_APPROVE,False,NOT_REQUESTED,NOT_APPLICABLE,NOT_OBSERVED_V1_BATCH,SIMULATED_LEGITIMATE
rr_0007329,False,AUTO_APPROVE,consistent,1e-06,AUTO_APPROVE,False,NOT_REQUESTED,NOT_APPLICABLE,NOT_OBSERVED_V1_BATCH,SIMULATED_LEGITIMATE
rr_0007330,False,AUTO_APPROVE,consistent,1e-06,AUTO_APPROVE,False,NOT_REQUESTED,NOT_APPLICABLE,NOT_OBSERVED_V1_BATCH,SIMULATED_LEGITIMATE
rr_0007331,False,AUTO_APPROVE,consistent,1e-06,AUTO_APPROVE,False,NOT_REQUESTED,NOT_APPLICABLE,NOT_OBSERVED_V1_BATCH,SIMULATED_LEGITIMATE
rr_0007332,False,AUTO_APPROVE,consistent,1e-06,AUTO_APPROVE,False,NOT_REQUESTED,NOT_APPLICABLE,NOT_OBSERVED_V1_BATCH,SIMULATED_LEGITIMATE
rr_0007333,False,AUTO_APPROVE,consistent,1e-06,AUTO_APPROVE,False,NOT_REQUESTED,NOT_APPLICABLE,NOT_OBSERVED_V1_BATCH,SIMULATED_LEGITIMATE
rr_0007334,False,VERIFY,consistent,0.015903002651414404,AUTO_APPROVE,False,consistent,LOW,NOT_OBSERVED_V1_BATCH,SIMULATED_LEGITIMATE
rr_0007335,False,AUTO_APPROVE,inconclusive,0.04854368932038835,AUTO_APPROVE,False,NOT_REQUESTED,NOT_APPLICABLE,NOT_OBSERVED_V1_BATCH,SIMULATED_LEGITIMATE
rr_0007336,False,AUTO_APPROVE,consistent,0.0019793465426276163,AUTO_APPROVE,False,NOT_REQUESTED,NOT_APPLICABLE,NOT_OBSERVED_V1_BATCH,SIMULATED_LEGITIMATE
rr_0007337,False,AUTO_APPROVE,consistent,1e-06,AUTO_APPROVE,False,NOT_REQUESTED,NOT_APPLICABLE,NOT_OBSERVED_V1_BATCH,SIMULATED_LEGITIMATE
rr_0007338,False,AUTO_APPROVE,inconsistent,2.2897734911559113e-05,AUTO_APPROVE,False,NOT_REQUESTED,NOT_APPLICABLE,NOT_OBSERVED_V1_BATCH,SIMULATED_LEGITIMATE
rr_0007339,False,AUTO_APPROVE,consistent,1e-06,AUTO_APPROVE,False,NOT_REQUESTED,NOT_APPLICABLE,NOT_OBSERVED_V1_BATCH,SIMULATED_LEGITIMATE
rr_0007340,False,AUTO_APPROVE,consistent,1e-06,AUTO_APPROVE,False,NOT_REQUESTED,NOT_APPLICABLE,NOT_OBSERVED_V1_BATCH,SIMULATED_LEGITIMATE
rr_0007341,False,AUTO_APPROVE,consistent,1e-06,AUTO_APPROVE,False,NOT_REQUESTED,NOT_APPLICABLE,NOT_OBSERVED_V1_BATCH,SIMULATED_LEGITIMATE
rr_0007342,False,AUTO_APPROVE,consistent,1e-06,AUTO_APPROVE,False,NOT_REQUESTED,NOT_APPLICABLE,NOT_OBSERVED_V1_BATCH,SIMULATED_LEGITIMATE
rr_0007343,False,AUTO_APPROVE,consistent,1e-06,AUTO_APPROVE,False,NOT_REQUESTED,NOT_APPLICABLE,NOT_OBSERVED_V1_BATCH,SIMULATED_LEGITIMATE
rr_0007344,False,AUTO_APPROVE,consistent,1e-06,AUTO_APPROVE,False,NOT_REQUESTED,NOT_APPLICABLE,NOT_OBSERVED_V1_BATCH,SIMULATED_LEGITIMATE
rr_0007345,False,AUTO_APPROVE,consistent,0.0019793465426276163,AUTO_APPROVE,False,NOT_REQUESTED,NOT_APPLICABLE,NOT_OBSERVED_V1_BATCH,SIMULATED_LEGITIMATE
rr_0007346,False,AUTO_APPROVE,consistent,0.004432508937619314,AUTO_APPROVE,False,NOT_REQUESTED,NOT_APPLICABLE,NOT_OBSERVED_V1_BATCH,SIMULATED_LEGITIMATE
rr_0007347,False,AUTO_APPROVE,consistent,1e-06,AUTO_APPROVE,False,NOT_REQUESTED,NOT_APPLICABLE,NOT_OBSERVED_V1_BATCH,SIMULATED_LEGITIMATE
rr_0007348,False,AUTO_APPROVE,consistent,1e-06,AUTO_APPROVE,False,NOT_REQUESTED,NOT_APPLICABLE,NOT_OBSERVED_V1_BATCH,SIMULATED_LEGITIMATE
rr_0007349,False,AUTO_APPROVE,consistent,1e-06,AUTO_APPROVE,False,NOT_REQUESTED,NOT_APPLICABLE,NOT_OBSERVED_V1_BATCH,SIMULATED_LEGITIMATE
rr_0007350,False,AUTO_APPROVE,inconclusive,1.2499996875000778e-06,AUTO_APPROVE,False,NOT_REQUESTED,NOT_APPLICABLE,NOT_OBSERVED_V1_BATCH,SIMULATED_LEGITIMATE
rr_0007351,False,AUTO_APPROVE,consistent,0.004432508937619314,AUTO_APPROVE,False,NOT_REQUESTED,NOT_APPLICABLE,NOT_OBSERVED_V1_BATCH,SIMULATED_LEGITIMATE
rr_0007352,False,AUTO_APPROVE,consistent,1e-06,AUTO_APPROVE,False,NOT_REQUESTED,NOT_APPLICABLE,NOT_OBSERVED_V1_BATCH,SIMULATED_LEGITIMATE
rr_0007353,False,AUTO_APPROVE,consistent,0.0019793465426276163,AUTO_APPROVE,False,NOT_REQUESTED,NOT_APPLICABLE,NOT_OBSERVED_V1_BATCH,SIMULATED_LEGITIMATE
rr_0007354,False,AUTO_APPROVE,consistent,1e-06,AUTO_APPROVE,False,NOT_REQUESTED,NOT_APPLICABLE,NOT_OBSERVED_V1_BATCH,SIMULATED_LEGITIMATE
rr_0007355,False,VERIFY,consistent,0.010122729367085073,AUTO_APPROVE,False,consistent,LOW,NOT_OBSERVED_V1_BATCH,SIMULATED_LEGITIMATE
rr_0007356,False,AUTO_APPROVE,consistent,1e-06,AUTO_APPROVE,False,NOT_REQUESTED,NOT_APPLICABLE,NOT_OBSERVED_V1_BATCH,SIMULATED_LEGITIMATE
rr_0007357,False,AUTO_APPROVE,consistent,1e-06,AUTO_APPROVE,False,NOT_REQUESTED,NOT_APPLICABLE,NOT_OBSERVED_V1_BATCH,SIMULATED_LEGITIMATE
rr_0007358,False,VERIFY,consistent,0.015903002651414404,AUTO_APPROVE,False,consistent,LOW,NOT_OBSERVED_V1_BATCH,SIMULATED_LEGITIMATE
rr_0007359,False,AUTO_APPROVE,consistent,1e-06,AUTO_APPROVE,False,NOT_REQUESTED,NOT_APPLICABLE,NOT_OBSERVED_V1_BATCH,SIMULATED_LEGITIMATE
rr_0007360,False,AUTO_APPROVE,consistent,1e-06,AUTO_APPROVE,False,NOT_REQUESTED,NOT_APPLICABLE,NOT_OBSERVED_V1_BATCH,SIMULATED_LEGITIMATE
rr_0007361,False,AUTO_APPROVE,consistent,1e-06,AUTO_APPROVE,False,NOT_REQUESTED,NOT_APPLICABLE,NOT_OBSERVED_V1_BATCH,SIMULATED_LEGITIMATE
rr_0007362,False,AUTO_APPROVE,consistent,1e-06,AUTO_APPROVE,False,NOT_REQUESTED,NOT_APPLICABLE,NOT_OBSERVED_V1_BATCH,SIMULATED_LEGITIMATE
rr_0007363,False,VERIFY,consistent,0.015903002651414404,AUTO_APPROVE,False,consistent,LOW,NOT_OBSERVED_V1_BATCH,SIMULATED_LEGITIMATE
rr_0007364,False,VERIFY,consistent,0.015903002651414404,AUTO_APPROVE,False,consistent,LOW,NOT_OBSERVED_V1_BATCH,SIMULATED_LEGITIMATE
rr_0007365,True,MANUAL_REVIEW,inconclusive,0.999999,MANUAL_REVIEW,True,NOT_REQUESTED,NOT_APPLICABLE,NOT_OBSERVED_V1_BATCH,SIMULATED_ABUSE
rr_0007366,False,AUTO_APPROVE,consistent,1e-06,AUTO_APPROVE,False,NOT_REQUESTED,NOT_APPLICABLE,NOT_OBSERVED_V1_BATCH,SIMULATED_LEGITIMATE
rr_0007367,False,AUTO_APPROVE,consistent,1e-06,AUTO_APPROVE,False,NOT_REQUESTED,NOT_APPLICABLE,NOT_OBSERVED_V1_BATCH,SIMULATED_LEGITIMATE
rr_0007368,False,AUTO_APPROVE,inconclusive,1.2499996875000778e-06,AUTO_APPROVE,False,NOT_REQUESTED,NOT_APPLICABLE,NOT_OBSERVED_V1_BATCH,SIMULATED_LEGITIMATE
rr_0007369,False,AUTO_APPROVE,consistent,0.004432508937619314,AUTO_APPROVE,False,NOT_REQUESTED,NOT_APPLICABLE,NOT_OBSERVED_V1_BATCH,SIMULATED_LEGITIMATE
rr_0007370,False,AUTO_APPROVE,consistent,0.0019793465426276163,AUTO_APPROVE,False,NOT_REQUESTED,NOT_APPLICABLE,NOT_OBSERVED_V1_BATCH,SIMULATED_LEGITIMATE
rr_0007371,True,VERIFY,inconsistent,0.8327165442709169,RETURN_FIRST,False,inconsistent,MIDDLE,NOT_OBSERVED_V1_BATCH,SIMULATED_ABUSE
rr_0007372,False,AUTO_APPROVE,consistent,1e-06,AUTO_APPROVE,False,NOT_REQUESTED,NOT_APPLICABLE,NOT_OBSERVED_V1_BATCH,SIMULATED_LEGITIMATE
rr_0007373,False,AUTO_APPROVE,consistent,1e-06,AUTO_APPROVE,False,NOT_REQUESTED,NOT_APPLICABLE,NOT_OBSERVED_V1_BATCH,SIMULATED_LEGITIMATE
rr_0007374,False,AUTO_APPROVE,consistent,1e-06,AUTO_APPROVE,False,NOT_REQUESTED,NOT_APPLICABLE,NOT_OBSERVED_V1_BATCH,SIMULATED_LEGITIMATE
rr_0007375,True,VERIFY,inconsistent,0.7723304710434816,RETURN_FIRST,False,inconsistent,MIDDLE,NOT_OBSERVED_V1_BATCH,SIMULATED_ABUSE
rr_0007376,False,AUTO_APPROVE,consistent,1e-06,AUTO_APPROVE,False,NOT_REQUESTED,NOT_APPLICABLE,NOT_OBSERVED_V1_BATCH,SIMULATED_LEGITIMATE
rr_0007377,False,AUTO_APPROVE,consistent,1e-06,AUTO_APPROVE,False,NOT_REQUESTED,NOT_APPLICABLE,NOT_OBSERVED_V1_BATCH,SIMULATED_LEGITIMATE
rr_0007378,False,AUTO_APPROVE,consistent,1e-06,AUTO_APPROVE,False,NOT_REQUESTED,NOT_APPLICABLE,NOT_OBSERVED_V1_BATCH,SIMULATED_LEGITIMATE
rr_0007379,False,VERIFY,consistent,0.015903002651414404,AUTO_APPROVE,False,consistent,LOW,NOT_OBSERVED_V1_BATCH,SIMULATED_LEGITIMATE
rr_0007380,False,AUTO_APPROVE,consistent,1e-06,AUTO_APPROVE,False,NOT_REQUESTED,NOT_APPLICABLE,NOT_OBSERVED_V1_BATCH,SIMULATED_LEGITIMATE
rr_0007381,False,AUTO_APPROVE,consistent,0.0019793465426276163,AUTO_APPROVE,False,NOT_REQUESTED,NOT_APPLICABLE,NOT_OBSERVED_V1_BATCH,SIMULATED_LEGITIMATE
rr_0007382,False,AUTO_APPROVE,consistent,0.0019793465426276163,AUTO_APPROVE,False,NOT_REQUESTED,NOT_APPLICABLE,NOT_OBSERVED_V1_BATCH,SIMULATED_LEGITIMATE
rr_0007383,False,AUTO_APPROVE,consistent,1e-06,AUTO_APPROVE,False,NOT_REQUESTED,NOT_APPLICABLE,NOT_OBSERVED_V1_BATCH,SIMULATED_LEGITIMATE
rr_0007384,False,AUTO_APPROVE,consistent,1e-06,AUTO_APPROVE,False,NOT_REQUESTED,NOT_APPLICABLE,NOT_OBSERVED_V1_BATCH,SIMULATED_LEGITIMATE
rr_0007385,False,AUTO_APPROVE,consistent,1e-06,AUTO_APPROVE,False,NOT_REQUESTED,NOT_APPLICABLE,NOT_OBSERVED_V1_BATCH,SIMULATED_LEGITIMATE
rr_0007386,False,AUTO_APPROVE,inconsistent,0.48310313006980515,AUTO_APPROVE,False,NOT_REQUESTED,NOT_APPLICABLE,NOT_OBSERVED_V1_BATCH,SIMULATED_LEGITIMATE
rr_0007387,False,VERIFY,consistent,0.09835176015736281,AUTO_APPROVE,False,consistent,MIDDLE,NOT_OBSERVED_V1_BATCH,SIMULATED_LEGITIMATE
rr_0007388,True,AUTO_APPROVE,consistent,0.004432508937619314,AUTO_APPROVE,False,NOT_REQUESTED,NOT_APPLICABLE,NOT_OBSERVED_V1_BATCH,SIMULATED_ABUSE
rr_0007389,False,AUTO_APPROVE,consistent,1e-06,AUTO_APPROVE,False,NOT_REQUESTED,NOT_APPLICABLE,NOT_OBSERVED_V1_BATCH,SIMULATED_LEGITIMATE
rr_0007390,False,AUTO_APPROVE,consistent,1e-06,AUTO_APPROVE,False,NOT_REQUESTED,NOT_APPLICABLE,NOT_OBSERVED_V1_BATCH,SIMULATED_LEGITIMATE
rr_0007391,False,AUTO_APPROVE,consistent,0.0019793465426276163,AUTO_APPROVE,False,NOT_REQUESTED,NOT_APPLICABLE,NOT_OBSERVED_V1_BATCH,SIMULATED_LEGITIMATE
rr_0007392,False,AUTO_APPROVE,consistent,1e-06,AUTO_APPROVE,False,NOT_REQUESTED,NOT_APPLICABLE,NOT_OBSERVED_V1_BATCH,SIMULATED_LEGITIMATE
rr_0007393,False,VERIFY,consistent,0.02316375335874424,AUTO_APPROVE,False,consistent,LOW,NOT_OBSERVED_V1_BATCH,SIMULATED_LEGITIMATE
rr_0007394,False,AUTO_APPROVE,consistent,1e-06,AUTO_APPROVE,False,NOT_REQUESTED,NOT_APPLICABLE,NOT_OBSERVED_V1_BATCH,SIMULATED_LEGITIMATE
rr_0007395,False,AUTO_APPROVE,consistent,1e-06,AUTO_APPROVE,False,NOT_REQUESTED,NOT_APPLICABLE,NOT_OBSERVED_V1_BATCH,SIMULATED_LEGITIMATE
rr_0007396,False,AUTO_APPROVE,consistent,1e-06,AUTO_APPROVE,False,NOT_REQUESTED,NOT_APPLICABLE,NOT_OBSERVED_V1_BATCH,SIMULATED_LEGITIMATE
rr_0007397,False,VERIFY,consistent,0.015903002651414404,AUTO_APPROVE,False,consistent,LOW,NOT_OBSERVED_V1_BATCH,SIMULATED_LEGITIMATE
rr_0007398,False,AUTO_APPROVE,consistent,1e-06,AUTO_APPROVE,False,NOT_REQUESTED,NOT_APPLICABLE,NOT_OBSERVED_V1_BATCH,SIMULATED_LEGITIMATE
rr_0007399,False,AUTO_APPROVE,consistent,0.0019793465426276163,AUTO_APPROVE,False,NOT_REQUESTED,NOT_APPLICABLE,NOT_OBSERVED_V1_BATCH,SIMULATED_LEGITIMATE
rr_0007400,False,AUTO_APPROVE,inconclusive,0.04854368932038835,AUTO_APPROVE,False,NOT_REQUESTED,NOT_APPLICABLE,NOT_OBSERVED_V1_BATCH,SIMULATED_LEGITIMATE
rr_0007401,False,AUTO_APPROVE,consistent,1e-06,AUTO_APPROVE,False,NOT_REQUESTED,NOT_APPLICABLE,NOT_OBSERVED_V1_BATCH,SIMULATED_LEGITIMATE
rr_0007402,False,AUTO_APPROVE,consistent,1e-06,AUTO_APPROVE,False,NOT_REQUESTED,NOT_APPLICABLE,NOT_OBSERVED_V1_BATCH,SIMULATED_LEGITIMATE
rr_0007403,True,MANUAL_REVIEW,inconsistent,0.999999,MANUAL_REVIEW,True,NOT_REQUESTED,NOT_APPLICABLE,NOT_OBSERVED_V1_BATCH,SIMULATED_ABUSE
rr_0007404,False,AUTO_APPROVE,consistent,1e-06,AUTO_APPROVE,False,NOT_REQUESTED,NOT_APPLICABLE,NOT_OBSERVED_V1_BATCH,SIMULATED_LEGITIMATE
rr_0007405,False,AUTO_APPROVE,consistent,1e-06,AUTO_APPROVE,False,NOT_REQUESTED,NOT_APPLICABLE,NOT_OBSERVED_V1_BATCH,SIMULATED_LEGITIMATE
rr_0007406,False,AUTO_APPROVE,consistent,0.0019793465426276163,AUTO_APPROVE,False,NOT_REQUESTED,NOT_APPLICABLE,NOT_OBSERVED_V1_BATCH,SIMULATED_LEGITIMATE
rr_0007407,False,AUTO_APPROVE,consistent,0.0019793465426276163,AUTO_APPROVE,False,NOT_REQUESTED,NOT_APPLICABLE,NOT_OBSERVED_V1_BATCH,SIMULATED_LEGITIMATE
rr_0007408,False,AUTO_APPROVE,consistent,1e-06,AUTO_APPROVE,False,NOT_REQUESTED,NOT_APPLICABLE,NOT_OBSERVED_V1_BATCH,SIMULATED_LEGITIMATE
rr_0007409,True,MANUAL_REVIEW,inconsistent,0.999999,MANUAL_REVIEW,True,NOT_REQUESTED,NOT_APPLICABLE,NOT_OBSERVED_V1_BATCH,SIMULATED_ABUSE
rr_0007410,False,AUTO_APPROVE,consistent,1e-06,AUTO_APPROVE,False,NOT_REQUESTED,NOT_APPLICABLE,NOT_OBSERVED_V1_BATCH,SIMULATED_LEGITIMATE
rr_0007411,False,AUTO_APPROVE,consistent,0.0019793465426276163,AUTO_APPROVE,False,NOT_REQUESTED,NOT_APPLICABLE,NOT_OBSERVED_V1_BATCH,SIMULATED_LEGITIMATE
rr_0007412,False,AUTO_APPROVE,consistent,1e-06,AUTO_APPROVE,False,NOT_REQUESTED,NOT_APPLICABLE,NOT_OBSERVED_V1_BATCH,SIMULATED_LEGITIMATE
rr_0007413,False,AUTO_APPROVE,consistent,0.004432508937619314,AUTO_APPROVE,False,NOT_REQUESTED,NOT_APPLICABLE,NOT_OBSERVED_V1_BATCH,SIMULATED_LEGITIMATE
rr_0007414,True,MANUAL_REVIEW,inconsistent,0.999999,MANUAL_REVIEW,True,NOT_REQUESTED,NOT_APPLICABLE,NOT_OBSERVED_V1_BATCH,SIMULATED_ABUSE
rr_0007415,False,AUTO_APPROVE,consistent,1e-06,AUTO_APPROVE,False,NOT_REQUESTED,NOT_APPLICABLE,NOT_OBSERVED_V1_BATCH,SIMULATED_LEGITIMATE
rr_0007416,False,AUTO_APPROVE,consistent,1e-06,AUTO_APPROVE,False,NOT_REQUESTED,NOT_APPLICABLE,NOT_OBSERVED_V1_BATCH,SIMULATED_LEGITIMATE
rr_0007417,False,AUTO_APPROVE,consistent,1e-06,AUTO_APPROVE,False,NOT_REQUESTED,NOT_APPLICABLE,NOT_OBSERVED_V1_BATCH,SIMULATED_LEGITIMATE
rr_0007418,False,AUTO_APPROVE,consistent,1e-06,AUTO_APPROVE,False,NOT_REQUESTED,NOT_APPLICABLE,NOT_OBSERVED_V1_BATCH,SIMULATED_LEGITIMATE
rr_0007419,False,AUTO_APPROVE,consistent,1e-06,AUTO_APPROVE,False,NOT_REQUESTED,NOT_APPLICABLE,NOT_OBSERVED_V1_BATCH,SIMULATED_LEGITIMATE
rr_0007420,False,AUTO_APPROVE,consistent,0.0019793465426276163,AUTO_APPROVE,False,NOT_REQUESTED,NOT_APPLICABLE,NOT_OBSERVED_V1_BATCH,SIMULATED_LEGITIMATE
rr_0007421,False,AUTO_APPROVE,consistent,0.004432508937619314,AUTO_APPROVE,False,NOT_REQUESTED,NOT_APPLICABLE,NOT_OBSERVED_V1_BATCH,SIMULATED_LEGITIMATE
rr_0007422,True,VERIFY,inconsistent,0.958155907987277,RETURN_FIRST,False,inconsistent,MIDDLE,NOT_OBSERVED_V1_BATCH,SIMULATED_ABUSE
rr_0007423,True,MANUAL_REVIEW,inconsistent,0.999999,MANUAL_REVIEW,False,NOT_REQUESTED,NOT_APPLICABLE,NOT_OBSERVED_V1_BATCH,SIMULATED_ABUSE
rr_0007424,False,AUTO_APPROVE,consistent,1e-06,AUTO_APPROVE,False,NOT_REQUESTED,NOT_APPLICABLE,NOT_OBSERVED_V1_BATCH,SIMULATED_LEGITIMATE
rr_0007425,False,AUTO_APPROVE,consistent,1e-06,AUTO_APPROVE,False,NOT_REQUESTED,NOT_APPLICABLE,NOT_OBSERVED_V1_BATCH,SIMULATED_LEGITIMATE
rr_0007426,False,VERIFY,consistent,0.02316375335874424,AUTO_APPROVE,False,consistent,LOW,NOT_OBSERVED_V1_BATCH,SIMULATED_LEGITIMATE
rr_0007427,False,AUTO_APPROVE,consistent,1e-06,AUTO_APPROVE,False,NOT_REQUESTED,NOT_APPLICABLE,NOT_OBSERVED_V1_BATCH,SIMULATED_LEGITIMATE
rr_0007428,False,AUTO_APPROVE,consistent,1e-06,AUTO_APPROVE,False,NOT_REQUESTED,NOT_APPLICABLE,NOT_OBSERVED_V1_BATCH,SIMULATED_LEGITIMATE
rr_0007429,False,AUTO_APPROVE,consistent,1e-06,AUTO_APPROVE,False,NOT_REQUESTED,NOT_APPLICABLE,NOT_OBSERVED_V1_BATCH,SIMULATED_LEGITIMATE
rr_0007430,False,AUTO_APPROVE,consistent,0.0019793465426276163,AUTO_APPROVE,False,NOT_REQUESTED,NOT_APPLICABLE,NOT_OBSERVED_V1_BATCH,SIMULATED_LEGITIMATE
rr_0007431,False,AUTO_APPROVE,inconclusive,1.2499996875000778e-06,AUTO_APPROVE,False,NOT_REQUESTED,NOT_APPLICABLE,NOT_OBSERVED_V1_BATCH,SIMULATED_LEGITIMATE
rr_0007432,False,AUTO_APPROVE,consistent,1e-06,AUTO_APPROVE,False,NOT_REQUESTED,NOT_APPLICABLE,NOT_OBSERVED_V1_BATCH,SIMULATED_LEGITIMATE
rr_0007433,False,AUTO_APPROVE,consistent,1e-06,AUTO_APPROVE,False,NOT_REQUESTED,NOT_APPLICABLE,NOT_OBSERVED_V1_BATCH,SIMULATED_LEGITIMATE
rr_0007434,False,AUTO_APPROVE,consistent,0.0019793465426276163,AUTO_APPROVE,False,NOT_REQUESTED,NOT_APPLICABLE,NOT_OBSERVED_V1_BATCH,SIMULATED_LEGITIMATE
rr_0007435,False,AUTO_APPROVE,consistent,1e-06,AUTO_APPROVE,False,NOT_REQUESTED,NOT_APPLICABLE,NOT_OBSERVED_V1_BATCH,SIMULATED_LEGITIMATE
rr_0007436,False,AUTO_APPROVE,consistent,1e-06,AUTO_APPROVE,False,NOT_REQUESTED,NOT_APPLICABLE,NOT_OBSERVED_V1_BATCH,SIMULATED_LEGITIMATE
rr_0007437,False,AUTO_APPROVE,consistent,0.0019793465426276163,AUTO_APPROVE,False,NOT_REQUESTED,NOT_APPLICABLE,NOT_OBSERVED_V1_BATCH,SIMULATED_LEGITIMATE
rr_0007438,False,AUTO_APPROVE,inconclusive,0.038364021691907196,AUTO_APPROVE,False,NOT_REQUESTED,NOT_APPLICABLE,NOT_OBSERVED_V1_BATCH,SIMULATED_LEGITIMATE
rr_0007439,False,AUTO_APPROVE,consistent,1e-06,AUTO_APPROVE,False,NOT_REQUESTED,NOT_APPLICABLE,NOT_OBSERVED_V1_BATCH,SIMULATED_LEGITIMATE
rr_0007440,False,AUTO_APPROVE,consistent,0.0019793465426276163,AUTO_APPROVE,False,NOT_REQUESTED,NOT_APPLICABLE,NOT_OBSERVED_V1_BATCH,SIMULATED_LEGITIMATE
rr_0007441,False,AUTO_APPROVE,consistent,0.0019793465426276163,AUTO_APPROVE,False,NOT_REQUESTED,NOT_APPLICABLE,NOT_OBSERVED_V1_BATCH,SIMULATED_LEGITIMATE
rr_0007442,False,AUTO_APPROVE,consistent,1e-06,AUTO_APPROVE,False,NOT_REQUESTED,NOT_APPLICABLE,NOT_OBSERVED_V1_BATCH,SIMULATED_LEGITIMATE
rr_0007443,False,AUTO_APPROVE,consistent,0.0019793465426276163,AUTO_APPROVE,False,NOT_REQUESTED,NOT_APPLICABLE,NOT_OBSERVED_V1_BATCH,SIMULATED_LEGITIMATE
rr_0007444,False,VERIFY,consistent,0.09835176015736281,AUTO_APPROVE,False,consistent,MIDDLE,NOT_OBSERVED_V1_BATCH,SIMULATED_LEGITIMATE
rr_0007445,False,AUTO_APPROVE,consistent,0.004432508937619314,AUTO_APPROVE,False,NOT_REQUESTED,NOT_APPLICABLE,NOT_OBSERVED_V1_BATCH,SIMULATED_LEGITIMATE
rr_0007446,True,MANUAL_REVIEW,inconsistent,0.999999,MANUAL_REVIEW,False,NOT_REQUESTED,NOT_APPLICABLE,NOT_OBSERVED_V1_BATCH,SIMULATED_ABUSE
rr_0007447,False,AUTO_APPROVE,consistent,1e-06,AUTO_APPROVE,False,NOT_REQUESTED,NOT_APPLICABLE,NOT_OBSERVED_V1_BATCH,SIMULATED_LEGITIMATE
rr_0007448,False,AUTO_APPROVE,consistent,1e-06,AUTO_APPROVE,False,NOT_REQUESTED,NOT_APPLICABLE,NOT_OBSERVED_V1_BATCH,SIMULATED_LEGITIMATE
rr_0007449,False,AUTO_APPROVE,consistent,1e-06,AUTO_APPROVE,False,NOT_REQUESTED,NOT_APPLICABLE,NOT_OBSERVED_V1_BATCH,SIMULATED_LEGITIMATE
rr_0007450,False,AUTO_APPROVE,inconclusive,1.2499996875000778e-06,AUTO_APPROVE,False,NOT_REQUESTED,NOT_APPLICABLE,NOT_OBSERVED_V1_BATCH,SIMULATED_LEGITIMATE
rr_0007451,False,VERIFY,consistent,0.02316375335874424,AUTO_APPROVE,False,consistent,LOW,NOT_OBSERVED_V1_BATCH,SIMULATED_LEGITIMATE
rr_0007452,False,AUTO_APPROVE,consistent,1e-06,AUTO_APPROVE,False,NOT_REQUESTED,NOT_APPLICABLE,NOT_OBSERVED_V1_BATCH,SIMULATED_LEGITIMATE
rr_0007453,False,AUTO_APPROVE,consistent,1e-06,AUTO_APPROVE,False,NOT_REQUESTED,NOT_APPLICABLE,NOT_OBSERVED_V1_BATCH,SIMULATED_LEGITIMATE
rr_0007454,False,AUTO_APPROVE,consistent,1e-06,AUTO_APPROVE,False,NOT_REQUESTED,NOT_APPLICABLE,NOT_OBSERVED_V1_BATCH,SIMULATED_LEGITIMATE
rr_0007455,False,AUTO_APPROVE,consistent,0.0019793465426276163,AUTO_APPROVE,False,NOT_REQUESTED,NOT_APPLICABLE,NOT_OBSERVED_V1_BATCH,SIMULATED_LEGITIMATE
rr_0007456,False,VERIFY,consistent,0.015903002651414404,AUTO_APPROVE,False,consistent,LOW,NOT_OBSERVED_V1_BATCH,SIMULATED_LEGITIMATE
rr_0007457,False,AUTO_APPROVE,consistent,1e-06,AUTO_APPROVE,False,NOT_REQUESTED,NOT_APPLICABLE,NOT_OBSERVED_V1_BATCH,SIMULATED_LEGITIMATE
rr_0007458,True,MANUAL_REVIEW,inconsistent,0.999999,MANUAL_REVIEW,True,NOT_REQUESTED,NOT_APPLICABLE,NOT_OBSERVED_V1_BATCH,SIMULATED_ABUSE
rr_0007459,False,AUTO_APPROVE,consistent,1e-06,AUTO_APPROVE,False,NOT_REQUESTED,NOT_APPLICABLE,NOT_OBSERVED_V1_BATCH,SIMULATED_LEGITIMATE
rr_0007460,False,AUTO_APPROVE,consistent,1e-06,AUTO_APPROVE,False,NOT_REQUESTED,NOT_APPLICABLE,NOT_OBSERVED_V1_BATCH,SIMULATED_LEGITIMATE
rr_0007461,False,AUTO_APPROVE,inconsistent,2.2897734911559113e-05,AUTO_APPROVE,False,NOT_REQUESTED,NOT_APPLICABLE,NOT_OBSERVED_V1_BATCH,SIMULATED_LEGITIMATE
rr_0007462,False,AUTO_APPROVE,consistent,0.0019793465426276163,AUTO_APPROVE,False,NOT_REQUESTED,NOT_APPLICABLE,NOT_OBSERVED_V1_BATCH,SIMULATED_LEGITIMATE
rr_0007463,False,AUTO_APPROVE,consistent,1e-06,AUTO_APPROVE,False,NOT_REQUESTED,NOT_APPLICABLE,NOT_OBSERVED_V1_BATCH,SIMULATED_LEGITIMATE
rr_0007464,False,AUTO_APPROVE,consistent,1e-06,AUTO_APPROVE,False,NOT_REQUESTED,NOT_APPLICABLE,NOT_OBSERVED_V1_BATCH,SIMULATED_LEGITIMATE
rr_0007465,True,MANUAL_REVIEW,inconsistent,0.999999,MANUAL_REVIEW,True,NOT_REQUESTED,NOT_APPLICABLE,NOT_OBSERVED_V1_BATCH,SIMULATED_ABUSE
rr_0007466,False,AUTO_APPROVE,consistent,1e-06,AUTO_APPROVE,False,NOT_REQUESTED,NOT_APPLICABLE,NOT_OBSERVED_V1_BATCH,SIMULATED_LEGITIMATE
rr_0007467,False,AUTO_APPROVE,consistent,1e-06,AUTO_APPROVE,False,NOT_REQUESTED,NOT_APPLICABLE,NOT_OBSERVED_V1_BATCH,SIMULATED_LEGITIMATE
rr_0007468,False,AUTO_APPROVE,consistent,1e-06,AUTO_APPROVE,False,NOT_REQUESTED,NOT_APPLICABLE,NOT_OBSERVED_V1_BATCH,SIMULATED_LEGITIMATE
rr_0007469,False,AUTO_APPROVE,consistent,0.0019793465426276163,AUTO_APPROVE,False,NOT_REQUESTED,NOT_APPLICABLE,NOT_OBSERVED_V1_BATCH,SIMULATED_LEGITIMATE
rr_0007470,False,AUTO_APPROVE,consistent,1e-06,AUTO_APPROVE,False,NOT_REQUESTED,NOT_APPLICABLE,NOT_OBSERVED_V1_BATCH,SIMULATED_LEGITIMATE
rr_0007471,False,AUTO_APPROVE,consistent,0.0019793465426276163,AUTO_APPROVE,False,NOT_REQUESTED,NOT_APPLICABLE,NOT_OBSERVED_V1_BATCH,SIMULATED_LEGITIMATE
rr_0007472,True,MANUAL_REVIEW,inconclusive,0.999999,MANUAL_REVIEW,True,NOT_REQUESTED,NOT_APPLICABLE,NOT_OBSERVED_V1_BATCH,SIMULATED_ABUSE
rr_0007473,False,AUTO_APPROVE,consistent,1e-06,AUTO_APPROVE,False,NOT_REQUESTED,NOT_APPLICABLE,NOT_OBSERVED_V1_BATCH,SIMULATED_LEGITIMATE
rr_0007474,False,AUTO_APPROVE,inconsistent,2.2897734911559113e-05,AUTO_APPROVE,False,NOT_REQUESTED,NOT_APPLICABLE,NOT_OBSERVED_V1_BATCH,SIMULATED_LEGITIMATE
rr_0007475,False,AUTO_APPROVE,consistent,1e-06,AUTO_APPROVE,False,NOT_REQUESTED,NOT_APPLICABLE,NOT_OBSERVED_V1_BATCH,SIMULATED_LEGITIMATE
rr_0007476,False,AUTO_APPROVE,consistent,1e-06,AUTO_APPROVE,False,NOT_REQUESTED,NOT_APPLICABLE,NOT_OBSERVED_V1_BATCH,SIMULATED_LEGITIMATE
rr_0007477,False,VERIFY,consistent,0.015903002651414404,AUTO_APPROVE,False,consistent,LOW,NOT_OBSERVED_V1_BATCH,SIMULATED_LEGITIMATE
rr_0007478,False,AUTO_APPROVE,consistent,1e-06,AUTO_APPROVE,False,NOT_REQUESTED,NOT_APPLICABLE,NOT_OBSERVED_V1_BATCH,SIMULATED_LEGITIMATE
rr_0007479,False,AUTO_APPROVE,inconsistent,2.2897734911559113e-05,AUTO_APPROVE,False,NOT_REQUESTED,NOT_APPLICABLE,NOT_OBSERVED_V1_BATCH,SIMULATED_LEGITIMATE
rr_0007480,True,MANUAL_REVIEW,inconsistent,0.999999,MANUAL_REVIEW,True,NOT_REQUESTED,NOT_APPLICABLE,NOT_OBSERVED_V1_BATCH,SIMULATED_ABUSE
rr_0007481,False,AUTO_APPROVE,consistent,1e-06,AUTO_APPROVE,False,NOT_REQUESTED,NOT_APPLICABLE,NOT_OBSERVED_V1_BATCH,SIMULATED_LEGITIMATE
rr_0007482,False,AUTO_APPROVE,consistent,0.0019793465426276163,AUTO_APPROVE,False,NOT_REQUESTED,NOT_APPLICABLE,NOT_OBSERVED_V1_BATCH,SIMULATED_LEGITIMATE
rr_0007483,False,AUTO_APPROVE,consistent,1e-06,AUTO_APPROVE,False,NOT_REQUESTED,NOT_APPLICABLE,NOT_OBSERVED_V1_BATCH,SIMULATED_LEGITIMATE
rr_0007484,False,AUTO_APPROVE,consistent,1e-06,AUTO_APPROVE,False,NOT_REQUESTED,NOT_APPLICABLE,NOT_OBSERVED_V1_BATCH,SIMULATED_LEGITIMATE
rr_0007485,False,AUTO_APPROVE,consistent,1e-06,AUTO_APPROVE,False,NOT_REQUESTED,NOT_APPLICABLE,NOT_OBSERVED_V1_BATCH,SIMULATED_LEGITIMATE
rr_0007486,False,AUTO_APPROVE,consistent,1e-06,AUTO_APPROVE,False,NOT_REQUESTED,NOT_APPLICABLE,NOT_OBSERVED_V1_BATCH,SIMULATED_LEGITIMATE
rr_0007487,False,AUTO_APPROVE,inconclusive,1.2499996875000778e-06,AUTO_APPROVE,False,NOT_REQUESTED,NOT_APPLICABLE,NOT_OBSERVED_V1_BATCH,SIMULATED_LEGITIMATE
rr_0007488,False,AUTO_APPROVE,consistent,1e-06,AUTO_APPROVE,False,NOT_REQUESTED,NOT_APPLICABLE,NOT_OBSERVED_V1_BATCH,SIMULATED_LEGITIMATE
rr_0007489,True,VERIFY,inconsistent,0.8327165442709169,RETURN_FIRST,False,inconsistent,MIDDLE,NOT_OBSERVED_V1_BATCH,SIMULATED_ABUSE
rr_0007490,False,AUTO_APPROVE,consistent,1e-06,AUTO_APPROVE,False,NOT_REQUESTED,NOT_APPLICABLE,NOT_OBSERVED_V1_BATCH,SIMULATED_LEGITIMATE
rr_0007491,False,AUTO_APPROVE,consistent,1e-06,AUTO_APPROVE,False,NOT_REQUESTED,NOT_APPLICABLE,NOT_OBSERVED_V1_BATCH,SIMULATED_LEGITIMATE
rr_0007492,False,AUTO_APPROVE,consistent,0.0019793465426276163,AUTO_APPROVE,False,NOT_REQUESTED,NOT_APPLICABLE,NOT_OBSERVED_V1_BATCH,SIMULATED_LEGITIMATE
rr_0007493,False,VERIFY,consistent,0.015903002651414404,AUTO_APPROVE,False,consistent,LOW,NOT_OBSERVED_V1_BATCH,SIMULATED_LEGITIMATE
rr_0007494,True,VERIFY,inconsistent,0.7723304710434816,RETURN_FIRST,False,inconsistent,MIDDLE,NOT_OBSERVED_V1_BATCH,SIMULATED_ABUSE
rr_0007495,False,AUTO_APPROVE,consistent,1e-06,AUTO_APPROVE,False,NOT_REQUESTED,NOT_APPLICABLE,NOT_OBSERVED_V1_BATCH,SIMULATED_LEGITIMATE
rr_0007496,False,AUTO_APPROVE,consistent,1e-06,AUTO_APPROVE,False,NOT_REQUESTED,NOT_APPLICABLE,NOT_OBSERVED_V1_BATCH,SIMULATED_LEGITIMATE
rr_0007497,False,AUTO_APPROVE,consistent,1e-06,AUTO_APPROVE,False,NOT_REQUESTED,NOT_APPLICABLE,NOT_OBSERVED_V1_BATCH,SIMULATED_LEGITIMATE
rr_0007498,False,AUTO_APPROVE,consistent,1e-06,AUTO_APPROVE,False,NOT_REQUESTED,NOT_APPLICABLE,NOT_OBSERVED_V1_BATCH,SIMULATED_LEGITIMATE
rr_0007499,False,AUTO_APPROVE,consistent,0.0019793465426276163,AUTO_APPROVE,False,NOT_REQUESTED,NOT_APPLICABLE,NOT_OBSERVED_V1_BATCH,SIMULATED_LEGITIMATE
rr_0007500,False,AUTO_APPROVE,inconclusive,1.2499996875000778e-06,AUTO_APPROVE,False,NOT_REQUESTED,NOT_APPLICABLE,NOT_OBSERVED_V1_BATCH,SIMULATED_LEGITIMATE
rr_0007501,False,AUTO_APPROVE,consistent,1e-06,AUTO_APPROVE,False,NOT_REQUESTED,NOT_APPLICABLE,NOT_OBSERVED_V1_BATCH,SIMULATED_LEGITIMATE
rr_0007502,False,AUTO_APPROVE,inconsistent,2.2897734911559113e-05,AUTO_APPROVE,False,NOT_REQUESTED,NOT_APPLICABLE,NOT_OBSERVED_V1_BATCH,SIMULATED_LEGITIMATE
rr_0007503,False,AUTO_APPROVE,consistent,1e-06,AUTO_APPROVE,False,NOT_REQUESTED,NOT_APPLICABLE,NOT_OBSERVED_V1_BATCH,SIMULATED_LEGITIMATE
rr_0007504,True,MANUAL_REVIEW,inconsistent,0.999999,MANUAL_REVIEW,False,NOT_REQUESTED,NOT_APPLICABLE,NOT_OBSERVED_V1_BATCH,SIMULATED_ABUSE
rr_0007505,False,AUTO_APPROVE,consistent,1e-06,AUTO_APPROVE,False,NOT_REQUESTED,NOT_APPLICABLE,NOT_OBSERVED_V1_BATCH,SIMULATED_LEGITIMATE
rr_0007506,False,AUTO_APPROVE,consistent,1e-06,AUTO_APPROVE,False,NOT_REQUESTED,NOT_APPLICABLE,NOT_OBSERVED_V1_BATCH,SIMULATED_LEGITIMATE
rr_0007507,False,AUTO_APPROVE,consistent,1e-06,AUTO_APPROVE,False,NOT_REQUESTED,NOT_APPLICABLE,NOT_OBSERVED_V1_BATCH,SIMULATED_LEGITIMATE
rr_0007508,False,AUTO_APPROVE,inconclusive,1.2499996875000778e-06,AUTO_APPROVE,False,NOT_REQUESTED,NOT_APPLICABLE,NOT_OBSERVED_V1_BATCH,SIMULATED_LEGITIMATE
rr_0007509,False,MANUAL_REVIEW,consistent,0.9999908324886693,MANUAL_REVIEW,False,NOT_REQUESTED,NOT_APPLICABLE,NOT_OBSERVED_V1_BATCH,SIMULATED_LEGITIMATE
rr_0007510,False,AUTO_APPROVE,consistent,0.0019793465426276163,AUTO_APPROVE,False,NOT_REQUESTED,NOT_APPLICABLE,NOT_OBSERVED_V1_BATCH,SIMULATED_LEGITIMATE
rr_0007511,False,AUTO_APPROVE,consistent,0.0019793465426276163,AUTO_APPROVE,False,NOT_REQUESTED,NOT_APPLICABLE,NOT_OBSERVED_V1_BATCH,SIMULATED_LEGITIMATE
rr_0007512,True,VERIFY,inconsistent,0.6822077314739403,RETURN_FIRST,False,inconsistent,MIDDLE,NOT_OBSERVED_V1_BATCH,SIMULATED_ABUSE
rr_0007513,False,AUTO_APPROVE,inconclusive,1.2499996875000778e-06,AUTO_APPROVE,False,NOT_REQUESTED,NOT_APPLICABLE,NOT_OBSERVED_V1_BATCH,SIMULATED_LEGITIMATE
rr_0007514,False,AUTO_APPROVE,consistent,1e-06,AUTO_APPROVE,False,NOT_REQUESTED,NOT_APPLICABLE,NOT_OBSERVED_V1_BATCH,SIMULATED_LEGITIMATE
rr_0007515,False,AUTO_APPROVE,consistent,1e-06,AUTO_APPROVE,False,NOT_REQUESTED,NOT_APPLICABLE,NOT_OBSERVED_V1_BATCH,SIMULATED_LEGITIMATE
rr_0007516,False,AUTO_APPROVE,consistent,1e-06,AUTO_APPROVE,False,NOT_REQUESTED,NOT_APPLICABLE,NOT_OBSERVED_V1_BATCH,SIMULATED_LEGITIMATE
rr_0007517,True,MANUAL_REVIEW,inconsistent,0.999999,MANUAL_REVIEW,True,NOT_REQUESTED,NOT_APPLICABLE,NOT_OBSERVED_V1_BATCH,SIMULATED_ABUSE
rr_0007518,False,AUTO_APPROVE,consistent,1e-06,AUTO_APPROVE,False,NOT_REQUESTED,NOT_APPLICABLE,NOT_OBSERVED_V1_BATCH,SIMULATED_LEGITIMATE
rr_0007519,False,AUTO_APPROVE,consistent,1e-06,AUTO_APPROVE,False,NOT_REQUESTED,NOT_APPLICABLE,NOT_OBSERVED_V1_BATCH,SIMULATED_LEGITIMATE
rr_0007520,False,AUTO_APPROVE,consistent,1e-06,AUTO_APPROVE,False,NOT_REQUESTED,NOT_APPLICABLE,NOT_OBSERVED_V1_BATCH,SIMULATED_LEGITIMATE
rr_0007521,False,AUTO_APPROVE,consistent,1e-06,AUTO_APPROVE,False,NOT_REQUESTED,NOT_APPLICABLE,NOT_OBSERVED_V1_BATCH,SIMULATED_LEGITIMATE
rr_0007522,False,AUTO_APPROVE,consistent,1e-06,AUTO_APPROVE,False,NOT_REQUESTED,NOT_APPLICABLE,NOT_OBSERVED_V1_BATCH,SIMULATED_LEGITIMATE
rr_0007523,False,AUTO_APPROVE,consistent,1e-06,AUTO_APPROVE,False,NOT_REQUESTED,NOT_APPLICABLE,NOT_OBSERVED_V1_BATCH,SIMULATED_LEGITIMATE
rr_0007524,False,AUTO_APPROVE,consistent,1e-06,AUTO_APPROVE,False,NOT_REQUESTED,NOT_APPLICABLE,NOT_OBSERVED_V1_BATCH,SIMULATED_LEGITIMATE
rr_0007525,False,AUTO_APPROVE,consistent,1e-06,AUTO_APPROVE,False,NOT_REQUESTED,NOT_APPLICABLE,NOT_OBSERVED_V1_BATCH,SIMULATED_LEGITIMATE
rr_0007526,False,AUTO_APPROVE,consistent,0.0019793465426276163,AUTO_APPROVE,False,NOT_REQUESTED,NOT_APPLICABLE,NOT_OBSERVED_V1_BATCH,SIMULATED_LEGITIMATE
rr_0007527,False,AUTO_APPROVE,consistent,1e-06,AUTO_APPROVE,False,NOT_REQUESTED,NOT_APPLICABLE,NOT_OBSERVED_V1_BATCH,SIMULATED_LEGITIMATE
rr_0007528,False,AUTO_APPROVE,consistent,1e-06,AUTO_APPROVE,False,NOT_REQUESTED,NOT_APPLICABLE,NOT_OBSERVED_V1_BATCH,SIMULATED_LEGITIMATE
rr_0007529,False,AUTO_APPROVE,consistent,1e-06,AUTO_APPROVE,False,NOT_REQUESTED,NOT_APPLICABLE,NOT_OBSERVED_V1_BATCH,SIMULATED_LEGITIMATE
rr_0007530,False,AUTO_APPROVE,consistent,1e-06,AUTO_APPROVE,False,NOT_REQUESTED,NOT_APPLICABLE,NOT_OBSERVED_V1_BATCH,SIMULATED_LEGITIMATE
rr_0007531,False,AUTO_APPROVE,consistent,0.0019793465426276163,AUTO_APPROVE,False,NOT_REQUESTED,NOT_APPLICABLE,NOT_OBSERVED_V1_BATCH,SIMULATED_LEGITIMATE
rr_0007532,False,VERIFY,consistent,0.010122729367085073,AUTO_APPROVE,False,consistent,LOW,NOT_OBSERVED_V1_BATCH,SIMULATED_LEGITIMATE
rr_0007533,False,AUTO_APPROVE,consistent,1e-06,AUTO_APPROVE,False,NOT_REQUESTED,NOT_APPLICABLE,NOT_OBSERVED_V1_BATCH,SIMULATED_LEGITIMATE
rr_0007534,False,AUTO_APPROVE,consistent,1e-06,AUTO_APPROVE,False,NOT_REQUESTED,NOT_APPLICABLE,NOT_OBSERVED_V1_BATCH,SIMULATED_LEGITIMATE
rr_0007535,False,AUTO_APPROVE,consistent,0.0019793465426276163,AUTO_APPROVE,False,NOT_REQUESTED,NOT_APPLICABLE,NOT_OBSERVED_V1_BATCH,SIMULATED_LEGITIMATE
rr_0007536,False,AUTO_APPROVE,consistent,1e-06,AUTO_APPROVE,False,NOT_REQUESTED,NOT_APPLICABLE,NOT_OBSERVED_V1_BATCH,SIMULATED_LEGITIMATE
rr_0007537,False,VERIFY,consistent,0.010122729367085073,AUTO_APPROVE,False,consistent,LOW,NOT_OBSERVED_V1_BATCH,SIMULATED_LEGITIMATE
rr_0007538,False,AUTO_APPROVE,consistent,0.0019793465426276163,AUTO_APPROVE,False,NOT_REQUESTED,NOT_APPLICABLE,NOT_OBSERVED_V1_BATCH,SIMULATED_LEGITIMATE
rr_0007539,False,AUTO_APPROVE,consistent,1e-06,AUTO_APPROVE,False,NOT_REQUESTED,NOT_APPLICABLE,NOT_OBSERVED_V1_BATCH,SIMULATED_LEGITIMATE
rr_0007540,False,AUTO_APPROVE,consistent,0.0019793465426276163,AUTO_APPROVE,False,NOT_REQUESTED,NOT_APPLICABLE,NOT_OBSERVED_V1_BATCH,SIMULATED_LEGITIMATE
rr_0007541,True,MANUAL_REVIEW,inconsistent,0.999999,MANUAL_REVIEW,True,NOT_REQUESTED,NOT_APPLICABLE,NOT_OBSERVED_V1_BATCH,SIMULATED_ABUSE
rr_0007542,False,AUTO_APPROVE,consistent,1e-06,AUTO_APPROVE,False,NOT_REQUESTED,NOT_APPLICABLE,NOT_OBSERVED_V1_BATCH,SIMULATED_LEGITIMATE
rr_0007543,False,VERIFY,consistent,0.015903002651414404,AUTO_APPROVE,False,consistent,LOW,NOT_OBSERVED_V1_BATCH,SIMULATED_LEGITIMATE
rr_0007544,False,AUTO_APPROVE,consistent,1e-06,AUTO_APPROVE,False,NOT_REQUESTED,NOT_APPLICABLE,NOT_OBSERVED_V1_BATCH,SIMULATED_LEGITIMATE
rr_0007545,False,AUTO_APPROVE,consistent,0.0019793465426276163,AUTO_APPROVE,False,NOT_REQUESTED,NOT_APPLICABLE,NOT_OBSERVED_V1_BATCH,SIMULATED_LEGITIMATE
rr_0007546,True,AUTO_APPROVE,inconclusive,0.04854368932038835,AUTO_APPROVE,False,NOT_REQUESTED,NOT_APPLICABLE,NOT_OBSERVED_V1_BATCH,SIMULATED_ABUSE
rr_0007547,False,AUTO_APPROVE,consistent,1e-06,AUTO_APPROVE,False,NOT_REQUESTED,NOT_APPLICABLE,NOT_OBSERVED_V1_BATCH,SIMULATED_LEGITIMATE
rr_0007548,False,VERIFY,consistent,0.010122729367085073,AUTO_APPROVE,False,consistent,LOW,NOT_OBSERVED_V1_BATCH,SIMULATED_LEGITIMATE
rr_0007549,True,VERIFY,inconsistent,0.7723304710434816,RETURN_FIRST,False,inconsistent,MIDDLE,NOT_OBSERVED_V1_BATCH,SIMULATED_ABUSE
rr_0007550,False,AUTO_APPROVE,inconsistent,2.2897734911559113e-05,AUTO_APPROVE,False,NOT_REQUESTED,NOT_APPLICABLE,NOT_OBSERVED_V1_BATCH,SIMULATED_LEGITIMATE
rr_0007551,False,AUTO_APPROVE,consistent,1e-06,AUTO_APPROVE,False,NOT_REQUESTED,NOT_APPLICABLE,NOT_OBSERVED_V1_BATCH,SIMULATED_LEGITIMATE
rr_0007552,True,MANUAL_REVIEW,inconsistent,0.999999,MANUAL_REVIEW,False,NOT_REQUESTED,NOT_APPLICABLE,NOT_OBSERVED_V1_BATCH,SIMULATED_ABUSE
rr_0007553,False,AUTO_APPROVE,consistent,1e-06,AUTO_APPROVE,False,NOT_REQUESTED,NOT_APPLICABLE,NOT_OBSERVED_V1_BATCH,SIMULATED_LEGITIMATE
rr_0007554,False,AUTO_APPROVE,consistent,1e-06,AUTO_APPROVE,False,NOT_REQUESTED,NOT_APPLICABLE,NOT_OBSERVED_V1_BATCH,SIMULATED_LEGITIMATE
rr_0007555,False,AUTO_APPROVE,consistent,1e-06,AUTO_APPROVE,False,NOT_REQUESTED,NOT_APPLICABLE,NOT_OBSERVED_V1_BATCH,SIMULATED_LEGITIMATE
rr_0007556,False,AUTO_APPROVE,inconclusive,1.2499996875000778e-06,AUTO_APPROVE,False,NOT_REQUESTED,NOT_APPLICABLE,NOT_OBSERVED_V1_BATCH,SIMULATED_LEGITIMATE
rr_0007557,False,AUTO_APPROVE,consistent,1e-06,AUTO_APPROVE,False,NOT_REQUESTED,NOT_APPLICABLE,NOT_OBSERVED_V1_BATCH,SIMULATED_LEGITIMATE
rr_0007558,False,AUTO_APPROVE,consistent,1e-06,AUTO_APPROVE,False,NOT_REQUESTED,NOT_APPLICABLE,NOT_OBSERVED_V1_BATCH,SIMULATED_LEGITIMATE
rr_0007559,False,AUTO_APPROVE,consistent,1e-06,AUTO_APPROVE,False,NOT_REQUESTED,NOT_APPLICABLE,NOT_OBSERVED_V1_BATCH,SIMULATED_LEGITIMATE
rr_0007560,False,AUTO_APPROVE,consistent,1e-06,AUTO_APPROVE,False,NOT_REQUESTED,NOT_APPLICABLE,NOT_OBSERVED_V1_BATCH,SIMULATED_LEGITIMATE
rr_0007561,False,VERIFY,consistent,0.010122729367085073,AUTO_APPROVE,False,consistent,LOW,NOT_OBSERVED_V1_BATCH,SIMULATED_LEGITIMATE
rr_0007562,False,VERIFY,consistent,0.015903002651414404,AUTO_APPROVE,False,consistent,LOW,NOT_OBSERVED_V1_BATCH,SIMULATED_LEGITIMATE
rr_0007563,False,VERIFY,consistent,0.015903002651414404,AUTO_APPROVE,False,consistent,LOW,NOT_OBSERVED_V1_BATCH,SIMULATED_LEGITIMATE
rr_0007564,False,AUTO_APPROVE,consistent,0.004432508937619314,AUTO_APPROVE,False,NOT_REQUESTED,NOT_APPLICABLE,NOT_OBSERVED_V1_BATCH,SIMULATED_LEGITIMATE
rr_0007565,False,AUTO_APPROVE,consistent,0.0019793465426276163,AUTO_APPROVE,False,NOT_REQUESTED,NOT_APPLICABLE,NOT_OBSERVED_V1_BATCH,SIMULATED_LEGITIMATE
rr_0007566,False,AUTO_APPROVE,consistent,1e-06,AUTO_APPROVE,False,NOT_REQUESTED,NOT_APPLICABLE,NOT_OBSERVED_V1_BATCH,SIMULATED_LEGITIMATE
rr_0007567,False,AUTO_APPROVE,consistent,1e-06,AUTO_APPROVE,False,NOT_REQUESTED,NOT_APPLICABLE,NOT_OBSERVED_V1_BATCH,SIMULATED_LEGITIMATE
rr_0007568,False,AUTO_APPROVE,consistent,0.004432508937619314,AUTO_APPROVE,False,NOT_REQUESTED,NOT_APPLICABLE,NOT_OBSERVED_V1_BATCH,SIMULATED_LEGITIMATE
rr_0007569,False,VERIFY,consistent,0.010122729367085073,AUTO_APPROVE,False,consistent,LOW,NOT_OBSERVED_V1_BATCH,SIMULATED_LEGITIMATE
rr_0007570,False,AUTO_APPROVE,inconclusive,1.2499996875000778e-06,AUTO_APPROVE,False,NOT_REQUESTED,NOT_APPLICABLE,NOT_OBSERVED_V1_BATCH,SIMULATED_LEGITIMATE
rr_0007571,False,AUTO_APPROVE,consistent,0.0019793465426276163,AUTO_APPROVE,False,NOT_REQUESTED,NOT_APPLICABLE,NOT_OBSERVED_V1_BATCH,SIMULATED_LEGITIMATE
rr_0007572,False,AUTO_APPROVE,consistent,0.0019793465426276163,AUTO_APPROVE,False,NOT_REQUESTED,NOT_APPLICABLE,NOT_OBSERVED_V1_BATCH,SIMULATED_LEGITIMATE
rr_0007573,False,AUTO_APPROVE,inconclusive,1.2499996875000778e-06,AUTO_APPROVE,False,NOT_REQUESTED,NOT_APPLICABLE,NOT_OBSERVED_V1_BATCH,SIMULATED_LEGITIMATE
rr_0007574,False,AUTO_APPROVE,consistent,0.004432508937619314,AUTO_APPROVE,False,NOT_REQUESTED,NOT_APPLICABLE,NOT_OBSERVED_V1_BATCH,SIMULATED_LEGITIMATE
rr_0007575,True,AUTO_APPROVE,inconsistent,0.2939506388065649,AUTO_APPROVE,False,NOT_REQUESTED,NOT_APPLICABLE,NOT_OBSERVED_V1_BATCH,SIMULATED_ABUSE
rr_0007576,False,AUTO_APPROVE,consistent,1e-06,AUTO_APPROVE,False,NOT_REQUESTED,NOT_APPLICABLE,NOT_OBSERVED_V1_BATCH,SIMULATED_LEGITIMATE
rr_0007577,False,VERIFY,consistent,0.09835176015736281,AUTO_APPROVE,False,consistent,MIDDLE,NOT_OBSERVED_V1_BATCH,SIMULATED_LEGITIMATE
rr_0007578,False,AUTO_APPROVE,consistent,1e-06,AUTO_APPROVE,False,NOT_REQUESTED,NOT_APPLICABLE,NOT_OBSERVED_V1_BATCH,SIMULATED_LEGITIMATE
rr_0007579,False,VERIFY,consistent,0.015903002651414404,AUTO_APPROVE,False,consistent,LOW,NOT_OBSERVED_V1_BATCH,SIMULATED_LEGITIMATE
rr_0007580,False,VERIFY,consistent,0.02316375335874424,AUTO_APPROVE,False,consistent,LOW,NOT_OBSERVED_V1_BATCH,SIMULATED_LEGITIMATE
rr_0007581,False,AUTO_APPROVE,consistent,1e-06,AUTO_APPROVE,False,NOT_REQUESTED,NOT_APPLICABLE,NOT_OBSERVED_V1_BATCH,SIMULATED_LEGITIMATE
rr_0007582,False,AUTO_APPROVE,consistent,1e-06,AUTO_APPROVE,False,NOT_REQUESTED,NOT_APPLICABLE,NOT_OBSERVED_V1_BATCH,SIMULATED_LEGITIMATE
rr_0007583,False,VERIFY,consistent,0.010122729367085073,AUTO_APPROVE,False,consistent,LOW,NOT_OBSERVED_V1_BATCH,SIMULATED_LEGITIMATE
rr_0007584,False,AUTO_APPROVE,consistent,1e-06,AUTO_APPROVE,False,NOT_REQUESTED,NOT_APPLICABLE,NOT_OBSERVED_V1_BATCH,SIMULATED_LEGITIMATE
rr_0007585,False,AUTO_APPROVE,inconclusive,1.2499996875000778e-06,AUTO_APPROVE,False,NOT_REQUESTED,NOT_APPLICABLE,NOT_OBSERVED_V1_BATCH,SIMULATED_LEGITIMATE
rr_0007586,False,AUTO_APPROVE,consistent,1e-06,AUTO_APPROVE,False,NOT_REQUESTED,NOT_APPLICABLE,NOT_OBSERVED_V1_BATCH,SIMULATED_LEGITIMATE
rr_0007587,True,MANUAL_REVIEW,inconsistent,0.999999,MANUAL_REVIEW,True,NOT_REQUESTED,NOT_APPLICABLE,NOT_OBSERVED_V1_BATCH,SIMULATED_ABUSE
rr_0007588,False,AUTO_APPROVE,consistent,1e-06,AUTO_APPROVE,False,NOT_REQUESTED,NOT_APPLICABLE,NOT_OBSERVED_V1_BATCH,SIMULATED_LEGITIMATE
rr_0007589,False,AUTO_APPROVE,consistent,1e-06,AUTO_APPROVE,False,NOT_REQUESTED,NOT_APPLICABLE,NOT_OBSERVED_V1_BATCH,SIMULATED_LEGITIMATE
rr_0007590,False,AUTO_APPROVE,consistent,1e-06,AUTO_APPROVE,False,NOT_REQUESTED,NOT_APPLICABLE,NOT_OBSERVED_V1_BATCH,SIMULATED_LEGITIMATE
rr_0007591,False,VERIFY,inconsistent,0.8741347119418618,RETURN_FIRST,False,inconsistent,MIDDLE,NOT_OBSERVED_V1_BATCH,SIMULATED_LEGITIMATE
rr_0007592,False,VERIFY,consistent,0.015903002651414404,AUTO_APPROVE,False,consistent,LOW,NOT_OBSERVED_V1_BATCH,SIMULATED_LEGITIMATE
rr_0007593,True,MANUAL_REVIEW,inconsistent,0.999999,MANUAL_REVIEW,True,NOT_REQUESTED,NOT_APPLICABLE,NOT_OBSERVED_V1_BATCH,SIMULATED_ABUSE
rr_0007594,False,AUTO_APPROVE,consistent,1e-06,AUTO_APPROVE,False,NOT_REQUESTED,NOT_APPLICABLE,NOT_OBSERVED_V1_BATCH,SIMULATED_LEGITIMATE
rr_0007595,False,AUTO_APPROVE,consistent,1e-06,AUTO_APPROVE,False,NOT_REQUESTED,NOT_APPLICABLE,NOT_OBSERVED_V1_BATCH,SIMULATED_LEGITIMATE
rr_0007596,False,AUTO_APPROVE,consistent,1e-06,AUTO_APPROVE,False,NOT_REQUESTED,NOT_APPLICABLE,NOT_OBSERVED_V1_BATCH,SIMULATED_LEGITIMATE
rr_0007597,False,AUTO_APPROVE,consistent,1e-06,AUTO_APPROVE,False,NOT_REQUESTED,NOT_APPLICABLE,NOT_OBSERVED_V1_BATCH,SIMULATED_LEGITIMATE
rr_0007598,False,AUTO_APPROVE,consistent,1e-06,AUTO_APPROVE,False,NOT_REQUESTED,NOT_APPLICABLE,NOT_OBSERVED_V1_BATCH,SIMULATED_LEGITIMATE
rr_0007599,True,MANUAL_REVIEW,inconsistent,0.999999,MANUAL_REVIEW,False,NOT_REQUESTED,NOT_APPLICABLE,NOT_OBSERVED_V1_BATCH,SIMULATED_ABUSE
rr_0007600,False,AUTO_APPROVE,consistent,1e-06,AUTO_APPROVE,False,NOT_REQUESTED,NOT_APPLICABLE,NOT_OBSERVED_V1_BATCH,SIMULATED_LEGITIMATE
rr_0007601,False,AUTO_APPROVE,consistent,1e-06,AUTO_APPROVE,False,NOT_REQUESTED,NOT_APPLICABLE,NOT_OBSERVED_V1_BATCH,SIMULATED_LEGITIMATE
rr_0007602,False,AUTO_APPROVE,consistent,0.0019793465426276163,AUTO_APPROVE,False,NOT_REQUESTED,NOT_APPLICABLE,NOT_OBSERVED_V1_BATCH,SIMULATED_LEGITIMATE
rr_0007603,False,AUTO_APPROVE,consistent,0.0019793465426276163,AUTO_APPROVE,False,NOT_REQUESTED,NOT_APPLICABLE,NOT_OBSERVED_V1_BATCH,SIMULATED_LEGITIMATE
rr_0007604,False,AUTO_APPROVE,consistent,0.004432508937619314,AUTO_APPROVE,False,NOT_REQUESTED,NOT_APPLICABLE,NOT_OBSERVED_V1_BATCH,SIMULATED_LEGITIMATE
rr_0007605,False,AUTO_APPROVE,consistent,1e-06,AUTO_APPROVE,False,NOT_REQUESTED,NOT_APPLICABLE,NOT_OBSERVED_V1_BATCH,SIMULATED_LEGITIMATE
rr_0007606,False,AUTO_APPROVE,consistent,1e-06,AUTO_APPROVE,False,NOT_REQUESTED,NOT_APPLICABLE,NOT_OBSERVED_V1_BATCH,SIMULATED_LEGITIMATE
rr_0007607,False,AUTO_APPROVE,consistent,0.0019793465426276163,AUTO_APPROVE,False,NOT_REQUESTED,NOT_APPLICABLE,NOT_OBSERVED_V1_BATCH,SIMULATED_LEGITIMATE
rr_0007608,False,AUTO_APPROVE,consistent,0.0019793465426276163,AUTO_APPROVE,False,NOT_REQUESTED,NOT_APPLICABLE,NOT_OBSERVED_V1_BATCH,SIMULATED_LEGITIMATE
rr_0007609,True,MANUAL_REVIEW,inconsistent,0.999999,MANUAL_REVIEW,True,NOT_REQUESTED,NOT_APPLICABLE,NOT_OBSERVED_V1_BATCH,SIMULATED_ABUSE
rr_0007610,False,AUTO_APPROVE,consistent,1e-06,AUTO_APPROVE,False,NOT_REQUESTED,NOT_APPLICABLE,NOT_OBSERVED_V1_BATCH,SIMULATED_LEGITIMATE
rr_0007611,False,AUTO_APPROVE,consistent,1e-06,AUTO_APPROVE,False,NOT_REQUESTED,NOT_APPLICABLE,NOT_OBSERVED_V1_BATCH,SIMULATED_LEGITIMATE
rr_0007612,False,VERIFY,consistent,0.015903002651414404,AUTO_APPROVE,False,consistent,LOW,NOT_OBSERVED_V1_BATCH,SIMULATED_LEGITIMATE
rr_0007613,False,AUTO_APPROVE,consistent,1e-06,AUTO_APPROVE,False,NOT_REQUESTED,NOT_APPLICABLE,NOT_OBSERVED_V1_BATCH,SIMULATED_LEGITIMATE
rr_0007614,False,AUTO_APPROVE,consistent,1e-06,AUTO_APPROVE,False,NOT_REQUESTED,NOT_APPLICABLE,NOT_OBSERVED_V1_BATCH,SIMULATED_LEGITIMATE
rr_0007615,True,VERIFY,inconsistent,0.8327165442709169,RETURN_FIRST,False,inconsistent,MIDDLE,NOT_OBSERVED_V1_BATCH,SIMULATED_ABUSE
rr_0007616,False,AUTO_APPROVE,inconsistent,2.2897734911559113e-05,AUTO_APPROVE,False,NOT_REQUESTED,NOT_APPLICABLE,NOT_OBSERVED_V1_BATCH,SIMULATED_LEGITIMATE
rr_0007617,False,AUTO_APPROVE,consistent,0.0019793465426276163,AUTO_APPROVE,False,NOT_REQUESTED,NOT_APPLICABLE,NOT_OBSERVED_V1_BATCH,SIMULATED_LEGITIMATE
rr_0007618,False,AUTO_APPROVE,consistent,1e-06,AUTO_APPROVE,False,NOT_REQUESTED,NOT_APPLICABLE,NOT_OBSERVED_V1_BATCH,SIMULATED_LEGITIMATE
rr_0007619,False,AUTO_APPROVE,consistent,1e-06,AUTO_APPROVE,False,NOT_REQUESTED,NOT_APPLICABLE,NOT_OBSERVED_V1_BATCH,SIMULATED_LEGITIMATE
rr_0007620,False,AUTO_APPROVE,consistent,1e-06,AUTO_APPROVE,False,NOT_REQUESTED,NOT_APPLICABLE,NOT_OBSERVED_V1_BATCH,SIMULATED_LEGITIMATE
rr_0007621,False,AUTO_APPROVE,consistent,1e-06,AUTO_APPROVE,False,NOT_REQUESTED,NOT_APPLICABLE,NOT_OBSERVED_V1_BATCH,SIMULATED_LEGITIMATE
rr_0007622,False,AUTO_APPROVE,consistent,1e-06,AUTO_APPROVE,False,NOT_REQUESTED,NOT_APPLICABLE,NOT_OBSERVED_V1_BATCH,SIMULATED_LEGITIMATE
rr_0007623,False,AUTO_APPROVE,inconclusive,1.2499996875000778e-06,AUTO_APPROVE,False,NOT_REQUESTED,NOT_APPLICABLE,NOT_OBSERVED_V1_BATCH,SIMULATED_LEGITIMATE
rr_0007624,False,VERIFY,inconclusive,0.1048951048951049,RETURN_FIRST,False,inconclusive,MIDDLE,NOT_OBSERVED_V1_BATCH,SIMULATED_LEGITIMATE
rr_0007625,False,AUTO_APPROVE,consistent,1e-06,AUTO_APPROVE,False,NOT_REQUESTED,NOT_APPLICABLE,NOT_OBSERVED_V1_BATCH,SIMULATED_LEGITIMATE
rr_0007626,False,AUTO_APPROVE,consistent,1e-06,AUTO_APPROVE,False,NOT_REQUESTED,NOT_APPLICABLE,NOT_OBSERVED_V1_BATCH,SIMULATED_LEGITIMATE
rr_0007627,False,AUTO_APPROVE,consistent,1e-06,AUTO_APPROVE,False,NOT_REQUESTED,NOT_APPLICABLE,NOT_OBSERVED_V1_BATCH,SIMULATED_LEGITIMATE
rr_0007628,False,VERIFY,consistent,0.02316375335874424,AUTO_APPROVE,False,consistent,LOW,NOT_OBSERVED_V1_BATCH,SIMULATED_LEGITIMATE
rr_0007629,False,AUTO_APPROVE,consistent,1e-06,AUTO_APPROVE,False,NOT_REQUESTED,NOT_APPLICABLE,NOT_OBSERVED_V1_BATCH,SIMULATED_LEGITIMATE
rr_0007630,False,AUTO_APPROVE,consistent,1e-06,AUTO_APPROVE,False,NOT_REQUESTED,NOT_APPLICABLE,NOT_OBSERVED_V1_BATCH,SIMULATED_LEGITIMATE
rr_0007631,False,AUTO_APPROVE,consistent,1e-06,AUTO_APPROVE,False,NOT_REQUESTED,NOT_APPLICABLE,NOT_OBSERVED_V1_BATCH,SIMULATED_LEGITIMATE
rr_0007632,False,AUTO_APPROVE,consistent,1e-06,AUTO_APPROVE,False,NOT_REQUESTED,NOT_APPLICABLE,NOT_OBSERVED_V1_BATCH,SIMULATED_LEGITIMATE
rr_0007633,False,AUTO_APPROVE,consistent,0.0019793465426276163,AUTO_APPROVE,False,NOT_REQUESTED,NOT_APPLICABLE,NOT_OBSERVED_V1_BATCH,SIMULATED_LEGITIMATE
rr_0007634,False,AUTO_APPROVE,consistent,0.0019793465426276163,AUTO_APPROVE,False,NOT_REQUESTED,NOT_APPLICABLE,NOT_OBSERVED_V1_BATCH,SIMULATED_LEGITIMATE
rr_0007635,False,VERIFY,consistent,0.015903002651414404,AUTO_APPROVE,False,consistent,LOW,NOT_OBSERVED_V1_BATCH,SIMULATED_LEGITIMATE
rr_0007636,False,AUTO_APPROVE,consistent,1e-06,AUTO_APPROVE,False,NOT_REQUESTED,NOT_APPLICABLE,NOT_OBSERVED_V1_BATCH,SIMULATED_LEGITIMATE
rr_0007637,False,AUTO_APPROVE,inconsistent,2.2897734911559113e-05,AUTO_APPROVE,False,NOT_REQUESTED,NOT_APPLICABLE,NOT_OBSERVED_V1_BATCH,SIMULATED_LEGITIMATE
rr_0007638,False,AUTO_APPROVE,consistent,1e-06,AUTO_APPROVE,False,NOT_REQUESTED,NOT_APPLICABLE,NOT_OBSERVED_V1_BATCH,SIMULATED_LEGITIMATE
rr_0007639,False,AUTO_APPROVE,consistent,1e-06,AUTO_APPROVE,False,NOT_REQUESTED,NOT_APPLICABLE,NOT_OBSERVED_V1_BATCH,SIMULATED_LEGITIMATE
rr_0007640,False,VERIFY,consistent,0.010122729367085073,AUTO_APPROVE,False,consistent,LOW,NOT_OBSERVED_V1_BATCH,SIMULATED_LEGITIMATE
rr_0007641,False,AUTO_APPROVE,consistent,1e-06,AUTO_APPROVE,False,NOT_REQUESTED,NOT_APPLICABLE,NOT_OBSERVED_V1_BATCH,SIMULATED_LEGITIMATE
rr_0007642,False,AUTO_APPROVE,consistent,1e-06,AUTO_APPROVE,False,NOT_REQUESTED,NOT_APPLICABLE,NOT_OBSERVED_V1_BATCH,SIMULATED_LEGITIMATE
rr_0007643,False,AUTO_APPROVE,consistent,1e-06,AUTO_APPROVE,False,NOT_REQUESTED,NOT_APPLICABLE,NOT_OBSERVED_V1_BATCH,SIMULATED_LEGITIMATE
rr_0007644,False,AUTO_APPROVE,consistent,1e-06,AUTO_APPROVE,False,NOT_REQUESTED,NOT_APPLICABLE,NOT_OBSERVED_V1_BATCH,SIMULATED_LEGITIMATE
rr_0007645,False,AUTO_APPROVE,consistent,0.0019793465426276163,AUTO_APPROVE,False,NOT_REQUESTED,NOT_APPLICABLE,NOT_OBSERVED_V1_BATCH,SIMULATED_LEGITIMATE
rr_0007646,False,AUTO_APPROVE,inconsistent,2.2897734911559113e-05,AUTO_APPROVE,False,NOT_REQUESTED,NOT_APPLICABLE,NOT_OBSERVED_V1_BATCH,SIMULATED_LEGITIMATE
rr_0007647,False,AUTO_APPROVE,consistent,1e-06,AUTO_APPROVE,False,NOT_REQUESTED,NOT_APPLICABLE,NOT_OBSERVED_V1_BATCH,SIMULATED_LEGITIMATE
rr_0007648,False,AUTO_APPROVE,consistent,1e-06,AUTO_APPROVE,False,NOT_REQUESTED,NOT_APPLICABLE,NOT_OBSERVED_V1_BATCH,SIMULATED_LEGITIMATE
rr_0007649,False,AUTO_APPROVE,consistent,1e-06,AUTO_APPROVE,False,NOT_REQUESTED,NOT_APPLICABLE,NOT_OBSERVED_V1_BATCH,SIMULATED_LEGITIMATE
rr_0007650,False,AUTO_APPROVE,consistent,0.004432508937619314,AUTO_APPROVE,False,NOT_REQUESTED,NOT_APPLICABLE,NOT_OBSERVED_V1_BATCH,SIMULATED_LEGITIMATE
rr_0007651,False,VERIFY,consistent,0.015903002651414404,AUTO_APPROVE,False,consistent,LOW,NOT_OBSERVED_V1_BATCH,SIMULATED_LEGITIMATE
rr_0007652,False,VERIFY,consistent,0.015903002651414404,AUTO_APPROVE,False,consistent,LOW,NOT_OBSERVED_V1_BATCH,SIMULATED_LEGITIMATE
rr_0007653,False,AUTO_APPROVE,consistent,1e-06,AUTO_APPROVE,False,NOT_REQUESTED,NOT_APPLICABLE,NOT_OBSERVED_V1_BATCH,SIMULATED_LEGITIMATE
rr_0007654,False,AUTO_APPROVE,consistent,1e-06,AUTO_APPROVE,False,NOT_REQUESTED,NOT_APPLICABLE,NOT_OBSERVED_V1_BATCH,SIMULATED_LEGITIMATE
rr_0007655,False,AUTO_APPROVE,consistent,0.004432508937619314,AUTO_APPROVE,False,NOT_REQUESTED,NOT_APPLICABLE,NOT_OBSERVED_V1_BATCH,SIMULATED_LEGITIMATE
rr_0007656,False,AUTO_APPROVE,consistent,1e-06,AUTO_APPROVE,False,NOT_REQUESTED,NOT_APPLICABLE,NOT_OBSERVED_V1_BATCH,SIMULATED_LEGITIMATE
rr_0007657,False,AUTO_APPROVE,consistent,1e-06,AUTO_APPROVE,False,NOT_REQUESTED,NOT_APPLICABLE,NOT_OBSERVED_V1_BATCH,SIMULATED_LEGITIMATE
rr_0007658,False,AUTO_APPROVE,consistent,1e-06,AUTO_APPROVE,False,NOT_REQUESTED,NOT_APPLICABLE,NOT_OBSERVED_V1_BATCH,SIMULATED_LEGITIMATE
rr_0007659,False,VERIFY,inconsistent,0.6822077314739403,RETURN_FIRST,False,inconsistent,MIDDLE,NOT_OBSERVED_V1_BATCH,SIMULATED_LEGITIMATE
rr_0007660,False,AUTO_APPROVE,consistent,0.004432508937619314,AUTO_APPROVE,False,NOT_REQUESTED,NOT_APPLICABLE,NOT_OBSERVED_V1_BATCH,SIMULATED_LEGITIMATE
rr_0007661,False,AUTO_APPROVE,inconsistent,2.2897734911559113e-05,AUTO_APPROVE,False,NOT_REQUESTED,NOT_APPLICABLE,NOT_OBSERVED_V1_BATCH,SIMULATED_LEGITIMATE
rr_0007662,False,VERIFY,consistent,0.010122729367085073,AUTO_APPROVE,False,consistent,LOW,NOT_OBSERVED_V1_BATCH,SIMULATED_LEGITIMATE
rr_0007663,False,AUTO_APPROVE,consistent,1e-06,AUTO_APPROVE,False,NOT_REQUESTED,NOT_APPLICABLE,NOT_OBSERVED_V1_BATCH,SIMULATED_LEGITIMATE
rr_0007664,False,AUTO_APPROVE,inconclusive,0.022222222222222223,AUTO_APPROVE,False,NOT_REQUESTED,NOT_APPLICABLE,NOT_OBSERVED_V1_BATCH,SIMULATED_LEGITIMATE
rr_0007665,False,AUTO_APPROVE,inconsistent,2.2897734911559113e-05,AUTO_APPROVE,False,NOT_REQUESTED,NOT_APPLICABLE,NOT_OBSERVED_V1_BATCH,SIMULATED_LEGITIMATE
rr_0007666,False,AUTO_APPROVE,consistent,1e-06,AUTO_APPROVE,False,NOT_REQUESTED,NOT_APPLICABLE,NOT_OBSERVED_V1_BATCH,SIMULATED_LEGITIMATE
rr_0007667,False,AUTO_APPROVE,consistent,1e-06,AUTO_APPROVE,False,NOT_REQUESTED,NOT_APPLICABLE,NOT_OBSERVED_V1_BATCH,SIMULATED_LEGITIMATE
rr_0007668,False,AUTO_APPROVE,consistent,0.0019793465426276163,AUTO_APPROVE,False,NOT_REQUESTED,NOT_APPLICABLE,NOT_OBSERVED_V1_BATCH,SIMULATED_LEGITIMATE
rr_0007669,False,AUTO_APPROVE,consistent,1e-06,AUTO_APPROVE,False,NOT_REQUESTED,NOT_APPLICABLE,NOT_OBSERVED_V1_BATCH,SIMULATED_LEGITIMATE
rr_0007670,False,AUTO_APPROVE,consistent,1e-06,AUTO_APPROVE,False,NOT_REQUESTED,NOT_APPLICABLE,NOT_OBSERVED_V1_BATCH,SIMULATED_LEGITIMATE
rr_0007671,False,AUTO_APPROVE,consistent,1e-06,AUTO_APPROVE,False,NOT_REQUESTED,NOT_APPLICABLE,NOT_OBSERVED_V1_BATCH,SIMULATED_LEGITIMATE
rr_0007672,True,VERIFY,inconsistent,0.7723304710434816,RETURN_FIRST,False,inconsistent,MIDDLE,NOT_OBSERVED_V1_BATCH,SIMULATED_ABUSE
rr_0007673,False,AUTO_APPROVE,consistent,1e-06,AUTO_APPROVE,False,NOT_REQUESTED,NOT_APPLICABLE,NOT_OBSERVED_V1_BATCH,SIMULATED_LEGITIMATE
rr_0007674,False,AUTO_APPROVE,consistent,0.004432508937619314,AUTO_APPROVE,False,NOT_REQUESTED,NOT_APPLICABLE,NOT_OBSERVED_V1_BATCH,SIMULATED_LEGITIMATE
rr_0007675,False,AUTO_APPROVE,consistent,1e-06,AUTO_APPROVE,False,NOT_REQUESTED,NOT_APPLICABLE,NOT_OBSERVED_V1_BATCH,SIMULATED_LEGITIMATE
rr_0007676,True,MANUAL_REVIEW,inconsistent,0.999999,MANUAL_REVIEW,True,NOT_REQUESTED,NOT_APPLICABLE,NOT_OBSERVED_V1_BATCH,SIMULATED_ABUSE
rr_0007677,False,AUTO_APPROVE,consistent,1e-06,AUTO_APPROVE,False,NOT_REQUESTED,NOT_APPLICABLE,NOT_OBSERVED_V1_BATCH,SIMULATED_LEGITIMATE
rr_0007678,False,AUTO_APPROVE,consistent,1e-06,AUTO_APPROVE,False,NOT_REQUESTED,NOT_APPLICABLE,NOT_OBSERVED_V1_BATCH,SIMULATED_LEGITIMATE
rr_0007679,False,AUTO_APPROVE,inconclusive,1.2499996875000778e-06,AUTO_APPROVE,False,NOT_REQUESTED,NOT_APPLICABLE,NOT_OBSERVED_V1_BATCH,SIMULATED_LEGITIMATE
rr_0007680,False,AUTO_APPROVE,consistent,0.0019793465426276163,AUTO_APPROVE,False,NOT_REQUESTED,NOT_APPLICABLE,NOT_OBSERVED_V1_BATCH,SIMULATED_LEGITIMATE
rr_0007681,True,MANUAL_REVIEW,inconsistent,0.999999,MANUAL_REVIEW,False,NOT_REQUESTED,NOT_APPLICABLE,NOT_OBSERVED_V1_BATCH,SIMULATED_ABUSE
rr_0007682,False,AUTO_APPROVE,consistent,1e-06,AUTO_APPROVE,False,NOT_REQUESTED,NOT_APPLICABLE,NOT_OBSERVED_V1_BATCH,SIMULATED_LEGITIMATE
rr_0007683,False,AUTO_APPROVE,consistent,0.0019793465426276163,AUTO_APPROVE,False,NOT_REQUESTED,NOT_APPLICABLE,NOT_OBSERVED_V1_BATCH,SIMULATED_LEGITIMATE
rr_0007684,False,AUTO_APPROVE,inconclusive,1.2499996875000778e-06,AUTO_APPROVE,False,NOT_REQUESTED,NOT_APPLICABLE,NOT_OBSERVED_V1_BATCH,SIMULATED_LEGITIMATE
rr_0007685,False,AUTO_APPROVE,consistent,1e-06,AUTO_APPROVE,False,NOT_REQUESTED,NOT_APPLICABLE,NOT_OBSERVED_V1_BATCH,SIMULATED_LEGITIMATE
rr_0007686,False,AUTO_APPROVE,consistent,1e-06,AUTO_APPROVE,False,NOT_REQUESTED,NOT_APPLICABLE,NOT_OBSERVED_V1_BATCH,SIMULATED_LEGITIMATE
rr_0007687,False,AUTO_APPROVE,consistent,1e-06,AUTO_APPROVE,False,NOT_REQUESTED,NOT_APPLICABLE,NOT_OBSERVED_V1_BATCH,SIMULATED_LEGITIMATE
rr_0007688,False,AUTO_APPROVE,consistent,1e-06,AUTO_APPROVE,False,NOT_REQUESTED,NOT_APPLICABLE,NOT_OBSERVED_V1_BATCH,SIMULATED_LEGITIMATE
rr_0007689,False,AUTO_APPROVE,consistent,1e-06,AUTO_APPROVE,False,NOT_REQUESTED,NOT_APPLICABLE,NOT_OBSERVED_V1_BATCH,SIMULATED_LEGITIMATE
rr_0007690,False,AUTO_APPROVE,consistent,0.0019793465426276163,AUTO_APPROVE,False,NOT_REQUESTED,NOT_APPLICABLE,NOT_OBSERVED_V1_BATCH,SIMULATED_LEGITIMATE
rr_0007691,False,VERIFY,consistent,0.02316375335874424,AUTO_APPROVE,False,consistent,LOW,NOT_OBSERVED_V1_BATCH,SIMULATED_LEGITIMATE
rr_0007692,False,AUTO_APPROVE,consistent,1e-06,AUTO_APPROVE,False,NOT_REQUESTED,NOT_APPLICABLE,NOT_OBSERVED_V1_BATCH,SIMULATED_LEGITIMATE
rr_0007693,False,AUTO_APPROVE,consistent,0.0019793465426276163,AUTO_APPROVE,False,NOT_REQUESTED,NOT_APPLICABLE,NOT_OBSERVED_V1_BATCH,SIMULATED_LEGITIMATE
rr_0007694,False,AUTO_APPROVE,consistent,0.0019793465426276163,AUTO_APPROVE,False,NOT_REQUESTED,NOT_APPLICABLE,NOT_OBSERVED_V1_BATCH,SIMULATED_LEGITIMATE
rr_0007695,False,AUTO_APPROVE,consistent,0.0019793465426276163,AUTO_APPROVE,False,NOT_REQUESTED,NOT_APPLICABLE,NOT_OBSERVED_V1_BATCH,SIMULATED_LEGITIMATE
rr_0007696,False,AUTO_APPROVE,consistent,1e-06,AUTO_APPROVE,False,NOT_REQUESTED,NOT_APPLICABLE,NOT_OBSERVED_V1_BATCH,SIMULATED_LEGITIMATE
rr_0007697,False,AUTO_APPROVE,inconsistent,0.48310313006980515,AUTO_APPROVE,False,NOT_REQUESTED,NOT_APPLICABLE,NOT_OBSERVED_V1_BATCH,SIMULATED_LEGITIMATE
rr_0007698,False,AUTO_APPROVE,consistent,1e-06,AUTO_APPROVE,False,NOT_REQUESTED,NOT_APPLICABLE,NOT_OBSERVED_V1_BATCH,SIMULATED_LEGITIMATE
rr_0007699,False,AUTO_APPROVE,consistent,1e-06,AUTO_APPROVE,False,NOT_REQUESTED,NOT_APPLICABLE,NOT_OBSERVED_V1_BATCH,SIMULATED_LEGITIMATE
rr_0007700,False,VERIFY,consistent,0.015903002651414404,AUTO_APPROVE,False,consistent,LOW,NOT_OBSERVED_V1_BATCH,SIMULATED_LEGITIMATE
rr_0007701,False,AUTO_APPROVE,consistent,1e-06,AUTO_APPROVE,False,NOT_REQUESTED,NOT_APPLICABLE,NOT_OBSERVED_V1_BATCH,SIMULATED_LEGITIMATE
rr_0007702,True,MANUAL_REVIEW,inconsistent,0.999999,MANUAL_REVIEW,True,NOT_REQUESTED,NOT_APPLICABLE,NOT_OBSERVED_V1_BATCH,SIMULATED_ABUSE
rr_0007703,False,AUTO_APPROVE,consistent,1e-06,AUTO_APPROVE,False,NOT_REQUESTED,NOT_APPLICABLE,NOT_OBSERVED_V1_BATCH,SIMULATED_LEGITIMATE
rr_0007704,False,AUTO_APPROVE,consistent,1e-06,AUTO_APPROVE,False,NOT_REQUESTED,NOT_APPLICABLE,NOT_OBSERVED_V1_BATCH,SIMULATED_LEGITIMATE
rr_0007705,False,VERIFY,consistent,0.010122729367085073,AUTO_APPROVE,False,consistent,LOW,NOT_OBSERVED_V1_BATCH,SIMULATED_LEGITIMATE
rr_0007706,False,AUTO_APPROVE,consistent,1e-06,AUTO_APPROVE,False,NOT_REQUESTED,NOT_APPLICABLE,NOT_OBSERVED_V1_BATCH,SIMULATED_LEGITIMATE
rr_0007707,False,AUTO_APPROVE,consistent,1e-06,AUTO_APPROVE,False,NOT_REQUESTED,NOT_APPLICABLE,NOT_OBSERVED_V1_BATCH,SIMULATED_LEGITIMATE
rr_0007708,False,VERIFY,consistent,0.09835176015736281,AUTO_APPROVE,False,consistent,MIDDLE,NOT_OBSERVED_V1_BATCH,SIMULATED_LEGITIMATE
rr_0007709,False,AUTO_APPROVE,inconsistent,2.2897734911559113e-05,AUTO_APPROVE,False,NOT_REQUESTED,NOT_APPLICABLE,NOT_OBSERVED_V1_BATCH,SIMULATED_LEGITIMATE
rr_0007710,False,AUTO_APPROVE,consistent,1e-06,AUTO_APPROVE,False,NOT_REQUESTED,NOT_APPLICABLE,NOT_OBSERVED_V1_BATCH,SIMULATED_LEGITIMATE
rr_0007711,False,AUTO_APPROVE,inconsistent,0.2939506388065649,AUTO_APPROVE,False,NOT_REQUESTED,NOT_APPLICABLE,NOT_OBSERVED_V1_BATCH,SIMULATED_LEGITIMATE
rr_0007712,False,AUTO_APPROVE,consistent,1e-06,AUTO_APPROVE,False,NOT_REQUESTED,NOT_APPLICABLE,NOT_OBSERVED_V1_BATCH,SIMULATED_LEGITIMATE
rr_0007713,False,AUTO_APPROVE,consistent,1e-06,AUTO_APPROVE,False,NOT_REQUESTED,NOT_APPLICABLE,NOT_OBSERVED_V1_BATCH,SIMULATED_LEGITIMATE
rr_0007714,False,AUTO_APPROVE,consistent,0.0019793465426276163,AUTO_APPROVE,False,NOT_REQUESTED,NOT_APPLICABLE,NOT_OBSERVED_V1_BATCH,SIMULATED_LEGITIMATE
rr_0007715,False,AUTO_APPROVE,consistent,1e-06,AUTO_APPROVE,False,NOT_REQUESTED,NOT_APPLICABLE,NOT_OBSERVED_V1_BATCH,SIMULATED_LEGITIMATE
rr_0007716,False,AUTO_APPROVE,consistent,0.004432508937619314,AUTO_APPROVE,False,NOT_REQUESTED,NOT_APPLICABLE,NOT_OBSERVED_V1_BATCH,SIMULATED_LEGITIMATE
rr_0007717,False,AUTO_APPROVE,consistent,1e-06,AUTO_APPROVE,False,NOT_REQUESTED,NOT_APPLICABLE,NOT_OBSERVED_V1_BATCH,SIMULATED_LEGITIMATE
rr_0007718,False,AUTO_APPROVE,consistent,1e-06,AUTO_APPROVE,False,NOT_REQUESTED,NOT_APPLICABLE,NOT_OBSERVED_V1_BATCH,SIMULATED_LEGITIMATE
rr_0007719,False,AUTO_APPROVE,consistent,1e-06,AUTO_APPROVE,False,NOT_REQUESTED,NOT_APPLICABLE,NOT_OBSERVED_V1_BATCH,SIMULATED_LEGITIMATE
rr_0007720,False,AUTO_APPROVE,consistent,0.0019793465426276163,AUTO_APPROVE,False,NOT_REQUESTED,NOT_APPLICABLE,NOT_OBSERVED_V1_BATCH,SIMULATED_LEGITIMATE
rr_0007721,True,VERIFY,inconsistent,0.8327165442709169,RETURN_FIRST,False,inconsistent,MIDDLE,NOT_OBSERVED_V1_BATCH,SIMULATED_ABUSE
rr_0007722,False,AUTO_APPROVE,inconclusive,1.2499996875000778e-06,AUTO_APPROVE,False,NOT_REQUESTED,NOT_APPLICABLE,NOT_OBSERVED_V1_BATCH,SIMULATED_LEGITIMATE
rr_0007723,False,AUTO_APPROVE,consistent,0.0019793465426276163,AUTO_APPROVE,False,NOT_REQUESTED,NOT_APPLICABLE,NOT_OBSERVED_V1_BATCH,SIMULATED_LEGITIMATE
rr_0007724,False,AUTO_APPROVE,consistent,1e-06,AUTO_APPROVE,False,NOT_REQUESTED,NOT_APPLICABLE,NOT_OBSERVED_V1_BATCH,SIMULATED_LEGITIMATE
rr_0007725,False,VERIFY,consistent,0.015903002651414404,AUTO_APPROVE,False,consistent,LOW,NOT_OBSERVED_V1_BATCH,SIMULATED_LEGITIMATE
rr_0007726,False,AUTO_APPROVE,consistent,1e-06,AUTO_APPROVE,False,NOT_REQUESTED,NOT_APPLICABLE,NOT_OBSERVED_V1_BATCH,SIMULATED_LEGITIMATE
rr_0007727,False,AUTO_APPROVE,consistent,1e-06,AUTO_APPROVE,False,NOT_REQUESTED,NOT_APPLICABLE,NOT_OBSERVED_V1_BATCH,SIMULATED_LEGITIMATE
rr_0007728,False,VERIFY,consistent,0.09835176015736281,AUTO_APPROVE,False,consistent,MIDDLE,NOT_OBSERVED_V1_BATCH,SIMULATED_LEGITIMATE
rr_0007729,True,MANUAL_REVIEW,inconsistent,0.999999,MANUAL_REVIEW,True,NOT_REQUESTED,NOT_APPLICABLE,NOT_OBSERVED_V1_BATCH,SIMULATED_ABUSE
rr_0007730,False,AUTO_APPROVE,consistent,1e-06,AUTO_APPROVE,False,NOT_REQUESTED,NOT_APPLICABLE,NOT_OBSERVED_V1_BATCH,SIMULATED_LEGITIMATE
rr_0007731,False,AUTO_APPROVE,consistent,0.0019793465426276163,AUTO_APPROVE,False,NOT_REQUESTED,NOT_APPLICABLE,NOT_OBSERVED_V1_BATCH,SIMULATED_LEGITIMATE
rr_0007732,False,AUTO_APPROVE,inconsistent,2.2897734911559113e-05,AUTO_APPROVE,False,NOT_REQUESTED,NOT_APPLICABLE,NOT_OBSERVED_V1_BATCH,SIMULATED_LEGITIMATE
rr_0007733,False,AUTO_APPROVE,consistent,1e-06,AUTO_APPROVE,False,NOT_REQUESTED,NOT_APPLICABLE,NOT_OBSERVED_V1_BATCH,SIMULATED_LEGITIMATE
rr_0007734,False,AUTO_APPROVE,consistent,1e-06,AUTO_APPROVE,False,NOT_REQUESTED,NOT_APPLICABLE,NOT_OBSERVED_V1_BATCH,SIMULATED_LEGITIMATE
rr_0007735,False,AUTO_APPROVE,consistent,1e-06,AUTO_APPROVE,False,NOT_REQUESTED,NOT_APPLICABLE,NOT_OBSERVED_V1_BATCH,SIMULATED_LEGITIMATE
rr_0007736,False,AUTO_APPROVE,consistent,1e-06,AUTO_APPROVE,False,NOT_REQUESTED,NOT_APPLICABLE,NOT_OBSERVED_V1_BATCH,SIMULATED_LEGITIMATE
rr_0007737,False,AUTO_APPROVE,consistent,0.0019793465426276163,AUTO_APPROVE,False,NOT_REQUESTED,NOT_APPLICABLE,NOT_OBSERVED_V1_BATCH,SIMULATED_LEGITIMATE
rr_0007738,False,AUTO_APPROVE,consistent,1e-06,AUTO_APPROVE,False,NOT_REQUESTED,NOT_APPLICABLE,NOT_OBSERVED_V1_BATCH,SIMULATED_LEGITIMATE
rr_0007739,False,AUTO_APPROVE,consistent,1e-06,AUTO_APPROVE,False,NOT_REQUESTED,NOT_APPLICABLE,NOT_OBSERVED_V1_BATCH,SIMULATED_LEGITIMATE
rr_0007740,False,AUTO_APPROVE,consistent,1e-06,AUTO_APPROVE,False,NOT_REQUESTED,NOT_APPLICABLE,NOT_OBSERVED_V1_BATCH,SIMULATED_LEGITIMATE
rr_0007741,False,AUTO_APPROVE,consistent,1e-06,AUTO_APPROVE,False,NOT_REQUESTED,NOT_APPLICABLE,NOT_OBSERVED_V1_BATCH,SIMULATED_LEGITIMATE
rr_0007742,False,AUTO_APPROVE,consistent,1e-06,AUTO_APPROVE,False,NOT_REQUESTED,NOT_APPLICABLE,NOT_OBSERVED_V1_BATCH,SIMULATED_LEGITIMATE
rr_0007743,False,AUTO_APPROVE,consistent,1e-06,AUTO_APPROVE,False,NOT_REQUESTED,NOT_APPLICABLE,NOT_OBSERVED_V1_BATCH,SIMULATED_LEGITIMATE
rr_0007744,False,VERIFY,consistent,0.010122729367085073,AUTO_APPROVE,False,consistent,LOW,NOT_OBSERVED_V1_BATCH,SIMULATED_LEGITIMATE
rr_0007745,False,AUTO_APPROVE,consistent,0.0019793465426276163,AUTO_APPROVE,False,NOT_REQUESTED,NOT_APPLICABLE,NOT_OBSERVED_V1_BATCH,SIMULATED_LEGITIMATE
rr_0007746,True,MANUAL_REVIEW,inconsistent,0.999999,MANUAL_REVIEW,True,NOT_REQUESTED,NOT_APPLICABLE,NOT_OBSERVED_V1_BATCH,SIMULATED_ABUSE
rr_0007747,False,AUTO_APPROVE,consistent,1e-06,AUTO_APPROVE,False,NOT_REQUESTED,NOT_APPLICABLE,NOT_OBSERVED_V1_BATCH,SIMULATED_LEGITIMATE
rr_0007748,False,AUTO_APPROVE,consistent,1e-06,AUTO_APPROVE,False,NOT_REQUESTED,NOT_APPLICABLE,NOT_OBSERVED_V1_BATCH,SIMULATED_LEGITIMATE
rr_0007749,False,AUTO_APPROVE,consistent,1e-06,AUTO_APPROVE,False,NOT_REQUESTED,NOT_APPLICABLE,NOT_OBSERVED_V1_BATCH,SIMULATED_LEGITIMATE
rr_0007750,False,AUTO_APPROVE,consistent,1e-06,AUTO_APPROVE,False,NOT_REQUESTED,NOT_APPLICABLE,NOT_OBSERVED_V1_BATCH,SIMULATED_LEGITIMATE
rr_0007751,False,AUTO_APPROVE,consistent,1e-06,AUTO_APPROVE,False,NOT_REQUESTED,NOT_APPLICABLE,NOT_OBSERVED_V1_BATCH,SIMULATED_LEGITIMATE
rr_0007752,False,AUTO_APPROVE,consistent,1e-06,AUTO_APPROVE,False,NOT_REQUESTED,NOT_APPLICABLE,NOT_OBSERVED_V1_BATCH,SIMULATED_LEGITIMATE
rr_0007753,True,MANUAL_REVIEW,consistent,0.9999908324886693,MANUAL_REVIEW,True,NOT_REQUESTED,NOT_APPLICABLE,NOT_OBSERVED_V1_BATCH,SIMULATED_ABUSE
rr_0007754,False,VERIFY,inconclusive,0.1048951048951049,RETURN_FIRST,False,inconclusive,MIDDLE,NOT_OBSERVED_V1_BATCH,SIMULATED_LEGITIMATE
rr_0007755,False,AUTO_APPROVE,consistent,1e-06,AUTO_APPROVE,False,NOT_REQUESTED,NOT_APPLICABLE,NOT_OBSERVED_V1_BATCH,SIMULATED_LEGITIMATE
rr_0007756,False,AUTO_APPROVE,consistent,1e-06,AUTO_APPROVE,False,NOT_REQUESTED,NOT_APPLICABLE,NOT_OBSERVED_V1_BATCH,SIMULATED_LEGITIMATE
rr_0007757,False,VERIFY,consistent,0.015903002651414404,AUTO_APPROVE,False,consistent,LOW,NOT_OBSERVED_V1_BATCH,SIMULATED_LEGITIMATE
rr_0007758,False,AUTO_APPROVE,consistent,1e-06,AUTO_APPROVE,False,NOT_REQUESTED,NOT_APPLICABLE,NOT_OBSERVED_V1_BATCH,SIMULATED_LEGITIMATE
rr_0007759,False,AUTO_APPROVE,consistent,1e-06,AUTO_APPROVE,False,NOT_REQUESTED,NOT_APPLICABLE,NOT_OBSERVED_V1_BATCH,SIMULATED_LEGITIMATE
rr_0007760,False,AUTO_APPROVE,consistent,1e-06,AUTO_APPROVE,False,NOT_REQUESTED,NOT_APPLICABLE,NOT_OBSERVED_V1_BATCH,SIMULATED_LEGITIMATE
rr_0007761,True,MANUAL_REVIEW,inconsistent,0.999999,MANUAL_REVIEW,True,NOT_REQUESTED,NOT_APPLICABLE,NOT_OBSERVED_V1_BATCH,SIMULATED_ABUSE
rr_0007762,False,AUTO_APPROVE,consistent,1e-06,AUTO_APPROVE,False,NOT_REQUESTED,NOT_APPLICABLE,NOT_OBSERVED_V1_BATCH,SIMULATED_LEGITIMATE
rr_0007763,False,AUTO_APPROVE,consistent,1e-06,AUTO_APPROVE,False,NOT_REQUESTED,NOT_APPLICABLE,NOT_OBSERVED_V1_BATCH,SIMULATED_LEGITIMATE
rr_0007764,False,AUTO_APPROVE,consistent,1e-06,AUTO_APPROVE,False,NOT_REQUESTED,NOT_APPLICABLE,NOT_OBSERVED_V1_BATCH,SIMULATED_LEGITIMATE
rr_0007765,False,AUTO_APPROVE,consistent,1e-06,AUTO_APPROVE,False,NOT_REQUESTED,NOT_APPLICABLE,NOT_OBSERVED_V1_BATCH,SIMULATED_LEGITIMATE
rr_0007766,False,VERIFY,consistent,0.09835176015736281,AUTO_APPROVE,False,consistent,MIDDLE,NOT_OBSERVED_V1_BATCH,SIMULATED_LEGITIMATE
rr_0007767,False,AUTO_APPROVE,consistent,1e-06,AUTO_APPROVE,False,NOT_REQUESTED,NOT_APPLICABLE,NOT_OBSERVED_V1_BATCH,SIMULATED_LEGITIMATE
rr_0007768,False,AUTO_APPROVE,consistent,1e-06,AUTO_APPROVE,False,NOT_REQUESTED,NOT_APPLICABLE,NOT_OBSERVED_V1_BATCH,SIMULATED_LEGITIMATE
rr_0007769,False,AUTO_APPROVE,inconsistent,2.2897734911559113e-05,AUTO_APPROVE,False,NOT_REQUESTED,NOT_APPLICABLE,NOT_OBSERVED_V1_BATCH,SIMULATED_LEGITIMATE
rr_0007770,False,AUTO_APPROVE,consistent,1e-06,AUTO_APPROVE,False,NOT_REQUESTED,NOT_APPLICABLE,NOT_OBSERVED_V1_BATCH,SIMULATED_LEGITIMATE
rr_0007771,False,AUTO_APPROVE,consistent,1e-06,AUTO_APPROVE,False,NOT_REQUESTED,NOT_APPLICABLE,NOT_OBSERVED_V1_BATCH,SIMULATED_LEGITIMATE
rr_0007772,True,MANUAL_REVIEW,inconsistent,0.999999,MANUAL_REVIEW,False,NOT_REQUESTED,NOT_APPLICABLE,NOT_OBSERVED_V1_BATCH,SIMULATED_ABUSE
rr_0007773,False,AUTO_APPROVE,consistent,1e-06,AUTO_APPROVE,False,NOT_REQUESTED,NOT_APPLICABLE,NOT_OBSERVED_V1_BATCH,SIMULATED_LEGITIMATE
rr_0007774,False,AUTO_APPROVE,consistent,1e-06,AUTO_APPROVE,False,NOT_REQUESTED,NOT_APPLICABLE,NOT_OBSERVED_V1_BATCH,SIMULATED_LEGITIMATE
rr_0007775,False,AUTO_APPROVE,consistent,1e-06,AUTO_APPROVE,False,NOT_REQUESTED,NOT_APPLICABLE,NOT_OBSERVED_V1_BATCH,SIMULATED_LEGITIMATE
rr_0007776,True,VERIFY,inconsistent,0.8327165442709169,RETURN_FIRST,False,inconsistent,MIDDLE,NOT_OBSERVED_V1_BATCH,SIMULATED_ABUSE
rr_0007777,False,AUTO_APPROVE,consistent,0.0019793465426276163,AUTO_APPROVE,False,NOT_REQUESTED,NOT_APPLICABLE,NOT_OBSERVED_V1_BATCH,SIMULATED_LEGITIMATE
rr_0007778,False,AUTO_APPROVE,consistent,1e-06,AUTO_APPROVE,False,NOT_REQUESTED,NOT_APPLICABLE,NOT_OBSERVED_V1_BATCH,SIMULATED_LEGITIMATE
rr_0007779,True,AUTO_APPROVE,inconsistent,0.2939506388065649,AUTO_APPROVE,False,NOT_REQUESTED,NOT_APPLICABLE,NOT_OBSERVED_V1_BATCH,SIMULATED_ABUSE
rr_0007780,False,AUTO_APPROVE,consistent,0.004432508937619314,AUTO_APPROVE,False,NOT_REQUESTED,NOT_APPLICABLE,NOT_OBSERVED_V1_BATCH,SIMULATED_LEGITIMATE
rr_0007781,False,AUTO_APPROVE,consistent,1e-06,AUTO_APPROVE,False,NOT_REQUESTED,NOT_APPLICABLE,NOT_OBSERVED_V1_BATCH,SIMULATED_LEGITIMATE
rr_0007782,False,AUTO_APPROVE,consistent,0.0019793465426276163,AUTO_APPROVE,False,NOT_REQUESTED,NOT_APPLICABLE,NOT_OBSERVED_V1_BATCH,SIMULATED_LEGITIMATE
rr_0007783,False,AUTO_APPROVE,consistent,0.004432508937619314,AUTO_APPROVE,False,NOT_REQUESTED,NOT_APPLICABLE,NOT_OBSERVED_V1_BATCH,SIMULATED_LEGITIMATE
rr_0007784,False,AUTO_APPROVE,inconsistent,0.48310313006980515,AUTO_APPROVE,False,NOT_REQUESTED,NOT_APPLICABLE,NOT_OBSERVED_V1_BATCH,SIMULATED_LEGITIMATE
rr_0007785,False,AUTO_APPROVE,consistent,1e-06,AUTO_APPROVE,False,NOT_REQUESTED,NOT_APPLICABLE,NOT_OBSERVED_V1_BATCH,SIMULATED_LEGITIMATE
rr_0007786,False,AUTO_APPROVE,consistent,1e-06,AUTO_APPROVE,False,NOT_REQUESTED,NOT_APPLICABLE,NOT_OBSERVED_V1_BATCH,SIMULATED_LEGITIMATE
rr_0007787,False,AUTO_APPROVE,consistent,1e-06,AUTO_APPROVE,False,NOT_REQUESTED,NOT_APPLICABLE,NOT_OBSERVED_V1_BATCH,SIMULATED_LEGITIMATE
rr_0007788,False,VERIFY,consistent,0.015903002651414404,AUTO_APPROVE,False,consistent,LOW,NOT_OBSERVED_V1_BATCH,SIMULATED_LEGITIMATE
rr_0007789,False,AUTO_APPROVE,consistent,0.0019793465426276163,AUTO_APPROVE,False,NOT_REQUESTED,NOT_APPLICABLE,NOT_OBSERVED_V1_BATCH,SIMULATED_LEGITIMATE
rr_0007790,False,AUTO_APPROVE,consistent,1e-06,AUTO_APPROVE,False,NOT_REQUESTED,NOT_APPLICABLE,NOT_OBSERVED_V1_BATCH,SIMULATED_LEGITIMATE
rr_0007791,True,VERIFY,inconsistent,0.8327165442709169,RETURN_FIRST,False,inconsistent,MIDDLE,NOT_OBSERVED_V1_BATCH,SIMULATED_ABUSE
rr_0007792,False,AUTO_APPROVE,consistent,0.0019793465426276163,AUTO_APPROVE,False,NOT_REQUESTED,NOT_APPLICABLE,NOT_OBSERVED_V1_BATCH,SIMULATED_LEGITIMATE
rr_0007793,False,VERIFY,consistent,0.015903002651414404,AUTO_APPROVE,False,consistent,LOW,NOT_OBSERVED_V1_BATCH,SIMULATED_LEGITIMATE
rr_0007794,False,AUTO_APPROVE,consistent,1e-06,AUTO_APPROVE,False,NOT_REQUESTED,NOT_APPLICABLE,NOT_OBSERVED_V1_BATCH,SIMULATED_LEGITIMATE
rr_0007795,False,AUTO_APPROVE,consistent,1e-06,AUTO_APPROVE,False,NOT_REQUESTED,NOT_APPLICABLE,NOT_OBSERVED_V1_BATCH,SIMULATED_LEGITIMATE
rr_0007796,False,VERIFY,consistent,0.010122729367085073,AUTO_APPROVE,False,consistent,LOW,NOT_OBSERVED_V1_BATCH,SIMULATED_LEGITIMATE
rr_0007797,False,VERIFY,consistent,0.010122729367085073,AUTO_APPROVE,False,consistent,LOW,NOT_OBSERVED_V1_BATCH,SIMULATED_LEGITIMATE
rr_0007798,True,VERIFY,inconsistent,0.8327165442709169,RETURN_FIRST,False,inconsistent,MIDDLE,NOT_OBSERVED_V1_BATCH,SIMULATED_ABUSE
rr_0007799,True,MANUAL_REVIEW,inconsistent,0.999999,MANUAL_REVIEW,True,NOT_REQUESTED,NOT_APPLICABLE,NOT_OBSERVED_V1_BATCH,SIMULATED_ABUSE
rr_0007800,False,AUTO_APPROVE,consistent,1e-06,AUTO_APPROVE,False,NOT_REQUESTED,NOT_APPLICABLE,NOT_OBSERVED_V1_BATCH,SIMULATED_LEGITIMATE
rr_0007801,True,AUTO_APPROVE,inconsistent,0.2939506388065649,AUTO_APPROVE,False,NOT_REQUESTED,NOT_APPLICABLE,NOT_OBSERVED_V1_BATCH,SIMULATED_ABUSE
rr_0007802,False,AUTO_APPROVE,consistent,1e-06,AUTO_APPROVE,False,NOT_REQUESTED,NOT_APPLICABLE,NOT_OBSERVED_V1_BATCH,SIMULATED_LEGITIMATE
rr_0007803,True,VERIFY,inconsistent,0.7723304710434816,RETURN_FIRST,False,inconsistent,MIDDLE,NOT_OBSERVED_V1_BATCH,SIMULATED_ABUSE
rr_0007804,False,AUTO_APPROVE,inconclusive,1.2499996875000778e-06,AUTO_APPROVE,False,NOT_REQUESTED,NOT_APPLICABLE,NOT_OBSERVED_V1_BATCH,SIMULATED_LEGITIMATE
rr_0007805,True,MANUAL_REVIEW,inconsistent,0.999999,MANUAL_REVIEW,False,NOT_REQUESTED,NOT_APPLICABLE,NOT_OBSERVED_V1_BATCH,SIMULATED_ABUSE
rr_0007806,False,AUTO_APPROVE,inconclusive,0.022222222222222223,AUTO_APPROVE,False,NOT_REQUESTED,NOT_APPLICABLE,NOT_OBSERVED_V1_BATCH,SIMULATED_LEGITIMATE
rr_0007807,False,AUTO_APPROVE,consistent,0.0019793465426276163,AUTO_APPROVE,False,NOT_REQUESTED,NOT_APPLICABLE,NOT_OBSERVED_V1_BATCH,SIMULATED_LEGITIMATE
rr_0007808,False,AUTO_APPROVE,consistent,1e-06,AUTO_APPROVE,False,NOT_REQUESTED,NOT_APPLICABLE,NOT_OBSERVED_V1_BATCH,SIMULATED_LEGITIMATE
rr_0007809,False,AUTO_APPROVE,consistent,1e-06,AUTO_APPROVE,False,NOT_REQUESTED,NOT_APPLICABLE,NOT_OBSERVED_V1_BATCH,SIMULATED_LEGITIMATE
rr_0007810,True,MANUAL_REVIEW,inconsistent,0.999999,MANUAL_REVIEW,True,NOT_REQUESTED,NOT_APPLICABLE,NOT_OBSERVED_V1_BATCH,SIMULATED_ABUSE
rr_0007811,True,MANUAL_REVIEW,inconsistent,0.999999,MANUAL_REVIEW,True,NOT_REQUESTED,NOT_APPLICABLE,NOT_OBSERVED_V1_BATCH,SIMULATED_ABUSE
rr_0007812,False,AUTO_APPROVE,consistent,1e-06,AUTO_APPROVE,False,NOT_REQUESTED,NOT_APPLICABLE,NOT_OBSERVED_V1_BATCH,SIMULATED_LEGITIMATE
rr_0007813,False,AUTO_APPROVE,consistent,1e-06,AUTO_APPROVE,False,NOT_REQUESTED,NOT_APPLICABLE,NOT_OBSERVED_V1_BATCH,SIMULATED_LEGITIMATE
rr_0007814,True,MANUAL_REVIEW,inconsistent,0.999999,MANUAL_REVIEW,True,NOT_REQUESTED,NOT_APPLICABLE,NOT_OBSERVED_V1_BATCH,SIMULATED_ABUSE
rr_0007815,False,VERIFY,consistent,0.02316375335874424,AUTO_APPROVE,False,consistent,LOW,NOT_OBSERVED_V1_BATCH,SIMULATED_LEGITIMATE
rr_0007816,False,AUTO_APPROVE,consistent,0.0019793465426276163,AUTO_APPROVE,False,NOT_REQUESTED,NOT_APPLICABLE,NOT_OBSERVED_V1_BATCH,SIMULATED_LEGITIMATE
rr_0007817,True,MANUAL_REVIEW,inconsistent,0.999999,MANUAL_REVIEW,True,NOT_REQUESTED,NOT_APPLICABLE,NOT_OBSERVED_V1_BATCH,SIMULATED_ABUSE
rr_0007818,False,AUTO_APPROVE,consistent,0.004432508937619314,AUTO_APPROVE,False,NOT_REQUESTED,NOT_APPLICABLE,NOT_OBSERVED_V1_BATCH,SIMULATED_LEGITIMATE
rr_0007819,False,AUTO_APPROVE,consistent,1e-06,AUTO_APPROVE,False,NOT_REQUESTED,NOT_APPLICABLE,NOT_OBSERVED_V1_BATCH,SIMULATED_LEGITIMATE
rr_0007820,False,AUTO_APPROVE,consistent,1e-06,AUTO_APPROVE,False,NOT_REQUESTED,NOT_APPLICABLE,NOT_OBSERVED_V1_BATCH,SIMULATED_LEGITIMATE
rr_0007821,False,AUTO_APPROVE,consistent,0.0019793465426276163,AUTO_APPROVE,False,NOT_REQUESTED,NOT_APPLICABLE,NOT_OBSERVED_V1_BATCH,SIMULATED_LEGITIMATE
rr_0007822,False,VERIFY,consistent,0.010122729367085073,AUTO_APPROVE,False,consistent,LOW,NOT_OBSERVED_V1_BATCH,SIMULATED_LEGITIMATE
rr_0007823,False,AUTO_APPROVE,consistent,1e-06,AUTO_APPROVE,False,NOT_REQUESTED,NOT_APPLICABLE,NOT_OBSERVED_V1_BATCH,SIMULATED_LEGITIMATE
rr_0007824,False,AUTO_APPROVE,consistent,1e-06,AUTO_APPROVE,False,NOT_REQUESTED,NOT_APPLICABLE,NOT_OBSERVED_V1_BATCH,SIMULATED_LEGITIMATE
rr_0007825,False,AUTO_APPROVE,consistent,1e-06,AUTO_APPROVE,False,NOT_REQUESTED,NOT_APPLICABLE,NOT_OBSERVED_V1_BATCH,SIMULATED_LEGITIMATE
rr_0007826,False,AUTO_APPROVE,consistent,0.0019793465426276163,AUTO_APPROVE,False,NOT_REQUESTED,NOT_APPLICABLE,NOT_OBSERVED_V1_BATCH,SIMULATED_LEGITIMATE
rr_0007827,True,MANUAL_REVIEW,inconsistent,0.999999,MANUAL_REVIEW,False,NOT_REQUESTED,NOT_APPLICABLE,NOT_OBSERVED_V1_BATCH,SIMULATED_ABUSE
rr_0007828,False,AUTO_APPROVE,consistent,1e-06,AUTO_APPROVE,False,NOT_REQUESTED,NOT_APPLICABLE,NOT_OBSERVED_V1_BATCH,SIMULATED_LEGITIMATE
rr_0007829,False,AUTO_APPROVE,consistent,1e-06,AUTO_APPROVE,False,NOT_REQUESTED,NOT_APPLICABLE,NOT_OBSERVED_V1_BATCH,SIMULATED_LEGITIMATE
rr_0007830,False,AUTO_APPROVE,consistent,1e-06,AUTO_APPROVE,False,NOT_REQUESTED,NOT_APPLICABLE,NOT_OBSERVED_V1_BATCH,SIMULATED_LEGITIMATE
rr_0007831,False,AUTO_APPROVE,consistent,0.0019793465426276163,AUTO_APPROVE,False,NOT_REQUESTED,NOT_APPLICABLE,NOT_OBSERVED_V1_BATCH,SIMULATED_LEGITIMATE
rr_0007832,False,AUTO_APPROVE,consistent,1e-06,AUTO_APPROVE,False,NOT_REQUESTED,NOT_APPLICABLE,NOT_OBSERVED_V1_BATCH,SIMULATED_LEGITIMATE
rr_0007833,False,AUTO_APPROVE,consistent,1e-06,AUTO_APPROVE,False,NOT_REQUESTED,NOT_APPLICABLE,NOT_OBSERVED_V1_BATCH,SIMULATED_LEGITIMATE
rr_0007834,False,AUTO_APPROVE,inconclusive,0.04854368932038835,AUTO_APPROVE,False,NOT_REQUESTED,NOT_APPLICABLE,NOT_OBSERVED_V1_BATCH,SIMULATED_LEGITIMATE
rr_0007835,False,AUTO_APPROVE,consistent,0.0019793465426276163,AUTO_APPROVE,False,NOT_REQUESTED,NOT_APPLICABLE,NOT_OBSERVED_V1_BATCH,SIMULATED_LEGITIMATE
rr_0007836,False,AUTO_APPROVE,inconclusive,0.04854368932038835,AUTO_APPROVE,False,NOT_REQUESTED,NOT_APPLICABLE,NOT_OBSERVED_V1_BATCH,SIMULATED_LEGITIMATE
rr_0007837,False,VERIFY,consistent,0.011165594414427537,AUTO_APPROVE,False,consistent,LOW,NOT_OBSERVED_V1_BATCH,SIMULATED_LEGITIMATE
rr_0007838,False,AUTO_APPROVE,consistent,0.0019793465426276163,AUTO_APPROVE,False,NOT_REQUESTED,NOT_APPLICABLE,NOT_OBSERVED_V1_BATCH,SIMULATED_LEGITIMATE
rr_0007839,False,AUTO_APPROVE,consistent,1e-06,AUTO_APPROVE,False,NOT_REQUESTED,NOT_APPLICABLE,NOT_OBSERVED_V1_BATCH,SIMULATED_LEGITIMATE
rr_0007840,False,AUTO_APPROVE,consistent,1e-06,AUTO_APPROVE,False,NOT_REQUESTED,NOT_APPLICABLE,NOT_OBSERVED_V1_BATCH,SIMULATED_LEGITIMATE
rr_0007841,False,AUTO_APPROVE,consistent,0.004432508937619314,AUTO_APPROVE,False,NOT_REQUESTED,NOT_APPLICABLE,NOT_OBSERVED_V1_BATCH,SIMULATED_LEGITIMATE
rr_0007842,False,AUTO_APPROVE,consistent,0.0019793465426276163,AUTO_APPROVE,False,NOT_REQUESTED,NOT_APPLICABLE,NOT_OBSERVED_V1_BATCH,SIMULATED_LEGITIMATE
rr_0007843,False,AUTO_APPROVE,consistent,1e-06,AUTO_APPROVE,False,NOT_REQUESTED,NOT_APPLICABLE,NOT_OBSERVED_V1_BATCH,SIMULATED_LEGITIMATE
rr_0007844,False,AUTO_APPROVE,consistent,0.0019793465426276163,AUTO_APPROVE,False,NOT_REQUESTED,NOT_APPLICABLE,NOT_OBSERVED_V1_BATCH,SIMULATED_LEGITIMATE
rr_0007845,False,AUTO_APPROVE,consistent,1e-06,AUTO_APPROVE,False,NOT_REQUESTED,NOT_APPLICABLE,NOT_OBSERVED_V1_BATCH,SIMULATED_LEGITIMATE
rr_0007846,False,AUTO_APPROVE,consistent,1e-06,AUTO_APPROVE,False,NOT_REQUESTED,NOT_APPLICABLE,NOT_OBSERVED_V1_BATCH,SIMULATED_LEGITIMATE
rr_0007847,True,VERIFY,inconsistent,0.8327165442709169,RETURN_FIRST,False,inconsistent,MIDDLE,NOT_OBSERVED_V1_BATCH,SIMULATED_ABUSE
rr_0007848,False,AUTO_APPROVE,consistent,1e-06,AUTO_APPROVE,False,NOT_REQUESTED,NOT_APPLICABLE,NOT_OBSERVED_V1_BATCH,SIMULATED_LEGITIMATE
rr_0007849,False,AUTO_APPROVE,consistent,1e-06,AUTO_APPROVE,False,NOT_REQUESTED,NOT_APPLICABLE,NOT_OBSERVED_V1_BATCH,SIMULATED_LEGITIMATE
rr_0007850,True,MANUAL_REVIEW,inconsistent,0.999999,MANUAL_REVIEW,True,NOT_REQUESTED,NOT_APPLICABLE,NOT_OBSERVED_V1_BATCH,SIMULATED_ABUSE
rr_0007851,False,AUTO_APPROVE,consistent,1e-06,AUTO_APPROVE,False,NOT_REQUESTED,NOT_APPLICABLE,NOT_OBSERVED_V1_BATCH,SIMULATED_LEGITIMATE
rr_0007852,False,AUTO_APPROVE,consistent,1e-06,AUTO_APPROVE,False,NOT_REQUESTED,NOT_APPLICABLE,NOT_OBSERVED_V1_BATCH,SIMULATED_LEGITIMATE
rr_0007853,False,AUTO_APPROVE,consistent,0.0019793465426276163,AUTO_APPROVE,False,NOT_REQUESTED,NOT_APPLICABLE,NOT_OBSERVED_V1_BATCH,SIMULATED_LEGITIMATE
rr_0007854,False,AUTO_APPROVE,consistent,1e-06,AUTO_APPROVE,False,NOT_REQUESTED,NOT_APPLICABLE,NOT_OBSERVED_V1_BATCH,SIMULATED_LEGITIMATE
rr_0007855,False,AUTO_APPROVE,consistent,0.0019793465426276163,AUTO_APPROVE,False,NOT_REQUESTED,NOT_APPLICABLE,NOT_OBSERVED_V1_BATCH,SIMULATED_LEGITIMATE
rr_0007856,True,MANUAL_REVIEW,inconsistent,0.999999,MANUAL_REVIEW,True,NOT_REQUESTED,NOT_APPLICABLE,NOT_OBSERVED_V1_BATCH,SIMULATED_ABUSE
rr_0007857,True,VERIFY,inconsistent,0.7723304710434816,RETURN_FIRST,False,inconsistent,MIDDLE,NOT_OBSERVED_V1_BATCH,SIMULATED_ABUSE
rr_0007858,False,AUTO_APPROVE,inconclusive,1.2499996875000778e-06,AUTO_APPROVE,False,NOT_REQUESTED,NOT_APPLICABLE,NOT_OBSERVED_V1_BATCH,SIMULATED_LEGITIMATE
rr_0007859,False,VERIFY,consistent,0.015903002651414404,AUTO_APPROVE,False,consistent,LOW,NOT_OBSERVED_V1_BATCH,SIMULATED_LEGITIMATE
rr_0007860,False,AUTO_APPROVE,consistent,0.0019793465426276163,AUTO_APPROVE,False,NOT_REQUESTED,NOT_APPLICABLE,NOT_OBSERVED_V1_BATCH,SIMULATED_LEGITIMATE
rr_0007861,False,VERIFY,consistent,0.015903002651414404,AUTO_APPROVE,False,consistent,LOW,NOT_OBSERVED_V1_BATCH,SIMULATED_LEGITIMATE
rr_0007862,False,AUTO_APPROVE,consistent,1e-06,AUTO_APPROVE,False,NOT_REQUESTED,NOT_APPLICABLE,NOT_OBSERVED_V1_BATCH,SIMULATED_LEGITIMATE
rr_0007863,False,AUTO_APPROVE,consistent,1e-06,AUTO_APPROVE,False,NOT_REQUESTED,NOT_APPLICABLE,NOT_OBSERVED_V1_BATCH,SIMULATED_LEGITIMATE
rr_0007864,False,AUTO_APPROVE,consistent,1e-06,AUTO_APPROVE,False,NOT_REQUESTED,NOT_APPLICABLE,NOT_OBSERVED_V1_BATCH,SIMULATED_LEGITIMATE
rr_0007865,False,VERIFY,consistent,0.015903002651414404,AUTO_APPROVE,False,consistent,LOW,NOT_OBSERVED_V1_BATCH,SIMULATED_LEGITIMATE
rr_0007866,False,AUTO_APPROVE,consistent,1e-06,AUTO_APPROVE,False,NOT_REQUESTED,NOT_APPLICABLE,NOT_OBSERVED_V1_BATCH,SIMULATED_LEGITIMATE
rr_0007867,True,MANUAL_REVIEW,inconsistent,0.999999,MANUAL_REVIEW,True,NOT_REQUESTED,NOT_APPLICABLE,NOT_OBSERVED_V1_BATCH,SIMULATED_ABUSE
rr_0007868,False,AUTO_APPROVE,consistent,1e-06,AUTO_APPROVE,False,NOT_REQUESTED,NOT_APPLICABLE,NOT_OBSERVED_V1_BATCH,SIMULATED_LEGITIMATE
rr_0007869,False,AUTO_APPROVE,consistent,1e-06,AUTO_APPROVE,False,NOT_REQUESTED,NOT_APPLICABLE,NOT_OBSERVED_V1_BATCH,SIMULATED_LEGITIMATE
rr_0007870,False,AUTO_APPROVE,consistent,1e-06,AUTO_APPROVE,False,NOT_REQUESTED,NOT_APPLICABLE,NOT_OBSERVED_V1_BATCH,SIMULATED_LEGITIMATE
rr_0007871,False,AUTO_APPROVE,consistent,1e-06,AUTO_APPROVE,False,NOT_REQUESTED,NOT_APPLICABLE,NOT_OBSERVED_V1_BATCH,SIMULATED_LEGITIMATE
rr_0007872,False,AUTO_APPROVE,consistent,1e-06,AUTO_APPROVE,False,NOT_REQUESTED,NOT_APPLICABLE,NOT_OBSERVED_V1_BATCH,SIMULATED_LEGITIMATE
rr_0007873,False,AUTO_APPROVE,consistent,1e-06,AUTO_APPROVE,False,NOT_REQUESTED,NOT_APPLICABLE,NOT_OBSERVED_V1_BATCH,SIMULATED_LEGITIMATE
rr_0007874,False,AUTO_APPROVE,consistent,0.0019793465426276163,AUTO_APPROVE,False,NOT_REQUESTED,NOT_APPLICABLE,NOT_OBSERVED_V1_BATCH,SIMULATED_LEGITIMATE
rr_0007875,False,AUTO_APPROVE,consistent,0.0019793465426276163,AUTO_APPROVE,False,NOT_REQUESTED,NOT_APPLICABLE,NOT_OBSERVED_V1_BATCH,SIMULATED_LEGITIMATE
rr_0007876,False,AUTO_APPROVE,consistent,0.0019793465426276163,AUTO_APPROVE,False,NOT_REQUESTED,NOT_APPLICABLE,NOT_OBSERVED_V1_BATCH,SIMULATED_LEGITIMATE
rr_0007877,False,AUTO_APPROVE,consistent,1e-06,AUTO_APPROVE,False,NOT_REQUESTED,NOT_APPLICABLE,NOT_OBSERVED_V1_BATCH,SIMULATED_LEGITIMATE
rr_0007878,False,AUTO_APPROVE,consistent,1e-06,AUTO_APPROVE,False,NOT_REQUESTED,NOT_APPLICABLE,NOT_OBSERVED_V1_BATCH,SIMULATED_LEGITIMATE
rr_0007879,True,AUTO_APPROVE,consistent,0.0019793465426276163,AUTO_APPROVE,False,NOT_REQUESTED,NOT_APPLICABLE,NOT_OBSERVED_V1_BATCH,SIMULATED_ABUSE
rr_0007880,True,AUTO_APPROVE,inconsistent,2.2897734911559113e-05,AUTO_APPROVE,False,NOT_REQUESTED,NOT_APPLICABLE,NOT_OBSERVED_V1_BATCH,SIMULATED_ABUSE
rr_0007881,False,AUTO_APPROVE,consistent,1e-06,AUTO_APPROVE,False,NOT_REQUESTED,NOT_APPLICABLE,NOT_OBSERVED_V1_BATCH,SIMULATED_LEGITIMATE
rr_0007882,False,AUTO_APPROVE,consistent,1e-06,AUTO_APPROVE,False,NOT_REQUESTED,NOT_APPLICABLE,NOT_OBSERVED_V1_BATCH,SIMULATED_LEGITIMATE
rr_0007883,False,AUTO_APPROVE,consistent,1e-06,AUTO_APPROVE,False,NOT_REQUESTED,NOT_APPLICABLE,NOT_OBSERVED_V1_BATCH,SIMULATED_LEGITIMATE
rr_0007884,False,AUTO_APPROVE,inconclusive,1.2499996875000778e-06,AUTO_APPROVE,False,NOT_REQUESTED,NOT_APPLICABLE,NOT_OBSERVED_V1_BATCH,SIMULATED_LEGITIMATE
rr_0007885,False,AUTO_APPROVE,consistent,1e-06,AUTO_APPROVE,False,NOT_REQUESTED,NOT_APPLICABLE,NOT_OBSERVED_V1_BATCH,SIMULATED_LEGITIMATE
rr_0007886,False,AUTO_APPROVE,consistent,1e-06,AUTO_APPROVE,False,NOT_REQUESTED,NOT_APPLICABLE,NOT_OBSERVED_V1_BATCH,SIMULATED_LEGITIMATE
rr_0007887,False,AUTO_APPROVE,consistent,1e-06,AUTO_APPROVE,False,NOT_REQUESTED,NOT_APPLICABLE,NOT_OBSERVED_V1_BATCH,SIMULATED_LEGITIMATE
rr_0007888,False,AUTO_APPROVE,consistent,1e-06,AUTO_APPROVE,False,NOT_REQUESTED,NOT_APPLICABLE,NOT_OBSERVED_V1_BATCH,SIMULATED_LEGITIMATE
rr_0007889,False,AUTO_APPROVE,consistent,1e-06,AUTO_APPROVE,False,NOT_REQUESTED,NOT_APPLICABLE,NOT_OBSERVED_V1_BATCH,SIMULATED_LEGITIMATE
rr_0007890,False,AUTO_APPROVE,consistent,1e-06,AUTO_APPROVE,False,NOT_REQUESTED,NOT_APPLICABLE,NOT_OBSERVED_V1_BATCH,SIMULATED_LEGITIMATE
rr_0007891,False,AUTO_APPROVE,consistent,1e-06,AUTO_APPROVE,False,NOT_REQUESTED,NOT_APPLICABLE,NOT_OBSERVED_V1_BATCH,SIMULATED_LEGITIMATE
rr_0007892,False,AUTO_APPROVE,consistent,0.0019793465426276163,AUTO_APPROVE,False,NOT_REQUESTED,NOT_APPLICABLE,NOT_OBSERVED_V1_BATCH,SIMULATED_LEGITIMATE
rr_0007893,False,AUTO_APPROVE,inconclusive,0.022222222222222223,AUTO_APPROVE,False,NOT_REQUESTED,NOT_APPLICABLE,NOT_OBSERVED_V1_BATCH,SIMULATED_LEGITIMATE
rr_0007894,False,AUTO_APPROVE,consistent,1e-06,AUTO_APPROVE,False,NOT_REQUESTED,NOT_APPLICABLE,NOT_OBSERVED_V1_BATCH,SIMULATED_LEGITIMATE
rr_0007895,False,AUTO_APPROVE,consistent,0.0019793465426276163,AUTO_APPROVE,False,NOT_REQUESTED,NOT_APPLICABLE,NOT_OBSERVED_V1_BATCH,SIMULATED_LEGITIMATE
rr_0007896,False,AUTO_APPROVE,consistent,1e-06,AUTO_APPROVE,False,NOT_REQUESTED,NOT_APPLICABLE,NOT_OBSERVED_V1_BATCH,SIMULATED_LEGITIMATE
rr_0007897,False,AUTO_APPROVE,consistent,0.004432508937619314,AUTO_APPROVE,False,NOT_REQUESTED,NOT_APPLICABLE,NOT_OBSERVED_V1_BATCH,SIMULATED_LEGITIMATE
rr_0007898,True,MANUAL_REVIEW,inconsistent,0.999999,MANUAL_REVIEW,True,NOT_REQUESTED,NOT_APPLICABLE,NOT_OBSERVED_V1_BATCH,SIMULATED_ABUSE
rr_0007899,False,AUTO_APPROVE,consistent,1e-06,AUTO_APPROVE,False,NOT_REQUESTED,NOT_APPLICABLE,NOT_OBSERVED_V1_BATCH,SIMULATED_LEGITIMATE
rr_0007900,False,AUTO_APPROVE,consistent,1e-06,AUTO_APPROVE,False,NOT_REQUESTED,NOT_APPLICABLE,NOT_OBSERVED_V1_BATCH,SIMULATED_LEGITIMATE
rr_0007901,False,AUTO_APPROVE,inconsistent,2.2897734911559113e-05,AUTO_APPROVE,False,NOT_REQUESTED,NOT_APPLICABLE,NOT_OBSERVED_V1_BATCH,SIMULATED_LEGITIMATE
rr_0007902,False,AUTO_APPROVE,consistent,1e-06,AUTO_APPROVE,False,NOT_REQUESTED,NOT_APPLICABLE,NOT_OBSERVED_V1_BATCH,SIMULATED_LEGITIMATE
rr_0007903,False,AUTO_APPROVE,consistent,1e-06,AUTO_APPROVE,False,NOT_REQUESTED,NOT_APPLICABLE,NOT_OBSERVED_V1_BATCH,SIMULATED_LEGITIMATE
rr_0007904,False,AUTO_APPROVE,consistent,1e-06,AUTO_APPROVE,False,NOT_REQUESTED,NOT_APPLICABLE,NOT_OBSERVED_V1_BATCH,SIMULATED_LEGITIMATE
rr_0007905,False,VERIFY,consistent,0.02316375335874424,AUTO_APPROVE,False,consistent,LOW,NOT_OBSERVED_V1_BATCH,SIMULATED_LEGITIMATE
rr_0007906,False,AUTO_APPROVE,consistent,0.004432508937619314,AUTO_APPROVE,False,NOT_REQUESTED,NOT_APPLICABLE,NOT_OBSERVED_V1_BATCH,SIMULATED_LEGITIMATE
rr_0007907,False,AUTO_APPROVE,consistent,1e-06,AUTO_APPROVE,False,NOT_REQUESTED,NOT_APPLICABLE,NOT_OBSERVED_V1_BATCH,SIMULATED_LEGITIMATE
rr_0007908,False,AUTO_APPROVE,consistent,1e-06,AUTO_APPROVE,False,NOT_REQUESTED,NOT_APPLICABLE,NOT_OBSERVED_V1_BATCH,SIMULATED_LEGITIMATE
rr_0007909,False,AUTO_APPROVE,inconsistent,0.48310313006980515,AUTO_APPROVE,False,NOT_REQUESTED,NOT_APPLICABLE,NOT_OBSERVED_V1_BATCH,SIMULATED_LEGITIMATE
rr_0007910,False,VERIFY,inconsistent,0.6822077314739403,RETURN_FIRST,False,inconsistent,MIDDLE,NOT_OBSERVED_V1_BATCH,SIMULATED_LEGITIMATE
rr_0007911,False,AUTO_APPROVE,consistent,1e-06,AUTO_APPROVE,False,NOT_REQUESTED,NOT_APPLICABLE,NOT_OBSERVED_V1_BATCH,SIMULATED_LEGITIMATE
rr_0007912,False,VERIFY,consistent,0.010122729367085073,AUTO_APPROVE,False,consistent,LOW,NOT_OBSERVED_V1_BATCH,SIMULATED_LEGITIMATE
rr_0007913,False,AUTO_APPROVE,inconsistent,2.2897734911559113e-05,AUTO_APPROVE,False,NOT_REQUESTED,NOT_APPLICABLE,NOT_OBSERVED_V1_BATCH,SIMULATED_LEGITIMATE
rr_0007914,False,VERIFY,consistent,0.09835176015736281,AUTO_APPROVE,False,consistent,MIDDLE,NOT_OBSERVED_V1_BATCH,SIMULATED_LEGITIMATE
rr_0007915,False,AUTO_APPROVE,consistent,1e-06,AUTO_APPROVE,False,NOT_REQUESTED,NOT_APPLICABLE,NOT_OBSERVED_V1_BATCH,SIMULATED_LEGITIMATE
rr_0007916,False,AUTO_APPROVE,consistent,0.0019793465426276163,AUTO_APPROVE,False,NOT_REQUESTED,NOT_APPLICABLE,NOT_OBSERVED_V1_BATCH,SIMULATED_LEGITIMATE
rr_0007917,True,VERIFY,inconsistent,0.7723304710434816,RETURN_FIRST,False,inconsistent,MIDDLE,NOT_OBSERVED_V1_BATCH,SIMULATED_ABUSE
rr_0007918,False,AUTO_APPROVE,consistent,1e-06,AUTO_APPROVE,False,NOT_REQUESTED,NOT_APPLICABLE,NOT_OBSERVED_V1_BATCH,SIMULATED_LEGITIMATE
rr_0007919,False,AUTO_APPROVE,consistent,1e-06,AUTO_APPROVE,False,NOT_REQUESTED,NOT_APPLICABLE,NOT_OBSERVED_V1_BATCH,SIMULATED_LEGITIMATE
rr_0007920,False,VERIFY,consistent,0.010122729367085073,AUTO_APPROVE,False,consistent,LOW,NOT_OBSERVED_V1_BATCH,SIMULATED_LEGITIMATE
rr_0007921,False,AUTO_APPROVE,consistent,0.0019793465426276163,AUTO_APPROVE,False,NOT_REQUESTED,NOT_APPLICABLE,NOT_OBSERVED_V1_BATCH,SIMULATED_LEGITIMATE
rr_0007922,False,AUTO_APPROVE,consistent,1e-06,AUTO_APPROVE,False,NOT_REQUESTED,NOT_APPLICABLE,NOT_OBSERVED_V1_BATCH,SIMULATED_LEGITIMATE
rr_0007923,False,AUTO_APPROVE,consistent,0.0019793465426276163,AUTO_APPROVE,False,NOT_REQUESTED,NOT_APPLICABLE,NOT_OBSERVED_V1_BATCH,SIMULATED_LEGITIMATE
rr_0007924,False,AUTO_APPROVE,consistent,1e-06,AUTO_APPROVE,False,NOT_REQUESTED,NOT_APPLICABLE,NOT_OBSERVED_V1_BATCH,SIMULATED_LEGITIMATE
rr_0007925,False,AUTO_APPROVE,consistent,0.004432508937619314,AUTO_APPROVE,False,NOT_REQUESTED,NOT_APPLICABLE,NOT_OBSERVED_V1_BATCH,SIMULATED_LEGITIMATE
rr_0007926,False,AUTO_APPROVE,consistent,1e-06,AUTO_APPROVE,False,NOT_REQUESTED,NOT_APPLICABLE,NOT_OBSERVED_V1_BATCH,SIMULATED_LEGITIMATE
rr_0007927,False,AUTO_APPROVE,consistent,1e-06,AUTO_APPROVE,False,NOT_REQUESTED,NOT_APPLICABLE,NOT_OBSERVED_V1_BATCH,SIMULATED_LEGITIMATE
rr_0007928,False,AUTO_APPROVE,inconsistent,2.2897734911559113e-05,AUTO_APPROVE,False,NOT_REQUESTED,NOT_APPLICABLE,NOT_OBSERVED_V1_BATCH,SIMULATED_LEGITIMATE
rr_0007929,False,AUTO_APPROVE,consistent,1e-06,AUTO_APPROVE,False,NOT_REQUESTED,NOT_APPLICABLE,NOT_OBSERVED_V1_BATCH,SIMULATED_LEGITIMATE
rr_0007930,False,AUTO_APPROVE,consistent,0.004432508937619314,AUTO_APPROVE,False,NOT_REQUESTED,NOT_APPLICABLE,NOT_OBSERVED_V1_BATCH,SIMULATED_LEGITIMATE
rr_0007931,False,VERIFY,consistent,0.010122729367085073,AUTO_APPROVE,False,consistent,LOW,NOT_OBSERVED_V1_BATCH,SIMULATED_LEGITIMATE
rr_0007932,False,AUTO_APPROVE,consistent,1e-06,AUTO_APPROVE,False,NOT_REQUESTED,NOT_APPLICABLE,NOT_OBSERVED_V1_BATCH,SIMULATED_LEGITIMATE
rr_0007933,False,MANUAL_REVIEW,consistent,0.9999908324886693,MANUAL_REVIEW,False,NOT_REQUESTED,NOT_APPLICABLE,NOT_OBSERVED_V1_BATCH,SIMULATED_LEGITIMATE
rr_0007934,False,AUTO_APPROVE,consistent,1e-06,AUTO_APPROVE,False,NOT_REQUESTED,NOT_APPLICABLE,NOT_OBSERVED_V1_BATCH,SIMULATED_LEGITIMATE
rr_0007935,False,AUTO_APPROVE,consistent,1e-06,AUTO_APPROVE,False,NOT_REQUESTED,NOT_APPLICABLE,NOT_OBSERVED_V1_BATCH,SIMULATED_LEGITIMATE
rr_0007936,False,AUTO_APPROVE,consistent,1e-06,AUTO_APPROVE,False,NOT_REQUESTED,NOT_APPLICABLE,NOT_OBSERVED_V1_BATCH,SIMULATED_LEGITIMATE
rr_0007937,False,AUTO_APPROVE,consistent,1e-06,AUTO_APPROVE,False,NOT_REQUESTED,NOT_APPLICABLE,NOT_OBSERVED_V1_BATCH,SIMULATED_LEGITIMATE
rr_0007938,False,VERIFY,consistent,0.09835176015736281,AUTO_APPROVE,False,consistent,MIDDLE,NOT_OBSERVED_V1_BATCH,SIMULATED_LEGITIMATE
rr_0007939,False,VERIFY,consistent,0.02316375335874424,AUTO_APPROVE,False,consistent,LOW,NOT_OBSERVED_V1_BATCH,SIMULATED_LEGITIMATE
rr_0007940,False,AUTO_APPROVE,consistent,0.0019793465426276163,AUTO_APPROVE,False,NOT_REQUESTED,NOT_APPLICABLE,NOT_OBSERVED_V1_BATCH,SIMULATED_LEGITIMATE
rr_0007941,True,VERIFY,inconclusive,0.1048951048951049,RETURN_FIRST,False,inconclusive,MIDDLE,NOT_OBSERVED_V1_BATCH,SIMULATED_ABUSE
rr_0007942,False,AUTO_APPROVE,consistent,1e-06,AUTO_APPROVE,False,NOT_REQUESTED,NOT_APPLICABLE,NOT_OBSERVED_V1_BATCH,SIMULATED_LEGITIMATE
rr_0007943,False,AUTO_APPROVE,consistent,1e-06,AUTO_APPROVE,False,NOT_REQUESTED,NOT_APPLICABLE,NOT_OBSERVED_V1_BATCH,SIMULATED_LEGITIMATE
rr_0007944,False,AUTO_APPROVE,consistent,1e-06,AUTO_APPROVE,False,NOT_REQUESTED,NOT_APPLICABLE,NOT_OBSERVED_V1_BATCH,SIMULATED_LEGITIMATE
rr_0007945,False,AUTO_APPROVE,consistent,1e-06,AUTO_APPROVE,False,NOT_REQUESTED,NOT_APPLICABLE,NOT_OBSERVED_V1_BATCH,SIMULATED_LEGITIMATE
rr_0007946,False,AUTO_APPROVE,inconclusive,1.2499996875000778e-06,AUTO_APPROVE,False,NOT_REQUESTED,NOT_APPLICABLE,NOT_OBSERVED_V1_BATCH,SIMULATED_LEGITIMATE
rr_0007947,False,VERIFY,consistent,0.010122729367085073,AUTO_APPROVE,False,consistent,LOW,NOT_OBSERVED_V1_BATCH,SIMULATED_LEGITIMATE
rr_0007948,False,AUTO_APPROVE,consistent,1e-06,AUTO_APPROVE,False,NOT_REQUESTED,NOT_APPLICABLE,NOT_OBSERVED_V1_BATCH,SIMULATED_LEGITIMATE
rr_0007949,False,AUTO_APPROVE,consistent,1e-06,AUTO_APPROVE,False,NOT_REQUESTED,NOT_APPLICABLE,NOT_OBSERVED_V1_BATCH,SIMULATED_LEGITIMATE
rr_0007950,False,VERIFY,consistent,0.015903002651414404,AUTO_APPROVE,False,consistent,LOW,NOT_OBSERVED_V1_BATCH,SIMULATED_LEGITIMATE
rr_0007951,False,AUTO_APPROVE,inconsistent,2.2897734911559113e-05,AUTO_APPROVE,False,NOT_REQUESTED,NOT_APPLICABLE,NOT_OBSERVED_V1_BATCH,SIMULATED_LEGITIMATE
rr_0007952,False,AUTO_APPROVE,consistent,1e-06,AUTO_APPROVE,False,NOT_REQUESTED,NOT_APPLICABLE,NOT_OBSERVED_V1_BATCH,SIMULATED_LEGITIMATE
rr_0007953,False,AUTO_APPROVE,consistent,1e-06,AUTO_APPROVE,False,NOT_REQUESTED,NOT_APPLICABLE,NOT_OBSERVED_V1_BATCH,SIMULATED_LEGITIMATE
rr_0007954,True,VERIFY,inconsistent,0.958155907987277,RETURN_FIRST,False,inconsistent,MIDDLE,NOT_OBSERVED_V1_BATCH,SIMULATED_ABUSE
rr_0007955,False,AUTO_APPROVE,consistent,1e-06,AUTO_APPROVE,False,NOT_REQUESTED,NOT_APPLICABLE,NOT_OBSERVED_V1_BATCH,SIMULATED_LEGITIMATE
rr_0007956,False,VERIFY,consistent,0.015903002651414404,AUTO_APPROVE,False,consistent,LOW,NOT_OBSERVED_V1_BATCH,SIMULATED_LEGITIMATE
rr_0007957,False,AUTO_APPROVE,consistent,1e-06,AUTO_APPROVE,False,NOT_REQUESTED,NOT_APPLICABLE,NOT_OBSERVED_V1_BATCH,SIMULATED_LEGITIMATE
rr_0007958,False,AUTO_APPROVE,inconclusive,1.2499996875000778e-06,AUTO_APPROVE,False,NOT_REQUESTED,NOT_APPLICABLE,NOT_OBSERVED_V1_BATCH,SIMULATED_LEGITIMATE
rr_0007959,False,AUTO_APPROVE,consistent,1e-06,AUTO_APPROVE,False,NOT_REQUESTED,NOT_APPLICABLE,NOT_OBSERVED_V1_BATCH,SIMULATED_LEGITIMATE
rr_0007960,False,AUTO_APPROVE,consistent,1e-06,AUTO_APPROVE,False,NOT_REQUESTED,NOT_APPLICABLE,NOT_OBSERVED_V1_BATCH,SIMULATED_LEGITIMATE
rr_0007961,False,AUTO_APPROVE,consistent,1e-06,AUTO_APPROVE,False,NOT_REQUESTED,NOT_APPLICABLE,NOT_OBSERVED_V1_BATCH,SIMULATED_LEGITIMATE
rr_0007962,False,AUTO_APPROVE,consistent,0.004432508937619314,AUTO_APPROVE,False,NOT_REQUESTED,NOT_APPLICABLE,NOT_OBSERVED_V1_BATCH,SIMULATED_LEGITIMATE
rr_0007963,False,AUTO_APPROVE,consistent,1e-06,AUTO_APPROVE,False,NOT_REQUESTED,NOT_APPLICABLE,NOT_OBSERVED_V1_BATCH,SIMULATED_LEGITIMATE
rr_0007964,False,AUTO_APPROVE,consistent,0.0019793465426276163,AUTO_APPROVE,False,NOT_REQUESTED,NOT_APPLICABLE,NOT_OBSERVED_V1_BATCH,SIMULATED_LEGITIMATE
rr_0007965,False,AUTO_APPROVE,consistent,1e-06,AUTO_APPROVE,False,NOT_REQUESTED,NOT_APPLICABLE,NOT_OBSERVED_V1_BATCH,SIMULATED_LEGITIMATE
rr_0007966,False,VERIFY,consistent,0.010122729367085073,AUTO_APPROVE,False,consistent,LOW,NOT_OBSERVED_V1_BATCH,SIMULATED_LEGITIMATE
rr_0007967,False,AUTO_APPROVE,consistent,1e-06,AUTO_APPROVE,False,NOT_REQUESTED,NOT_APPLICABLE,NOT_OBSERVED_V1_BATCH,SIMULATED_LEGITIMATE
rr_0007968,True,AUTO_APPROVE,inconclusive,0.04854368932038835,AUTO_APPROVE,False,NOT_REQUESTED,NOT_APPLICABLE,NOT_OBSERVED_V1_BATCH,SIMULATED_ABUSE
rr_0007969,False,AUTO_APPROVE,consistent,0.0019793465426276163,AUTO_APPROVE,False,NOT_REQUESTED,NOT_APPLICABLE,NOT_OBSERVED_V1_BATCH,SIMULATED_LEGITIMATE
rr_0007970,False,AUTO_APPROVE,consistent,0.0019793465426276163,AUTO_APPROVE,False,NOT_REQUESTED,NOT_APPLICABLE,NOT_OBSERVED_V1_BATCH,SIMULATED_LEGITIMATE
rr_0007971,False,AUTO_APPROVE,consistent,1e-06,AUTO_APPROVE,False,NOT_REQUESTED,NOT_APPLICABLE,NOT_OBSERVED_V1_BATCH,SIMULATED_LEGITIMATE
rr_0007972,True,MANUAL_REVIEW,consistent,0.9999908324886693,MANUAL_REVIEW,True,NOT_REQUESTED,NOT_APPLICABLE,NOT_OBSERVED_V1_BATCH,SIMULATED_ABUSE
rr_0007973,False,AUTO_APPROVE,consistent,1e-06,AUTO_APPROVE,False,NOT_REQUESTED,NOT_APPLICABLE,NOT_OBSERVED_V1_BATCH,SIMULATED_LEGITIMATE
rr_0007974,False,VERIFY,consistent,0.015903002651414404,AUTO_APPROVE,False,consistent,LOW,NOT_OBSERVED_V1_BATCH,SIMULATED_LEGITIMATE
rr_0007975,False,AUTO_APPROVE,consistent,1e-06,AUTO_APPROVE,False,NOT_REQUESTED,NOT_APPLICABLE,NOT_OBSERVED_V1_BATCH,SIMULATED_LEGITIMATE
rr_0007976,False,AUTO_APPROVE,consistent,1e-06,AUTO_APPROVE,False,NOT_REQUESTED,NOT_APPLICABLE,NOT_OBSERVED_V1_BATCH,SIMULATED_LEGITIMATE
rr_0007977,False,AUTO_APPROVE,consistent,0.0019793465426276163,AUTO_APPROVE,False,NOT_REQUESTED,NOT_APPLICABLE,NOT_OBSERVED_V1_BATCH,SIMULATED_LEGITIMATE
rr_0007978,False,MANUAL_REVIEW,consistent,0.9999908324886693,MANUAL_REVIEW,False,NOT_REQUESTED,NOT_APPLICABLE,NOT_OBSERVED_V1_BATCH,SIMULATED_LEGITIMATE
rr_0007979,False,AUTO_APPROVE,consistent,1e-06,AUTO_APPROVE,False,NOT_REQUESTED,NOT_APPLICABLE,NOT_OBSERVED_V1_BATCH,SIMULATED_LEGITIMATE
rr_0007980,False,AUTO_APPROVE,consistent,1e-06,AUTO_APPROVE,False,NOT_REQUESTED,NOT_APPLICABLE,NOT_OBSERVED_V1_BATCH,SIMULATED_LEGITIMATE
rr_0007981,False,AUTO_APPROVE,consistent,0.0019793465426276163,AUTO_APPROVE,False,NOT_REQUESTED,NOT_APPLICABLE,NOT_OBSERVED_V1_BATCH,SIMULATED_LEGITIMATE
rr_0007982,False,AUTO_APPROVE,consistent,1e-06,AUTO_APPROVE,False,NOT_REQUESTED,NOT_APPLICABLE,NOT_OBSERVED_V1_BATCH,SIMULATED_LEGITIMATE
rr_0007983,False,AUTO_APPROVE,consistent,0.0019793465426276163,AUTO_APPROVE,False,NOT_REQUESTED,NOT_APPLICABLE,NOT_OBSERVED_V1_BATCH,SIMULATED_LEGITIMATE
rr_0007984,False,AUTO_APPROVE,consistent,1e-06,AUTO_APPROVE,False,NOT_REQUESTED,NOT_APPLICABLE,NOT_OBSERVED_V1_BATCH,SIMULATED_LEGITIMATE
rr_0007985,False,AUTO_APPROVE,consistent,1e-06,AUTO_APPROVE,False,NOT_REQUESTED,NOT_APPLICABLE,NOT_OBSERVED_V1_BATCH,SIMULATED_LEGITIMATE
rr_0007986,False,AUTO_APPROVE,consistent,0.0019793465426276163,AUTO_APPROVE,False,NOT_REQUESTED,NOT_APPLICABLE,NOT_OBSERVED_V1_BATCH,SIMULATED_LEGITIMATE
rr_0007987,False,AUTO_APPROVE,consistent,1e-06,AUTO_APPROVE,False,NOT_REQUESTED,NOT_APPLICABLE,NOT_OBSERVED_V1_BATCH,SIMULATED_LEGITIMATE
rr_0007988,True,MANUAL_REVIEW,inconsistent,0.999999,MANUAL_REVIEW,True,NOT_REQUESTED,NOT_APPLICABLE,NOT_OBSERVED_V1_BATCH,SIMULATED_ABUSE
rr_0007989,False,AUTO_APPROVE,consistent,1e-06,AUTO_APPROVE,False,NOT_REQUESTED,NOT_APPLICABLE,NOT_OBSERVED_V1_BATCH,SIMULATED_LEGITIMATE
rr_0007990,False,AUTO_APPROVE,consistent,0.004432508937619314,AUTO_APPROVE,False,NOT_REQUESTED,NOT_APPLICABLE,NOT_OBSERVED_V1_BATCH,SIMULATED_LEGITIMATE
rr_0007991,False,AUTO_APPROVE,consistent,1e-06,AUTO_APPROVE,False,NOT_REQUESTED,NOT_APPLICABLE,NOT_OBSERVED_V1_BATCH,SIMULATED_LEGITIMATE
rr_0007992,False,AUTO_APPROVE,consistent,1e-06,AUTO_APPROVE,False,NOT_REQUESTED,NOT_APPLICABLE,NOT_OBSERVED_V1_BATCH,SIMULATED_LEGITIMATE
rr_0007993,False,AUTO_APPROVE,consistent,1e-06,AUTO_APPROVE,False,NOT_REQUESTED,NOT_APPLICABLE,NOT_OBSERVED_V1_BATCH,SIMULATED_LEGITIMATE
rr_0007994,True,VERIFY,inconsistent,0.7723304710434816,RETURN_FIRST,False,inconsistent,MIDDLE,NOT_OBSERVED_V1_BATCH,SIMULATED_ABUSE
rr_0007995,False,AUTO_APPROVE,inconclusive,0.022222222222222223,AUTO_APPROVE,False,NOT_REQUESTED,NOT_APPLICABLE,NOT_OBSERVED_V1_BATCH,SIMULATED_LEGITIMATE
rr_0007996,False,AUTO_APPROVE,consistent,1e-06,AUTO_APPROVE,False,NOT_REQUESTED,NOT_APPLICABLE,NOT_OBSERVED_V1_BATCH,SIMULATED_LEGITIMATE
rr_0007997,False,AUTO_APPROVE,consistent,0.0019793465426276163,AUTO_APPROVE,False,NOT_REQUESTED,NOT_APPLICABLE,NOT_OBSERVED_V1_BATCH,SIMULATED_LEGITIMATE
rr_0007998,False,AUTO_APPROVE,consistent,1e-06,AUTO_APPROVE,False,NOT_REQUESTED,NOT_APPLICABLE,NOT_OBSERVED_V1_BATCH,SIMULATED_LEGITIMATE
rr_0007999,False,AUTO_APPROVE,inconclusive,1.2499996875000778e-06,AUTO_APPROVE,False,NOT_REQUESTED,NOT_APPLICABLE,NOT_OBSERVED_V1_BATCH,SIMULATED_LEGITIMATE
